============================================================
  Generated by:           Genus(TM) Synthesis Solution 21.15-s080_1
  Generated on:           Nov 30 2025  05:29:28 pm
  Module:                 TopModule
  Operating conditions:   PVT_1P8V_25C 
  Interconnect mode:      global
  Area mode:              timing library
============================================================


Path 1: MET (766 ps) Setup Check with Pin csm_inst_right_reg_reg[10]/CLK->D
          Group: C2C
     Startpoint: (R) csm_inst_round_counter_reg[3]/CLK
          Clock: (R) clk
       Endpoint: (F) csm_inst_right_reg_reg[10]/D
          Clock: (R) clk

                     Capture       Launch     
        Clock Edge:+   10000            0     
       Src Latency:+       0            0     
       Net Latency:+       0 (I)        0 (I) 
           Arrival:=   10000            0     
                                              
             Setup:-     463                  
       Uncertainty:-    2000                  
     Required Time:=    7537                  
      Launch Clock:-       0                  
         Data Path:-    6770                  
             Slack:=     766                  

#------------------------------------------------------------------------------------------------------------
#           Timing Point            Flags    Arc   Edge   Cell     Fanout  Load Trans Delay Arrival Instance 
#                                                                          (fF)  (ps)  (ps)   (ps)  Location 
#------------------------------------------------------------------------------------------------------------
  csm_inst_round_counter_reg[3]/CLK -       -      R     (arrival)    335     -  2000     0       0    (-,-) 
  csm_inst_round_counter_reg[3]/Q   -       CLK->Q R     DFFQSRX1      22  97.2  1424   973     973    (-,-) 
  drc_bufs63778/Z                   -       A->Z   F     INVX4         58 250.0   961   816    1788    (-,-) 
  drc_bufs63776/Z                   -       A->Z   R     INVX2         37 156.4  1213   976    2765    (-,-) 
  g63501/Z                          -       A->Z   F     NAND2X1        3  15.1   342   209    2973    (-,-) 
  g63124/Z                          -       B->Z   R     NAND2X1        3  15.1   288   268    3242    (-,-) 
  g62426/Z                          -       A->Z   F     NAND2X1        1   6.8   168    94    3336    (-,-) 
  g62195/Z                          -       B->Z   R     NAND2X1        2  11.0   208   178    3514    (-,-) 
  g61586/Z                          -       A->Z   F     NAND2X1        1   6.8   154    88    3603    (-,-) 
  g61479/Z                          -       B->Z   R     NAND2X1        1   7.3   162   143    3746    (-,-) 
  g61316/Z                          -       B->Z   F     NOR2X1         1   7.3   122   100    3846    (-,-) 
  g60947/Z                          -       A->Z   R     NAND3X1        1   6.8   199   124    3969    (-,-) 
  g60788/Z                          -       A->Z   F     NAND2X1        1   6.9   257    88    4058    (-,-) 
  g60580/Z                          -       A->Z   R     NAND2X1        1  12.8   231   206    4264    (-,-) 
  g60430/Z                          -       B->Z   R     XOR2X1         6  30.1   455   351    4615    (-,-) 
  g60391/Z                          -       A->Z   F     INVX2          9  48.3   341   288    4903    (-,-) 
  g60217__6131/Z                    -       B->Z   R     NOR2X1         6  30.2   470   362    5265    (-,-) 
  g60010__5477/Z                    -       B->Z   F     NOR2X1         3  17.0   254   217    5482    (-,-) 
  g59898/Z                          -       A->Z   R     INVX2          6  34.8   286   238    5720    (-,-) 
  g59892__5477/Z                    -       A->Z   F     NAND2X1        2  12.4   168   134    5855    (-,-) 
  g59683__7482/Z                    -       B->Z   R     NOR2X1         1   7.3   163   127    5982    (-,-) 
  g59489__7410/Z                    -       B->Z   F     NOR2X1         1   7.3   120   100    6082    (-,-) 
  g59463__5477/Z                    -       B->Z   R     NOR2X1         1   7.3   162   114    6196    (-,-) 
  g59404__1666/Z                    -       B->Z   F     NOR2X1         1   7.3   126   100    6296    (-,-) 
  g59384__8428/Z                    -       A->Z   R     NAND3X1        1  12.8   273   175    6471    (-,-) 
  g59333__2802/Z                    -       B->Z   F     XOR2X1         1   6.9   108    94    6565    (-,-) 
  g59289__5526/Z                    -       A->Z   R     NAND2X1        1   7.3   313   115    6679    (-,-) 
  g59276__2398/Z                    -       A->Z   F     NAND3X1        1   6.4   125    91    6770    (-,-) 
  csm_inst_right_reg_reg[10]/D      -       -      F     DFFQSRX1       1     -     -     0    6770    (-,-) 
#------------------------------------------------------------------------------------------------------------



Path 2: MET (864 ps) Setup Check with Pin csm_inst_right_reg_reg[25]/CLK->D
          Group: C2C
     Startpoint: (R) csm_inst_round_counter_reg[3]/CLK
          Clock: (R) clk
       Endpoint: (F) csm_inst_right_reg_reg[25]/D
          Clock: (R) clk

                     Capture       Launch     
        Clock Edge:+   10000            0     
       Src Latency:+       0            0     
       Net Latency:+       0 (I)        0 (I) 
           Arrival:=   10000            0     
                                              
             Setup:-     463                  
       Uncertainty:-    2000                  
     Required Time:=    7537                  
      Launch Clock:-       0                  
         Data Path:-    6673                  
             Slack:=     864                  

#------------------------------------------------------------------------------------------------------------
#           Timing Point            Flags    Arc   Edge   Cell     Fanout  Load Trans Delay Arrival Instance 
#                                                                          (fF)  (ps)  (ps)   (ps)  Location 
#------------------------------------------------------------------------------------------------------------
  csm_inst_round_counter_reg[3]/CLK -       -      R     (arrival)    335     -  2000     0       0    (-,-) 
  csm_inst_round_counter_reg[3]/Q   -       CLK->Q R     DFFQSRX1      22  97.2  1424   973     973    (-,-) 
  drc_bufs63778/Z                   -       A->Z   F     INVX4         58 250.0   961   816    1788    (-,-) 
  drc_bufs63776/Z                   -       A->Z   R     INVX2         37 156.4  1213   976    2765    (-,-) 
  g63501/Z                          -       A->Z   F     NAND2X1        3  15.1   342   209    2973    (-,-) 
  g63124/Z                          -       B->Z   R     NAND2X1        3  15.1   288   268    3242    (-,-) 
  g62426/Z                          -       A->Z   F     NAND2X1        1   6.8   168    94    3336    (-,-) 
  g62195/Z                          -       B->Z   R     NAND2X1        2  11.0   208   178    3514    (-,-) 
  g61586/Z                          -       A->Z   F     NAND2X1        1   6.8   154    88    3603    (-,-) 
  g61479/Z                          -       B->Z   R     NAND2X1        1   7.3   162   143    3746    (-,-) 
  g61316/Z                          -       B->Z   F     NOR2X1         1   7.3   122   100    3846    (-,-) 
  g60947/Z                          -       A->Z   R     NAND3X1        1   6.8   199   124    3969    (-,-) 
  g60788/Z                          -       A->Z   F     NAND2X1        1   6.9   257    88    4058    (-,-) 
  g60580/Z                          -       A->Z   R     NAND2X1        1  12.8   231   206    4264    (-,-) 
  g60430/Z                          -       B->Z   R     XOR2X1         6  30.1   455   351    4615    (-,-) 
  g60391/Z                          -       A->Z   F     INVX2          9  48.3   341   288    4903    (-,-) 
  g60217__6131/Z                    -       B->Z   R     NOR2X1         6  30.2   470   362    5265    (-,-) 
  g60010__5477/Z                    -       B->Z   F     NOR2X1         3  17.0   254   217    5482    (-,-) 
  g59898/Z                          -       A->Z   R     INVX2          6  34.8   286   238    5720    (-,-) 
  g59892__5477/Z                    -       A->Z   F     NAND2X1        2  12.4   168   134    5855    (-,-) 
  g59798/Z                          -       A->Z   R     INVX2          1   6.8    90    84    5939    (-,-) 
  g59666__2398/Z                    -       A->Z   F     NAND2X1        1   7.3    91    74    6013    (-,-) 
  g59488__1666/Z                    -       A->Z   R     NAND3X1        1   7.2   190   117    6130    (-,-) 
  g59385__5526/Z                    -       A->Z   F     NOR2X1         1  12.8   170   156    6286    (-,-) 
  g59347__2346/Z                    -       B->Z   F     XOR2X1         1   6.9    97   184    6471    (-,-) 
  g59286__6260/Z                    -       A->Z   R     NAND2X1        1   7.3   313   111    6582    (-,-) 
  g59277__5107/Z                    -       A->Z   F     NAND3X1        1   6.4   125    91    6673    (-,-) 
  csm_inst_right_reg_reg[25]/D      -       -      F     DFFQSRX1       1     -     -     0    6673    (-,-) 
#------------------------------------------------------------------------------------------------------------



Path 3: MET (878 ps) Setup Check with Pin csm_inst_right_reg_reg[11]/CLK->D
          Group: C2C
     Startpoint: (R) csm_inst_round_counter_reg[3]/CLK
          Clock: (R) clk
       Endpoint: (F) csm_inst_right_reg_reg[11]/D
          Clock: (R) clk

                     Capture       Launch     
        Clock Edge:+   10000            0     
       Src Latency:+       0            0     
       Net Latency:+       0 (I)        0 (I) 
           Arrival:=   10000            0     
                                              
             Setup:-     456                  
       Uncertainty:-    2000                  
     Required Time:=    7544                  
      Launch Clock:-       0                  
         Data Path:-    6667                  
             Slack:=     878                  

#------------------------------------------------------------------------------------------------------------
#           Timing Point            Flags    Arc   Edge   Cell     Fanout  Load Trans Delay Arrival Instance 
#                                                                          (fF)  (ps)  (ps)   (ps)  Location 
#------------------------------------------------------------------------------------------------------------
  csm_inst_round_counter_reg[3]/CLK -       -      R     (arrival)    335     -  2000     0       0    (-,-) 
  csm_inst_round_counter_reg[3]/Q   -       CLK->Q R     DFFQSRX1      22  97.2  1424   973     973    (-,-) 
  drc_bufs63778/Z                   -       A->Z   F     INVX4         58 250.0   961   816    1788    (-,-) 
  drc_bufs63776/Z                   -       A->Z   R     INVX2         37 156.4  1213   976    2765    (-,-) 
  g63472/Z                          -       A->Z   F     NAND2X1        3  15.2   343   210    2974    (-,-) 
  g63325/Z                          -       B->Z   R     NAND2X1        4  19.3   341   305    3279    (-,-) 
  g62349/Z                          -       A->Z   R     MUX2X1         2  11.0   187   191    3470    (-,-) 
  g61790/Z                          -       A->Z   F     NAND2X1        1   7.3   163    90    3560    (-,-) 
  g61520/Z                          -       A->Z   R     NAND3X1        1   7.3   211   141    3702    (-,-) 
  g61225/Z                          -       B->Z   R     OR2X1          1   6.8   117   137    3838    (-,-) 
  g60981/Z                          -       A->Z   F     NAND2X1        1   6.9   257    76    3914    (-,-) 
  g60854/Z                          -       A->Z   R     NAND2X1        1  12.8   231   206    4121    (-,-) 
  g60503/Z                          -       B->Z   R     XOR2X1        12  62.2   919   614    4735    (-,-) 
  g60484/Z                          -       A->Z   F     INVX2          5  25.3   311   233    4968    (-,-) 
  g60409/Z                          -       B->Z   R     NOR2X1         4  20.6   343   276    5244    (-,-) 
  g60376/Z                          -       A->Z   F     INVX2          2  11.9   136   110    5354    (-,-) 
  g60204__5107/Z                    -       B->Z   R     NOR2X1         4  19.8   327   220    5574    (-,-) 
  g59973__4733/Z                    -       A->Z   F     NAND2X1        1   6.9   156    98    5672    (-,-) 
  g59801__9315/Z                    -       A->Z   R     NAND2X1        1   6.8   145   125    5798    (-,-) 
  g59650__8246/Z                    -       A->Z   F     NAND2X1        1   7.3   160    83    5881    (-,-) 
  g59562__2802/Z                    -       A->Z   R     NAND3X1        1   7.7   198   144    6025    (-,-) 
  g59533/Z                          -       A->Z   F     INVX2          1   7.2    85    72    6097    (-,-) 
  g59413__5526/Z                    -       C->Z   R     NAND3X1        1  12.8   272   198    6295    (-,-) 
  g59361__2802/Z                    -       B->Z   R     XOR2X1         1   7.3   130   166    6461    (-,-) 
  g59318__2346/Z                    -       B->Z   R     OR2X1          1   7.3   125   132    6593    (-,-) 
  g59308__7098/Z                    -       A->Z   F     NAND3X1        1   6.4    99    73    6667    (-,-) 
  csm_inst_right_reg_reg[11]/D      -       -      F     DFFQSRX1       1     -     -     0    6667    (-,-) 
#------------------------------------------------------------------------------------------------------------



Path 4: MET (885 ps) Setup Check with Pin csm_inst_right_reg_reg[17]/CLK->D
          Group: C2C
     Startpoint: (R) csm_inst_round_counter_reg[3]/CLK
          Clock: (R) clk
       Endpoint: (F) csm_inst_right_reg_reg[17]/D
          Clock: (R) clk

                     Capture       Launch     
        Clock Edge:+   10000            0     
       Src Latency:+       0            0     
       Net Latency:+       0 (I)        0 (I) 
           Arrival:=   10000            0     
                                              
             Setup:-     460                  
       Uncertainty:-    2000                  
     Required Time:=    7540                  
      Launch Clock:-       0                  
         Data Path:-    6655                  
             Slack:=     885                  

#------------------------------------------------------------------------------------------------------------
#           Timing Point            Flags    Arc   Edge   Cell     Fanout  Load Trans Delay Arrival Instance 
#                                                                          (fF)  (ps)  (ps)   (ps)  Location 
#------------------------------------------------------------------------------------------------------------
  csm_inst_round_counter_reg[3]/CLK -       -      R     (arrival)    335     -  2000     0       0    (-,-) 
  csm_inst_round_counter_reg[3]/Q   -       CLK->Q R     DFFQSRX1      22  97.2  1424   973     973    (-,-) 
  drc_bufs63778/Z                   -       A->Z   F     INVX4         58 250.0   961   816    1788    (-,-) 
  drc_bufs63776/Z                   -       A->Z   R     INVX2         37 156.4  1213   976    2765    (-,-) 
  g63472/Z                          -       A->Z   F     NAND2X1        3  15.2   343   210    2974    (-,-) 
  g63325/Z                          -       B->Z   R     NAND2X1        4  19.3   341   305    3279    (-,-) 
  g62349/Z                          -       A->Z   R     MUX2X1         2  11.0   187   191    3470    (-,-) 
  g61790/Z                          -       A->Z   F     NAND2X1        1   7.3   163    90    3560    (-,-) 
  g61520/Z                          -       A->Z   R     NAND3X1        1   7.3   211   141    3702    (-,-) 
  g61225/Z                          -       B->Z   R     OR2X1          1   6.8   117   137    3838    (-,-) 
  g60981/Z                          -       A->Z   F     NAND2X1        1   6.9   257    76    3914    (-,-) 
  g60854/Z                          -       A->Z   R     NAND2X1        1  12.8   231   206    4121    (-,-) 
  g60503/Z                          -       B->Z   R     XOR2X1        12  62.2   919   614    4735    (-,-) 
  g60484/Z                          -       A->Z   F     INVX2          5  25.3   311   233    4968    (-,-) 
  g60409/Z                          -       B->Z   R     NOR2X1         4  20.6   343   276    5244    (-,-) 
  g60376/Z                          -       A->Z   F     INVX2          2  11.9   136   110    5354    (-,-) 
  g60204__5107/Z                    -       B->Z   R     NOR2X1         4  19.8   327   220    5574    (-,-) 
  g59795__5115/Z                    -       B->Z   F     NOR2X1         2  11.6   177   154    5729    (-,-) 
  g59609__2398/Z                    -       B->Z   R     NOR2X1         1   7.2   155   129    5858    (-,-) 
  g59457__9945/Z                    -       A->Z   F     NOR2X1         1   6.9   116   112    5970    (-,-) 
  g63841/Z                          -       A->Z   R     NAND2X1        1   7.2   148   116    6086    (-,-) 
  g63840/Z                          -       A->Z   R     OR2X1          1  12.8   203   202    6288    (-,-) 
  g59383__4319/Z                    -       B->Z   R     XOR2X1         1   7.3   130   161    6450    (-,-) 
  g59354__6260/Z                    -       B->Z   R     OR2X1          1   7.3   125   132    6582    (-,-) 
  g59344__9315/Z                    -       A->Z   F     NAND3X1        1   6.4   114    73    6655    (-,-) 
  csm_inst_right_reg_reg[17]/D      -       -      F     DFFQSRX1       1     -     -     0    6655    (-,-) 
#------------------------------------------------------------------------------------------------------------



Path 5: MET (988 ps) Setup Check with Pin csm_inst_right_reg_reg[20]/CLK->D
          Group: C2C
     Startpoint: (R) csm_inst_round_counter_reg[3]/CLK
          Clock: (R) clk
       Endpoint: (F) csm_inst_right_reg_reg[20]/D
          Clock: (R) clk

                     Capture       Launch     
        Clock Edge:+   10000            0     
       Src Latency:+       0            0     
       Net Latency:+       0 (I)        0 (I) 
           Arrival:=   10000            0     
                                              
             Setup:-     461                  
       Uncertainty:-    2000                  
     Required Time:=    7539                  
      Launch Clock:-       0                  
         Data Path:-    6551                  
             Slack:=     988                  

#------------------------------------------------------------------------------------------------------------
#           Timing Point            Flags    Arc   Edge   Cell     Fanout  Load Trans Delay Arrival Instance 
#                                                                          (fF)  (ps)  (ps)   (ps)  Location 
#------------------------------------------------------------------------------------------------------------
  csm_inst_round_counter_reg[3]/CLK -       -      R     (arrival)    335     -  2000     0       0    (-,-) 
  csm_inst_round_counter_reg[3]/Q   -       CLK->Q R     DFFQSRX1      22  97.2  1424   973     973    (-,-) 
  drc_bufs63778/Z                   -       A->Z   F     INVX4         58 250.0   961   816    1788    (-,-) 
  drc_bufs63776/Z                   -       A->Z   R     INVX2         37 156.4  1213   976    2765    (-,-) 
  g63501/Z                          -       A->Z   F     NAND2X1        3  15.1   342   209    2973    (-,-) 
  g63124/Z                          -       B->Z   R     NAND2X1        3  15.1   288   268    3242    (-,-) 
  g62426/Z                          -       A->Z   F     NAND2X1        1   6.8   168    94    3336    (-,-) 
  g62195/Z                          -       B->Z   R     NAND2X1        2  11.0   208   178    3514    (-,-) 
  g61586/Z                          -       A->Z   F     NAND2X1        1   6.8   154    88    3603    (-,-) 
  g61479/Z                          -       B->Z   R     NAND2X1        1   7.3   162   143    3746    (-,-) 
  g61316/Z                          -       B->Z   F     NOR2X1         1   7.3   122   100    3846    (-,-) 
  g60947/Z                          -       A->Z   R     NAND3X1        1   6.8   199   124    3969    (-,-) 
  g60788/Z                          -       A->Z   F     NAND2X1        1   6.9   257    88    4058    (-,-) 
  g60580/Z                          -       A->Z   R     NAND2X1        1  12.8   231   206    4264    (-,-) 
  g60430/Z                          -       B->Z   R     XOR2X1         6  30.1   455   351    4615    (-,-) 
  g60391/Z                          -       A->Z   F     INVX2          9  48.3   341   288    4903    (-,-) 
  g60217__6131/Z                    -       B->Z   R     NOR2X1         6  30.2   470   362    5265    (-,-) 
  g60010__5477/Z                    -       B->Z   F     NOR2X1         3  17.0   254   217    5482    (-,-) 
  g59898/Z                          -       A->Z   R     INVX2          6  34.8   286   238    5720    (-,-) 
  g59702__1617/Z                    -       B->Z   R     XOR2X1         2  11.5   201   201    5922    (-,-) 
  g59570__7482/Z                    -       B->Z   R     OR2X1          1   7.2   123   139    6061    (-,-) 
  g59443__3680/Z                    -       B->Z   F     NAND3X1        1  12.8   143   112    6173    (-,-) 
  g59381__5107/Z                    -       B->Z   F     XOR2X1         1   6.9   108   176    6349    (-,-) 
  g59349__7410/Z                    -       A->Z   R     NAND2X1        1   7.3   260   115    6464    (-,-) 
  g59345__9945/Z                    -       A->Z   F     NAND3X1        1   6.4   116    87    6551    (-,-) 
  csm_inst_right_reg_reg[20]/D      -       -      F     DFFQSRX1       1     -     -     0    6551    (-,-) 
#------------------------------------------------------------------------------------------------------------



Path 6: MET (1007 ps) Setup Check with Pin csm_inst_right_reg_reg[5]/CLK->D
          Group: C2C
     Startpoint: (R) csm_inst_round_counter_reg[3]/CLK
          Clock: (R) clk
       Endpoint: (F) csm_inst_right_reg_reg[5]/D
          Clock: (R) clk

                     Capture       Launch     
        Clock Edge:+   10000            0     
       Src Latency:+       0            0     
       Net Latency:+       0 (I)        0 (I) 
           Arrival:=   10000            0     
                                              
             Setup:-     461                  
       Uncertainty:-    2000                  
     Required Time:=    7539                  
      Launch Clock:-       0                  
         Data Path:-    6532                  
             Slack:=    1007                  

#------------------------------------------------------------------------------------------------------------
#           Timing Point            Flags    Arc   Edge   Cell     Fanout  Load Trans Delay Arrival Instance 
#                                                                          (fF)  (ps)  (ps)   (ps)  Location 
#------------------------------------------------------------------------------------------------------------
  csm_inst_round_counter_reg[3]/CLK -       -      R     (arrival)    335     -  2000     0       0    (-,-) 
  csm_inst_round_counter_reg[3]/Q   -       CLK->Q R     DFFQSRX1      22  97.2  1424   973     973    (-,-) 
  drc_bufs63778/Z                   -       A->Z   F     INVX4         58 250.0   961   816    1788    (-,-) 
  drc_bufs63776/Z                   -       A->Z   R     INVX2         37 156.4  1213   976    2765    (-,-) 
  g63472/Z                          -       A->Z   F     NAND2X1        3  15.2   343   210    2974    (-,-) 
  g63325/Z                          -       B->Z   R     NAND2X1        4  19.3   341   305    3279    (-,-) 
  g62349/Z                          -       A->Z   R     MUX2X1         2  11.0   187   191    3470    (-,-) 
  g61790/Z                          -       A->Z   F     NAND2X1        1   7.3   163    90    3560    (-,-) 
  g61520/Z                          -       A->Z   R     NAND3X1        1   7.3   211   141    3702    (-,-) 
  g61225/Z                          -       B->Z   R     OR2X1          1   6.8   117   137    3838    (-,-) 
  g60981/Z                          -       A->Z   F     NAND2X1        1   6.9   257    76    3914    (-,-) 
  g60854/Z                          -       A->Z   R     NAND2X1        1  12.8   231   206    4121    (-,-) 
  g60503/Z                          -       B->Z   R     XOR2X1        12  62.2   919   614    4735    (-,-) 
  g60484/Z                          -       A->Z   F     INVX2          5  25.3   311   233    4968    (-,-) 
  g60409/Z                          -       B->Z   R     NOR2X1         4  20.6   343   276    5244    (-,-) 
  g60376/Z                          -       A->Z   F     INVX2          2  11.9   136   110    5354    (-,-) 
  g60204__5107/Z                    -       B->Z   R     NOR2X1         4  19.8   327   220    5574    (-,-) 
  g59795__5115/Z                    -       B->Z   F     NOR2X1         2  11.6   177   154    5729    (-,-) 
  g59626__7482/Z                    -       A->Z   R     NAND2X1        1   7.3   177   137    5865    (-,-) 
  g59538__7098/Z                    -       A->Z   F     NAND3X1        1   6.9   106    84    5950    (-,-) 
  g59452__5115/Z                    -       A->Z   F     AND2X1         1   7.3    85   124    6074    (-,-) 
  g59395__1881/Z                    -       A->Z   R     NAND3X1        1  12.8   272   162    6236    (-,-) 
  g59363__5122/Z                    -       B->Z   F     XOR2X1         1   6.9   108    94    6330    (-,-) 
  g59322__5477/Z                    -       A->Z   R     NAND2X1        1   7.3   260   115    6445    (-,-) 
  g59304__2802/Z                    -       A->Z   F     NAND3X1        1   6.4   116    87    6532    (-,-) 
  csm_inst_right_reg_reg[5]/D       -       -      F     DFFQSRX1       1     -     -     0    6532    (-,-) 
#------------------------------------------------------------------------------------------------------------



Path 7: MET (1042 ps) Setup Check with Pin csm_inst_right_reg_reg[0]/CLK->D
          Group: C2C
     Startpoint: (R) csm_inst_round_counter_reg[3]/CLK
          Clock: (R) clk
       Endpoint: (F) csm_inst_right_reg_reg[0]/D
          Clock: (R) clk

                     Capture       Launch     
        Clock Edge:+   10000            0     
       Src Latency:+       0            0     
       Net Latency:+       0 (I)        0 (I) 
           Arrival:=   10000            0     
                                              
             Setup:-     461                  
       Uncertainty:-    2000                  
     Required Time:=    7539                  
      Launch Clock:-       0                  
         Data Path:-    6497                  
             Slack:=    1042                  

#------------------------------------------------------------------------------------------------------------
#           Timing Point            Flags    Arc   Edge   Cell     Fanout  Load Trans Delay Arrival Instance 
#                                                                          (fF)  (ps)  (ps)   (ps)  Location 
#------------------------------------------------------------------------------------------------------------
  csm_inst_round_counter_reg[3]/CLK -       -      R     (arrival)    335     -  2000     0       0    (-,-) 
  csm_inst_round_counter_reg[3]/Q   -       CLK->Q R     DFFQSRX1      22  97.2  1424   973     973    (-,-) 
  drc_bufs63778/Z                   -       A->Z   F     INVX4         58 250.0   961   816    1788    (-,-) 
  drc_bufs63776/Z                   -       A->Z   R     INVX2         37 156.4  1213   976    2765    (-,-) 
  g63501/Z                          -       A->Z   F     NAND2X1        3  15.1   342   209    2973    (-,-) 
  g63124/Z                          -       B->Z   R     NAND2X1        3  15.1   288   268    3242    (-,-) 
  g62426/Z                          -       A->Z   F     NAND2X1        1   6.8   168    94    3336    (-,-) 
  g62195/Z                          -       B->Z   R     NAND2X1        2  11.0   208   178    3514    (-,-) 
  g61586/Z                          -       A->Z   F     NAND2X1        1   6.8   154    88    3603    (-,-) 
  g61479/Z                          -       B->Z   R     NAND2X1        1   7.3   162   143    3746    (-,-) 
  g61316/Z                          -       B->Z   F     NOR2X1         1   7.3   122   100    3846    (-,-) 
  g60947/Z                          -       A->Z   R     NAND3X1        1   6.8   199   124    3969    (-,-) 
  g60788/Z                          -       A->Z   F     NAND2X1        1   6.9   257    88    4058    (-,-) 
  g60580/Z                          -       A->Z   R     NAND2X1        1  12.8   231   206    4264    (-,-) 
  g60430/Z                          -       B->Z   R     XOR2X1         6  30.1   455   351    4615    (-,-) 
  g60391/Z                          -       A->Z   F     INVX2          9  48.3   341   288    4903    (-,-) 
  g60217__6131/Z                    -       B->Z   R     NOR2X1         6  30.2   470   362    5265    (-,-) 
  g60010__5477/Z                    -       B->Z   F     NOR2X1         3  17.0   254   217    5482    (-,-) 
  g59898/Z                          -       A->Z   R     INVX2          6  34.8   286   238    5720    (-,-) 
  g59598__7482/Z                    -       B->Z   F     NAND2X1        1   7.2   113    92    5812    (-,-) 
  g59473__2802/Z                    -       C->Z   R     NAND3X1        1   7.3   192   162    5974    (-,-) 
  g59424__5115/Z                    -       B->Z   F     NOR2X1         1  12.8   170   141    6114    (-,-) 
  g59389__2802/Z                    -       B->Z   F     XOR2X1         1   6.9    97   185    6299    (-,-) 
  g59352__2398/Z                    -       A->Z   R     NAND2X1        1   7.3   260   111    6410    (-,-) 
  g59339__1881/Z                    -       A->Z   F     NAND3X1        1   6.4   116    87    6497    (-,-) 
  csm_inst_right_reg_reg[0]/D       -       -      F     DFFQSRX1       1     -     -     0    6497    (-,-) 
#------------------------------------------------------------------------------------------------------------



Path 8: MET (1058 ps) Setup Check with Pin csm_inst_right_reg_reg[27]/CLK->D
          Group: C2C
     Startpoint: (R) csm_inst_round_counter_reg[3]/CLK
          Clock: (R) clk
       Endpoint: (F) csm_inst_right_reg_reg[27]/D
          Clock: (R) clk

                     Capture       Launch     
        Clock Edge:+   10000            0     
       Src Latency:+       0            0     
       Net Latency:+       0 (I)        0 (I) 
           Arrival:=   10000            0     
                                              
             Setup:-     463                  
       Uncertainty:-    2000                  
     Required Time:=    7537                  
      Launch Clock:-       0                  
         Data Path:-    6479                  
             Slack:=    1058                  

#------------------------------------------------------------------------------------------------------------
#           Timing Point            Flags    Arc   Edge   Cell     Fanout  Load Trans Delay Arrival Instance 
#                                                                          (fF)  (ps)  (ps)   (ps)  Location 
#------------------------------------------------------------------------------------------------------------
  csm_inst_round_counter_reg[3]/CLK -       -      R     (arrival)    335     -  2000     0       0    (-,-) 
  csm_inst_round_counter_reg[3]/Q   -       CLK->Q R     DFFQSRX1      22  97.2  1424   973     973    (-,-) 
  drc_bufs63778/Z                   -       A->Z   F     INVX4         58 250.0   961   816    1788    (-,-) 
  drc_bufs63776/Z                   -       A->Z   R     INVX2         37 156.4  1213   976    2765    (-,-) 
  g63472/Z                          -       A->Z   F     NAND2X1        3  15.2   343   210    2974    (-,-) 
  g63325/Z                          -       B->Z   R     NAND2X1        4  19.3   341   305    3279    (-,-) 
  g62349/Z                          -       A->Z   R     MUX2X1         2  11.0   187   191    3470    (-,-) 
  g61790/Z                          -       A->Z   F     NAND2X1        1   7.3   163    90    3560    (-,-) 
  g61520/Z                          -       A->Z   R     NAND3X1        1   7.3   211   141    3702    (-,-) 
  g61225/Z                          -       B->Z   R     OR2X1          1   6.8   117   137    3838    (-,-) 
  g60981/Z                          -       A->Z   F     NAND2X1        1   6.9   257    76    3914    (-,-) 
  g60854/Z                          -       A->Z   R     NAND2X1        1  12.8   231   206    4121    (-,-) 
  g60503/Z                          -       B->Z   R     XOR2X1        12  62.2   919   614    4735    (-,-) 
  g60484/Z                          -       A->Z   F     INVX2          5  25.3   311   233    4968    (-,-) 
  g60409/Z                          -       B->Z   R     NOR2X1         4  20.6   343   276    5244    (-,-) 
  g60376/Z                          -       A->Z   F     INVX2          2  11.9   136   110    5354    (-,-) 
  g60204__5107/Z                    -       B->Z   R     NOR2X1         4  19.8   327   220    5574    (-,-) 
  g59972__7482/Z                    -       B->Z   F     NAND2X1        1   7.2   124    94    5668    (-,-) 
  g59630__9945/Z                    -       B->Z   R     NAND3X1        1   7.3   192   149    5817    (-,-) 
  g59498__6783/Z                    -       B->Z   R     OR2X1          1   7.2   123   139    5955    (-,-) 
  g59428__9315/Z                    -       A->Z   F     NOR2X1         1  12.8   163   139    6094    (-,-) 
  g59392__8246/Z                    -       B->Z   F     XOR2X1         1   6.9    97   182    6277    (-,-) 
  g59358__6783/Z                    -       A->Z   R     NAND2X1        1   7.3   313   111    6388    (-,-) 
  g59336__8246/Z                    -       A->Z   F     NAND3X1        1   6.4   125    91    6479    (-,-) 
  csm_inst_right_reg_reg[27]/D      -       -      F     DFFQSRX1       1     -     -     0    6479    (-,-) 
#------------------------------------------------------------------------------------------------------------



Path 9: MET (1061 ps) Setup Check with Pin csm_inst_right_reg_reg[15]/CLK->D
          Group: C2C
     Startpoint: (R) csm_inst_round_counter_reg[3]/CLK
          Clock: (R) clk
       Endpoint: (F) csm_inst_right_reg_reg[15]/D
          Clock: (R) clk

                     Capture       Launch     
        Clock Edge:+   10000            0     
       Src Latency:+       0            0     
       Net Latency:+       0 (I)        0 (I) 
           Arrival:=   10000            0     
                                              
             Setup:-     463                  
       Uncertainty:-    2000                  
     Required Time:=    7537                  
      Launch Clock:-       0                  
         Data Path:-    6475                  
             Slack:=    1061                  

#------------------------------------------------------------------------------------------------------------
#           Timing Point            Flags    Arc   Edge   Cell     Fanout  Load Trans Delay Arrival Instance 
#                                                                          (fF)  (ps)  (ps)   (ps)  Location 
#------------------------------------------------------------------------------------------------------------
  csm_inst_round_counter_reg[3]/CLK -       -      R     (arrival)    335     -  2000     0       0    (-,-) 
  csm_inst_round_counter_reg[3]/Q   -       CLK->Q R     DFFQSRX1      22  97.2  1424   973     973    (-,-) 
  drc_bufs63778/Z                   -       A->Z   F     INVX4         58 250.0   961   816    1788    (-,-) 
  drc_bufs63776/Z                   -       A->Z   R     INVX2         37 156.4  1213   976    2765    (-,-) 
  g63481/Z                          -       A->Z   F     NAND2X1        3  15.2   343   210    2974    (-,-) 
  g63189/Z                          -       B->Z   R     NAND2X1        4  19.3   341   305    3279    (-,-) 
  g62335/Z                          -       A->Z   R     MUX2X1         2  11.0   187   191    3470    (-,-) 
  g61695/Z                          -       A->Z   F     NAND2X1        1   7.3   263    90    3560    (-,-) 
  g61530/Z                          -       A->Z   R     NAND3X1        1   7.3   194   169    3729    (-,-) 
  g61227/Z                          -       B->Z   F     NOR2X1         1   7.3   128   106    3835    (-,-) 
  g60968/Z                          -       B->Z   R     NOR2X1         1   7.3   215   116    3951    (-,-) 
  g60847/Z                          -       B->Z   F     NOR2X1         1  12.8   172   144    4096    (-,-) 
  g60466/Z                          -       B->Z   R     XOR2X1        10  49.3   733   489    4585    (-,-) 
  g60448/Z                          -       A->Z   F     INVX2          6  28.9   303   240    4825    (-,-) 
  g60405/Z                          -       B->Z   R     NOR2X1         4  19.7   330   267    5092    (-,-) 
  g60185__1705/Z                    -       A->Z   F     NAND2X1        2  12.0   174   137    5229    (-,-) 
  g60129/Z                          -       A->Z   R     INVX2          1   6.8    92    86    5315    (-,-) 
  g59906__3680/Z                    -       A->Z   F     NAND2X1        1   7.3   148    74    5389    (-,-) 
  g59696__6260/Z                    -       A->Z   R     NAND3X1        1   6.8   186   132    5521    (-,-) 
  g59511__6161/Z                    -       A->Z   F     NAND2X1        1   7.3   120    90    5611    (-,-) 
  g59483__6161/Z                    -       A->Z   R     NAND3X1        1   7.3   192   128    5738    (-,-) 
  g59420__8246/Z                    -       B->Z   F     NOR2X1         1   7.3   126   106    5844    (-,-) 
  g63839/Z                          -       A->Z   R     NAND3X1        1   7.2   191   128    5972    (-,-) 
  g63838/Z                          -       A->Z   R     OR2X1          1  12.8   203   210    6182    (-,-) 
  g59370__4733/Z                    -       B->Z   F     XOR2X1         1   6.9    94    92    6274    (-,-) 
  g59327__8428/Z                    -       A->Z   R     NAND2X1        1   7.3   313   110    6384    (-,-) 
  g59311__5115/Z                    -       A->Z   F     NAND3X1        1   6.4   125    91    6475    (-,-) 
  csm_inst_right_reg_reg[15]/D      -       -      F     DFFQSRX1       1     -     -     0    6475    (-,-) 
#------------------------------------------------------------------------------------------------------------



Path 10: MET (1078 ps) Setup Check with Pin csm_inst_right_reg_reg[29]/CLK->D
          Group: C2C
     Startpoint: (R) csm_inst_round_counter_reg[3]/CLK
          Clock: (R) clk
       Endpoint: (F) csm_inst_right_reg_reg[29]/D
          Clock: (R) clk

                     Capture       Launch     
        Clock Edge:+   10000            0     
       Src Latency:+       0            0     
       Net Latency:+       0 (I)        0 (I) 
           Arrival:=   10000            0     
                                              
             Setup:-     460                  
       Uncertainty:-    2000                  
     Required Time:=    7540                  
      Launch Clock:-       0                  
         Data Path:-    6462                  
             Slack:=    1078                  

#------------------------------------------------------------------------------------------------------------
#           Timing Point            Flags    Arc   Edge   Cell     Fanout  Load Trans Delay Arrival Instance 
#                                                                          (fF)  (ps)  (ps)   (ps)  Location 
#------------------------------------------------------------------------------------------------------------
  csm_inst_round_counter_reg[3]/CLK -       -      R     (arrival)    335     -  2000     0       0    (-,-) 
  csm_inst_round_counter_reg[3]/Q   -       CLK->Q R     DFFQSRX1      22  97.2  1424   973     973    (-,-) 
  drc_bufs63778/Z                   -       A->Z   F     INVX4         58 250.0   961   816    1788    (-,-) 
  drc_bufs63776/Z                   -       A->Z   R     INVX2         37 156.4  1213   976    2765    (-,-) 
  g63469/Z                          -       A->Z   F     NAND2X1        3  15.2   343   210    2974    (-,-) 
  g63193/Z                          -       B->Z   R     NAND2X1        4  19.3   341   305    3279    (-,-) 
  g62423/Z                          -       B->Z   F     NAND2X1        1   6.9   271    92    3372    (-,-) 
  g62167/Z                          -       A->Z   R     NAND2X1        1   7.2   184   160    3531    (-,-) 
  g61877/Z                          -       A->Z   F     NOR2X1         1   7.3   125   122    3653    (-,-) 
  g61348/Z                          -       A->Z   R     NAND3X1        1   6.8   202   125    3778    (-,-) 
  g60958/Z                          -       A->Z   F     NAND2X1        1   6.9   257    88    3866    (-,-) 
  g60840/Z                          -       A->Z   R     NAND2X1        1  12.8   231   206    4072    (-,-) 
  g60493/Z                          -       B->Z   R     XOR2X1         6  29.8   450   348    4421    (-,-) 
  g60475/Z                          -       A->Z   F     INVX2          8  38.9   296   252    4673    (-,-) 
  g60373/Z                          -       B->Z   R     NOR2X1        11  51.9   769   524    5196    (-,-) 
  g60302__7410/Z                    -       A->Z   F     NOR2X1         4  20.7   360   308    5505    (-,-) 
  g59888__2346/Z                    -       B->Z   F     MUX2X1         1   6.9    80   237    5742    (-,-) 
  g59682__5115/Z                    -       A->Z   R     NAND2X1        1   7.3   201   106    5848    (-,-) 
  g59549__1666/Z                    -       A->Z   F     NAND3X1        1   7.3   113    90    5937    (-,-) 
  g59466__6260/Z                    -       B->Z   R     NOR2X1         1  12.8   218   156    6094    (-,-) 
  g59405__7410/Z                    -       B->Z   R     XOR2X1         1   7.3   133   162    6256    (-,-) 
  g59380__2398/Z                    -       B->Z   R     OR2X1          1   7.3   125   133    6389    (-,-) 
  g59360__1617/Z                    -       A->Z   F     NAND3X1        1   6.4   114    73    6462    (-,-) 
  csm_inst_right_reg_reg[29]/D      -       -      F     DFFQSRX1       1     -     -     0    6462    (-,-) 
#------------------------------------------------------------------------------------------------------------



Path 11: MET (1100 ps) Setup Check with Pin csm_inst_right_reg_reg[6]/CLK->D
          Group: C2C
     Startpoint: (R) csm_inst_round_counter_reg[3]/CLK
          Clock: (R) clk
       Endpoint: (F) csm_inst_right_reg_reg[6]/D
          Clock: (R) clk

                     Capture       Launch     
        Clock Edge:+   10000            0     
       Src Latency:+       0            0     
       Net Latency:+       0 (I)        0 (I) 
           Arrival:=   10000            0     
                                              
             Setup:-     463                  
       Uncertainty:-    2000                  
     Required Time:=    7537                  
      Launch Clock:-       0                  
         Data Path:-    6436                  
             Slack:=    1100                  

#------------------------------------------------------------------------------------------------------------
#           Timing Point            Flags    Arc   Edge   Cell     Fanout  Load Trans Delay Arrival Instance 
#                                                                          (fF)  (ps)  (ps)   (ps)  Location 
#------------------------------------------------------------------------------------------------------------
  csm_inst_round_counter_reg[3]/CLK -       -      R     (arrival)    335     -  2000     0       0    (-,-) 
  csm_inst_round_counter_reg[3]/Q   -       CLK->Q R     DFFQSRX1      22  97.2  1424   973     973    (-,-) 
  drc_bufs63778/Z                   -       A->Z   F     INVX4         58 250.0   961   816    1788    (-,-) 
  drc_bufs63776/Z                   -       A->Z   R     INVX2         37 156.4  1213   976    2765    (-,-) 
  g63466/Z                          -       A->Z   F     NAND2X1        3  15.1   342   209    2973    (-,-) 
  g63191/Z                          -       B->Z   R     NAND2X1        4  19.3   341   304    3278    (-,-) 
  g62400/Z                          -       B->Z   R     MUX2X1         2  11.0   187   190    3468    (-,-) 
  g61561/Z                          -       A->Z   F     NAND2X1        1   6.9   159    87    3556    (-,-) 
  g61498/Z                          -       A->Z   R     NAND2X1        1   7.2   183   130    3686    (-,-) 
  g60939/Z                          -       A->Z   F     NOR2X1         1   7.3   124   122    3807    (-,-) 
  g60812/Z                          -       B->Z   R     NOR2X1         1   7.3   242   115    3922    (-,-) 
  g60584/Z                          -       B->Z   F     NOR2X1         1  12.8   172   149    4071    (-,-) 
  g60433/Z                          -       B->Z   R     XOR2X1        11  52.4   778   514    4586    (-,-) 
  g60394/Z                          -       A->Z   F     INVX2          7  33.6   341   273    4859    (-,-) 
  g60218__1881/Z                    -       B->Z   R     NOR2X1         6  28.4   447   348    5207    (-,-) 
  g60007__1666/Z                    -       B->Z   F     NOR2X1         4  20.5   275   238    5444    (-,-) 
  g59807__6417/Z                    -       A->Z   R     NAND2X1        1   6.8   182   156    5601    (-,-) 
  g59659__9945/Z                    -       A->Z   F     NAND2X1        1   6.9   105    87    5687    (-,-) 
  g59526__6783/Z                    -       A->Z   R     NAND2X1        1   7.3   210   114    5801    (-,-) 
  g59464__2398/Z                    -       A->Z   F     NAND3X1        1   7.2   114    90    5891    (-,-) 
  g59397__7482/Z                    -       A->Z   F     OR2X1          1  12.8   136   170    6061    (-,-) 
  g59371__6161/Z                    -       B->Z   F     XOR2X1         1   6.9    94   174    6235    (-,-) 
  g59323__2398/Z                    -       A->Z   R     NAND2X1        1   7.3   313   110    6346    (-,-) 
  g59305__1705/Z                    -       A->Z   F     NAND3X1        1   6.4   125    91    6436    (-,-) 
  csm_inst_right_reg_reg[6]/D       -       -      F     DFFQSRX1       1     -     -     0    6436    (-,-) 
#------------------------------------------------------------------------------------------------------------



Path 12: MET (1112 ps) Setup Check with Pin csm_inst_right_reg_reg[21]/CLK->D
          Group: C2C
     Startpoint: (R) csm_inst_round_counter_reg[3]/CLK
          Clock: (R) clk
       Endpoint: (F) csm_inst_right_reg_reg[21]/D
          Clock: (R) clk

                     Capture       Launch     
        Clock Edge:+   10000            0     
       Src Latency:+       0            0     
       Net Latency:+       0 (I)        0 (I) 
           Arrival:=   10000            0     
                                              
             Setup:-     463                  
       Uncertainty:-    2000                  
     Required Time:=    7537                  
      Launch Clock:-       0                  
         Data Path:-    6425                  
             Slack:=    1112                  

#------------------------------------------------------------------------------------------------------------
#           Timing Point            Flags    Arc   Edge   Cell     Fanout  Load Trans Delay Arrival Instance 
#                                                                          (fF)  (ps)  (ps)   (ps)  Location 
#------------------------------------------------------------------------------------------------------------
  csm_inst_round_counter_reg[3]/CLK -       -      R     (arrival)    335     -  2000     0       0    (-,-) 
  csm_inst_round_counter_reg[3]/Q   -       CLK->Q R     DFFQSRX1      22  97.2  1424   973     973    (-,-) 
  drc_bufs63778/Z                   -       A->Z   F     INVX4         58 250.0   961   816    1788    (-,-) 
  drc_bufs63776/Z                   -       A->Z   R     INVX2         37 156.4  1213   976    2765    (-,-) 
  g63501/Z                          -       A->Z   F     NAND2X1        3  15.1   342   209    2973    (-,-) 
  g63124/Z                          -       B->Z   R     NAND2X1        3  15.1   288   268    3242    (-,-) 
  g62426/Z                          -       A->Z   F     NAND2X1        1   6.8   168    94    3336    (-,-) 
  g62195/Z                          -       B->Z   R     NAND2X1        2  11.0   208   178    3514    (-,-) 
  g61633/Z                          -       A->Z   F     NAND2X1        1   6.9   125    89    3603    (-,-) 
  g61472/Z                          -       A->Z   R     NAND2X1        1   7.3   172   120    3723    (-,-) 
  g61307/Z                          -       B->Z   F     NOR2X1         1   7.3   122   102    3825    (-,-) 
  g60948/Z                          -       A->Z   R     NAND3X1        1   6.8   199   124    3949    (-,-) 
  g60782/Z                          -       A->Z   R     AND2X1         1   7.3   133   126    4075    (-,-) 
  g60579/Z                          -       B->Z   F     NOR2X1         1  12.8   172   127    4202    (-,-) 
  g60427/Z                          -       B->Z   R     XOR2X1         7  33.8   508   362    4564    (-,-) 
  g60388/Z                          -       A->Z   F     INVX2          7  34.6   289   242    4807    (-,-) 
  g60214__5122/Z                    -       B->Z   F     AND2X1         5  25.6   254   291    5098    (-,-) 
  g60009__6417/Z                    -       B->Z   R     NOR2X1         6  30.6   471   340    5438    (-,-) 
  g59838__5107/Z                    -       A->Z   F     NAND2X1        1   6.9   154   105    5543    (-,-) 
  g59634__7410/Z                    -       A->Z   R     NAND2X1        1   6.8   153   125    5668    (-,-) 
  g59520__2398/Z                    -       A->Z   F     NAND2X1        1   7.3   127    85    5753    (-,-) 
  g59485__9945/Z                    -       A->Z   R     NAND3X1        1   7.2   191   129    5882    (-,-) 
  g59402__2883/Z                    -       A->Z   F     NOR2X1         1  12.8   170   156    6038    (-,-) 
  g59372__9315/Z                    -       B->Z   F     XOR2X1         1   6.9    97   185    6223    (-,-) 
  g59329__6783/Z                    -       A->Z   R     NAND2X1        1   7.3   313   111    6334    (-,-) 
  g59314__6161/Z                    -       A->Z   F     NAND3X1        1   6.4   125    91    6425    (-,-) 
  csm_inst_right_reg_reg[21]/D      -       -      F     DFFQSRX1       1     -     -     0    6425    (-,-) 
#------------------------------------------------------------------------------------------------------------



Path 13: MET (1131 ps) Setup Check with Pin csm_inst_right_reg_reg[24]/CLK->D
          Group: C2C
     Startpoint: (R) csm_inst_round_counter_reg[3]/CLK
          Clock: (R) clk
       Endpoint: (F) csm_inst_right_reg_reg[24]/D
          Clock: (R) clk

                     Capture       Launch     
        Clock Edge:+   10000            0     
       Src Latency:+       0            0     
       Net Latency:+       0 (I)        0 (I) 
           Arrival:=   10000            0     
                                              
             Setup:-     463                  
       Uncertainty:-    2000                  
     Required Time:=    7537                  
      Launch Clock:-       0                  
         Data Path:-    6405                  
             Slack:=    1131                  

#------------------------------------------------------------------------------------------------------------
#           Timing Point            Flags    Arc   Edge   Cell     Fanout  Load Trans Delay Arrival Instance 
#                                                                          (fF)  (ps)  (ps)   (ps)  Location 
#------------------------------------------------------------------------------------------------------------
  csm_inst_round_counter_reg[3]/CLK -       -      R     (arrival)    335     -  2000     0       0    (-,-) 
  csm_inst_round_counter_reg[3]/Q   -       CLK->Q R     DFFQSRX1      22  97.2  1424   973     973    (-,-) 
  drc_bufs63778/Z                   -       A->Z   F     INVX4         58 250.0   961   816    1788    (-,-) 
  drc_bufs63776/Z                   -       A->Z   R     INVX2         37 156.4  1213   976    2765    (-,-) 
  g63469/Z                          -       A->Z   F     NAND2X1        3  15.2   343   210    2974    (-,-) 
  g63193/Z                          -       B->Z   R     NAND2X1        4  19.3   341   305    3279    (-,-) 
  g62423/Z                          -       B->Z   F     NAND2X1        1   6.9   271    92    3372    (-,-) 
  g62167/Z                          -       A->Z   R     NAND2X1        1   7.2   184   160    3531    (-,-) 
  g61877/Z                          -       A->Z   F     NOR2X1         1   7.3   125   122    3653    (-,-) 
  g61348/Z                          -       A->Z   R     NAND3X1        1   6.8   202   125    3778    (-,-) 
  g60958/Z                          -       A->Z   F     NAND2X1        1   6.9   257    88    3866    (-,-) 
  g60840/Z                          -       A->Z   R     NAND2X1        1  12.8   231   206    4072    (-,-) 
  g60493/Z                          -       B->Z   R     XOR2X1         6  29.8   450   348    4421    (-,-) 
  g60475/Z                          -       A->Z   F     INVX2          8  38.9   296   252    4673    (-,-) 
  g60373/Z                          -       B->Z   R     NOR2X1        11  51.9   769   524    5196    (-,-) 
  g60302__7410/Z                    -       A->Z   F     NOR2X1         4  20.7   360   308    5505    (-,-) 
  g59765__6131/Z                    -       A->Z   R     NAND3X1        1   7.3   230   195    5700    (-,-) 
  g59575__2883/Z                    -       A->Z   F     NAND3X1        1   7.2   117    91    5791    (-,-) 
  g59431__2346/Z                    -       A->Z   R     NOR2X1         1   7.3   142   121    5912    (-,-) 
  g59412__8428/Z                    -       A->Z   F     NAND3X1        1  12.8   145   111    6023    (-,-) 
  g59376__1666/Z                    -       B->Z   F     XOR2X1         1   6.9   108   177    6200    (-,-) 
  g59331__1617/Z                    -       A->Z   R     NAND2X1        1   7.3   313   115    6314    (-,-) 
  g59301__6783/Z                    -       A->Z   F     NAND3X1        1   6.4   125    91    6405    (-,-) 
  csm_inst_right_reg_reg[24]/D      -       -      F     DFFQSRX1       1     -     -     0    6405    (-,-) 
#------------------------------------------------------------------------------------------------------------



Path 14: MET (1133 ps) Setup Check with Pin csm_inst_right_reg_reg[22]/CLK->D
          Group: C2C
     Startpoint: (R) csm_inst_round_counter_reg[3]/CLK
          Clock: (R) clk
       Endpoint: (F) csm_inst_right_reg_reg[22]/D
          Clock: (R) clk

                     Capture       Launch     
        Clock Edge:+   10000            0     
       Src Latency:+       0            0     
       Net Latency:+       0 (I)        0 (I) 
           Arrival:=   10000            0     
                                              
             Setup:-     463                  
       Uncertainty:-    2000                  
     Required Time:=    7537                  
      Launch Clock:-       0                  
         Data Path:-    6404                  
             Slack:=    1133                  

#------------------------------------------------------------------------------------------------------------
#           Timing Point            Flags    Arc   Edge   Cell     Fanout  Load Trans Delay Arrival Instance 
#                                                                          (fF)  (ps)  (ps)   (ps)  Location 
#------------------------------------------------------------------------------------------------------------
  csm_inst_round_counter_reg[3]/CLK -       -      R     (arrival)    335     -  2000     0       0    (-,-) 
  csm_inst_round_counter_reg[3]/Q   -       CLK->Q R     DFFQSRX1      22  97.2  1424   973     973    (-,-) 
  drc_bufs63778/Z                   -       A->Z   F     INVX4         58 250.0   961   816    1788    (-,-) 
  drc_bufs63776/Z                   -       A->Z   R     INVX2         37 156.4  1213   976    2765    (-,-) 
  g63466/Z                          -       A->Z   F     NAND2X1        3  15.1   342   209    2973    (-,-) 
  g63191/Z                          -       B->Z   R     NAND2X1        4  19.3   341   304    3278    (-,-) 
  g62400/Z                          -       B->Z   R     MUX2X1         2  11.0   187   190    3468    (-,-) 
  g61561/Z                          -       A->Z   F     NAND2X1        1   6.9   159    87    3556    (-,-) 
  g61498/Z                          -       A->Z   R     NAND2X1        1   7.2   183   130    3686    (-,-) 
  g60939/Z                          -       A->Z   F     NOR2X1         1   7.3   124   122    3807    (-,-) 
  g60812/Z                          -       B->Z   R     NOR2X1         1   7.3   242   115    3922    (-,-) 
  g60584/Z                          -       B->Z   F     NOR2X1         1  12.8   172   149    4071    (-,-) 
  g60433/Z                          -       B->Z   R     XOR2X1        11  52.4   778   514    4586    (-,-) 
  g60394/Z                          -       A->Z   F     INVX2          7  33.6   341   273    4859    (-,-) 
  g60218__1881/Z                    -       B->Z   R     NOR2X1         6  28.4   447   348    5207    (-,-) 
  g60007__1666/Z                    -       B->Z   F     NOR2X1         4  20.5   275   238    5444    (-,-) 
  g59889__1666/Z                    -       B->Z   R     NOR2X1         2  11.9   227   192    5637    (-,-) 
  g59673__3680/Z                    -       A->Z   F     NAND2X1        1   6.9   126    91    5728    (-,-) 
  g59515__2346/Z                    -       A->Z   R     NAND2X1        1   7.3   154   120    5848    (-,-) 
  g59486__2883/Z                    -       B->Z   F     NOR2X1         1   6.9   123    95    5943    (-,-) 
  g59408__2398/Z                    -       A->Z   R     NAND2X1        1  12.8   231   165    6108    (-,-) 
  g59373__9945/Z                    -       B->Z   F     XOR2X1         1   6.9   100    93    6201    (-,-) 
  g59330__3680/Z                    -       A->Z   R     NAND2X1        1   7.3   313   112    6313    (-,-) 
  g59315__9315/Z                    -       A->Z   F     NAND3X1        1   6.4   125    91    6404    (-,-) 
  csm_inst_right_reg_reg[22]/D      -       -      F     DFFQSRX1       1     -     -     0    6404    (-,-) 
#------------------------------------------------------------------------------------------------------------



Path 15: MET (1134 ps) Setup Check with Pin csm_inst_right_reg_reg[18]/CLK->D
          Group: C2C
     Startpoint: (R) csm_inst_round_counter_reg[3]/CLK
          Clock: (R) clk
       Endpoint: (F) csm_inst_right_reg_reg[18]/D
          Clock: (R) clk

                     Capture       Launch     
        Clock Edge:+   10000            0     
       Src Latency:+       0            0     
       Net Latency:+       0 (I)        0 (I) 
           Arrival:=   10000            0     
                                              
             Setup:-     463                  
       Uncertainty:-    2000                  
     Required Time:=    7537                  
      Launch Clock:-       0                  
         Data Path:-    6403                  
             Slack:=    1134                  

#------------------------------------------------------------------------------------------------------------
#           Timing Point            Flags    Arc   Edge   Cell     Fanout  Load Trans Delay Arrival Instance 
#                                                                          (fF)  (ps)  (ps)   (ps)  Location 
#------------------------------------------------------------------------------------------------------------
  csm_inst_round_counter_reg[3]/CLK -       -      R     (arrival)    335     -  2000     0       0    (-,-) 
  csm_inst_round_counter_reg[3]/Q   -       CLK->Q R     DFFQSRX1      22  97.2  1424   973     973    (-,-) 
  drc_bufs63778/Z                   -       A->Z   F     INVX4         58 250.0   961   816    1788    (-,-) 
  drc_bufs63776/Z                   -       A->Z   R     INVX2         37 156.4  1213   976    2765    (-,-) 
  g63469/Z                          -       A->Z   F     NAND2X1        3  15.2   343   210    2974    (-,-) 
  g63193/Z                          -       B->Z   R     NAND2X1        4  19.3   341   305    3279    (-,-) 
  g62423/Z                          -       B->Z   F     NAND2X1        1   6.9   271    92    3372    (-,-) 
  g62167/Z                          -       A->Z   R     NAND2X1        1   7.2   184   160    3531    (-,-) 
  g61877/Z                          -       A->Z   F     NOR2X1         1   7.3   125   122    3653    (-,-) 
  g61348/Z                          -       A->Z   R     NAND3X1        1   6.8   202   125    3778    (-,-) 
  g60958/Z                          -       A->Z   F     NAND2X1        1   6.9   257    88    3866    (-,-) 
  g60840/Z                          -       A->Z   R     NAND2X1        1  12.8   231   206    4072    (-,-) 
  g60493/Z                          -       B->Z   R     XOR2X1         6  29.8   450   348    4421    (-,-) 
  g60475/Z                          -       A->Z   F     INVX2          8  38.9   296   252    4673    (-,-) 
  g60373/Z                          -       B->Z   R     NOR2X1        11  51.9   769   524    5196    (-,-) 
  g60302__7410/Z                    -       A->Z   F     NOR2X1         4  20.7   360   308    5505    (-,-) 
  g59610__5107/Z                    -       B->Z   R     NAND2X1        1   7.3   198   201    5706    (-,-) 
  g59569__5115/Z                    -       A->Z   F     NAND3X1        1   7.2   112    89    5795    (-,-) 
  g59433__7410/Z                    -       A->Z   R     NOR2X1         1   6.8   136   116    5911    (-,-) 
  g59406__6417/Z                    -       A->Z   F     NAND2X1        1  12.8   141   113    6024    (-,-) 
  g59365__7098/Z                    -       B->Z   F     XOR2X1         1   6.9   100   176    6200    (-,-) 
  g59334__1705/Z                    -       A->Z   R     NAND2X1        1   7.3   313   112    6312    (-,-) 
  g59312__7482/Z                    -       A->Z   F     NAND3X1        1   6.4   125    91    6403    (-,-) 
  csm_inst_right_reg_reg[18]/D      -       -      F     DFFQSRX1       1     -     -     0    6403    (-,-) 
#------------------------------------------------------------------------------------------------------------



Path 16: MET (1135 ps) Setup Check with Pin csm_inst_right_reg_reg[1]/CLK->D
          Group: C2C
     Startpoint: (R) csm_inst_round_counter_reg[3]/CLK
          Clock: (R) clk
       Endpoint: (F) csm_inst_right_reg_reg[1]/D
          Clock: (R) clk

                     Capture       Launch     
        Clock Edge:+   10000            0     
       Src Latency:+       0            0     
       Net Latency:+       0 (I)        0 (I) 
           Arrival:=   10000            0     
                                              
             Setup:-     463                  
       Uncertainty:-    2000                  
     Required Time:=    7537                  
      Launch Clock:-       0                  
         Data Path:-    6401                  
             Slack:=    1135                  

#------------------------------------------------------------------------------------------------------------
#           Timing Point            Flags    Arc   Edge   Cell     Fanout  Load Trans Delay Arrival Instance 
#                                                                          (fF)  (ps)  (ps)   (ps)  Location 
#------------------------------------------------------------------------------------------------------------
  csm_inst_round_counter_reg[3]/CLK -       -      R     (arrival)    335     -  2000     0       0    (-,-) 
  csm_inst_round_counter_reg[3]/Q   -       CLK->Q R     DFFQSRX1      22  97.2  1424   973     973    (-,-) 
  drc_bufs63778/Z                   -       A->Z   F     INVX4         58 250.0   961   816    1788    (-,-) 
  drc_bufs63776/Z                   -       A->Z   R     INVX2         37 156.4  1213   976    2765    (-,-) 
  g63495/Z                          -       A->Z   F     NAND2X1        3  15.1   342   209    2973    (-,-) 
  g63114/Z                          -       B->Z   R     NAND2X1        3  15.1   288   268    3242    (-,-) 
  g62989/Z                          -       B->Z   F     NAND2X1        2  11.4   305   119    3361    (-,-) 
  g62143/Z                          -       B->Z   R     NAND2X1        1   7.2   184   185    3546    (-,-) 
  g61870/Z                          -       A->Z   F     NOR2X1         1   7.3   125   122    3668    (-,-) 
  g61342/Z                          -       A->Z   R     NAND3X1        1   6.8   202   125    3792    (-,-) 
  g60961/Z                          -       A->Z   F     NAND2X1        1   6.9   257    88    3881    (-,-) 
  g60843/Z                          -       A->Z   R     NAND2X1        1  12.8   231   206    4087    (-,-) 
  g60496/Z                          -       B->Z   R     XOR2X1        11  56.8   841   570    4657    (-,-) 
  g60222__6161/Z                    -       A->Z   F     NOR2X1         5  24.9   409   350    5007    (-,-) 
  g60141/Z                          -       A->Z   R     INVX2          3  15.5   196   182    5190    (-,-) 
  g59963__1617/Z                    -       A->Z   F     NAND2X1        1   7.2   119    90    5280    (-,-) 
  g59667__5107/Z                    -       C->Z   R     NAND3X1        1   6.8   185   160    5440    (-,-) 
  g59493__5107/Z                    -       A->Z   F     NAND2X1        1   7.3   144    90    5530    (-,-) 
  g59468__8428/Z                    -       A->Z   R     NAND3X1        1   7.3   192   135    5665    (-,-) 
  g59422__6131/Z                    -       B->Z   F     NOR2X1         1   7.3   126   106    5770    (-,-) 
  g63837/Z                          -       A->Z   R     NAND3X1        1   7.2   191   128    5899    (-,-) 
  g63836/Z                          -       A->Z   R     OR2X1          1  12.8   203   210    6109    (-,-) 
  g59368__5115/Z                    -       B->Z   F     XOR2X1         1   6.9    94    92    6200    (-,-) 
  g59317__2883/Z                    -       A->Z   R     NAND2X1        1   7.3   313   110    6311    (-,-) 
  g59302__3680/Z                    -       A->Z   F     NAND3X1        1   6.4   125    91    6401    (-,-) 
  csm_inst_right_reg_reg[1]/D       -       -      F     DFFQSRX1       1     -     -     0    6401    (-,-) 
#------------------------------------------------------------------------------------------------------------



Path 17: MET (1145 ps) Setup Check with Pin csm_inst_right_reg_reg[12]/CLK->D
          Group: C2C
     Startpoint: (R) csm_inst_round_counter_reg[3]/CLK
          Clock: (R) clk
       Endpoint: (F) csm_inst_right_reg_reg[12]/D
          Clock: (R) clk

                     Capture       Launch     
        Clock Edge:+   10000            0     
       Src Latency:+       0            0     
       Net Latency:+       0 (I)        0 (I) 
           Arrival:=   10000            0     
                                              
             Setup:-     463                  
       Uncertainty:-    2000                  
     Required Time:=    7537                  
      Launch Clock:-       0                  
         Data Path:-    6392                  
             Slack:=    1145                  

#------------------------------------------------------------------------------------------------------------
#           Timing Point            Flags    Arc   Edge   Cell     Fanout  Load Trans Delay Arrival Instance 
#                                                                          (fF)  (ps)  (ps)   (ps)  Location 
#------------------------------------------------------------------------------------------------------------
  csm_inst_round_counter_reg[3]/CLK -       -      R     (arrival)    335     -  2000     0       0    (-,-) 
  csm_inst_round_counter_reg[3]/Q   -       CLK->Q R     DFFQSRX1      22  97.2  1424   973     973    (-,-) 
  drc_bufs63778/Z                   -       A->Z   F     INVX4         58 250.0   961   816    1788    (-,-) 
  drc_bufs63776/Z                   -       A->Z   R     INVX2         37 156.4  1213   976    2765    (-,-) 
  g63466/Z                          -       A->Z   F     NAND2X1        3  15.1   342   209    2973    (-,-) 
  g63191/Z                          -       B->Z   R     NAND2X1        4  19.3   341   304    3278    (-,-) 
  g62400/Z                          -       B->Z   R     MUX2X1         2  11.0   187   190    3468    (-,-) 
  g61561/Z                          -       A->Z   F     NAND2X1        1   6.9   159    87    3556    (-,-) 
  g61498/Z                          -       A->Z   R     NAND2X1        1   7.2   183   130    3686    (-,-) 
  g60939/Z                          -       A->Z   F     NOR2X1         1   7.3   124   122    3807    (-,-) 
  g60812/Z                          -       B->Z   R     NOR2X1         1   7.3   242   115    3922    (-,-) 
  g60584/Z                          -       B->Z   F     NOR2X1         1  12.8   172   149    4071    (-,-) 
  g60433/Z                          -       B->Z   R     XOR2X1        11  52.4   778   514    4586    (-,-) 
  g60394/Z                          -       A->Z   F     INVX2          7  33.6   341   273    4859    (-,-) 
  g60218__1881/Z                    -       B->Z   R     NOR2X1         6  28.4   447   348    5207    (-,-) 
  g60007__1666/Z                    -       B->Z   F     NOR2X1         4  20.5   275   238    5444    (-,-) 
  g59889__1666/Z                    -       B->Z   R     NOR2X1         2  11.9   227   192    5637    (-,-) 
  g59797/Z                          -       A->Z   F     INVX2          1   6.9    88    72    5709    (-,-) 
  g59658__9315/Z                    -       A->Z   R     NAND2X1        1   6.8   150   104    5814    (-,-) 
  g59540__1881/Z                    -       A->Z   F     NAND2X1        1   7.2   129    83    5897    (-,-) 
  g59399__6161/Z                    -       B->Z   R     NAND3X1        1  12.8   272   195    6092    (-,-) 
  g59366__6131/Z                    -       B->Z   F     XOR2X1         1   6.9   108    94    6186    (-,-) 
  g59335__5122/Z                    -       A->Z   R     NAND2X1        1   7.3   313   115    6301    (-,-) 
  g59309__6131/Z                    -       A->Z   F     NAND3X1        1   6.4   125    91    6392    (-,-) 
  csm_inst_right_reg_reg[12]/D      -       -      F     DFFQSRX1       1     -     -     0    6392    (-,-) 
#------------------------------------------------------------------------------------------------------------



Path 18: MET (1172 ps) Setup Check with Pin csm_inst_right_reg_reg[26]/CLK->D
          Group: C2C
     Startpoint: (R) csm_inst_round_counter_reg[3]/CLK
          Clock: (R) clk
       Endpoint: (F) csm_inst_right_reg_reg[26]/D
          Clock: (R) clk

                     Capture       Launch     
        Clock Edge:+   10000            0     
       Src Latency:+       0            0     
       Net Latency:+       0 (I)        0 (I) 
           Arrival:=   10000            0     
                                              
             Setup:-     461                  
       Uncertainty:-    2000                  
     Required Time:=    7539                  
      Launch Clock:-       0                  
         Data Path:-    6368                  
             Slack:=    1172                  

#------------------------------------------------------------------------------------------------------------
#           Timing Point            Flags    Arc   Edge   Cell     Fanout  Load Trans Delay Arrival Instance 
#                                                                          (fF)  (ps)  (ps)   (ps)  Location 
#------------------------------------------------------------------------------------------------------------
  csm_inst_round_counter_reg[3]/CLK -       -      R     (arrival)    335     -  2000     0       0    (-,-) 
  csm_inst_round_counter_reg[3]/Q   -       CLK->Q R     DFFQSRX1      22  97.2  1424   973     973    (-,-) 
  drc_bufs63778/Z                   -       A->Z   F     INVX4         58 250.0   961   816    1788    (-,-) 
  drc_bufs63776/Z                   -       A->Z   R     INVX2         37 156.4  1213   976    2765    (-,-) 
  g63507/Z                          -       A->Z   F     NAND2X1        3  15.1   342   209    2973    (-,-) 
  g63168/Z                          -       B->Z   R     NAND2X1        4  19.3   341   304    3278    (-,-) 
  g62396/Z                          -       B->Z   R     MUX2X1         2  11.0   183   190    3468    (-,-) 
  g61804/Z                          -       A->Z   F     NAND2X1        1   6.8   242    86    3554    (-,-) 
  g61501/Z                          -       B->Z   R     NAND2X1        1   7.3   172   169    3723    (-,-) 
  g61359/Z                          -       B->Z   F     NOR2X1         1   7.3   126   102    3825    (-,-) 
  g60952/Z                          -       B->Z   R     NOR2X1         1   7.3   242   116    3941    (-,-) 
  g60834/Z                          -       B->Z   F     NOR2X1         1  12.8   172   149    4090    (-,-) 
  g60463/Z                          -       B->Z   R     XOR2X1         5  25.5   388   294    4384    (-,-) 
  g60445/Z                          -       A->Z   F     INVX2          9  43.7   305   260    4644    (-,-) 
  g60363/Z                          -       A->Z   R     NOR2X1         5  24.4   388   292    4937    (-,-) 
  g60326__9945/Z                    -       B->Z   R     OR2X1          4  20.7   317   263    5200    (-,-) 
  g60245/Z                          -       A->Z   F     INVX2          5  30.3   224   191    5391    (-,-) 
  g60084__8246/Z                    -       A->Z   R     NAND3X1        1   6.8   213   154    5545    (-,-) 
  g59718__2346/Z                    -       B->Z   F     NAND2X1        1   6.9   107    86    5630    (-,-) 
  g59590__2802/Z                    -       A->Z   R     NAND2X1        1   7.2   200   114    5744    (-,-) 
  g59434__6417/Z                    -       B->Z   F     NAND3X1        1   7.3   110    92    5837    (-,-) 
  g59393__7098/Z                    -       B->Z   F     OR2X1          1  12.8   137   159    5996    (-,-) 
  g59362__1705/Z                    -       B->Z   F     XOR2X1         1   6.9    94   174    6170    (-,-) 
  g59319__1666/Z                    -       A->Z   R     NAND2X1        1   7.3   260   110    6280    (-,-) 
  g59287__4319/Z                    -       A->Z   F     NAND3X1        1   6.4   116    87    6368    (-,-) 
  csm_inst_right_reg_reg[26]/D      -       -      F     DFFQSRX1       1     -     -     0    6368    (-,-) 
#------------------------------------------------------------------------------------------------------------



Path 19: MET (1173 ps) Setup Check with Pin csm_inst_right_reg_reg[9]/CLK->D
          Group: C2C
     Startpoint: (R) csm_inst_round_counter_reg[3]/CLK
          Clock: (R) clk
       Endpoint: (F) csm_inst_right_reg_reg[9]/D
          Clock: (R) clk

                     Capture       Launch     
        Clock Edge:+   10000            0     
       Src Latency:+       0            0     
       Net Latency:+       0 (I)        0 (I) 
           Arrival:=   10000            0     
                                              
             Setup:-     463                  
       Uncertainty:-    2000                  
     Required Time:=    7537                  
      Launch Clock:-       0                  
         Data Path:-    6364                  
             Slack:=    1173                  

#------------------------------------------------------------------------------------------------------------
#           Timing Point            Flags    Arc   Edge   Cell     Fanout  Load Trans Delay Arrival Instance 
#                                                                          (fF)  (ps)  (ps)   (ps)  Location 
#------------------------------------------------------------------------------------------------------------
  csm_inst_round_counter_reg[3]/CLK -       -      R     (arrival)    335     -  2000     0       0    (-,-) 
  csm_inst_round_counter_reg[3]/Q   -       CLK->Q R     DFFQSRX1      22  97.2  1424   973     973    (-,-) 
  drc_bufs63778/Z                   -       A->Z   F     INVX4         58 250.0   961   816    1788    (-,-) 
  drc_bufs63776/Z                   -       A->Z   R     INVX2         37 156.4  1213   976    2765    (-,-) 
  g63495/Z                          -       A->Z   F     NAND2X1        3  15.1   342   209    2973    (-,-) 
  g63114/Z                          -       B->Z   R     NAND2X1        3  15.1   288   268    3242    (-,-) 
  g62989/Z                          -       B->Z   F     NAND2X1        2  11.4   305   119    3361    (-,-) 
  g62143/Z                          -       B->Z   R     NAND2X1        1   7.2   184   185    3546    (-,-) 
  g61870/Z                          -       A->Z   F     NOR2X1         1   7.3   125   122    3668    (-,-) 
  g61342/Z                          -       A->Z   R     NAND3X1        1   6.8   202   125    3792    (-,-) 
  g60961/Z                          -       A->Z   F     NAND2X1        1   6.9   257    88    3881    (-,-) 
  g60843/Z                          -       A->Z   R     NAND2X1        1  12.8   231   206    4087    (-,-) 
  g60496/Z                          -       B->Z   R     XOR2X1        11  56.8   841   570    4657    (-,-) 
  g60222__6161/Z                    -       A->Z   F     NOR2X1         5  24.9   409   350    5007    (-,-) 
  g60141/Z                          -       A->Z   R     INVX2          3  15.5   196   182    5190    (-,-) 
  g60127__5477/Z                    -       A->Z   F     NAND2X1        4  21.3   220   173    5363    (-,-) 
  g59693__5477/Z                    -       A->Z   R     NAND3X1        1   7.3   216   158    5520    (-,-) 
  g59560__3680/Z                    -       A->Z   F     NAND3X1        1   7.7   119    94    5614    (-,-) 
  g59532/Z                          -       A->Z   R     INVX2          1   7.3    82    76    5690    (-,-) 
  g59475__5122/Z                    -       A->Z   F     NAND3X1        1   7.3   103    71    5761    (-,-) 
  g59430__2883/Z                    -       B->Z   R     NOR2X1         1   7.3   144   109    5870    (-,-) 
  g59411__4319/Z                    -       A->Z   F     NAND3X1        1  12.8   145   111    5981    (-,-) 
  g59378__6417/Z                    -       B->Z   F     XOR2X1         1   6.9   108   177    6158    (-,-) 
  g59325__6260/Z                    -       A->Z   R     NAND2X1        1   7.3   313   115    6273    (-,-) 
  g59307__8246/Z                    -       A->Z   F     NAND3X1        1   6.4   125    91    6364    (-,-) 
  csm_inst_right_reg_reg[9]/D       -       -      F     DFFQSRX1       1     -     -     0    6364    (-,-) 
#------------------------------------------------------------------------------------------------------------



Path 20: MET (1198 ps) Setup Check with Pin csm_inst_right_reg_reg[8]/CLK->D
          Group: C2C
     Startpoint: (R) csm_inst_round_counter_reg[3]/CLK
          Clock: (R) clk
       Endpoint: (F) csm_inst_right_reg_reg[8]/D
          Clock: (R) clk

                     Capture       Launch     
        Clock Edge:+   10000            0     
       Src Latency:+       0            0     
       Net Latency:+       0 (I)        0 (I) 
           Arrival:=   10000            0     
                                              
             Setup:-     461                  
       Uncertainty:-    2000                  
     Required Time:=    7539                  
      Launch Clock:-       0                  
         Data Path:-    6341                  
             Slack:=    1198                  

#------------------------------------------------------------------------------------------------------------
#           Timing Point            Flags    Arc   Edge   Cell     Fanout  Load Trans Delay Arrival Instance 
#                                                                          (fF)  (ps)  (ps)   (ps)  Location 
#------------------------------------------------------------------------------------------------------------
  csm_inst_round_counter_reg[3]/CLK -       -      R     (arrival)    335     -  2000     0       0    (-,-) 
  csm_inst_round_counter_reg[3]/Q   -       CLK->Q R     DFFQSRX1      22  97.2  1424   973     973    (-,-) 
  drc_bufs63778/Z                   -       A->Z   F     INVX4         58 250.0   961   816    1788    (-,-) 
  drc_bufs63776/Z                   -       A->Z   R     INVX2         37 156.4  1213   976    2765    (-,-) 
  g63484/Z                          -       A->Z   F     NAND2X1        3  15.1   342   209    2973    (-,-) 
  g63179/Z                          -       B->Z   R     NAND2X1        4  19.3   341   304    3278    (-,-) 
  g62391/Z                          -       A->Z   R     MUX2X1         2  11.0   187   191    3468    (-,-) 
  g61613/Z                          -       A->Z   F     NAND2X1        1   7.2   261    90    3558    (-,-) 
  g61362/Z                          -       B->Z   R     NAND3X1        1   7.2   210   190    3748    (-,-) 
  g60938/Z                          -       A->Z   F     NOR2X1         1   7.3   130   126    3874    (-,-) 
  g60830/Z                          -       B->Z   R     NOR2X1         1   7.3   215   117    3991    (-,-) 
  g60589/Z                          -       B->Z   F     NOR2X1         1  12.8   172   144    4135    (-,-) 
  g60426/Z                          -       B->Z   R     XOR2X1         5  25.6   390   295    4430    (-,-) 
  g60387/Z                          -       A->Z   F     INVX2         10  47.5   322   274    4704    (-,-) 
  g60309__8428/Z                    -       A->Z   R     NOR2X1         4  20.6   338   264    4969    (-,-) 
  g60237/Z                          -       A->Z   F     INVX2          1   6.8   104    80    5048    (-,-) 
  g60120__9315/Z                    -       B->Z   R     NAND2X1        2  11.9   218   165    5213    (-,-) 
  g59792__7098/Z                    -       A->Z   F     NAND2X1        2  12.0   150   123    5336    (-,-) 
  g59601__9315/Z                    -       A->Z   R     NAND2X1        1   6.8   148   124    5460    (-,-) 
  g59504__8246/Z                    -       A->Z   R     AND2X1         1   7.3   127   123    5583    (-,-) 
  g59454__4733/Z                    -       B->Z   F     NOR2X1         1   7.3   118    92    5675    (-,-) 
  g59436__2398/Z                    -       A->Z   R     NAND3X1        1   7.2   192   126    5801    (-,-) 
  g59398__4733/Z                    -       A->Z   F     NOR2X1         1  12.8   170   157    5958    (-,-) 
  g59369__7482/Z                    -       B->Z   F     XOR2X1         1   6.9    97   185    6143    (-,-) 
  g59324__5107/Z                    -       A->Z   R     NAND2X1        1   7.3   260   111    6254    (-,-) 
  g59306__5122/Z                    -       A->Z   F     NAND3X1        1   6.4   116    87    6341    (-,-) 
  csm_inst_right_reg_reg[8]/D       -       -      F     DFFQSRX1       1     -     -     0    6341    (-,-) 
#------------------------------------------------------------------------------------------------------------



Path 21: MET (1235 ps) Setup Check with Pin csm_inst_right_reg_reg[13]/CLK->D
          Group: C2C
     Startpoint: (R) csm_inst_round_counter_reg[3]/CLK
          Clock: (R) clk
       Endpoint: (F) csm_inst_right_reg_reg[13]/D
          Clock: (R) clk

                     Capture       Launch     
        Clock Edge:+   10000            0     
       Src Latency:+       0            0     
       Net Latency:+       0 (I)        0 (I) 
           Arrival:=   10000            0     
                                              
             Setup:-     463                  
       Uncertainty:-    2000                  
     Required Time:=    7537                  
      Launch Clock:-       0                  
         Data Path:-    6302                  
             Slack:=    1235                  

#------------------------------------------------------------------------------------------------------------
#           Timing Point            Flags    Arc   Edge   Cell     Fanout  Load Trans Delay Arrival Instance 
#                                                                          (fF)  (ps)  (ps)   (ps)  Location 
#------------------------------------------------------------------------------------------------------------
  csm_inst_round_counter_reg[3]/CLK -       -      R     (arrival)    335     -  2000     0       0    (-,-) 
  csm_inst_round_counter_reg[3]/Q   -       CLK->Q R     DFFQSRX1      22  97.2  1424   973     973    (-,-) 
  drc_bufs63778/Z                   -       A->Z   F     INVX4         58 250.0   961   816    1788    (-,-) 
  drc_bufs63776/Z                   -       A->Z   R     INVX2         37 156.4  1213   976    2765    (-,-) 
  g63501/Z                          -       A->Z   F     NAND2X1        3  15.1   342   209    2973    (-,-) 
  g63124/Z                          -       B->Z   R     NAND2X1        3  15.1   288   268    3242    (-,-) 
  g62426/Z                          -       A->Z   F     NAND2X1        1   6.8   168    94    3336    (-,-) 
  g62195/Z                          -       B->Z   R     NAND2X1        2  11.0   208   178    3514    (-,-) 
  g61633/Z                          -       A->Z   F     NAND2X1        1   6.9   125    89    3603    (-,-) 
  g61472/Z                          -       A->Z   R     NAND2X1        1   7.3   172   120    3723    (-,-) 
  g61307/Z                          -       B->Z   F     NOR2X1         1   7.3   122   102    3825    (-,-) 
  g60948/Z                          -       A->Z   R     NAND3X1        1   6.8   199   124    3949    (-,-) 
  g60782/Z                          -       A->Z   R     AND2X1         1   7.3   133   126    4075    (-,-) 
  g60579/Z                          -       B->Z   F     NOR2X1         1  12.8   172   127    4202    (-,-) 
  g60427/Z                          -       B->Z   R     XOR2X1         7  33.8   508   362    4564    (-,-) 
  g60388/Z                          -       A->Z   F     INVX2          7  34.6   289   242    4807    (-,-) 
  g60214__5122/Z                    -       B->Z   F     AND2X1         5  25.6   254   291    5098    (-,-) 
  g60009__6417/Z                    -       B->Z   R     NOR2X1         6  30.6   471   340    5438    (-,-) 
  g59754__4319/Z                    -       A->Z   R     OR2X1          1   7.3   125   194    5632    (-,-) 
  g59542__7482/Z                    -       A->Z   F     NAND3X1        1   7.7   105    81    5713    (-,-) 
  g59531/Z                          -       A->Z   R     INVX2          1   7.3    79    73    5786    (-,-) 
  g59480__5115/Z                    -       A->Z   F     NAND3X1        1   7.3    95    70    5856    (-,-) 
  g59426__4733/Z                    -       B->Z   R     NOR2X1         1  12.8   217   151    6007    (-,-) 
  g59390__1705/Z                    -       B->Z   F     XOR2X1         1   6.9    97    92    6100    (-,-) 
  g59353__5107/Z                    -       A->Z   R     NAND2X1        1   7.3   313   111    6211    (-,-) 
  g59341__7482/Z                    -       A->Z   F     NAND3X1        1   6.4   125    91    6302    (-,-) 
  csm_inst_right_reg_reg[13]/D      -       -      F     DFFQSRX1       1     -     -     0    6302    (-,-) 
#------------------------------------------------------------------------------------------------------------



Path 22: MET (1236 ps) Setup Check with Pin csm_inst_right_reg_reg[14]/CLK->D
          Group: C2C
     Startpoint: (R) csm_inst_round_counter_reg[3]/CLK
          Clock: (R) clk
       Endpoint: (F) csm_inst_right_reg_reg[14]/D
          Clock: (R) clk

                     Capture       Launch     
        Clock Edge:+   10000            0     
       Src Latency:+       0            0     
       Net Latency:+       0 (I)        0 (I) 
           Arrival:=   10000            0     
                                              
             Setup:-     463                  
       Uncertainty:-    2000                  
     Required Time:=    7537                  
      Launch Clock:-       0                  
         Data Path:-    6301                  
             Slack:=    1236                  

#------------------------------------------------------------------------------------------------------------
#           Timing Point            Flags    Arc   Edge   Cell     Fanout  Load Trans Delay Arrival Instance 
#                                                                          (fF)  (ps)  (ps)   (ps)  Location 
#------------------------------------------------------------------------------------------------------------
  csm_inst_round_counter_reg[3]/CLK -       -      R     (arrival)    335     -  2000     0       0    (-,-) 
  csm_inst_round_counter_reg[3]/Q   -       CLK->Q R     DFFQSRX1      22  97.2  1424   973     973    (-,-) 
  drc_bufs63778/Z                   -       A->Z   F     INVX4         58 250.0   961   816    1788    (-,-) 
  drc_bufs63776/Z                   -       A->Z   R     INVX2         37 156.4  1213   976    2765    (-,-) 
  g63488/Z                          -       A->Z   F     NAND2X1        3  15.1   342   209    2973    (-,-) 
  g63316/Z                          -       B->Z   R     NAND2X1        4  19.3   341   304    3278    (-,-) 
  g62345/Z                          -       A->Z   R     MUX2X1         2  11.0   183   191    3468    (-,-) 
  g61582/Z                          -       A->Z   F     NAND2X1        1   7.2   247    89    3558    (-,-) 
  g61310/Z                          -       C->Z   R     NAND3X1        1   6.8   199   201    3759    (-,-) 
  g60975/Z                          -       A->Z   F     NAND2X1        1   6.9   218    88    3847    (-,-) 
  g60858/Z                          -       A->Z   R     NAND2X1        1  12.8   231   195    4042    (-,-) 
  g60500/Z                          -       B->Z   R     XOR2X1        11  50.8   754   521    4562    (-,-) 
  g60481/Z                          -       A->Z   F     INVX2          6  28.3   304   239    4802    (-,-) 
  g60324__6161/Z                    -       A->Z   R     NOR2X1         6  29.3   454   332    5134    (-,-) 
  g60036__9315/Z                    -       A->Z   F     NAND2X1        1   6.8   150   104    5238    (-,-) 
  g59830__9945/Z                    -       B->Z   R     NAND2X1        1   6.8   150   138    5375    (-,-) 
  g59675__2802/Z                    -       A->Z   F     NAND2X1        1   7.3   101    84    5459    (-,-) 
  g59564__5122/Z                    -       A->Z   R     NAND3X1        1   7.7   198   125    5584    (-,-) 
  g59534/Z                          -       A->Z   F     INVX2          1   7.3    86    73    5657    (-,-) 
  g59481__7482/Z                    -       A->Z   R     NAND3X1        1   7.3   196   116    5773    (-,-) 
  g59440__8428/Z                    -       B->Z   F     NOR2X1         1  12.8   170   141    5914    (-,-) 
  g59379__5477/Z                    -       B->Z   F     XOR2X1         1   6.9    97   185    6099    (-,-) 
  g59357__5526/Z                    -       A->Z   R     NAND2X1        1   7.3   313   111    6210    (-,-) 
  g59342__4733/Z                    -       A->Z   F     NAND3X1        1   6.4   125    91    6301    (-,-) 
  csm_inst_right_reg_reg[14]/D      -       -      F     DFFQSRX1       1     -     -     0    6301    (-,-) 
#------------------------------------------------------------------------------------------------------------



Path 23: MET (1238 ps) Setup Check with Pin csm_inst_right_reg_reg[30]/CLK->D
          Group: C2C
     Startpoint: (R) csm_inst_round_counter_reg[3]/CLK
          Clock: (R) clk
       Endpoint: (F) csm_inst_right_reg_reg[30]/D
          Clock: (R) clk

                     Capture       Launch     
        Clock Edge:+   10000            0     
       Src Latency:+       0            0     
       Net Latency:+       0 (I)        0 (I) 
           Arrival:=   10000            0     
                                              
             Setup:-     463                  
       Uncertainty:-    2000                  
     Required Time:=    7537                  
      Launch Clock:-       0                  
         Data Path:-    6299                  
             Slack:=    1238                  

#------------------------------------------------------------------------------------------------------------
#           Timing Point            Flags    Arc   Edge   Cell     Fanout  Load Trans Delay Arrival Instance 
#                                                                          (fF)  (ps)  (ps)   (ps)  Location 
#------------------------------------------------------------------------------------------------------------
  csm_inst_round_counter_reg[3]/CLK -       -      R     (arrival)    335     -  2000     0       0    (-,-) 
  csm_inst_round_counter_reg[3]/Q   -       CLK->Q R     DFFQSRX1      22  97.2  1424   973     973    (-,-) 
  drc_bufs63778/Z                   -       A->Z   F     INVX4         58 250.0   961   816    1788    (-,-) 
  drc_bufs63776/Z                   -       A->Z   R     INVX2         37 156.4  1213   976    2765    (-,-) 
  g63481/Z                          -       A->Z   F     NAND2X1        3  15.2   343   210    2974    (-,-) 
  g63189/Z                          -       B->Z   R     NAND2X1        4  19.3   341   305    3279    (-,-) 
  g62335/Z                          -       A->Z   R     MUX2X1         2  11.0   187   191    3470    (-,-) 
  g61583/Z                          -       A->Z   F     NAND2X1        1   7.3   163    90    3560    (-,-) 
  g61515/Z                          -       A->Z   R     NAND3X1        1   7.3   193   141    3702    (-,-) 
  g61218/Z                          -       B->Z   F     NOR2X1         1   7.3   130   106    3807    (-,-) 
  g60974/Z                          -       B->Z   R     NOR2X1         1   7.3   215   117    3924    (-,-) 
  g60860/Z                          -       B->Z   F     NOR2X1         1  12.8   170   144    4068    (-,-) 
  g60465/Z                          -       B->Z   R     XOR2X1        10  46.6   694   466    4535    (-,-) 
  g60447/Z                          -       A->Z   F     INVX2          5  29.6   300   240    4774    (-,-) 
  g60420/Z                          -       A->Z   R     NAND2X1        5  25.5   414   327    5101    (-,-) 
  g60381/Z                          -       A->Z   F     INVX2          4  19.9   195   161    5262    (-,-) 
  g60172__7410/Z                    -       A->Z   R     NAND2X1        1   6.8   181   137    5399    (-,-) 
  g59766__1881/Z                    -       B->Z   F     NAND2X1        1   6.9   107    84    5482    (-,-) 
  g59644__6783/Z                    -       A->Z   R     NAND2X1        1   7.3   190   114    5597    (-,-) 
  g59499__3680/Z                    -       A->Z   F     NAND3X1        1   7.2   110    88    5685    (-,-) 
  g59449__7098/Z                    -       A->Z   R     NOR2X1         1   7.3   142   120    5805    (-,-) 
  g59439__4319/Z                    -       A->Z   F     NAND3X1        1  12.8   146   111    5916    (-,-) 
  g59386__6783/Z                    -       B->Z   F     XOR2X1         1   6.9   108   177    6093    (-,-) 
  g59351__5477/Z                    -       A->Z   R     NAND2X1        1   7.3   313   115    6208    (-,-) 
  g59338__6131/Z                    -       A->Z   F     NAND3X1        1   6.4   125    91    6299    (-,-) 
  csm_inst_right_reg_reg[30]/D      -       -      F     DFFQSRX1       1     -     -     0    6299    (-,-) 
#------------------------------------------------------------------------------------------------------------



Path 24: MET (1244 ps) Setup Check with Pin csm_inst_right_reg_reg[31]/CLK->D
          Group: C2C
     Startpoint: (R) csm_inst_round_counter_reg[3]/CLK
          Clock: (R) clk
       Endpoint: (F) csm_inst_right_reg_reg[31]/D
          Clock: (R) clk

                     Capture       Launch     
        Clock Edge:+   10000            0     
       Src Latency:+       0            0     
       Net Latency:+       0 (I)        0 (I) 
           Arrival:=   10000            0     
                                              
             Setup:-     463                  
       Uncertainty:-    2000                  
     Required Time:=    7537                  
      Launch Clock:-       0                  
         Data Path:-    6293                  
             Slack:=    1244                  

#------------------------------------------------------------------------------------------------------------
#           Timing Point            Flags    Arc   Edge   Cell     Fanout  Load Trans Delay Arrival Instance 
#                                                                          (fF)  (ps)  (ps)   (ps)  Location 
#------------------------------------------------------------------------------------------------------------
  csm_inst_round_counter_reg[3]/CLK -       -      R     (arrival)    335     -  2000     0       0    (-,-) 
  csm_inst_round_counter_reg[3]/Q   -       CLK->Q R     DFFQSRX1      22  97.2  1424   973     973    (-,-) 
  drc_bufs63778/Z                   -       A->Z   F     INVX4         58 250.0   961   816    1788    (-,-) 
  drc_bufs63776/Z                   -       A->Z   R     INVX2         37 156.4  1213   976    2765    (-,-) 
  g63487/Z                          -       A->Z   F     NAND2X1        3  15.1   342   209    2973    (-,-) 
  g63084/Z                          -       B->Z   R     NAND2X1        2  11.0   239   231    3204    (-,-) 
  g62646/Z                          -       B->Z   F     NAND2X1        2  11.5   298   116    3320    (-,-) 
  g62079/Z                          -       A->Z   R     NAND2X1        1   7.2   184   166    3486    (-,-) 
  g61863/Z                          -       A->Z   F     NOR2X1         1   7.3   125   122    3608    (-,-) 
  g61339/Z                          -       A->Z   R     NAND3X1        1   6.8   199   125    3733    (-,-) 
  g60962/Z                          -       A->Z   F     NAND2X1        1   6.9   257    88    3821    (-,-) 
  g60844/Z                          -       A->Z   R     NAND2X1        1  12.8   231   206    4028    (-,-) 
  g60504/Z                          -       B->Z   R     XOR2X1        11  51.2   760   524    4551    (-,-) 
  g60485/Z                          -       A->Z   F     INVX2          8  38.4   364   295    4847    (-,-) 
  g60362/Z                          -       A->Z   R     NAND2X1        5  25.5   417   348    5195    (-,-) 
  g60313__1617/Z                    -       A->Z   F     NAND2X1        4  21.2   264   212    5406    (-,-) 
  g59873__1617/Z                    -       B->Z   F     OR2X1          1   7.2    89   153    5559    (-,-) 
  g59551__6417/Z                    -       C->Z   R     NAND3X1        1   7.3   192   154    5713    (-,-) 
  g59417__2802/Z                    -       B->Z   F     NOR2X1         1   7.3   126   106    5818    (-,-) 
  g59394__6131/Z                    -       A->Z   R     NAND3X1        1  12.8   272   175    5994    (-,-) 
  g59367__1881/Z                    -       B->Z   F     XOR2X1         1   6.9   108    94    6088    (-,-) 
  g59348__1666/Z                    -       A->Z   R     NAND2X1        1   7.3   313   115    6202    (-,-) 
  g59316__9945/Z                    -       A->Z   F     NAND3X1        1   6.4   125    91    6293    (-,-) 
  csm_inst_right_reg_reg[31]/D      -       -      F     DFFQSRX1       1     -     -     0    6293    (-,-) 
#------------------------------------------------------------------------------------------------------------



Path 25: MET (1263 ps) Setup Check with Pin csm_inst_right_reg_reg[7]/CLK->D
          Group: C2C
     Startpoint: (R) csm_inst_round_counter_reg[3]/CLK
          Clock: (R) clk
       Endpoint: (F) csm_inst_right_reg_reg[7]/D
          Clock: (R) clk

                     Capture       Launch     
        Clock Edge:+   10000            0     
       Src Latency:+       0            0     
       Net Latency:+       0 (I)        0 (I) 
           Arrival:=   10000            0     
                                              
             Setup:-     463                  
       Uncertainty:-    2000                  
     Required Time:=    7537                  
      Launch Clock:-       0                  
         Data Path:-    6274                  
             Slack:=    1263                  

#------------------------------------------------------------------------------------------------------------
#           Timing Point            Flags    Arc   Edge   Cell     Fanout  Load Trans Delay Arrival Instance 
#                                                                          (fF)  (ps)  (ps)   (ps)  Location 
#------------------------------------------------------------------------------------------------------------
  csm_inst_round_counter_reg[3]/CLK -       -      R     (arrival)    335     -  2000     0       0    (-,-) 
  csm_inst_round_counter_reg[3]/Q   -       CLK->Q R     DFFQSRX1      22  97.2  1424   973     973    (-,-) 
  drc_bufs63778/Z                   -       A->Z   F     INVX4         58 250.0   961   816    1788    (-,-) 
  drc_bufs63776/Z                   -       A->Z   R     INVX2         37 156.4  1213   976    2765    (-,-) 
  g63505/Z                          -       A->Z   F     NAND2X1        3  15.4   346   212    2977    (-,-) 
  g63309/Z                          -       A->Z   R     NAND2X1        3  15.1   283   254    3231    (-,-) 
  g62415/Z                          -       A->Z   R     MUX2X1         2  11.0   183   188    3419    (-,-) 
  g61623/Z                          -       A->Z   F     NAND2X1        1   7.3   159    90    3509    (-,-) 
  g61537/Z                          -       A->Z   R     NAND3X1        1   7.3   211   140    3649    (-,-) 
  g61296/Z                          -       B->Z   R     OR2X1          1   6.8   117   137    3786    (-,-) 
  g60956/Z                          -       A->Z   F     NAND2X1        1   6.9   218    76    3862    (-,-) 
  g60838/Z                          -       A->Z   R     NAND2X1        1  12.8   231   195    4057    (-,-) 
  g60505/Z                          -       B->Z   R     XOR2X1        12  62.6   925   617    4674    (-,-) 
  g60486/Z                          -       A->Z   F     INVX2          6  30.4   344   265    4939    (-,-) 
  g60419/Z                          -       A->Z   R     NOR2X1         7  33.4   511   372    5312    (-,-) 
  g60272__2346/Z                    -       A->Z   F     NAND2X1        1   6.8   158   105    5417    (-,-) 
  g59676__1705/Z                    -       B->Z   F     AND2X1         1   7.3    85   156    5573    (-,-) 
  g59545__9315/Z                    -       B->Z   R     NOR2X1         1   7.2   189   103    5676    (-,-) 
  g59453__7482/Z                    -       A->Z   F     NOR2X1         1   7.3   126   123    5799    (-,-) 
  g59427__6161/Z                    -       A->Z   R     NAND3X1        1  12.8   272   175    5974    (-,-) 
  g59387__3680/Z                    -       B->Z   F     XOR2X1         1   6.9   108    94    6068    (-,-) 
  g59359__3680/Z                    -       A->Z   R     NAND2X1        1   7.3   313   115    6183    (-,-) 
  g59340__5115/Z                    -       A->Z   F     NAND3X1        1   6.4   125    91    6274    (-,-) 
  csm_inst_right_reg_reg[7]/D       -       -      F     DFFQSRX1       1     -     -     0    6274    (-,-) 
#------------------------------------------------------------------------------------------------------------



Path 26: MET (1264 ps) Setup Check with Pin csm_inst_right_reg_reg[3]/CLK->D
          Group: C2C
     Startpoint: (R) csm_inst_round_counter_reg[3]/CLK
          Clock: (R) clk
       Endpoint: (F) csm_inst_right_reg_reg[3]/D
          Clock: (R) clk

                     Capture       Launch     
        Clock Edge:+   10000            0     
       Src Latency:+       0            0     
       Net Latency:+       0 (I)        0 (I) 
           Arrival:=   10000            0     
                                              
             Setup:-     461                  
       Uncertainty:-    2000                  
     Required Time:=    7539                  
      Launch Clock:-       0                  
         Data Path:-    6275                  
             Slack:=    1264                  

#------------------------------------------------------------------------------------------------------------
#           Timing Point            Flags    Arc   Edge   Cell     Fanout  Load Trans Delay Arrival Instance 
#                                                                          (fF)  (ps)  (ps)   (ps)  Location 
#------------------------------------------------------------------------------------------------------------
  csm_inst_round_counter_reg[3]/CLK -       -      R     (arrival)    335     -  2000     0       0    (-,-) 
  csm_inst_round_counter_reg[3]/Q   -       CLK->Q R     DFFQSRX1      22  97.2  1424   973     973    (-,-) 
  drc_bufs63778/Z                   -       A->Z   F     INVX4         58 250.0   961   816    1788    (-,-) 
  drc_bufs63776/Z                   -       A->Z   R     INVX2         37 156.4  1213   976    2765    (-,-) 
  g63501/Z                          -       A->Z   F     NAND2X1        3  15.1   342   209    2973    (-,-) 
  g63124/Z                          -       B->Z   R     NAND2X1        3  15.1   288   268    3242    (-,-) 
  g62426/Z                          -       A->Z   F     NAND2X1        1   6.8   168    94    3336    (-,-) 
  g62195/Z                          -       B->Z   R     NAND2X1        2  11.0   208   178    3514    (-,-) 
  g61633/Z                          -       A->Z   F     NAND2X1        1   6.9   125    89    3603    (-,-) 
  g61472/Z                          -       A->Z   R     NAND2X1        1   7.3   172   120    3723    (-,-) 
  g61307/Z                          -       B->Z   F     NOR2X1         1   7.3   122   102    3825    (-,-) 
  g60948/Z                          -       A->Z   R     NAND3X1        1   6.8   199   124    3949    (-,-) 
  g60782/Z                          -       A->Z   R     AND2X1         1   7.3   133   126    4075    (-,-) 
  g60579/Z                          -       B->Z   F     NOR2X1         1  12.8   172   127    4202    (-,-) 
  g60427/Z                          -       B->Z   R     XOR2X1         7  33.8   508   362    4564    (-,-) 
  g60388/Z                          -       A->Z   F     INVX2          7  34.6   289   242    4807    (-,-) 
  g60214__5122/Z                    -       B->Z   F     AND2X1         5  25.6   254   291    5098    (-,-) 
  g60009__6417/Z                    -       B->Z   R     NOR2X1         6  30.6   471   340    5438    (-,-) 
  g59854__7482/Z                    -       B->Z   R     OR2X1          1   6.8   118   152    5590    (-,-) 
  g59674__1617/Z                    -       A->Z   F     NAND2X1        1   6.9    94    76    5666    (-,-) 
  g59537__8246/Z                    -       A->Z   R     NAND2X1        1   7.2   198   110    5776    (-,-) 
  g59407__5477/Z                    -       C->Z   F     NAND3X1        1  12.8   143   121    5897    (-,-) 
  g59375__2346/Z                    -       B->Z   F     XOR2X1         1   6.9   108   176    6073    (-,-) 
  g59320__7410/Z                    -       A->Z   R     NAND2X1        1   7.3   260   115    6188    (-,-) 
  g59288__8428/Z                    -       A->Z   F     NAND3X1        1   6.4   116    87    6275    (-,-) 
  csm_inst_right_reg_reg[3]/D       -       -      F     DFFQSRX1       1     -     -     0    6275    (-,-) 
#------------------------------------------------------------------------------------------------------------



Path 27: MET (1269 ps) Setup Check with Pin csm_inst_right_reg_reg[23]/CLK->D
          Group: C2C
     Startpoint: (R) csm_inst_round_counter_reg[3]/CLK
          Clock: (R) clk
       Endpoint: (F) csm_inst_right_reg_reg[23]/D
          Clock: (R) clk

                     Capture       Launch     
        Clock Edge:+   10000            0     
       Src Latency:+       0            0     
       Net Latency:+       0 (I)        0 (I) 
           Arrival:=   10000            0     
                                              
             Setup:-     460                  
       Uncertainty:-    2000                  
     Required Time:=    7540                  
      Launch Clock:-       0                  
         Data Path:-    6271                  
             Slack:=    1269                  

#------------------------------------------------------------------------------------------------------------
#           Timing Point            Flags    Arc   Edge   Cell     Fanout  Load Trans Delay Arrival Instance 
#                                                                          (fF)  (ps)  (ps)   (ps)  Location 
#------------------------------------------------------------------------------------------------------------
  csm_inst_round_counter_reg[3]/CLK -       -      R     (arrival)    335     -  2000     0       0    (-,-) 
  csm_inst_round_counter_reg[3]/Q   -       CLK->Q R     DFFQSRX1      22  97.2  1424   973     973    (-,-) 
  drc_bufs63778/Z                   -       A->Z   F     INVX4         58 250.0   961   816    1788    (-,-) 
  drc_bufs63776/Z                   -       A->Z   R     INVX2         37 156.4  1213   976    2765    (-,-) 
  g63481/Z                          -       A->Z   F     NAND2X1        3  15.2   343   210    2974    (-,-) 
  g63189/Z                          -       B->Z   R     NAND2X1        4  19.3   341   305    3279    (-,-) 
  g62335/Z                          -       A->Z   R     MUX2X1         2  11.0   187   191    3470    (-,-) 
  g61695/Z                          -       A->Z   F     NAND2X1        1   7.3   263    90    3560    (-,-) 
  g61530/Z                          -       A->Z   R     NAND3X1        1   7.3   194   169    3729    (-,-) 
  g61227/Z                          -       B->Z   F     NOR2X1         1   7.3   128   106    3835    (-,-) 
  g60968/Z                          -       B->Z   R     NOR2X1         1   7.3   215   116    3951    (-,-) 
  g60847/Z                          -       B->Z   F     NOR2X1         1  12.8   172   144    4096    (-,-) 
  g60466/Z                          -       B->Z   R     XOR2X1        10  49.3   733   489    4585    (-,-) 
  g60448/Z                          -       A->Z   F     INVX2          6  28.9   303   240    4825    (-,-) 
  g60411/Z                          -       B->Z   R     NOR2X1         6  27.5   433   330    5155    (-,-) 
  g60175__2398/Z                    -       A->Z   F     NAND2X1        1   6.8   147   103    5258    (-,-) 
  g59747__1666/Z                    -       B->Z   R     NAND2X1        1   6.8   149   137    5395    (-,-) 
  g59627__4733/Z                    -       A->Z   F     NAND2X1        1   6.8   138    81    5475    (-,-) 
  g59518__6417/Z                    -       B->Z   R     NAND2X1        1   7.2   154   137    5612    (-,-) 
  g59487__2346/Z                    -       A->Z   F     NOR2X1         1   7.3   119   114    5726    (-,-) 
  g59444__1617/Z                    -       A->Z   R     NAND3X1        1  12.8   272   173    5899    (-,-) 
  g59382__6260/Z                    -       B->Z   R     XOR2X1         1   7.3   130   166    6065    (-,-) 
  g59356__8428/Z                    -       B->Z   R     OR2X1          1   7.3   125   132    6197    (-,-) 
  g59346__2883/Z                    -       A->Z   F     NAND3X1        1   6.4   114    73    6271    (-,-) 
  csm_inst_right_reg_reg[23]/D      -       -      F     DFFQSRX1       1     -     -     0    6271    (-,-) 
#------------------------------------------------------------------------------------------------------------



Path 28: MET (1276 ps) Setup Check with Pin csm_inst_right_reg_reg[4]/CLK->D
          Group: C2C
     Startpoint: (R) csm_inst_round_counter_reg[3]/CLK
          Clock: (R) clk
       Endpoint: (F) csm_inst_right_reg_reg[4]/D
          Clock: (R) clk

                     Capture       Launch     
        Clock Edge:+   10000            0     
       Src Latency:+       0            0     
       Net Latency:+       0 (I)        0 (I) 
           Arrival:=   10000            0     
                                              
             Setup:-     463                  
       Uncertainty:-    2000                  
     Required Time:=    7537                  
      Launch Clock:-       0                  
         Data Path:-    6261                  
             Slack:=    1276                  

#------------------------------------------------------------------------------------------------------------
#           Timing Point            Flags    Arc   Edge   Cell     Fanout  Load Trans Delay Arrival Instance 
#                                                                          (fF)  (ps)  (ps)   (ps)  Location 
#------------------------------------------------------------------------------------------------------------
  csm_inst_round_counter_reg[3]/CLK -       -      R     (arrival)    335     -  2000     0       0    (-,-) 
  csm_inst_round_counter_reg[3]/Q   -       CLK->Q R     DFFQSRX1      22  97.2  1424   973     973    (-,-) 
  drc_bufs63778/Z                   -       A->Z   F     INVX4         58 250.0   961   816    1788    (-,-) 
  drc_bufs63776/Z                   -       A->Z   R     INVX2         37 156.4  1213   976    2765    (-,-) 
  g63481/Z                          -       A->Z   F     NAND2X1        3  15.2   343   210    2974    (-,-) 
  g63189/Z                          -       B->Z   R     NAND2X1        4  19.3   341   305    3279    (-,-) 
  g62335/Z                          -       A->Z   R     MUX2X1         2  11.0   187   191    3470    (-,-) 
  g61583/Z                          -       A->Z   F     NAND2X1        1   7.3   163    90    3560    (-,-) 
  g61515/Z                          -       A->Z   R     NAND3X1        1   7.3   193   141    3702    (-,-) 
  g61218/Z                          -       B->Z   F     NOR2X1         1   7.3   130   106    3807    (-,-) 
  g60974/Z                          -       B->Z   R     NOR2X1         1   7.3   215   117    3924    (-,-) 
  g60860/Z                          -       B->Z   F     NOR2X1         1  12.8   170   144    4068    (-,-) 
  g60465/Z                          -       B->Z   R     XOR2X1        10  46.6   694   466    4535    (-,-) 
  g60447/Z                          -       A->Z   F     INVX2          5  29.6   300   240    4774    (-,-) 
  g60420/Z                          -       A->Z   R     NAND2X1        5  25.5   414   327    5101    (-,-) 
  g60381/Z                          -       A->Z   F     INVX2          4  19.9   195   161    5262    (-,-) 
  g60247__6417/Z                    -       A->Z   R     NAND2X1        1   7.2   184   141    5403    (-,-) 
  g59832__2346/Z                    -       A->Z   R     OR2X1          1   7.2   123   163    5566    (-,-) 
  g59553__2398/Z                    -       B->Z   F     NAND3X1        1   7.2   104    83    5649    (-,-) 
  g59437__5107/Z                    -       A->Z   R     NOR2X1         1   7.3   142   119    5768    (-,-) 
  g59410__6260/Z                    -       A->Z   F     NAND3X1        1  12.8   143   111    5879    (-,-) 
  g59374__2883/Z                    -       B->Z   F     XOR2X1         1   6.9   108   176    6055    (-,-) 
  g59321__6417/Z                    -       A->Z   R     NAND2X1        1   7.3   313   115    6170    (-,-) 
  g59303__1617/Z                    -       A->Z   F     NAND3X1        1   6.4   125    91    6261    (-,-) 
  csm_inst_right_reg_reg[4]/D       -       -      F     DFFQSRX1       1     -     -     0    6261    (-,-) 
#------------------------------------------------------------------------------------------------------------



Path 29: MET (1287 ps) Setup Check with Pin csm_inst_right_reg_reg[16]/CLK->D
          Group: C2C
     Startpoint: (R) csm_inst_round_counter_reg[3]/CLK
          Clock: (R) clk
       Endpoint: (F) csm_inst_right_reg_reg[16]/D
          Clock: (R) clk

                     Capture       Launch     
        Clock Edge:+   10000            0     
       Src Latency:+       0            0     
       Net Latency:+       0 (I)        0 (I) 
           Arrival:=   10000            0     
                                              
             Setup:-     463                  
       Uncertainty:-    2000                  
     Required Time:=    7537                  
      Launch Clock:-       0                  
         Data Path:-    6249                  
             Slack:=    1287                  

#------------------------------------------------------------------------------------------------------------
#           Timing Point            Flags    Arc   Edge   Cell     Fanout  Load Trans Delay Arrival Instance 
#                                                                          (fF)  (ps)  (ps)   (ps)  Location 
#------------------------------------------------------------------------------------------------------------
  csm_inst_round_counter_reg[3]/CLK -       -      R     (arrival)    335     -  2000     0       0    (-,-) 
  csm_inst_round_counter_reg[3]/Q   -       CLK->Q R     DFFQSRX1      22  97.2  1424   973     973    (-,-) 
  drc_bufs63778/Z                   -       A->Z   F     INVX4         58 250.0   961   816    1788    (-,-) 
  drc_bufs63776/Z                   -       A->Z   R     INVX2         37 156.4  1213   976    2765    (-,-) 
  g63507/Z                          -       A->Z   F     NAND2X1        3  15.1   342   209    2973    (-,-) 
  g63168/Z                          -       B->Z   R     NAND2X1        4  19.3   341   304    3278    (-,-) 
  g62396/Z                          -       B->Z   R     MUX2X1         2  11.0   183   190    3468    (-,-) 
  g61804/Z                          -       A->Z   F     NAND2X1        1   6.8   242    86    3554    (-,-) 
  g61501/Z                          -       B->Z   R     NAND2X1        1   7.3   172   169    3723    (-,-) 
  g61359/Z                          -       B->Z   F     NOR2X1         1   7.3   126   102    3825    (-,-) 
  g60952/Z                          -       B->Z   R     NOR2X1         1   7.3   242   116    3941    (-,-) 
  g60834/Z                          -       B->Z   F     NOR2X1         1  12.8   172   149    4090    (-,-) 
  g60463/Z                          -       B->Z   R     XOR2X1         5  25.5   388   294    4384    (-,-) 
  g60445/Z                          -       A->Z   F     INVX2          9  43.7   305   260    4644    (-,-) 
  g60363/Z                          -       A->Z   R     NOR2X1         5  24.4   388   292    4937    (-,-) 
  g60326__9945/Z                    -       B->Z   R     OR2X1          4  20.7   317   263    5200    (-,-) 
  g60245/Z                          -       A->Z   F     INVX2          5  30.3   224   191    5391    (-,-) 
  g59777__6417/Z                    -       B->Z   R     NAND2X1        1   6.8   162   160    5551    (-,-) 
  g59581__2398/Z                    -       A->Z   F     NAND2X1        1   7.2   103    85    5636    (-,-) 
  g59566__7098/Z                    -       A->Z   R     NOR2X1         1   7.3   150   119    5755    (-,-) 
  g59441__5526/Z                    -       A->Z   F     NAND3X1        1  12.8   144   112    5867    (-,-) 
  g59388__1617/Z                    -       B->Z   F     XOR2X1         1   6.9   108   177    6044    (-,-) 
  g59355__4319/Z                    -       A->Z   R     NAND2X1        1   7.3   313   115    6159    (-,-) 
  g59343__6161/Z                    -       A->Z   F     NAND3X1        1   6.4   125    91    6249    (-,-) 
  csm_inst_right_reg_reg[16]/D      -       -      F     DFFQSRX1       1     -     -     0    6249    (-,-) 
#------------------------------------------------------------------------------------------------------------



Path 30: MET (1300 ps) Setup Check with Pin csm_inst_right_reg_reg[19]/CLK->D
          Group: C2C
     Startpoint: (R) csm_inst_round_counter_reg[3]/CLK
          Clock: (R) clk
       Endpoint: (F) csm_inst_right_reg_reg[19]/D
          Clock: (R) clk

                     Capture       Launch     
        Clock Edge:+   10000            0     
       Src Latency:+       0            0     
       Net Latency:+       0 (I)        0 (I) 
           Arrival:=   10000            0     
                                              
             Setup:-     463                  
       Uncertainty:-    2000                  
     Required Time:=    7537                  
      Launch Clock:-       0                  
         Data Path:-    6237                  
             Slack:=    1300                  

#------------------------------------------------------------------------------------------------------------
#           Timing Point            Flags    Arc   Edge   Cell     Fanout  Load Trans Delay Arrival Instance 
#                                                                          (fF)  (ps)  (ps)   (ps)  Location 
#------------------------------------------------------------------------------------------------------------
  csm_inst_round_counter_reg[3]/CLK -       -      R     (arrival)    335     -  2000     0       0    (-,-) 
  csm_inst_round_counter_reg[3]/Q   -       CLK->Q R     DFFQSRX1      22  97.2  1424   973     973    (-,-) 
  drc_bufs63778/Z                   -       A->Z   F     INVX4         58 250.0   961   816    1788    (-,-) 
  drc_bufs63776/Z                   -       A->Z   R     INVX2         37 156.4  1213   976    2765    (-,-) 
  g63464/Z                          -       A->Z   F     NAND2X1        3  15.1   342   209    2973    (-,-) 
  g63347/Z                          -       B->Z   R     NAND2X1        4  19.3   341   304    3278    (-,-) 
  g62372/Z                          -       A->Z   R     MUX2X1         2  11.0   183   191    3468    (-,-) 
  g61693/Z                          -       A->Z   F     NAND2X1        1   6.9   258    87    3555    (-,-) 
  g61488/Z                          -       A->Z   R     NAND2X1        1   7.3   162   157    3712    (-,-) 
  g61321/Z                          -       B->Z   F     NOR2X1         1   7.3   131   100    3812    (-,-) 
  g60977/Z                          -       B->Z   R     NOR2X1         1   7.3   215   117    3929    (-,-) 
  g60857/Z                          -       B->Z   F     NOR2X1         1  12.8   172   144    4074    (-,-) 
  g60468/Z                          -       B->Z   R     XOR2X1         7  35.9   539   379    4453    (-,-) 
  g60450/Z                          -       A->Z   F     INVX2          8  40.9   326   273    4726    (-,-) 
  g60322__7482/Z                    -       A->Z   R     NOR2X1         6  27.9   440   324    5051    (-,-) 
  g59990__3680/Z                    -       A->Z   F     NAND2X1        2  12.4   221   151    5201    (-,-) 
  g59815__6783/Z                    -       B->Z   F     OR2X1          1   6.9    86   144    5345    (-,-) 
  g59670__8428/Z                    -       A->Z   R     NAND2X1        1   6.8   150   104    5449    (-,-) 
  g59557__8428/Z                    -       A->Z   F     NAND2X1        1   7.2   167    83    5532    (-,-) 
  g59429__9945/Z                    -       B->Z   R     NAND3X1        1   7.2   191   162    5694    (-,-) 
  g59401__9945/Z                    -       A->Z   F     NOR2X1         1  12.8   170   156    5850    (-,-) 
  g59364__8246/Z                    -       B->Z   F     XOR2X1         1   6.9    97   185    6035    (-,-) 
  g59328__5526/Z                    -       A->Z   R     NAND2X1        1   7.3   313   111    6146    (-,-) 
  g59313__4733/Z                    -       A->Z   F     NAND3X1        1   6.4   125    91    6237    (-,-) 
  csm_inst_right_reg_reg[19]/D      -       -      F     DFFQSRX1       1     -     -     0    6237    (-,-) 
#------------------------------------------------------------------------------------------------------------



Path 31: MET (1300 ps) Setup Check with Pin csm_inst_right_reg_reg[28]/CLK->D
          Group: C2C
     Startpoint: (R) csm_inst_round_counter_reg[3]/CLK
          Clock: (R) clk
       Endpoint: (F) csm_inst_right_reg_reg[28]/D
          Clock: (R) clk

                     Capture       Launch     
        Clock Edge:+   10000            0     
       Src Latency:+       0            0     
       Net Latency:+       0 (I)        0 (I) 
           Arrival:=   10000            0     
                                              
             Setup:-     463                  
       Uncertainty:-    2000                  
     Required Time:=    7537                  
      Launch Clock:-       0                  
         Data Path:-    6237                  
             Slack:=    1300                  

#------------------------------------------------------------------------------------------------------------
#           Timing Point            Flags    Arc   Edge   Cell     Fanout  Load Trans Delay Arrival Instance 
#                                                                          (fF)  (ps)  (ps)   (ps)  Location 
#------------------------------------------------------------------------------------------------------------
  csm_inst_round_counter_reg[3]/CLK -       -      R     (arrival)    335     -  2000     0       0    (-,-) 
  csm_inst_round_counter_reg[3]/Q   -       CLK->Q R     DFFQSRX1      22  97.2  1424   973     973    (-,-) 
  drc_bufs63778/Z                   -       A->Z   F     INVX4         58 250.0   961   816    1788    (-,-) 
  drc_bufs63776/Z                   -       A->Z   R     INVX2         37 156.4  1213   976    2765    (-,-) 
  g63501/Z                          -       A->Z   F     NAND2X1        3  15.1   342   209    2973    (-,-) 
  g63124/Z                          -       B->Z   R     NAND2X1        3  15.1   288   268    3242    (-,-) 
  g62426/Z                          -       A->Z   F     NAND2X1        1   6.8   168    94    3336    (-,-) 
  g62195/Z                          -       B->Z   R     NAND2X1        2  11.0   208   178    3514    (-,-) 
  g61633/Z                          -       A->Z   F     NAND2X1        1   6.9   125    89    3603    (-,-) 
  g61472/Z                          -       A->Z   R     NAND2X1        1   7.3   172   120    3723    (-,-) 
  g61307/Z                          -       B->Z   F     NOR2X1         1   7.3   122   102    3825    (-,-) 
  g60948/Z                          -       A->Z   R     NAND3X1        1   6.8   199   124    3949    (-,-) 
  g60782/Z                          -       A->Z   R     AND2X1         1   7.3   133   126    4075    (-,-) 
  g60579/Z                          -       B->Z   F     NOR2X1         1  12.8   172   127    4202    (-,-) 
  g60427/Z                          -       B->Z   R     XOR2X1         7  33.8   508   362    4564    (-,-) 
  g60388/Z                          -       A->Z   F     INVX2          7  34.6   289   242    4807    (-,-) 
  g60214__5122/Z                    -       B->Z   F     AND2X1         5  25.6   254   291    5098    (-,-) 
  g60009__6417/Z                    -       B->Z   R     NOR2X1         6  30.6   471   340    5438    (-,-) 
  g59824__1881/Z                    -       B->Z   F     NAND2X1        1   6.9   136    95    5533    (-,-) 
  g59671__5526/Z                    -       A->Z   R     NAND2X1        1   6.8   150   119    5652    (-,-) 
  g59539__6131/Z                    -       A->Z   F     NAND2X1        1   7.2   147    84    5736    (-,-) 
  g59442__6783/Z                    -       B->Z   R     NAND3X1        1  12.8   273   201    5937    (-,-) 
  g59391__5122/Z                    -       B->Z   F     XOR2X1         1   6.9   108    94    6031    (-,-) 
  g59350__6417/Z                    -       A->Z   R     NAND2X1        1   7.3   313   115    6146    (-,-) 
  g59337__7098/Z                    -       A->Z   F     NAND3X1        1   6.4   125    91    6237    (-,-) 
  csm_inst_right_reg_reg[28]/D      -       -      F     DFFQSRX1       1     -     -     0    6237    (-,-) 
#------------------------------------------------------------------------------------------------------------



Path 32: MET (1326 ps) Setup Check with Pin csm_inst_right_reg_reg[2]/CLK->D
          Group: C2C
     Startpoint: (R) csm_inst_round_counter_reg[3]/CLK
          Clock: (R) clk
       Endpoint: (F) csm_inst_right_reg_reg[2]/D
          Clock: (R) clk

                     Capture       Launch     
        Clock Edge:+   10000            0     
       Src Latency:+       0            0     
       Net Latency:+       0 (I)        0 (I) 
           Arrival:=   10000            0     
                                              
             Setup:-     461                  
       Uncertainty:-    2000                  
     Required Time:=    7539                  
      Launch Clock:-       0                  
         Data Path:-    6213                  
             Slack:=    1326                  

#------------------------------------------------------------------------------------------------------------
#           Timing Point            Flags    Arc   Edge   Cell     Fanout  Load Trans Delay Arrival Instance 
#                                                                          (fF)  (ps)  (ps)   (ps)  Location 
#------------------------------------------------------------------------------------------------------------
  csm_inst_round_counter_reg[3]/CLK -       -      R     (arrival)    335     -  2000     0       0    (-,-) 
  csm_inst_round_counter_reg[3]/Q   -       CLK->Q R     DFFQSRX1      22  97.2  1424   973     973    (-,-) 
  drc_bufs63778/Z                   -       A->Z   F     INVX4         58 250.0   961   816    1788    (-,-) 
  drc_bufs63776/Z                   -       A->Z   R     INVX2         37 156.4  1213   976    2765    (-,-) 
  g63484/Z                          -       A->Z   F     NAND2X1        3  15.1   342   209    2973    (-,-) 
  g63179/Z                          -       B->Z   R     NAND2X1        4  19.3   341   304    3278    (-,-) 
  g62391/Z                          -       A->Z   R     MUX2X1         2  11.0   187   191    3468    (-,-) 
  g61613/Z                          -       A->Z   F     NAND2X1        1   7.2   261    90    3558    (-,-) 
  g61362/Z                          -       B->Z   R     NAND3X1        1   7.2   210   190    3748    (-,-) 
  g60938/Z                          -       A->Z   F     NOR2X1         1   7.3   130   126    3874    (-,-) 
  g60830/Z                          -       B->Z   R     NOR2X1         1   7.3   215   117    3991    (-,-) 
  g60589/Z                          -       B->Z   F     NOR2X1         1  12.8   172   144    4135    (-,-) 
  g60426/Z                          -       B->Z   R     XOR2X1         5  25.6   390   295    4430    (-,-) 
  g60387/Z                          -       A->Z   F     INVX2         10  47.5   322   274    4704    (-,-) 
  g60309__8428/Z                    -       A->Z   R     NOR2X1         4  20.6   338   264    4969    (-,-) 
  g60237/Z                          -       A->Z   F     INVX2          1   6.8   104    80    5048    (-,-) 
  g60120__9315/Z                    -       B->Z   R     NAND2X1        2  11.9   218   165    5213    (-,-) 
  g59792__7098/Z                    -       A->Z   F     NAND2X1        2  12.0   150   123    5336    (-,-) 
  g59703/Z                          -       A->Z   R     INVX2          1   6.8    86    80    5417    (-,-) 
  g59625__5115/Z                    -       A->Z   F     NAND2X1        1   7.3   127    73    5490    (-,-) 
  g59547__2883/Z                    -       A->Z   R     NAND3X1        1   7.2   191   129    5619    (-,-) 
  g59432__1666/Z                    -       A->Z   F     NOR2X1         1   7.3   126   123    5742    (-,-) 
  g59409__5107/Z                    -       A->Z   R     NAND3X1        1  12.8   272   175    5917    (-,-) 
  g59377__7410/Z                    -       B->Z   F     XOR2X1         1   6.9   108    94    6011    (-,-) 
  g59326__4319/Z                    -       A->Z   R     NAND2X1        1   7.3   260   115    6126    (-,-) 
  g59310__1881/Z                    -       A->Z   F     NAND3X1        1   6.4   116    87    6213    (-,-) 
  csm_inst_right_reg_reg[2]/D       -       -      F     DFFQSRX1       1     -     -     0    6213    (-,-) 
#------------------------------------------------------------------------------------------------------------



Path 33: MET (4718 ps) Setup Check with Pin csm_inst_state_reg[0]/CLK->D
          Group: C2C
     Startpoint: (R) csm_inst_round_counter_reg[3]/CLK
          Clock: (R) clk
       Endpoint: (F) csm_inst_state_reg[0]/D
          Clock: (R) clk

                     Capture       Launch     
        Clock Edge:+   10000            0     
       Src Latency:+       0            0     
       Net Latency:+       0 (I)        0 (I) 
           Arrival:=   10000            0     
                                              
             Setup:-     463                  
       Uncertainty:-    2000                  
     Required Time:=    7537                  
      Launch Clock:-       0                  
         Data Path:-    2819                  
             Slack:=    4718                  

#------------------------------------------------------------------------------------------------------------
#           Timing Point            Flags    Arc   Edge   Cell     Fanout  Load Trans Delay Arrival Instance 
#                                                                          (fF)  (ps)  (ps)   (ps)  Location 
#------------------------------------------------------------------------------------------------------------
  csm_inst_round_counter_reg[3]/CLK -       -      R     (arrival)    335     -  2000     0       0    (-,-) 
  csm_inst_round_counter_reg[3]/Q   -       CLK->Q F     DFFQSRX1      22  99.3   947   723     723    (-,-) 
  drc_bufs63778/Z                   -       A->Z   R     INVX4         58 244.4   965   806    1529    (-,-) 
  drc_bufs63776/Z                   -       A->Z   F     INVX2         37 159.9   991   813    2342    (-,-) 
  g61989/Z                          -       C->Z   R     NAND3X1        1   6.8   314   383    2726    (-,-) 
  g61632/Z                          -       A->Z   F     NAND2X1        1   6.4   124    93    2819    (-,-) 
  csm_inst_state_reg[0]/D           -       -      F     DFFQSRX1       1     -     -     0    2819    (-,-) 
#------------------------------------------------------------------------------------------------------------



Path 34: MET (4790 ps) Setup Check with Pin csm_inst_round_counter_reg[3]/CLK->D
          Group: C2C
     Startpoint: (R) csm_inst_round_counter_reg[3]/CLK
          Clock: (R) clk
       Endpoint: (F) csm_inst_round_counter_reg[3]/D
          Clock: (R) clk

                     Capture       Launch     
        Clock Edge:+   10000            0     
       Src Latency:+       0            0     
       Net Latency:+       0 (I)        0 (I) 
           Arrival:=   10000            0     
                                              
             Setup:-     463                  
       Uncertainty:-    2000                  
     Required Time:=    7537                  
      Launch Clock:-       0                  
         Data Path:-    2748                  
             Slack:=    4790                  

#------------------------------------------------------------------------------------------------------------
#           Timing Point            Flags    Arc   Edge   Cell     Fanout  Load Trans Delay Arrival Instance 
#                                                                          (fF)  (ps)  (ps)   (ps)  Location 
#------------------------------------------------------------------------------------------------------------
  csm_inst_round_counter_reg[3]/CLK -       -      R     (arrival)    335     -  2000     0       0    (-,-) 
  csm_inst_round_counter_reg[3]/Q   -       CLK->Q F     DFFQSRX1      22  99.3   947   723     723    (-,-) 
  drc_bufs63778/Z                   -       A->Z   R     INVX4         58 244.4   965   806    1529    (-,-) 
  drc_bufs63776/Z                   -       A->Z   F     INVX2         37 159.9   991   813    2342    (-,-) 
  g61598/Z                          -       B->Z   R     NAND2X1        1   6.8   279   320    2662    (-,-) 
  g61474/Z                          -       B->Z   F     NAND2X1        1   6.4   124    85    2748    (-,-) 
  csm_inst_round_counter_reg[3]/D   -       -      F     DFFQSRX1       1     -     -     0    2748    (-,-) 
#------------------------------------------------------------------------------------------------------------



Path 35: MET (4846 ps) Setup Check with Pin csm_inst_round_counter_reg[2]/CLK->D
          Group: C2C
     Startpoint: (R) csm_inst_state_reg[1]/CLK
          Clock: (R) clk
       Endpoint: (F) csm_inst_round_counter_reg[2]/D
          Clock: (R) clk

                     Capture       Launch     
        Clock Edge:+   10000            0     
       Src Latency:+       0            0     
       Net Latency:+       0 (I)        0 (I) 
           Arrival:=   10000            0     
                                              
             Setup:-     463                  
       Uncertainty:-    2000                  
     Required Time:=    7537                  
      Launch Clock:-       0                  
         Data Path:-    2692                  
             Slack:=    4846                  

#----------------------------------------------------------------------------------------------------------
#          Timing Point           Flags    Arc   Edge   Cell     Fanout  Load Trans Delay Arrival Instance 
#                                                                        (fF)  (ps)  (ps)   (ps)  Location 
#----------------------------------------------------------------------------------------------------------
  csm_inst_state_reg[1]/CLK       -       -      R     (arrival)    335     -  2000     0       0    (-,-) 
  csm_inst_state_reg[1]/Q         -       CLK->Q F     DFFQSRX1       2  12.4   134   232     232    (-,-) 
  g63588/Z                        -       A->Z   R     INVX2          3  16.3   143   122     354    (-,-) 
  g63444/Z                        -       A->Z   R     OR2X1          4  21.2   324   270     624    (-,-) 
  g63209/Z                        -       B->Z   F     NOR2X1        17  75.3   749   531    1155    (-,-) 
  drc_bufs63745/Z                 -       A->Z   R     INVX2          5  25.9   328   305    1460    (-,-) 
  drc_bufs63742/Z                 -       A->Z   F     INVX2         49 209.3  1215   811    2271    (-,-) 
  g62752/Z                        -       A->Z   R     NAND2X1        1   7.3   300   330    2602    (-,-) 
  g61510/Z                        -       A->Z   F     NAND3X1        1   6.4   123    90    2692    (-,-) 
  csm_inst_round_counter_reg[2]/D -       -      F     DFFQSRX1       1     -     -     0    2692    (-,-) 
#----------------------------------------------------------------------------------------------------------



Path 36: MET (4846 ps) Setup Check with Pin csm_inst_left_reg_reg[29]/CLK->D
          Group: C2C
     Startpoint: (R) csm_inst_state_reg[1]/CLK
          Clock: (R) clk
       Endpoint: (F) csm_inst_left_reg_reg[29]/D
          Clock: (R) clk

                     Capture       Launch     
        Clock Edge:+   10000            0     
       Src Latency:+       0            0     
       Net Latency:+       0 (I)        0 (I) 
           Arrival:=   10000            0     
                                              
             Setup:-     463                  
       Uncertainty:-    2000                  
     Required Time:=    7537                  
      Launch Clock:-       0                  
         Data Path:-    2691                  
             Slack:=    4846                  

#------------------------------------------------------------------------------------------------------
#        Timing Point         Flags    Arc   Edge   Cell     Fanout  Load Trans Delay Arrival Instance 
#                                                                    (fF)  (ps)  (ps)   (ps)  Location 
#------------------------------------------------------------------------------------------------------
  csm_inst_state_reg[1]/CLK   -       -      R     (arrival)    335     -  2000     0       0    (-,-) 
  csm_inst_state_reg[1]/Q     -       CLK->Q F     DFFQSRX1       2  12.4   134   232     232    (-,-) 
  g63588/Z                    -       A->Z   R     INVX2          3  16.3   143   122     354    (-,-) 
  g63444/Z                    -       A->Z   R     OR2X1          4  21.2   324   270     624    (-,-) 
  g63209/Z                    -       B->Z   F     NOR2X1        17  75.3   749   531    1155    (-,-) 
  drc_bufs63745/Z             -       A->Z   R     INVX2          5  25.9   328   305    1460    (-,-) 
  drc_bufs63742/Z             -       A->Z   F     INVX2         49 209.3  1215   811    2271    (-,-) 
  g62571/Z                    -       A->Z   R     NAND2X1        1   7.2   298   329    2600    (-,-) 
  g61814/Z                    -       B->Z   F     NAND3X1        1   6.4   123    92    2691    (-,-) 
  csm_inst_left_reg_reg[29]/D -       -      F     DFFQSRX1       1     -     -     0    2691    (-,-) 
#------------------------------------------------------------------------------------------------------



Path 37: MET (4846 ps) Setup Check with Pin csm_inst_left_reg_reg[26]/CLK->D
          Group: C2C
     Startpoint: (R) csm_inst_state_reg[1]/CLK
          Clock: (R) clk
       Endpoint: (F) csm_inst_left_reg_reg[26]/D
          Clock: (R) clk

                     Capture       Launch     
        Clock Edge:+   10000            0     
       Src Latency:+       0            0     
       Net Latency:+       0 (I)        0 (I) 
           Arrival:=   10000            0     
                                              
             Setup:-     463                  
       Uncertainty:-    2000                  
     Required Time:=    7537                  
      Launch Clock:-       0                  
         Data Path:-    2691                  
             Slack:=    4846                  

#------------------------------------------------------------------------------------------------------
#        Timing Point         Flags    Arc   Edge   Cell     Fanout  Load Trans Delay Arrival Instance 
#                                                                    (fF)  (ps)  (ps)   (ps)  Location 
#------------------------------------------------------------------------------------------------------
  csm_inst_state_reg[1]/CLK   -       -      R     (arrival)    335     -  2000     0       0    (-,-) 
  csm_inst_state_reg[1]/Q     -       CLK->Q F     DFFQSRX1       2  12.4   134   232     232    (-,-) 
  g63588/Z                    -       A->Z   R     INVX2          3  16.3   143   122     354    (-,-) 
  g63444/Z                    -       A->Z   R     OR2X1          4  21.2   324   270     624    (-,-) 
  g63209/Z                    -       B->Z   F     NOR2X1        17  75.3   749   531    1155    (-,-) 
  drc_bufs63745/Z             -       A->Z   R     INVX2          5  25.9   328   305    1460    (-,-) 
  drc_bufs63742/Z             -       A->Z   F     INVX2         49 209.3  1215   811    2271    (-,-) 
  g62978/Z                    -       A->Z   R     NAND2X1        1   7.2   298   329    2600    (-,-) 
  g61912/Z                    -       B->Z   F     NAND3X1        1   6.4   123    92    2691    (-,-) 
  csm_inst_left_reg_reg[26]/D -       -      F     DFFQSRX1       1     -     -     0    2691    (-,-) 
#------------------------------------------------------------------------------------------------------



Path 38: MET (4846 ps) Setup Check with Pin csm_inst_left_reg_reg[23]/CLK->D
          Group: C2C
     Startpoint: (R) csm_inst_state_reg[1]/CLK
          Clock: (R) clk
       Endpoint: (F) csm_inst_left_reg_reg[23]/D
          Clock: (R) clk

                     Capture       Launch     
        Clock Edge:+   10000            0     
       Src Latency:+       0            0     
       Net Latency:+       0 (I)        0 (I) 
           Arrival:=   10000            0     
                                              
             Setup:-     463                  
       Uncertainty:-    2000                  
     Required Time:=    7537                  
      Launch Clock:-       0                  
         Data Path:-    2691                  
             Slack:=    4846                  

#------------------------------------------------------------------------------------------------------
#        Timing Point         Flags    Arc   Edge   Cell     Fanout  Load Trans Delay Arrival Instance 
#                                                                    (fF)  (ps)  (ps)   (ps)  Location 
#------------------------------------------------------------------------------------------------------
  csm_inst_state_reg[1]/CLK   -       -      R     (arrival)    335     -  2000     0       0    (-,-) 
  csm_inst_state_reg[1]/Q     -       CLK->Q F     DFFQSRX1       2  12.4   134   232     232    (-,-) 
  g63588/Z                    -       A->Z   R     INVX2          3  16.3   143   122     354    (-,-) 
  g63444/Z                    -       A->Z   R     OR2X1          4  21.2   324   270     624    (-,-) 
  g63209/Z                    -       B->Z   F     NOR2X1        17  75.3   749   531    1155    (-,-) 
  drc_bufs63745/Z             -       A->Z   R     INVX2          5  25.9   328   305    1460    (-,-) 
  drc_bufs63742/Z             -       A->Z   F     INVX2         49 209.3  1215   811    2271    (-,-) 
  g62831/Z                    -       A->Z   R     NAND2X1        1   7.2   298   329    2600    (-,-) 
  g61902/Z                    -       B->Z   F     NAND3X1        1   6.4   123    92    2691    (-,-) 
  csm_inst_left_reg_reg[23]/D -       -      F     DFFQSRX1       1     -     -     0    2691    (-,-) 
#------------------------------------------------------------------------------------------------------



Path 39: MET (4846 ps) Setup Check with Pin csm_inst_left_reg_reg[21]/CLK->D
          Group: C2C
     Startpoint: (R) csm_inst_state_reg[1]/CLK
          Clock: (R) clk
       Endpoint: (F) csm_inst_left_reg_reg[21]/D
          Clock: (R) clk

                     Capture       Launch     
        Clock Edge:+   10000            0     
       Src Latency:+       0            0     
       Net Latency:+       0 (I)        0 (I) 
           Arrival:=   10000            0     
                                              
             Setup:-     463                  
       Uncertainty:-    2000                  
     Required Time:=    7537                  
      Launch Clock:-       0                  
         Data Path:-    2691                  
             Slack:=    4846                  

#------------------------------------------------------------------------------------------------------
#        Timing Point         Flags    Arc   Edge   Cell     Fanout  Load Trans Delay Arrival Instance 
#                                                                    (fF)  (ps)  (ps)   (ps)  Location 
#------------------------------------------------------------------------------------------------------
  csm_inst_state_reg[1]/CLK   -       -      R     (arrival)    335     -  2000     0       0    (-,-) 
  csm_inst_state_reg[1]/Q     -       CLK->Q F     DFFQSRX1       2  12.4   134   232     232    (-,-) 
  g63588/Z                    -       A->Z   R     INVX2          3  16.3   143   122     354    (-,-) 
  g63444/Z                    -       A->Z   R     OR2X1          4  21.2   324   270     624    (-,-) 
  g63209/Z                    -       B->Z   F     NOR2X1        17  75.3   749   531    1155    (-,-) 
  drc_bufs63745/Z             -       A->Z   R     INVX2          5  25.9   328   305    1460    (-,-) 
  drc_bufs63742/Z             -       A->Z   F     INVX2         49 209.3  1215   811    2271    (-,-) 
  g62837/Z                    -       A->Z   R     NAND2X1        1   7.2   298   329    2600    (-,-) 
  g61897/Z                    -       B->Z   F     NAND3X1        1   6.4   123    92    2691    (-,-) 
  csm_inst_left_reg_reg[21]/D -       -      F     DFFQSRX1       1     -     -     0    2691    (-,-) 
#------------------------------------------------------------------------------------------------------



Path 40: MET (4846 ps) Setup Check with Pin csm_inst_left_reg_reg[20]/CLK->D
          Group: C2C
     Startpoint: (R) csm_inst_state_reg[1]/CLK
          Clock: (R) clk
       Endpoint: (F) csm_inst_left_reg_reg[20]/D
          Clock: (R) clk

                     Capture       Launch     
        Clock Edge:+   10000            0     
       Src Latency:+       0            0     
       Net Latency:+       0 (I)        0 (I) 
           Arrival:=   10000            0     
                                              
             Setup:-     463                  
       Uncertainty:-    2000                  
     Required Time:=    7537                  
      Launch Clock:-       0                  
         Data Path:-    2691                  
             Slack:=    4846                  

#------------------------------------------------------------------------------------------------------
#        Timing Point         Flags    Arc   Edge   Cell     Fanout  Load Trans Delay Arrival Instance 
#                                                                    (fF)  (ps)  (ps)   (ps)  Location 
#------------------------------------------------------------------------------------------------------
  csm_inst_state_reg[1]/CLK   -       -      R     (arrival)    335     -  2000     0       0    (-,-) 
  csm_inst_state_reg[1]/Q     -       CLK->Q F     DFFQSRX1       2  12.4   134   232     232    (-,-) 
  g63588/Z                    -       A->Z   R     INVX2          3  16.3   143   122     354    (-,-) 
  g63444/Z                    -       A->Z   R     OR2X1          4  21.2   324   270     624    (-,-) 
  g63209/Z                    -       B->Z   F     NOR2X1        17  75.3   749   531    1155    (-,-) 
  drc_bufs63745/Z             -       A->Z   R     INVX2          5  25.9   328   305    1460    (-,-) 
  drc_bufs63742/Z             -       A->Z   F     INVX2         49 209.3  1215   811    2271    (-,-) 
  g62906/Z                    -       A->Z   R     NAND2X1        1   7.2   298   329    2600    (-,-) 
  g61896/Z                    -       B->Z   F     NAND3X1        1   6.4   123    92    2691    (-,-) 
  csm_inst_left_reg_reg[20]/D -       -      F     DFFQSRX1       1     -     -     0    2691    (-,-) 
#------------------------------------------------------------------------------------------------------



Path 41: MET (4846 ps) Setup Check with Pin csm_inst_left_reg_reg[18]/CLK->D
          Group: C2C
     Startpoint: (R) csm_inst_state_reg[1]/CLK
          Clock: (R) clk
       Endpoint: (F) csm_inst_left_reg_reg[18]/D
          Clock: (R) clk

                     Capture       Launch     
        Clock Edge:+   10000            0     
       Src Latency:+       0            0     
       Net Latency:+       0 (I)        0 (I) 
           Arrival:=   10000            0     
                                              
             Setup:-     463                  
       Uncertainty:-    2000                  
     Required Time:=    7537                  
      Launch Clock:-       0                  
         Data Path:-    2691                  
             Slack:=    4846                  

#------------------------------------------------------------------------------------------------------
#        Timing Point         Flags    Arc   Edge   Cell     Fanout  Load Trans Delay Arrival Instance 
#                                                                    (fF)  (ps)  (ps)   (ps)  Location 
#------------------------------------------------------------------------------------------------------
  csm_inst_state_reg[1]/CLK   -       -      R     (arrival)    335     -  2000     0       0    (-,-) 
  csm_inst_state_reg[1]/Q     -       CLK->Q F     DFFQSRX1       2  12.4   134   232     232    (-,-) 
  g63588/Z                    -       A->Z   R     INVX2          3  16.3   143   122     354    (-,-) 
  g63444/Z                    -       A->Z   R     OR2X1          4  21.2   324   270     624    (-,-) 
  g63209/Z                    -       B->Z   F     NOR2X1        17  75.3   749   531    1155    (-,-) 
  drc_bufs63745/Z             -       A->Z   R     INVX2          5  25.9   328   305    1460    (-,-) 
  drc_bufs63742/Z             -       A->Z   F     INVX2         49 209.3  1215   811    2271    (-,-) 
  g62794/Z                    -       A->Z   R     NAND2X1        1   7.2   298   329    2600    (-,-) 
  g61888/Z                    -       B->Z   F     NAND3X1        1   6.4   123    92    2691    (-,-) 
  csm_inst_left_reg_reg[18]/D -       -      F     DFFQSRX1       1     -     -     0    2691    (-,-) 
#------------------------------------------------------------------------------------------------------



Path 42: MET (4846 ps) Setup Check with Pin csm_inst_left_reg_reg[17]/CLK->D
          Group: C2C
     Startpoint: (R) csm_inst_state_reg[1]/CLK
          Clock: (R) clk
       Endpoint: (F) csm_inst_left_reg_reg[17]/D
          Clock: (R) clk

                     Capture       Launch     
        Clock Edge:+   10000            0     
       Src Latency:+       0            0     
       Net Latency:+       0 (I)        0 (I) 
           Arrival:=   10000            0     
                                              
             Setup:-     463                  
       Uncertainty:-    2000                  
     Required Time:=    7537                  
      Launch Clock:-       0                  
         Data Path:-    2691                  
             Slack:=    4846                  

#------------------------------------------------------------------------------------------------------
#        Timing Point         Flags    Arc   Edge   Cell     Fanout  Load Trans Delay Arrival Instance 
#                                                                    (fF)  (ps)  (ps)   (ps)  Location 
#------------------------------------------------------------------------------------------------------
  csm_inst_state_reg[1]/CLK   -       -      R     (arrival)    335     -  2000     0       0    (-,-) 
  csm_inst_state_reg[1]/Q     -       CLK->Q F     DFFQSRX1       2  12.4   134   232     232    (-,-) 
  g63588/Z                    -       A->Z   R     INVX2          3  16.3   143   122     354    (-,-) 
  g63444/Z                    -       A->Z   R     OR2X1          4  21.2   324   270     624    (-,-) 
  g63209/Z                    -       B->Z   F     NOR2X1        17  75.3   749   531    1155    (-,-) 
  drc_bufs63745/Z             -       A->Z   R     INVX2          5  25.9   328   305    1460    (-,-) 
  drc_bufs63742/Z             -       A->Z   F     INVX2         49 209.3  1215   811    2271    (-,-) 
  g62881/Z                    -       A->Z   R     NAND2X1        1   7.2   298   329    2600    (-,-) 
  g61883/Z                    -       B->Z   F     NAND3X1        1   6.4   123    92    2691    (-,-) 
  csm_inst_left_reg_reg[17]/D -       -      F     DFFQSRX1       1     -     -     0    2691    (-,-) 
#------------------------------------------------------------------------------------------------------



Path 43: MET (4846 ps) Setup Check with Pin csm_inst_left_reg_reg[16]/CLK->D
          Group: C2C
     Startpoint: (R) csm_inst_state_reg[1]/CLK
          Clock: (R) clk
       Endpoint: (F) csm_inst_left_reg_reg[16]/D
          Clock: (R) clk

                     Capture       Launch     
        Clock Edge:+   10000            0     
       Src Latency:+       0            0     
       Net Latency:+       0 (I)        0 (I) 
           Arrival:=   10000            0     
                                              
             Setup:-     463                  
       Uncertainty:-    2000                  
     Required Time:=    7537                  
      Launch Clock:-       0                  
         Data Path:-    2691                  
             Slack:=    4846                  

#------------------------------------------------------------------------------------------------------
#        Timing Point         Flags    Arc   Edge   Cell     Fanout  Load Trans Delay Arrival Instance 
#                                                                    (fF)  (ps)  (ps)   (ps)  Location 
#------------------------------------------------------------------------------------------------------
  csm_inst_state_reg[1]/CLK   -       -      R     (arrival)    335     -  2000     0       0    (-,-) 
  csm_inst_state_reg[1]/Q     -       CLK->Q F     DFFQSRX1       2  12.4   134   232     232    (-,-) 
  g63588/Z                    -       A->Z   R     INVX2          3  16.3   143   122     354    (-,-) 
  g63444/Z                    -       A->Z   R     OR2X1          4  21.2   324   270     624    (-,-) 
  g63209/Z                    -       B->Z   F     NOR2X1        17  75.3   749   531    1155    (-,-) 
  drc_bufs63745/Z             -       A->Z   R     INVX2          5  25.9   328   305    1460    (-,-) 
  drc_bufs63742/Z             -       A->Z   F     INVX2         49 209.3  1215   811    2271    (-,-) 
  g62868/Z                    -       A->Z   R     NAND2X1        1   7.2   298   329    2600    (-,-) 
  g61874/Z                    -       B->Z   F     NAND3X1        1   6.4   123    92    2691    (-,-) 
  csm_inst_left_reg_reg[16]/D -       -      F     DFFQSRX1       1     -     -     0    2691    (-,-) 
#------------------------------------------------------------------------------------------------------



Path 44: MET (4846 ps) Setup Check with Pin csm_inst_left_reg_reg[15]/CLK->D
          Group: C2C
     Startpoint: (R) csm_inst_state_reg[1]/CLK
          Clock: (R) clk
       Endpoint: (F) csm_inst_left_reg_reg[15]/D
          Clock: (R) clk

                     Capture       Launch     
        Clock Edge:+   10000            0     
       Src Latency:+       0            0     
       Net Latency:+       0 (I)        0 (I) 
           Arrival:=   10000            0     
                                              
             Setup:-     463                  
       Uncertainty:-    2000                  
     Required Time:=    7537                  
      Launch Clock:-       0                  
         Data Path:-    2691                  
             Slack:=    4846                  

#------------------------------------------------------------------------------------------------------
#        Timing Point         Flags    Arc   Edge   Cell     Fanout  Load Trans Delay Arrival Instance 
#                                                                    (fF)  (ps)  (ps)   (ps)  Location 
#------------------------------------------------------------------------------------------------------
  csm_inst_state_reg[1]/CLK   -       -      R     (arrival)    335     -  2000     0       0    (-,-) 
  csm_inst_state_reg[1]/Q     -       CLK->Q F     DFFQSRX1       2  12.4   134   232     232    (-,-) 
  g63588/Z                    -       A->Z   R     INVX2          3  16.3   143   122     354    (-,-) 
  g63444/Z                    -       A->Z   R     OR2X1          4  21.2   324   270     624    (-,-) 
  g63209/Z                    -       B->Z   F     NOR2X1        17  75.3   749   531    1155    (-,-) 
  drc_bufs63745/Z             -       A->Z   R     INVX2          5  25.9   328   305    1460    (-,-) 
  drc_bufs63742/Z             -       A->Z   F     INVX2         49 209.3  1215   811    2271    (-,-) 
  g62917/Z                    -       A->Z   R     NAND2X1        1   7.2   298   329    2600    (-,-) 
  g61869/Z                    -       B->Z   F     NAND3X1        1   6.4   123    92    2691    (-,-) 
  csm_inst_left_reg_reg[15]/D -       -      F     DFFQSRX1       1     -     -     0    2691    (-,-) 
#------------------------------------------------------------------------------------------------------



Path 45: MET (4846 ps) Setup Check with Pin csm_inst_left_reg_reg[14]/CLK->D
          Group: C2C
     Startpoint: (R) csm_inst_state_reg[1]/CLK
          Clock: (R) clk
       Endpoint: (F) csm_inst_left_reg_reg[14]/D
          Clock: (R) clk

                     Capture       Launch     
        Clock Edge:+   10000            0     
       Src Latency:+       0            0     
       Net Latency:+       0 (I)        0 (I) 
           Arrival:=   10000            0     
                                              
             Setup:-     463                  
       Uncertainty:-    2000                  
     Required Time:=    7537                  
      Launch Clock:-       0                  
         Data Path:-    2691                  
             Slack:=    4846                  

#------------------------------------------------------------------------------------------------------
#        Timing Point         Flags    Arc   Edge   Cell     Fanout  Load Trans Delay Arrival Instance 
#                                                                    (fF)  (ps)  (ps)   (ps)  Location 
#------------------------------------------------------------------------------------------------------
  csm_inst_state_reg[1]/CLK   -       -      R     (arrival)    335     -  2000     0       0    (-,-) 
  csm_inst_state_reg[1]/Q     -       CLK->Q F     DFFQSRX1       2  12.4   134   232     232    (-,-) 
  g63588/Z                    -       A->Z   R     INVX2          3  16.3   143   122     354    (-,-) 
  g63444/Z                    -       A->Z   R     OR2X1          4  21.2   324   270     624    (-,-) 
  g63209/Z                    -       B->Z   F     NOR2X1        17  75.3   749   531    1155    (-,-) 
  drc_bufs63745/Z             -       A->Z   R     INVX2          5  25.9   328   305    1460    (-,-) 
  drc_bufs63742/Z             -       A->Z   F     INVX2         49 209.3  1215   811    2271    (-,-) 
  g62592/Z                    -       A->Z   R     NAND2X1        1   7.2   298   329    2600    (-,-) 
  g61864/Z                    -       B->Z   F     NAND3X1        1   6.4   123    92    2691    (-,-) 
  csm_inst_left_reg_reg[14]/D -       -      F     DFFQSRX1       1     -     -     0    2691    (-,-) 
#------------------------------------------------------------------------------------------------------



Path 46: MET (4846 ps) Setup Check with Pin csm_inst_left_reg_reg[13]/CLK->D
          Group: C2C
     Startpoint: (R) csm_inst_state_reg[1]/CLK
          Clock: (R) clk
       Endpoint: (F) csm_inst_left_reg_reg[13]/D
          Clock: (R) clk

                     Capture       Launch     
        Clock Edge:+   10000            0     
       Src Latency:+       0            0     
       Net Latency:+       0 (I)        0 (I) 
           Arrival:=   10000            0     
                                              
             Setup:-     463                  
       Uncertainty:-    2000                  
     Required Time:=    7537                  
      Launch Clock:-       0                  
         Data Path:-    2691                  
             Slack:=    4846                  

#------------------------------------------------------------------------------------------------------
#        Timing Point         Flags    Arc   Edge   Cell     Fanout  Load Trans Delay Arrival Instance 
#                                                                    (fF)  (ps)  (ps)   (ps)  Location 
#------------------------------------------------------------------------------------------------------
  csm_inst_state_reg[1]/CLK   -       -      R     (arrival)    335     -  2000     0       0    (-,-) 
  csm_inst_state_reg[1]/Q     -       CLK->Q F     DFFQSRX1       2  12.4   134   232     232    (-,-) 
  g63588/Z                    -       A->Z   R     INVX2          3  16.3   143   122     354    (-,-) 
  g63444/Z                    -       A->Z   R     OR2X1          4  21.2   324   270     624    (-,-) 
  g63209/Z                    -       B->Z   F     NOR2X1        17  75.3   749   531    1155    (-,-) 
  drc_bufs63745/Z             -       A->Z   R     INVX2          5  25.9   328   305    1460    (-,-) 
  drc_bufs63742/Z             -       A->Z   F     INVX2         49 209.3  1215   811    2271    (-,-) 
  g62460/Z                    -       A->Z   R     NAND2X1        1   7.2   298   329    2600    (-,-) 
  g61865/Z                    -       B->Z   F     NAND3X1        1   6.4   123    92    2691    (-,-) 
  csm_inst_left_reg_reg[13]/D -       -      F     DFFQSRX1       1     -     -     0    2691    (-,-) 
#------------------------------------------------------------------------------------------------------



Path 47: MET (4846 ps) Setup Check with Pin csm_inst_left_reg_reg[12]/CLK->D
          Group: C2C
     Startpoint: (R) csm_inst_state_reg[1]/CLK
          Clock: (R) clk
       Endpoint: (F) csm_inst_left_reg_reg[12]/D
          Clock: (R) clk

                     Capture       Launch     
        Clock Edge:+   10000            0     
       Src Latency:+       0            0     
       Net Latency:+       0 (I)        0 (I) 
           Arrival:=   10000            0     
                                              
             Setup:-     463                  
       Uncertainty:-    2000                  
     Required Time:=    7537                  
      Launch Clock:-       0                  
         Data Path:-    2691                  
             Slack:=    4846                  

#------------------------------------------------------------------------------------------------------
#        Timing Point         Flags    Arc   Edge   Cell     Fanout  Load Trans Delay Arrival Instance 
#                                                                    (fF)  (ps)  (ps)   (ps)  Location 
#------------------------------------------------------------------------------------------------------
  csm_inst_state_reg[1]/CLK   -       -      R     (arrival)    335     -  2000     0       0    (-,-) 
  csm_inst_state_reg[1]/Q     -       CLK->Q F     DFFQSRX1       2  12.4   134   232     232    (-,-) 
  g63588/Z                    -       A->Z   R     INVX2          3  16.3   143   122     354    (-,-) 
  g63444/Z                    -       A->Z   R     OR2X1          4  21.2   324   270     624    (-,-) 
  g63209/Z                    -       B->Z   F     NOR2X1        17  75.3   749   531    1155    (-,-) 
  drc_bufs63745/Z             -       A->Z   R     INVX2          5  25.9   328   305    1460    (-,-) 
  drc_bufs63742/Z             -       A->Z   F     INVX2         49 209.3  1215   811    2271    (-,-) 
  g62553/Z                    -       A->Z   R     NAND2X1        1   7.2   298   329    2600    (-,-) 
  g61862/Z                    -       B->Z   F     NAND3X1        1   6.4   123    92    2691    (-,-) 
  csm_inst_left_reg_reg[12]/D -       -      F     DFFQSRX1       1     -     -     0    2691    (-,-) 
#------------------------------------------------------------------------------------------------------



Path 48: MET (4846 ps) Setup Check with Pin csm_inst_left_reg_reg[10]/CLK->D
          Group: C2C
     Startpoint: (R) csm_inst_state_reg[1]/CLK
          Clock: (R) clk
       Endpoint: (F) csm_inst_left_reg_reg[10]/D
          Clock: (R) clk

                     Capture       Launch     
        Clock Edge:+   10000            0     
       Src Latency:+       0            0     
       Net Latency:+       0 (I)        0 (I) 
           Arrival:=   10000            0     
                                              
             Setup:-     463                  
       Uncertainty:-    2000                  
     Required Time:=    7537                  
      Launch Clock:-       0                  
         Data Path:-    2691                  
             Slack:=    4846                  

#------------------------------------------------------------------------------------------------------
#        Timing Point         Flags    Arc   Edge   Cell     Fanout  Load Trans Delay Arrival Instance 
#                                                                    (fF)  (ps)  (ps)   (ps)  Location 
#------------------------------------------------------------------------------------------------------
  csm_inst_state_reg[1]/CLK   -       -      R     (arrival)    335     -  2000     0       0    (-,-) 
  csm_inst_state_reg[1]/Q     -       CLK->Q F     DFFQSRX1       2  12.4   134   232     232    (-,-) 
  g63588/Z                    -       A->Z   R     INVX2          3  16.3   143   122     354    (-,-) 
  g63444/Z                    -       A->Z   R     OR2X1          4  21.2   324   270     624    (-,-) 
  g63209/Z                    -       B->Z   F     NOR2X1        17  75.3   749   531    1155    (-,-) 
  drc_bufs63745/Z             -       A->Z   R     INVX2          5  25.9   328   305    1460    (-,-) 
  drc_bufs63742/Z             -       A->Z   F     INVX2         49 209.3  1215   811    2271    (-,-) 
  g62569/Z                    -       A->Z   R     NAND2X1        1   7.2   298   329    2600    (-,-) 
  g61849/Z                    -       B->Z   F     NAND3X1        1   6.4   123    92    2691    (-,-) 
  csm_inst_left_reg_reg[10]/D -       -      F     DFFQSRX1       1     -     -     0    2691    (-,-) 
#------------------------------------------------------------------------------------------------------



Path 49: MET (4846 ps) Setup Check with Pin csm_inst_left_reg_reg[9]/CLK->D
          Group: C2C
     Startpoint: (R) csm_inst_state_reg[1]/CLK
          Clock: (R) clk
       Endpoint: (F) csm_inst_left_reg_reg[9]/D
          Clock: (R) clk

                     Capture       Launch     
        Clock Edge:+   10000            0     
       Src Latency:+       0            0     
       Net Latency:+       0 (I)        0 (I) 
           Arrival:=   10000            0     
                                              
             Setup:-     463                  
       Uncertainty:-    2000                  
     Required Time:=    7537                  
      Launch Clock:-       0                  
         Data Path:-    2691                  
             Slack:=    4846                  

#-----------------------------------------------------------------------------------------------------
#       Timing Point         Flags    Arc   Edge   Cell     Fanout  Load Trans Delay Arrival Instance 
#                                                                   (fF)  (ps)  (ps)   (ps)  Location 
#-----------------------------------------------------------------------------------------------------
  csm_inst_state_reg[1]/CLK  -       -      R     (arrival)    335     -  2000     0       0    (-,-) 
  csm_inst_state_reg[1]/Q    -       CLK->Q F     DFFQSRX1       2  12.4   134   232     232    (-,-) 
  g63588/Z                   -       A->Z   R     INVX2          3  16.3   143   122     354    (-,-) 
  g63444/Z                   -       A->Z   R     OR2X1          4  21.2   324   270     624    (-,-) 
  g63209/Z                   -       B->Z   F     NOR2X1        17  75.3   749   531    1155    (-,-) 
  drc_bufs63745/Z            -       A->Z   R     INVX2          5  25.9   328   305    1460    (-,-) 
  drc_bufs63742/Z            -       A->Z   F     INVX2         49 209.3  1215   811    2271    (-,-) 
  g62763/Z                   -       A->Z   R     NAND2X1        1   7.2   298   329    2600    (-,-) 
  g61844/Z                   -       B->Z   F     NAND3X1        1   6.4   123    92    2691    (-,-) 
  csm_inst_left_reg_reg[9]/D -       -      F     DFFQSRX1       1     -     -     0    2691    (-,-) 
#-----------------------------------------------------------------------------------------------------



Path 50: MET (4846 ps) Setup Check with Pin csm_inst_left_reg_reg[8]/CLK->D
          Group: C2C
     Startpoint: (R) csm_inst_state_reg[1]/CLK
          Clock: (R) clk
       Endpoint: (F) csm_inst_left_reg_reg[8]/D
          Clock: (R) clk

                     Capture       Launch     
        Clock Edge:+   10000            0     
       Src Latency:+       0            0     
       Net Latency:+       0 (I)        0 (I) 
           Arrival:=   10000            0     
                                              
             Setup:-     463                  
       Uncertainty:-    2000                  
     Required Time:=    7537                  
      Launch Clock:-       0                  
         Data Path:-    2691                  
             Slack:=    4846                  

#-----------------------------------------------------------------------------------------------------
#       Timing Point         Flags    Arc   Edge   Cell     Fanout  Load Trans Delay Arrival Instance 
#                                                                   (fF)  (ps)  (ps)   (ps)  Location 
#-----------------------------------------------------------------------------------------------------
  csm_inst_state_reg[1]/CLK  -       -      R     (arrival)    335     -  2000     0       0    (-,-) 
  csm_inst_state_reg[1]/Q    -       CLK->Q F     DFFQSRX1       2  12.4   134   232     232    (-,-) 
  g63588/Z                   -       A->Z   R     INVX2          3  16.3   143   122     354    (-,-) 
  g63444/Z                   -       A->Z   R     OR2X1          4  21.2   324   270     624    (-,-) 
  g63209/Z                   -       B->Z   F     NOR2X1        17  75.3   749   531    1155    (-,-) 
  drc_bufs63745/Z            -       A->Z   R     INVX2          5  25.9   328   305    1460    (-,-) 
  drc_bufs63742/Z            -       A->Z   F     INVX2         49 209.3  1215   811    2271    (-,-) 
  g62475/Z                   -       A->Z   R     NAND2X1        1   7.2   298   329    2600    (-,-) 
  g61895/Z                   -       B->Z   F     NAND3X1        1   6.4   123    92    2691    (-,-) 
  csm_inst_left_reg_reg[8]/D -       -      F     DFFQSRX1       1     -     -     0    2691    (-,-) 
#-----------------------------------------------------------------------------------------------------

