============================================================
  Generated by:           Genus(TM) Synthesis Solution 21.15-s080_1
  Generated on:           Nov 30 2025  05:29:08 pm
  Module:                 TopModule
  Operating conditions:   PVT_1P8V_25C 
  Interconnect mode:      global
  Area mode:              timing library
============================================================


Path 1: MET (3651 ps) Setup Check with Pin csm_inst_right_reg_reg[10]/clk->d
          Group: C2C
     Startpoint: (R) csm_inst_round_counter_reg[0]/clk
          Clock: (R) clk
       Endpoint: (R) csm_inst_right_reg_reg[10]/d
          Clock: (R) clk

                     Capture       Launch     
        Clock Edge:+   10000            0     
       Src Latency:+       0            0     
       Net Latency:+       0 (I)        0 (I) 
           Arrival:=   10000            0     
                                              
             Setup:-      75                  
       Uncertainty:-    2000                  
     Required Time:=    7925                  
      Launch Clock:-       0                  
         Data Path:-    4274                  
             Slack:=    3651                  

#--------------------------------------------------------------------------------------------------------------------------
#             Timing Point               Flags    Arc    Edge       Cell         Fanout  Load Trans Delay Arrival Instance 
#                                                                                        (fF)  (ps)  (ps)   (ps)  Location 
#--------------------------------------------------------------------------------------------------------------------------
  csm_inst_round_counter_reg[0]/clk      -       -       R     (arrival)            335     -  2000     0       0    (-,-) 
  csm_inst_round_counter_reg[0]/q        (u)     clk->q  F     unmapped_d_flop      176 704.0     0   607     607    (-,-) 
  g22476/z                               (u)     in_1->z F     unmapped_or2           9  36.0     0   252     859    (-,-) 
  g22437/z                               (u)     in_1->z F     unmapped_or2          36 144.0     0   324    1184    (-,-) 
  g22714/z                               (u)     in_1->z F     unmapped_complex2      2   8.0     0   166    1350    (-,-) 
  g21437/z                               (u)     in_1->z R     unmapped_nand2         1   4.0     0   122    1472    (-,-) 
  g20679/z                               (u)     in_0->z R     unmapped_or2           1   4.0     0   122    1594    (-,-) 
  g20638/z                               (u)     in_1->z R     unmapped_or2           1   4.0     0   122    1716    (-,-) 
  g20508/z                               (u)     in_0->z F     unmapped_nand2         1   4.0     0   122    1838    (-,-) 
  g23147/z                               (u)     in_0->z R     unmapped_complex2      2   8.0     0   166    2004    (-,-) 
  g23224/z                               (u)     in_0->z F     unmapped_complex2      1   4.0     0   122    2126    (-,-) 
  g20339/z                               (u)     in_1->z R     unmapped_nand2        15  60.0     0   280    2407    (-,-) 
  csm_inst_f_inst_sbox_inst_sbox7_g604/z (u)     in_0->z F     unmapped_nand2         6  24.0     0   233    2640    (-,-) 
  csm_inst_f_inst_sbox_inst_sbox7_g574/z (u)     in_0->z R     unmapped_nand2        10  40.0     0   257    2897    (-,-) 
  csm_inst_f_inst_sbox_inst_sbox7_g544/z (u)     in_1->z F     unmapped_nand2         3  12.0     0   189    3086    (-,-) 
  csm_inst_f_inst_sbox_inst_sbox7_g519/z (u)     in_0->z R     unmapped_nand2         2   8.0     0   166    3252    (-,-) 
  csm_inst_f_inst_sbox_inst_sbox7_g493/z (u)     in_1->z R     unmapped_or2           1   4.0     0   122    3374    (-,-) 
  csm_inst_f_inst_sbox_inst_sbox7_g483/z (u)     in_1->z F     unmapped_nand2         1   4.0     0   122    3497    (-,-) 
  csm_inst_f_inst_sbox_inst_sbox7_g472/z (u)     in_1->z F     unmapped_complex2      1   4.0     0   122    3619    (-,-) 
  csm_inst_f_inst_sbox_inst_sbox7_g466/z (u)     in_1->z F     unmapped_or2           2   8.0     0   166    3785    (-,-) 
  g5836/z                                (u)     in_1->z F     unmapped_complex2      1   4.0     0   122    3907    (-,-) 
  g5837/z                                (u)     in_1->z R     unmapped_nand2         1   4.0     0   122    4029    (-,-) 
  g5821/z                                (u)     in_1->z F     unmapped_complex2      1   4.0     0   122    4151    (-,-) 
  g5809/z                                (u)     in_1->z R     unmapped_complex2      1   4.0     0   122    4274    (-,-) 
  csm_inst_right_reg_reg[10]/d           -       -       R     unmapped_d_flop        1     -     -     0    4274    (-,-) 
#--------------------------------------------------------------------------------------------------------------------------

(u) : Net has unmapped pin(s).



Path 2: MET (3718 ps) Setup Check with Pin csm_inst_right_reg_reg[8]/clk->d
          Group: C2C
     Startpoint: (R) csm_inst_round_counter_reg[3]/clk
          Clock: (R) clk
       Endpoint: (R) csm_inst_right_reg_reg[8]/d
          Clock: (R) clk

                     Capture       Launch     
        Clock Edge:+   10000            0     
       Src Latency:+       0            0     
       Net Latency:+       0 (I)        0 (I) 
           Arrival:=   10000            0     
                                              
             Setup:-      75                  
       Uncertainty:-    2000                  
     Required Time:=    7925                  
      Launch Clock:-       0                  
         Data Path:-    4206                  
             Slack:=    3718                  

#--------------------------------------------------------------------------------------------------------------------------
#             Timing Point               Flags    Arc    Edge       Cell         Fanout  Load Trans Delay Arrival Instance 
#                                                                                        (fF)  (ps)  (ps)   (ps)  Location 
#--------------------------------------------------------------------------------------------------------------------------
  csm_inst_round_counter_reg[3]/clk      -       -       R     (arrival)            335     -  2000     0       0    (-,-) 
  csm_inst_round_counter_reg[3]/q        (u)     clk->q  R     unmapped_d_flop      115 460.0     0   546     546    (-,-) 
  g22599/z                               (u)     in_0->z F     unmapped_nand2         3  12.0     0   189     735    (-,-) 
  g22420/z                               (u)     in_1->z R     unmapped_nand2         4  16.0     0   211     947    (-,-) 
  g21925/z                               (u)     in_0->z F     unmapped_complex2      1   4.0     0   122    1069    (-,-) 
  g21147/z                               (u)     in_0->z R     unmapped_nand2         2   8.0     0   166    1235    (-,-) 
  g23035/z                               (u)     in_0->z F     unmapped_complex2      1   4.0     0   122    1357    (-,-) 
  g20851/z                               (u)     in_1->z R     unmapped_nand2         1   4.0     0   122    1479    (-,-) 
  g20733/z                               (u)     in_1->z R     unmapped_or2           1   4.0     0   122    1601    (-,-) 
  g20563/z                               (u)     in_1->z R     unmapped_or2           1   4.0     0   122    1724    (-,-) 
  g20520/z                               (u)     in_0->z F     unmapped_nand2         1   4.0     0   122    1846    (-,-) 
  g23164/z                               (u)     in_0->z R     unmapped_complex2      2   8.0     0   166    2012    (-,-) 
  g23258/z                               (u)     in_0->z F     unmapped_complex2      1   4.0     0   122    2134    (-,-) 
  g20402/z                               (u)     in_1->z R     unmapped_nand2        13  52.0     0   271    2405    (-,-) 
  csm_inst_f_inst_sbox_inst_sbox3_g510/z (u)     in_1->z R     unmapped_or2           1   4.0     0   122    2527    (-,-) 
  csm_inst_f_inst_sbox_inst_sbox3_g511/z (u)     in_1->z F     unmapped_nand2         8  32.0     0   248    2775    (-,-) 
  csm_inst_f_inst_sbox_inst_sbox3_g469/z (u)     in_1->z F     unmapped_or2           2   8.0     0   166    2941    (-,-) 
  csm_inst_f_inst_sbox_inst_sbox3_g450/z (u)     in_0->z F     unmapped_or2           1   4.0     0   122    3063    (-,-) 
  csm_inst_f_inst_sbox_inst_sbox3_g418/z (u)     in_0->z R     unmapped_nand2         1   4.0     0   122    3185    (-,-) 
  csm_inst_f_inst_sbox_inst_sbox3_g397/z (u)     in_0->z F     unmapped_nand2         1   4.0     0   122    3307    (-,-) 
  csm_inst_f_inst_sbox_inst_sbox3_g393/z (u)     in_0->z R     unmapped_nand2         1   4.0     0   122    3429    (-,-) 
  csm_inst_f_inst_sbox_inst_sbox3_g384/z (u)     in_1->z R     unmapped_or2           1   4.0     0   122    3552    (-,-) 
  csm_inst_f_inst_sbox_inst_sbox3_g520/z (u)     in_1->z F     unmapped_nor2          2   8.0     0   166    3718    (-,-) 
  g5802/z                                (u)     in_1->z F     unmapped_complex2      1   4.0     0   122    3840    (-,-) 
  g5803/z                                (u)     in_1->z R     unmapped_nand2         1   4.0     0   122    3962    (-,-) 
  g5787/z                                (u)     in_1->z F     unmapped_complex2      1   4.0     0   122    4084    (-,-) 
  g5775/z                                (u)     in_1->z R     unmapped_complex2      1   4.0     0   122    4206    (-,-) 
  csm_inst_right_reg_reg[8]/d            -       -       R     unmapped_d_flop        1     -     -     0    4206    (-,-) 
#--------------------------------------------------------------------------------------------------------------------------

(u) : Net has unmapped pin(s).



Path 3: MET (3773 ps) Setup Check with Pin csm_inst_right_reg_reg[20]/clk->d
          Group: C2C
     Startpoint: (R) csm_inst_round_counter_reg[0]/clk
          Clock: (R) clk
       Endpoint: (R) csm_inst_right_reg_reg[20]/d
          Clock: (R) clk

                     Capture       Launch     
        Clock Edge:+   10000            0     
       Src Latency:+       0            0     
       Net Latency:+       0 (I)        0 (I) 
           Arrival:=   10000            0     
                                              
             Setup:-      75                  
       Uncertainty:-    2000                  
     Required Time:=    7925                  
      Launch Clock:-       0                  
         Data Path:-    4151                  
             Slack:=    3773                  

#--------------------------------------------------------------------------------------------------------------------------
#             Timing Point               Flags    Arc    Edge       Cell         Fanout  Load Trans Delay Arrival Instance 
#                                                                                        (fF)  (ps)  (ps)   (ps)  Location 
#--------------------------------------------------------------------------------------------------------------------------
  csm_inst_round_counter_reg[0]/clk      -       -       R     (arrival)            335     -  2000     0       0    (-,-) 
  csm_inst_round_counter_reg[0]/q        (u)     clk->q  R     unmapped_d_flop      176 704.0     0   607     607    (-,-) 
  g22476/z                               (u)     in_1->z R     unmapped_or2           9  36.0     0   252     859    (-,-) 
  g22437/z                               (u)     in_1->z R     unmapped_or2          36 144.0     0   324    1184    (-,-) 
  g22714/z                               (u)     in_1->z R     unmapped_complex2      2   8.0     0   166    1350    (-,-) 
  g21437/z                               (u)     in_1->z F     unmapped_nand2         1   4.0     0   122    1472    (-,-) 
  g20679/z                               (u)     in_0->z F     unmapped_or2           1   4.0     0   122    1594    (-,-) 
  g20638/z                               (u)     in_1->z F     unmapped_or2           1   4.0     0   122    1716    (-,-) 
  g20508/z                               (u)     in_0->z R     unmapped_nand2         1   4.0     0   122    1838    (-,-) 
  g23147/z                               (u)     in_0->z F     unmapped_complex2      2   8.0     0   166    2004    (-,-) 
  g23224/z                               (u)     in_0->z R     unmapped_complex2      1   4.0     0   122    2126    (-,-) 
  g20339/z                               (u)     in_1->z F     unmapped_nand2        15  60.0     0   280    2407    (-,-) 
  csm_inst_f_inst_sbox_inst_sbox7_g604/z (u)     in_0->z R     unmapped_nand2         6  24.0     0   233    2640    (-,-) 
  csm_inst_f_inst_sbox_inst_sbox7_g574/z (u)     in_0->z F     unmapped_nand2        10  40.0     0   257    2897    (-,-) 
  csm_inst_f_inst_sbox_inst_sbox7_g544/z (u)     in_1->z R     unmapped_nand2         3  12.0     0   189    3086    (-,-) 
  csm_inst_f_inst_sbox_inst_sbox7_g519/z (u)     in_0->z F     unmapped_nand2         2   8.0     0   166    3252    (-,-) 
  csm_inst_f_inst_sbox_inst_sbox7_g494/z (u)     in_0->z R     unmapped_complex2      1   4.0     0   122    3374    (-,-) 
  csm_inst_f_inst_sbox_inst_sbox7_g482/z (u)     in_0->z F     unmapped_nand2         1   4.0     0   122    3497    (-,-) 
  csm_inst_f_inst_sbox_inst_sbox7_g469/z (u)     in_1->z F     unmapped_or2           2   8.0     0   166    3663    (-,-) 
  g5830/z                                (u)     in_1->z F     unmapped_complex2      1   4.0     0   122    3785    (-,-) 
  g5831/z                                (u)     in_1->z R     unmapped_nand2         1   4.0     0   122    3907    (-,-) 
  g5816/z                                (u)     in_1->z F     unmapped_complex2      1   4.0     0   122    4029    (-,-) 
  g5808/z                                (u)     in_1->z R     unmapped_complex2      1   4.0     0   122    4151    (-,-) 
  csm_inst_right_reg_reg[20]/d           -       -       R     unmapped_d_flop        1     -     -     0    4151    (-,-) 
#--------------------------------------------------------------------------------------------------------------------------

(u) : Net has unmapped pin(s).



Path 4: MET (3779 ps) Setup Check with Pin csm_inst_right_reg_reg[6]/clk->d
          Group: C2C
     Startpoint: (R) csm_inst_round_counter_reg[0]/clk
          Clock: (R) clk
       Endpoint: (R) csm_inst_right_reg_reg[6]/d
          Clock: (R) clk

                     Capture       Launch     
        Clock Edge:+   10000            0     
       Src Latency:+       0            0     
       Net Latency:+       0 (I)        0 (I) 
           Arrival:=   10000            0     
                                              
             Setup:-      75                  
       Uncertainty:-    2000                  
     Required Time:=    7925                  
      Launch Clock:-       0                  
         Data Path:-    4146                  
             Slack:=    3779                  

#---------------------------------------------------------------------------------------------------------------------------
#              Timing Point               Flags    Arc    Edge       Cell         Fanout  Load Trans Delay Arrival Instance 
#                                                                                         (fF)  (ps)  (ps)   (ps)  Location 
#---------------------------------------------------------------------------------------------------------------------------
  csm_inst_round_counter_reg[0]/clk       -       -       R     (arrival)            335     -  2000     0       0    (-,-) 
  csm_inst_round_counter_reg[0]/q         (u)     clk->q  F     unmapped_d_flop      176 704.0     0   607     607    (-,-) 
  g22476/z                                (u)     in_1->z F     unmapped_or2           9  36.0     0   252     859    (-,-) 
  g22437/z                                (u)     in_1->z F     unmapped_or2          36 144.0     0   324    1184    (-,-) 
  g22655/z                                (u)     in_0->z F     unmapped_complex2      2   8.0     0   166    1350    (-,-) 
  g21443/z                                (u)     in_0->z R     unmapped_nand2         1   4.0     0   122    1472    (-,-) 
  g20962/z                                (u)     in_0->z R     unmapped_or2           1   4.0     0   122    1594    (-,-) 
  g20676/z                                (u)     in_1->z R     unmapped_or2           1   4.0     0   122    1716    (-,-) 
  g20612/z                                (u)     in_0->z F     unmapped_complex2      1   4.0     0   122    1838    (-,-) 
  g20539/z                                (u)     in_1->z R     unmapped_complex2      2   8.0     0   166    2004    (-,-) 
  g23188/z                                (u)     in_0->z F     unmapped_complex2      1   4.0     0   122    2126    (-,-) 
  g20446/z                                (u)     in_1->z R     unmapped_nand2        11  44.0     0   262    2388    (-,-) 
  csm_inst_f_inst_sbox_inst_sbox4_g74/z   (u)     in_1->z R     unmapped_or2           8  32.0     0   248    2636    (-,-) 
  csm_inst_f_inst_sbox_inst_sbox4_g1197/z (u)     in_1->z R     unmapped_complex2      1   4.0     0   122    2758    (-,-) 
  csm_inst_f_inst_sbox_inst_sbox4_g1167/z (u)     in_1->z R     unmapped_or2           1   4.0     0   122    2880    (-,-) 
  csm_inst_f_inst_sbox_inst_sbox4_g1138/z (u)     in_1->z F     unmapped_nand2         1   4.0     0   122    3002    (-,-) 
  csm_inst_f_inst_sbox_inst_sbox4_g1118/z (u)     in_0->z F     unmapped_complex2      1   4.0     0   122    3124    (-,-) 
  csm_inst_f_inst_sbox_inst_sbox4_g1109/z (u)     in_0->z F     unmapped_or2           1   4.0     0   122    3247    (-,-) 
  csm_inst_f_inst_sbox_inst_sbox4_g1101/z (u)     in_0->z F     unmapped_complex2      1   4.0     0   122    3369    (-,-) 
  csm_inst_f_inst_sbox_inst_sbox4_g1093/z (u)     in_0->z F     unmapped_complex2      1   4.0     0   122    3491    (-,-) 
  csm_inst_f_inst_sbox_inst_sbox4_g1091/z (u)     in_1->z F     unmapped_or2           2   8.0     0   166    3657    (-,-) 
  g5666/z                                 (u)     in_1->z F     unmapped_complex2      1   4.0     0   122    3779    (-,-) 
  g5667/z                                 (u)     in_1->z R     unmapped_nand2         1   4.0     0   122    3901    (-,-) 
  g5651/z                                 (u)     in_1->z F     unmapped_complex2      1   4.0     0   122    4024    (-,-) 
  g5605/z                                 (u)     in_1->z R     unmapped_complex2      1   4.0     0   122    4146    (-,-) 
  csm_inst_right_reg_reg[6]/d             -       -       R     unmapped_d_flop        1     -     -     0    4146    (-,-) 
#---------------------------------------------------------------------------------------------------------------------------

(u) : Net has unmapped pin(s).



Path 5: MET (3781 ps) Setup Check with Pin csm_inst_right_reg_reg[21]/clk->d
          Group: C2C
     Startpoint: (R) csm_inst_round_counter_reg[0]/clk
          Clock: (R) clk
       Endpoint: (R) csm_inst_right_reg_reg[21]/d
          Clock: (R) clk

                     Capture       Launch     
        Clock Edge:+   10000            0     
       Src Latency:+       0            0     
       Net Latency:+       0 (I)        0 (I) 
           Arrival:=   10000            0     
                                              
             Setup:-      75                  
       Uncertainty:-    2000                  
     Required Time:=    7925                  
      Launch Clock:-       0                  
         Data Path:-    4144                  
             Slack:=    3781                  

#--------------------------------------------------------------------------------------------------------------------------
#             Timing Point               Flags    Arc    Edge       Cell         Fanout  Load Trans Delay Arrival Instance 
#                                                                                        (fF)  (ps)  (ps)   (ps)  Location 
#--------------------------------------------------------------------------------------------------------------------------
  csm_inst_round_counter_reg[0]/clk      -       -       R     (arrival)            335     -  2000     0       0    (-,-) 
  csm_inst_round_counter_reg[0]/q        (u)     clk->q  R     unmapped_d_flop      176 704.0     0   607     607    (-,-) 
  g22476/z                               (u)     in_1->z R     unmapped_or2           9  36.0     0   252     859    (-,-) 
  g22437/z                               (u)     in_1->z R     unmapped_or2          36 144.0     0   324    1184    (-,-) 
  g22721/z                               (u)     in_1->z R     unmapped_complex2      2   8.0     0   166    1350    (-,-) 
  g20797/z                               (u)     in_1->z F     unmapped_nand2         1   4.0     0   122    1472    (-,-) 
  g20732/z                               (u)     in_1->z F     unmapped_or2           1   4.0     0   122    1594    (-,-) 
  g20570/z                               (u)     in_1->z F     unmapped_or2           1   4.0     0   122    1716    (-,-) 
  g20514/z                               (u)     in_0->z R     unmapped_nand2         1   4.0     0   122    1838    (-,-) 
  g23148/z                               (u)     in_0->z F     unmapped_complex2      2   8.0     0   166    2004    (-,-) 
  g23226/z                               (u)     in_0->z R     unmapped_complex2      1   4.0     0   122    2126    (-,-) 
  g20342/z                               (u)     in_1->z F     unmapped_nand2        14  56.0     0   276    2402    (-,-) 
  csm_inst_f_inst_sbox_inst_sbox6_g637/z (u)     in_0->z R     unmapped_complex2      5  20.0     0   224    2626    (-,-) 
  csm_inst_f_inst_sbox_inst_sbox6_g612/z (u)     in_0->z F     unmapped_nand2         9  36.0     0   252    2878    (-,-) 
  csm_inst_f_inst_sbox_inst_sbox6_g564/z (u)     in_1->z F     unmapped_or2           1   4.0     0   122    3000    (-,-) 
  csm_inst_f_inst_sbox_inst_sbox6_g528/z (u)     in_1->z R     unmapped_nand2         1   4.0     0   122    3122    (-,-) 
  csm_inst_f_inst_sbox_inst_sbox6_g505/z (u)     in_0->z F     unmapped_complex2      1   4.0     0   122    3245    (-,-) 
  csm_inst_f_inst_sbox_inst_sbox6_g499/z (u)     in_0->z R     unmapped_complex2      1   4.0     0   122    3367    (-,-) 
  csm_inst_f_inst_sbox_inst_sbox6_g493/z (u)     in_1->z R     unmapped_or2           1   4.0     0   122    3489    (-,-) 
  csm_inst_f_inst_sbox_inst_sbox6_g640/z (u)     in_1->z F     unmapped_nor2          2   8.0     0   166    3655    (-,-) 
  g5762/z                                (u)     in_1->z F     unmapped_complex2      1   4.0     0   122    3777    (-,-) 
  g5763/z                                (u)     in_1->z R     unmapped_nand2         1   4.0     0   122    3900    (-,-) 
  g5748/z                                (u)     in_1->z F     unmapped_complex2      1   4.0     0   122    4022    (-,-) 
  g5740/z                                (u)     in_1->z R     unmapped_complex2      1   4.0     0   122    4144    (-,-) 
  csm_inst_right_reg_reg[21]/d           -       -       R     unmapped_d_flop        1     -     -     0    4144    (-,-) 
#--------------------------------------------------------------------------------------------------------------------------

(u) : Net has unmapped pin(s).



Path 6: MET (3781 ps) Setup Check with Pin csm_inst_right_reg_reg[3]/clk->d
          Group: C2C
     Startpoint: (R) csm_inst_round_counter_reg[0]/clk
          Clock: (R) clk
       Endpoint: (R) csm_inst_right_reg_reg[3]/d
          Clock: (R) clk

                     Capture       Launch     
        Clock Edge:+   10000            0     
       Src Latency:+       0            0     
       Net Latency:+       0 (I)        0 (I) 
           Arrival:=   10000            0     
                                              
             Setup:-      75                  
       Uncertainty:-    2000                  
     Required Time:=    7925                  
      Launch Clock:-       0                  
         Data Path:-    4144                  
             Slack:=    3781                  

#--------------------------------------------------------------------------------------------------------------------------
#             Timing Point               Flags    Arc    Edge       Cell         Fanout  Load Trans Delay Arrival Instance 
#                                                                                        (fF)  (ps)  (ps)   (ps)  Location 
#--------------------------------------------------------------------------------------------------------------------------
  csm_inst_round_counter_reg[0]/clk      -       -       R     (arrival)            335     -  2000     0       0    (-,-) 
  csm_inst_round_counter_reg[0]/q        (u)     clk->q  R     unmapped_d_flop      176 704.0     0   607     607    (-,-) 
  g22476/z                               (u)     in_1->z R     unmapped_or2           9  36.0     0   252     859    (-,-) 
  g22437/z                               (u)     in_1->z R     unmapped_or2          36 144.0     0   324    1184    (-,-) 
  g22721/z                               (u)     in_1->z R     unmapped_complex2      2   8.0     0   166    1350    (-,-) 
  g20797/z                               (u)     in_1->z F     unmapped_nand2         1   4.0     0   122    1472    (-,-) 
  g20732/z                               (u)     in_1->z F     unmapped_or2           1   4.0     0   122    1594    (-,-) 
  g20570/z                               (u)     in_1->z F     unmapped_or2           1   4.0     0   122    1716    (-,-) 
  g20514/z                               (u)     in_0->z R     unmapped_nand2         1   4.0     0   122    1838    (-,-) 
  g23148/z                               (u)     in_0->z F     unmapped_complex2      2   8.0     0   166    2004    (-,-) 
  g23226/z                               (u)     in_0->z R     unmapped_complex2      1   4.0     0   122    2126    (-,-) 
  g20342/z                               (u)     in_1->z F     unmapped_nand2        14  56.0     0   276    2402    (-,-) 
  csm_inst_f_inst_sbox_inst_sbox6_g637/z (u)     in_0->z R     unmapped_complex2      5  20.0     0   224    2626    (-,-) 
  csm_inst_f_inst_sbox_inst_sbox6_g612/z (u)     in_0->z F     unmapped_nand2         9  36.0     0   252    2878    (-,-) 
  csm_inst_f_inst_sbox_inst_sbox6_g566/z (u)     in_0->z R     unmapped_complex2      1   4.0     0   122    3000    (-,-) 
  csm_inst_f_inst_sbox_inst_sbox6_g527/z (u)     in_1->z F     unmapped_nand2         1   4.0     0   122    3122    (-,-) 
  csm_inst_f_inst_sbox_inst_sbox6_g514/z (u)     in_0->z R     unmapped_complex2      1   4.0     0   122    3245    (-,-) 
  csm_inst_f_inst_sbox_inst_sbox6_g503/z (u)     in_0->z F     unmapped_complex2      1   4.0     0   122    3367    (-,-) 
  csm_inst_f_inst_sbox_inst_sbox6_g494/z (u)     in_1->z F     unmapped_or2           1   4.0     0   122    3489    (-,-) 
  csm_inst_f_inst_sbox_inst_sbox6_g489/z (u)     in_1->z F     unmapped_or2           2   8.0     0   166    3655    (-,-) 
  g5768/z                                (u)     in_1->z F     unmapped_complex2      1   4.0     0   122    3777    (-,-) 
  g5769/z                                (u)     in_1->z R     unmapped_nand2         1   4.0     0   122    3900    (-,-) 
  g5753/z                                (u)     in_1->z F     unmapped_complex2      1   4.0     0   122    4022    (-,-) 
  g5741/z                                (u)     in_1->z R     unmapped_complex2      1   4.0     0   122    4144    (-,-) 
  csm_inst_right_reg_reg[3]/d            -       -       R     unmapped_d_flop        1     -     -     0    4144    (-,-) 
#--------------------------------------------------------------------------------------------------------------------------

(u) : Net has unmapped pin(s).



Path 7: MET (3792 ps) Setup Check with Pin csm_inst_right_reg_reg[5]/clk->d
          Group: C2C
     Startpoint: (R) csm_inst_round_counter_reg[3]/clk
          Clock: (R) clk
       Endpoint: (R) csm_inst_right_reg_reg[5]/d
          Clock: (R) clk

                     Capture       Launch     
        Clock Edge:+   10000            0     
       Src Latency:+       0            0     
       Net Latency:+       0 (I)        0 (I) 
           Arrival:=   10000            0     
                                              
             Setup:-      75                  
       Uncertainty:-    2000                  
     Required Time:=    7925                  
      Launch Clock:-       0                  
         Data Path:-    4133                  
             Slack:=    3792                  

#--------------------------------------------------------------------------------------------------------------------------
#             Timing Point               Flags    Arc    Edge       Cell         Fanout  Load Trans Delay Arrival Instance 
#                                                                                        (fF)  (ps)  (ps)   (ps)  Location 
#--------------------------------------------------------------------------------------------------------------------------
  csm_inst_round_counter_reg[3]/clk      -       -       R     (arrival)            335     -  2000     0       0    (-,-) 
  csm_inst_round_counter_reg[3]/q        (u)     clk->q  F     unmapped_d_flop      115 460.0     0   546     546    (-,-) 
  g22508/z                               (u)     in_0->z F     unmapped_complex2      3  12.0     0   189     735    (-,-) 
  g22301/z                               (u)     in_1->z R     unmapped_nand2         4  16.0     0   211     947    (-,-) 
  g21656/z                               (u)     in_0->z F     unmapped_nand2         1   4.0     0   122    1069    (-,-) 
  g21379/z                               (u)     in_1->z R     unmapped_nand2         2   8.0     0   166    1235    (-,-) 
  g23024/z                               (u)     in_0->z F     unmapped_complex2      1   4.0     0   122    1357    (-,-) 
  g20754/z                               (u)     in_1->z R     unmapped_nand2         1   4.0     0   122    1479    (-,-) 
  g20658/z                               (u)     in_1->z R     unmapped_or2           1   4.0     0   122    1601    (-,-) 
  g20634/z                               (u)     in_1->z R     unmapped_or2           1   4.0     0   122    1724    (-,-) 
  g20507/z                               (u)     in_0->z F     unmapped_nand2         1   4.0     0   122    1846    (-,-) 
  g23161/z                               (u)     in_0->z R     unmapped_complex2      2   8.0     0   166    2012    (-,-) 
  g23252/z                               (u)     in_0->z F     unmapped_complex2      1   4.0     0   122    2134    (-,-) 
  g20393/z                               (u)     in_1->z R     unmapped_nand2        11  44.0     0   262    2396    (-,-) 
  csm_inst_f_inst_sbox_inst_sbox8_g565/z (u)     in_0->z R     unmapped_complex2      8  32.0     0   248    2643    (-,-) 
  csm_inst_f_inst_sbox_inst_sbox8_g510/z (u)     in_0->z R     unmapped_or2           5  20.0     0   224    2867    (-,-) 
  csm_inst_f_inst_sbox_inst_sbox8_g498/z (u)     in_0->z R     unmapped_or2           1   4.0     0   122    2989    (-,-) 
  csm_inst_f_inst_sbox_inst_sbox8_g472/z (u)     in_1->z F     unmapped_nand2         1   4.0     0   122    3111    (-,-) 
  csm_inst_f_inst_sbox_inst_sbox8_g434/z (u)     in_1->z F     unmapped_complex2      1   4.0     0   122    3234    (-,-) 
  csm_inst_f_inst_sbox_inst_sbox8_g429/z (u)     in_1->z F     unmapped_or2           1   4.0     0   122    3356    (-,-) 
  csm_inst_f_inst_sbox_inst_sbox8_g421/z (u)     in_0->z F     unmapped_or2           1   4.0     0   122    3478    (-,-) 
  csm_inst_f_inst_sbox_inst_sbox8_g414/z (u)     in_1->z F     unmapped_or2           2   8.0     0   166    3644    (-,-) 
  g5697/z                                (u)     in_1->z F     unmapped_complex2      1   4.0     0   122    3766    (-,-) 
  g5698/z                                (u)     in_1->z R     unmapped_nand2         1   4.0     0   122    3888    (-,-) 
  g5683/z                                (u)     in_1->z F     unmapped_complex2      1   4.0     0   122    4010    (-,-) 
  g5670/z                                (u)     in_1->z R     unmapped_complex2      1   4.0     0   122    4133    (-,-) 
  csm_inst_right_reg_reg[5]/d            -       -       R     unmapped_d_flop        1     -     -     0    4133    (-,-) 
#--------------------------------------------------------------------------------------------------------------------------

(u) : Net has unmapped pin(s).



Path 8: MET (3795 ps) Setup Check with Pin csm_inst_right_reg_reg[17]/clk->d
          Group: C2C
     Startpoint: (R) csm_inst_round_counter_reg[3]/clk
          Clock: (R) clk
       Endpoint: (R) csm_inst_right_reg_reg[17]/d
          Clock: (R) clk

                     Capture       Launch     
        Clock Edge:+   10000            0     
       Src Latency:+       0            0     
       Net Latency:+       0 (I)        0 (I) 
           Arrival:=   10000            0     
                                              
             Setup:-      75                  
       Uncertainty:-    2000                  
     Required Time:=    7925                  
      Launch Clock:-       0                  
         Data Path:-    4130                  
             Slack:=    3795                  

#--------------------------------------------------------------------------------------------------------------------------
#             Timing Point               Flags    Arc    Edge       Cell         Fanout  Load Trans Delay Arrival Instance 
#                                                                                        (fF)  (ps)  (ps)   (ps)  Location 
#--------------------------------------------------------------------------------------------------------------------------
  csm_inst_round_counter_reg[3]/clk      -       -       R     (arrival)            335     -  2000     0       0    (-,-) 
  csm_inst_round_counter_reg[3]/q        (u)     clk->q  F     unmapped_d_flop      115 460.0     0   546     546    (-,-) 
  g22508/z                               (u)     in_0->z F     unmapped_complex2      3  12.0     0   189     735    (-,-) 
  g22301/z                               (u)     in_1->z R     unmapped_nand2         4  16.0     0   211     947    (-,-) 
  g21656/z                               (u)     in_0->z F     unmapped_nand2         1   4.0     0   122    1069    (-,-) 
  g21379/z                               (u)     in_1->z R     unmapped_nand2         2   8.0     0   166    1235    (-,-) 
  g23024/z                               (u)     in_0->z F     unmapped_complex2      1   4.0     0   122    1357    (-,-) 
  g20754/z                               (u)     in_1->z R     unmapped_nand2         1   4.0     0   122    1479    (-,-) 
  g20658/z                               (u)     in_1->z R     unmapped_or2           1   4.0     0   122    1601    (-,-) 
  g20634/z                               (u)     in_1->z R     unmapped_or2           1   4.0     0   122    1724    (-,-) 
  g20507/z                               (u)     in_0->z F     unmapped_nand2         1   4.0     0   122    1846    (-,-) 
  g23161/z                               (u)     in_0->z R     unmapped_complex2      2   8.0     0   166    2012    (-,-) 
  g23252/z                               (u)     in_0->z F     unmapped_complex2      1   4.0     0   122    2134    (-,-) 
  g20393/z                               (u)     in_1->z R     unmapped_nand2        11  44.0     0   262    2396    (-,-) 
  csm_inst_f_inst_sbox_inst_sbox8_g547/z (u)     in_1->z R     unmapped_or2           1   4.0     0   122    2518    (-,-) 
  csm_inst_f_inst_sbox_inst_sbox8_g548/z (u)     in_1->z F     unmapped_nand2         5  20.0     0   224    2742    (-,-) 
  csm_inst_f_inst_sbox_inst_sbox8_g540/z (u)     in_1->z F     unmapped_complex2      1   4.0     0   122    2864    (-,-) 
  csm_inst_f_inst_sbox_inst_sbox8_g541/z (u)     in_1->z R     unmapped_nand2         1   4.0     0   122    2986    (-,-) 
  csm_inst_f_inst_sbox_inst_sbox8_g496/z (u)     in_0->z F     unmapped_complex2      1   4.0     0   122    3108    (-,-) 
  csm_inst_f_inst_sbox_inst_sbox8_g455/z (u)     in_0->z R     unmapped_nand2         1   4.0     0   122    3230    (-,-) 
  csm_inst_f_inst_sbox_inst_sbox8_g446/z (u)     in_0->z R     unmapped_complex2      1   4.0     0   122    3353    (-,-) 
  csm_inst_f_inst_sbox_inst_sbox8_g424/z (u)     in_0->z R     unmapped_complex2      1   4.0     0   122    3475    (-,-) 
  csm_inst_f_inst_sbox_inst_sbox8_g568/z (u)     in_0->z F     unmapped_nor2          2   8.0     0   166    3641    (-,-) 
  g5691/z                                (u)     in_1->z F     unmapped_complex2      1   4.0     0   122    3763    (-,-) 
  g5692/z                                (u)     in_1->z R     unmapped_nand2         1   4.0     0   122    3885    (-,-) 
  g5678/z                                (u)     in_1->z F     unmapped_complex2      1   4.0     0   122    4007    (-,-) 
  g5671/z                                (u)     in_1->z R     unmapped_complex2      1   4.0     0   122    4130    (-,-) 
  csm_inst_right_reg_reg[17]/d           -       -       R     unmapped_d_flop        1     -     -     0    4130    (-,-) 
#--------------------------------------------------------------------------------------------------------------------------

(u) : Net has unmapped pin(s).



Path 9: MET (3796 ps) Setup Check with Pin csm_inst_right_reg_reg[11]/clk->d
          Group: C2C
     Startpoint: (R) csm_inst_round_counter_reg[3]/clk
          Clock: (R) clk
       Endpoint: (R) csm_inst_right_reg_reg[11]/d
          Clock: (R) clk

                     Capture       Launch     
        Clock Edge:+   10000            0     
       Src Latency:+       0            0     
       Net Latency:+       0 (I)        0 (I) 
           Arrival:=   10000            0     
                                              
             Setup:-      75                  
       Uncertainty:-    2000                  
     Required Time:=    7925                  
      Launch Clock:-       0                  
         Data Path:-    4129                  
             Slack:=    3796                  

#--------------------------------------------------------------------------------------------------------------------------
#             Timing Point               Flags    Arc    Edge       Cell         Fanout  Load Trans Delay Arrival Instance 
#                                                                                        (fF)  (ps)  (ps)   (ps)  Location 
#--------------------------------------------------------------------------------------------------------------------------
  csm_inst_round_counter_reg[3]/clk      -       -       R     (arrival)            335     -  2000     0       0    (-,-) 
  csm_inst_round_counter_reg[3]/q        (u)     clk->q  F     unmapped_d_flop      115 460.0     0   546     546    (-,-) 
  g22508/z                               (u)     in_0->z F     unmapped_complex2      3  12.0     0   189     735    (-,-) 
  g22301/z                               (u)     in_1->z R     unmapped_nand2         4  16.0     0   211     947    (-,-) 
  g21656/z                               (u)     in_0->z F     unmapped_nand2         1   4.0     0   122    1069    (-,-) 
  g21379/z                               (u)     in_1->z R     unmapped_nand2         2   8.0     0   166    1235    (-,-) 
  g23024/z                               (u)     in_0->z F     unmapped_complex2      1   4.0     0   122    1357    (-,-) 
  g20754/z                               (u)     in_1->z R     unmapped_nand2         1   4.0     0   122    1479    (-,-) 
  g20658/z                               (u)     in_1->z R     unmapped_or2           1   4.0     0   122    1601    (-,-) 
  g20634/z                               (u)     in_1->z R     unmapped_or2           1   4.0     0   122    1724    (-,-) 
  g20507/z                               (u)     in_0->z F     unmapped_nand2         1   4.0     0   122    1846    (-,-) 
  g23161/z                               (u)     in_0->z R     unmapped_complex2      2   8.0     0   166    2012    (-,-) 
  g23252/z                               (u)     in_0->z F     unmapped_complex2      1   4.0     0   122    2134    (-,-) 
  g20393/z                               (u)     in_1->z R     unmapped_nand2        11  44.0     0   262    2396    (-,-) 
  csm_inst_f_inst_sbox_inst_sbox8_g560/z (u)     in_0->z F     unmapped_complex2      3  12.0     0   189    2585    (-,-) 
  csm_inst_f_inst_sbox_inst_sbox8_g511/z (u)     in_1->z F     unmapped_complex2      4  16.0     0   211    2796    (-,-) 
  csm_inst_f_inst_sbox_inst_sbox8_g483/z (u)     in_0->z F     unmapped_or2           3  12.0     0   189    2986    (-,-) 
  csm_inst_f_inst_sbox_inst_sbox8_g470/z (u)     in_1->z F     unmapped_complex2      1   4.0     0   122    3108    (-,-) 
  csm_inst_f_inst_sbox_inst_sbox8_g436/z (u)     in_1->z R     unmapped_complex2      1   4.0     0   122    3230    (-,-) 
  csm_inst_f_inst_sbox_inst_sbox8_g432/z (u)     in_0->z R     unmapped_complex2      1   4.0     0   122    3352    (-,-) 
  csm_inst_f_inst_sbox_inst_sbox8_g422/z (u)     in_1->z R     unmapped_or2           1   4.0     0   122    3474    (-,-) 
  csm_inst_f_inst_sbox_inst_sbox8_g566/z (u)     in_1->z F     unmapped_nor2          2   8.0     0   166    3640    (-,-) 
  g5700/z                                (u)     in_1->z F     unmapped_complex2      1   4.0     0   122    3763    (-,-) 
  g5701/z                                (u)     in_1->z R     unmapped_nand2         1   4.0     0   122    3885    (-,-) 
  g5685/z                                (u)     in_1->z F     unmapped_complex2      1   4.0     0   122    4007    (-,-) 
  g5673/z                                (u)     in_1->z R     unmapped_complex2      1   4.0     0   122    4129    (-,-) 
  csm_inst_right_reg_reg[11]/d           -       -       R     unmapped_d_flop        1     -     -     0    4129    (-,-) 
#--------------------------------------------------------------------------------------------------------------------------

(u) : Net has unmapped pin(s).



Path 10: MET (3797 ps) Setup Check with Pin csm_inst_right_reg_reg[9]/clk->d
          Group: C2C
     Startpoint: (R) csm_inst_round_counter_reg[3]/clk
          Clock: (R) clk
       Endpoint: (R) csm_inst_right_reg_reg[9]/d
          Clock: (R) clk

                     Capture       Launch     
        Clock Edge:+   10000            0     
       Src Latency:+       0            0     
       Net Latency:+       0 (I)        0 (I) 
           Arrival:=   10000            0     
                                              
             Setup:-      75                  
       Uncertainty:-    2000                  
     Required Time:=    7925                  
      Launch Clock:-       0                  
         Data Path:-    4128                  
             Slack:=    3797                  

#---------------------------------------------------------------------------------------------------------------------
#           Timing Point            Flags    Arc    Edge       Cell         Fanout  Load Trans Delay Arrival Instance 
#                                                                                   (fF)  (ps)  (ps)   (ps)  Location 
#---------------------------------------------------------------------------------------------------------------------
  csm_inst_round_counter_reg[3]/clk -       -       R     (arrival)            335     -  2000     0       0    (-,-) 
  csm_inst_round_counter_reg[3]/q   (u)     clk->q  F     unmapped_d_flop      115 460.0     0   546     546    (-,-) 
  g22610/z                          (u)     in_0->z R     unmapped_nand2         3  12.0     0   189     735    (-,-) 
  g22432/z                          (u)     in_1->z F     unmapped_nand2         4  16.0     0   211     947    (-,-) 
  g21785/z                          (u)     in_0->z R     unmapped_nand2         1   4.0     0   122    1069    (-,-) 
  g21215/z                          (u)     in_1->z F     unmapped_nand2         2   8.0     0   166    1235    (-,-) 
  g22954/z                          (u)     in_0->z R     unmapped_complex2      1   4.0     0   122    1357    (-,-) 
  g20859/z                          (u)     in_1->z F     unmapped_nand2         1   4.0     0   122    1479    (-,-) 
  g20667/z                          (u)     in_1->z F     unmapped_or2           1   4.0     0   122    1601    (-,-) 
  g20590/z                          (u)     in_1->z F     unmapped_or2           1   4.0     0   122    1724    (-,-) 
  g20541/z                          (u)     in_0->z R     unmapped_nand2         1   4.0     0   122    1846    (-,-) 
  g23141/z                          (u)     in_0->z F     unmapped_complex2      2   8.0     0   166    2012    (-,-) 
  g23216/z                          (u)     in_0->z R     unmapped_complex2      1   4.0     0   122    2134    (-,-) 
  g20387/z                          (u)     in_1->z F     unmapped_nand2        15  60.0     0   280    2414    (-,-) 
  g20308/z                          (u)     in_0->z R     unmapped_nand2         5  20.0     0   224    2638    (-,-) 
  g20290/z                          (u)     in_0->z R     unmapped_or2           5  20.0     0   224    2862    (-,-) 
  g20263/z                          (u)     in_0->z R     unmapped_or2           1   4.0     0   122    2984    (-,-) 
  g20213/z                          (u)     in_1->z F     unmapped_nand2         1   4.0     0   122    3106    (-,-) 
  g23272/z                          (u)     in_0->z F     unmapped_complex2      1   4.0     0   122    3228    (-,-) 
  g20187/z                          (u)     in_1->z F     unmapped_or2           1   4.0     0   122    3351    (-,-) 
  g20178/z                          (u)     in_1->z F     unmapped_complex2      1   4.0     0   122    3473    (-,-) 
  g20168/z                          (u)     in_1->z F     unmapped_or2           2   8.0     0   166    3639    (-,-) 
  g20161/z                          (u)     in_0->z F     unmapped_complex2      1   4.0     0   122    3761    (-,-) 
  g20162/z                          (u)     in_1->z R     unmapped_nand2         1   4.0     0   122    3883    (-,-) 
  g20156/z                          (u)     in_0->z F     unmapped_complex2      1   4.0     0   122    4006    (-,-) 
  g23279/z                          (u)     in_0->z R     unmapped_complex2      1   4.0     0   122    4128    (-,-) 
  csm_inst_right_reg_reg[9]/d       -       -       R     unmapped_d_flop        1     -     -     0    4128    (-,-) 
#---------------------------------------------------------------------------------------------------------------------

(u) : Net has unmapped pin(s).



Path 11: MET (3822 ps) Setup Check with Pin csm_inst_right_reg_reg[2]/clk->d
          Group: C2C
     Startpoint: (R) csm_inst_round_counter_reg[3]/clk
          Clock: (R) clk
       Endpoint: (R) csm_inst_right_reg_reg[2]/d
          Clock: (R) clk

                     Capture       Launch     
        Clock Edge:+   10000            0     
       Src Latency:+       0            0     
       Net Latency:+       0 (I)        0 (I) 
           Arrival:=   10000            0     
                                              
             Setup:-      75                  
       Uncertainty:-    2000                  
     Required Time:=    7925                  
      Launch Clock:-       0                  
         Data Path:-    4102                  
             Slack:=    3822                  

#--------------------------------------------------------------------------------------------------------------------------
#             Timing Point               Flags    Arc    Edge       Cell         Fanout  Load Trans Delay Arrival Instance 
#                                                                                        (fF)  (ps)  (ps)   (ps)  Location 
#--------------------------------------------------------------------------------------------------------------------------
  csm_inst_round_counter_reg[3]/clk      -       -       R     (arrival)            335     -  2000     0       0    (-,-) 
  csm_inst_round_counter_reg[3]/q        (u)     clk->q  F     unmapped_d_flop      115 460.0     0   546     546    (-,-) 
  g22557/z                               (u)     in_0->z R     unmapped_nand2         3  12.0     0   189     735    (-,-) 
  g22201/z                               (u)     in_1->z F     unmapped_nand2         4  16.0     0   211     947    (-,-) 
  g21757/z                               (u)     in_0->z R     unmapped_nand2         1   4.0     0   122    1069    (-,-) 
  g21188/z                               (u)     in_1->z F     unmapped_nand2         2   8.0     0   166    1235    (-,-) 
  g22966/z                               (u)     in_0->z R     unmapped_complex2      1   4.0     0   122    1357    (-,-) 
  g20833/z                               (u)     in_1->z F     unmapped_nand2         1   4.0     0   122    1479    (-,-) 
  g20735/z                               (u)     in_1->z F     unmapped_or2           1   4.0     0   122    1601    (-,-) 
  g20649/z                               (u)     in_1->z F     unmapped_or2           1   4.0     0   122    1724    (-,-) 
  g20502/z                               (u)     in_0->z R     unmapped_complex2      1   4.0     0   122    1846    (-,-) 
  g23145/z                               (u)     in_0->z F     unmapped_complex2      2   8.0     0   166    2012    (-,-) 
  g23220/z                               (u)     in_0->z R     unmapped_complex2      1   4.0     0   122    2134    (-,-) 
  g20333/z                               (u)     in_1->z F     unmapped_nand2        15  60.0     0   280    2414    (-,-) 
  csm_inst_f_inst_sbox_inst_sbox3_g519/z (u)     in_0->z F     unmapped_complex2      4  16.0     0   211    2626    (-,-) 
  csm_inst_f_inst_sbox_inst_sbox3_g479/z (u)     in_1->z R     unmapped_nand2         4  16.0     0   211    2837    (-,-) 
  csm_inst_f_inst_sbox_inst_sbox3_g428/z (u)     in_1->z R     unmapped_or2           1   4.0     0   122    2959    (-,-) 
  csm_inst_f_inst_sbox_inst_sbox3_g419/z (u)     in_1->z F     unmapped_nand2         1   4.0     0   122    3081    (-,-) 
  csm_inst_f_inst_sbox_inst_sbox3_g404/z (u)     in_0->z F     unmapped_complex2      1   4.0     0   122    3203    (-,-) 
  csm_inst_f_inst_sbox_inst_sbox3_g390/z (u)     in_1->z F     unmapped_or2           1   4.0     0   122    3326    (-,-) 
  csm_inst_f_inst_sbox_inst_sbox3_g385/z (u)     in_1->z F     unmapped_or2           1   4.0     0   122    3448    (-,-) 
  csm_inst_f_inst_sbox_inst_sbox3_g380/z (u)     in_1->z F     unmapped_or2           2   8.0     0   166    3614    (-,-) 
  g5799/z                                (u)     in_1->z F     unmapped_complex2      1   4.0     0   122    3736    (-,-) 
  g5800/z                                (u)     in_1->z R     unmapped_nand2         1   4.0     0   122    3858    (-,-) 
  g5785/z                                (u)     in_1->z F     unmapped_complex2      1   4.0     0   122    3980    (-,-) 
  g5772/z                                (u)     in_1->z R     unmapped_complex2      1   4.0     0   122    4102    (-,-) 
  csm_inst_right_reg_reg[2]/d            -       -       R     unmapped_d_flop        1     -     -     0    4102    (-,-) 
#--------------------------------------------------------------------------------------------------------------------------

(u) : Net has unmapped pin(s).



Path 12: MET (3824 ps) Setup Check with Pin csm_inst_right_reg_reg[25]/clk->d
          Group: C2C
     Startpoint: (R) csm_inst_round_counter_reg[0]/clk
          Clock: (R) clk
       Endpoint: (R) csm_inst_right_reg_reg[25]/d
          Clock: (R) clk

                     Capture       Launch     
        Clock Edge:+   10000            0     
       Src Latency:+       0            0     
       Net Latency:+       0 (I)        0 (I) 
           Arrival:=   10000            0     
                                              
             Setup:-      75                  
       Uncertainty:-    2000                  
     Required Time:=    7925                  
      Launch Clock:-       0                  
         Data Path:-    4101                  
             Slack:=    3824                  

#--------------------------------------------------------------------------------------------------------------------------
#             Timing Point               Flags    Arc    Edge       Cell         Fanout  Load Trans Delay Arrival Instance 
#                                                                                        (fF)  (ps)  (ps)   (ps)  Location 
#--------------------------------------------------------------------------------------------------------------------------
  csm_inst_round_counter_reg[0]/clk      -       -       R     (arrival)            335     -  2000     0       0    (-,-) 
  csm_inst_round_counter_reg[0]/q        (u)     clk->q  R     unmapped_d_flop      176 704.0     0   607     607    (-,-) 
  g22616/z                               (u)     in_1->z F     unmapped_nand2        10  40.0     0   257     864    (-,-) 
  g22645/z                               (u)     in_0->z F     unmapped_complex2     38 152.0     0   327    1191    (-,-) 
  g22726/z                               (u)     in_1->z F     unmapped_complex2      2   8.0     0   166    1357    (-,-) 
  g21220/z                               (u)     in_0->z R     unmapped_nand2         1   4.0     0   122    1479    (-,-) 
  g20657/z                               (u)     in_1->z R     unmapped_or2           1   4.0     0   122    1601    (-,-) 
  g20646/z                               (u)     in_1->z R     unmapped_or2           1   4.0     0   122    1724    (-,-) 
  g20553/z                               (u)     in_0->z F     unmapped_nand2         1   4.0     0   122    1846    (-,-) 
  g23149/z                               (u)     in_0->z R     unmapped_complex2      2   8.0     0   166    2012    (-,-) 
  g23228/z                               (u)     in_0->z F     unmapped_complex2      1   4.0     0   122    2134    (-,-) 
  g20348/z                               (u)     in_1->z R     unmapped_nand2        12  48.0     0   266    2400    (-,-) 
  csm_inst_f_inst_sbox_inst_sbox7_g602/z (u)     in_1->z F     unmapped_nand2         5  20.0     0   224    2624    (-,-) 
  csm_inst_f_inst_sbox_inst_sbox7_g594/z (u)     in_1->z F     unmapped_complex2      4  16.0     0   211    2835    (-,-) 
  csm_inst_f_inst_sbox_inst_sbox7_g550/z (u)     in_0->z F     unmapped_or2           1   4.0     0   122    2957    (-,-) 
  csm_inst_f_inst_sbox_inst_sbox7_g516/z (u)     in_1->z R     unmapped_nand2         1   4.0     0   122    3080    (-,-) 
  csm_inst_f_inst_sbox_inst_sbox7_g496/z (u)     in_0->z R     unmapped_complex2      1   4.0     0   122    3202    (-,-) 
  csm_inst_f_inst_sbox_inst_sbox7_g479/z (u)     in_1->z R     unmapped_or2           1   4.0     0   122    3324    (-,-) 
  csm_inst_f_inst_sbox_inst_sbox7_g474/z (u)     in_1->z R     unmapped_or2           1   4.0     0   122    3446    (-,-) 
  csm_inst_f_inst_sbox_inst_sbox7_g616/z (u)     in_1->z F     unmapped_nor2          2   8.0     0   166    3612    (-,-) 
  g5827/z                                (u)     in_1->z F     unmapped_complex2      1   4.0     0   122    3734    (-,-) 
  g5828/z                                (u)     in_1->z R     unmapped_nand2         1   4.0     0   122    3856    (-,-) 
  g5814/z                                (u)     in_1->z F     unmapped_complex2      1   4.0     0   122    3979    (-,-) 
  g5807/z                                (u)     in_1->z R     unmapped_complex2      1   4.0     0   122    4101    (-,-) 
  csm_inst_right_reg_reg[25]/d           -       -       R     unmapped_d_flop        1     -     -     0    4101    (-,-) 
#--------------------------------------------------------------------------------------------------------------------------

(u) : Net has unmapped pin(s).



Path 13: MET (3833 ps) Setup Check with Pin csm_inst_right_reg_reg[13]/clk->d
          Group: C2C
     Startpoint: (R) csm_inst_round_counter_reg[3]/clk
          Clock: (R) clk
       Endpoint: (R) csm_inst_right_reg_reg[13]/d
          Clock: (R) clk

                     Capture       Launch     
        Clock Edge:+   10000            0     
       Src Latency:+       0            0     
       Net Latency:+       0 (I)        0 (I) 
           Arrival:=   10000            0     
                                              
             Setup:-      75                  
       Uncertainty:-    2000                  
     Required Time:=    7925                  
      Launch Clock:-       0                  
         Data Path:-    4092                  
             Slack:=    3833                  

#--------------------------------------------------------------------------------------------------------------------------
#             Timing Point               Flags    Arc    Edge       Cell         Fanout  Load Trans Delay Arrival Instance 
#                                                                                        (fF)  (ps)  (ps)   (ps)  Location 
#--------------------------------------------------------------------------------------------------------------------------
  csm_inst_round_counter_reg[3]/clk      -       -       R     (arrival)            335     -  2000     0       0    (-,-) 
  csm_inst_round_counter_reg[3]/q        (u)     clk->q  F     unmapped_d_flop      115 460.0     0   546     546    (-,-) 
  g22507/z                               (u)     in_0->z F     unmapped_complex2      3  12.0     0   189     735    (-,-) 
  g22309/z                               (u)     in_1->z R     unmapped_nand2         4  16.0     0   211     947    (-,-) 
  g21592/z                               (u)     in_0->z F     unmapped_nand2         1   4.0     0   122    1069    (-,-) 
  g21279/z                               (u)     in_1->z R     unmapped_nand2         2   8.0     0   166    1235    (-,-) 
  g23006/z                               (u)     in_0->z F     unmapped_complex2      1   4.0     0   122    1357    (-,-) 
  g20803/z                               (u)     in_1->z R     unmapped_nand2         1   4.0     0   122    1479    (-,-) 
  g20742/z                               (u)     in_1->z R     unmapped_or2           1   4.0     0   122    1601    (-,-) 
  g20581/z                               (u)     in_1->z R     unmapped_or2           1   4.0     0   122    1724    (-,-) 
  g20530/z                               (u)     in_0->z F     unmapped_complex2      1   4.0     0   122    1846    (-,-) 
  g23156/z                               (u)     in_0->z R     unmapped_complex2      2   8.0     0   166    2012    (-,-) 
  g23242/z                               (u)     in_0->z F     unmapped_complex2      1   4.0     0   122    2134    (-,-) 
  g20372/z                               (u)     in_1->z R     unmapped_nand2        13  52.0     0   271    2405    (-,-) 
  csm_inst_f_inst_sbox_inst_sbox6_g626/z (u)     in_1->z F     unmapped_nand2         4  16.0     0   211    2616    (-,-) 
  csm_inst_f_inst_sbox_inst_sbox6_g584/z (u)     in_0->z F     unmapped_or2           2   8.0     0   166    2782    (-,-) 
  csm_inst_f_inst_sbox_inst_sbox6_g582/z (u)     in_0->z F     unmapped_or2           2   8.0     0   166    2948    (-,-) 
  csm_inst_f_inst_sbox_inst_sbox6_g525/z (u)     in_1->z F     unmapped_complex2      1   4.0     0   122    3070    (-,-) 
  csm_inst_f_inst_sbox_inst_sbox6_g510/z (u)     in_1->z R     unmapped_nand2         1   4.0     0   122    3192    (-,-) 
  csm_inst_f_inst_sbox_inst_sbox6_g497/z (u)     in_0->z R     unmapped_complex2      1   4.0     0   122    3315    (-,-) 
  csm_inst_f_inst_sbox_inst_sbox6_g491/z (u)     in_0->z R     unmapped_or2           1   4.0     0   122    3437    (-,-) 
  csm_inst_f_inst_sbox_inst_sbox6_g639/z (u)     in_1->z F     unmapped_nor2          2   8.0     0   166    3603    (-,-) 
  g5759/z                                (u)     in_1->z F     unmapped_complex2      1   4.0     0   122    3725    (-,-) 
  g5760/z                                (u)     in_1->z R     unmapped_nand2         1   4.0     0   122    3847    (-,-) 
  g5746/z                                (u)     in_1->z F     unmapped_complex2      1   4.0     0   122    3970    (-,-) 
  g5739/z                                (u)     in_1->z R     unmapped_complex2      1   4.0     0   122    4092    (-,-) 
  csm_inst_right_reg_reg[13]/d           -       -       R     unmapped_d_flop        1     -     -     0    4092    (-,-) 
#--------------------------------------------------------------------------------------------------------------------------

(u) : Net has unmapped pin(s).



Path 14: MET (3836 ps) Setup Check with Pin csm_inst_right_reg_reg[14]/clk->d
          Group: C2C
     Startpoint: (R) csm_inst_round_counter_reg[3]/clk
          Clock: (R) clk
       Endpoint: (R) csm_inst_right_reg_reg[14]/d
          Clock: (R) clk

                     Capture       Launch     
        Clock Edge:+   10000            0     
       Src Latency:+       0            0     
       Net Latency:+       0 (I)        0 (I) 
           Arrival:=   10000            0     
                                              
             Setup:-      75                  
       Uncertainty:-    2000                  
     Required Time:=    7925                  
      Launch Clock:-       0                  
         Data Path:-    4089                  
             Slack:=    3836                  

#--------------------------------------------------------------------------------------------------------------------------
#             Timing Point               Flags    Arc    Edge       Cell         Fanout  Load Trans Delay Arrival Instance 
#                                                                                        (fF)  (ps)  (ps)   (ps)  Location 
#--------------------------------------------------------------------------------------------------------------------------
  csm_inst_round_counter_reg[3]/clk      -       -       R     (arrival)            335     -  2000     0       0    (-,-) 
  csm_inst_round_counter_reg[3]/q        (u)     clk->q  F     unmapped_d_flop      115 460.0     0   546     546    (-,-) 
  g22585/z                               (u)     in_0->z F     unmapped_complex2      3  12.0     0   189     735    (-,-) 
  g22411/z                               (u)     in_1->z R     unmapped_nand2         4  16.0     0   211     947    (-,-) 
  g22047/z                               (u)     in_0->z F     unmapped_nand2         1   4.0     0   122    1069    (-,-) 
  g21277/z                               (u)     in_1->z R     unmapped_nand2         2   8.0     0   166    1235    (-,-) 
  g23018/z                               (u)     in_0->z F     unmapped_complex2      1   4.0     0   122    1357    (-,-) 
  g20811/z                               (u)     in_1->z R     unmapped_nand2         1   4.0     0   122    1479    (-,-) 
  g20669/z                               (u)     in_1->z R     unmapped_or2           1   4.0     0   122    1601    (-,-) 
  g20606/z                               (u)     in_1->z R     unmapped_or2           1   4.0     0   122    1724    (-,-) 
  g20540/z                               (u)     in_0->z F     unmapped_nand2         1   4.0     0   122    1846    (-,-) 
  g23159/z                               (u)     in_0->z R     unmapped_complex2      2   8.0     0   166    2012    (-,-) 
  g23248/z                               (u)     in_0->z F     unmapped_complex2      1   4.0     0   122    2134    (-,-) 
  g20381/z                               (u)     in_1->z R     unmapped_nand2        13  52.0     0   271    2405    (-,-) 
  csm_inst_f_inst_sbox_inst_sbox2_g813/z (u)     in_0->z F     unmapped_complex2      9  36.0     0   252    2657    (-,-) 
  csm_inst_f_inst_sbox_inst_sbox2_g757/z (u)     in_1->z F     unmapped_complex2      2   8.0     0   166    2823    (-,-) 
  csm_inst_f_inst_sbox_inst_sbox2_g739/z (u)     in_1->z F     unmapped_complex2      1   4.0     0   122    2945    (-,-) 
  csm_inst_f_inst_sbox_inst_sbox2_g696/z (u)     in_1->z R     unmapped_nand2         1   4.0     0   122    3068    (-,-) 
  csm_inst_f_inst_sbox_inst_sbox2_g680/z (u)     in_0->z R     unmapped_complex2      1   4.0     0   122    3190    (-,-) 
  csm_inst_f_inst_sbox_inst_sbox2_g675/z (u)     in_0->z R     unmapped_or2           1   4.0     0   122    3312    (-,-) 
  csm_inst_f_inst_sbox_inst_sbox2_g671/z (u)     in_1->z R     unmapped_or2           1   4.0     0   122    3434    (-,-) 
  csm_inst_f_inst_sbox_inst_sbox2_g816/z (u)     in_0->z F     unmapped_nor2          2   8.0     0   166    3600    (-,-) 
  g5731/z                                (u)     in_1->z F     unmapped_complex2      1   4.0     0   122    3722    (-,-) 
  g5732/z                                (u)     in_1->z R     unmapped_nand2         1   4.0     0   122    3844    (-,-) 
  g5717/z                                (u)     in_1->z F     unmapped_complex2      1   4.0     0   122    3967    (-,-) 
  g5704/z                                (u)     in_1->z R     unmapped_complex2      1   4.0     0   122    4089    (-,-) 
  csm_inst_right_reg_reg[14]/d           -       -       R     unmapped_d_flop        1     -     -     0    4089    (-,-) 
#--------------------------------------------------------------------------------------------------------------------------

(u) : Net has unmapped pin(s).



Path 15: MET (3855 ps) Setup Check with Pin csm_inst_right_reg_reg[30]/clk->d
          Group: C2C
     Startpoint: (R) csm_inst_round_counter_reg[3]/clk
          Clock: (R) clk
       Endpoint: (R) csm_inst_right_reg_reg[30]/d
          Clock: (R) clk

                     Capture       Launch     
        Clock Edge:+   10000            0     
       Src Latency:+       0            0     
       Net Latency:+       0 (I)        0 (I) 
           Arrival:=   10000            0     
                                              
             Setup:-      75                  
       Uncertainty:-    2000                  
     Required Time:=    7925                  
      Launch Clock:-       0                  
         Data Path:-    4070                  
             Slack:=    3855                  

#--------------------------------------------------------------------------------------------------------------------------
#             Timing Point               Flags    Arc    Edge       Cell         Fanout  Load Trans Delay Arrival Instance 
#                                                                                        (fF)  (ps)  (ps)   (ps)  Location 
#--------------------------------------------------------------------------------------------------------------------------
  csm_inst_round_counter_reg[3]/clk      -       -       R     (arrival)            335     -  2000     0       0    (-,-) 
  csm_inst_round_counter_reg[3]/q        (u)     clk->q  F     unmapped_d_flop      115 460.0     0   546     546    (-,-) 
  g22585/z                               (u)     in_0->z F     unmapped_complex2      3  12.0     0   189     735    (-,-) 
  g22411/z                               (u)     in_1->z R     unmapped_nand2         4  16.0     0   211     947    (-,-) 
  g22047/z                               (u)     in_0->z F     unmapped_nand2         1   4.0     0   122    1069    (-,-) 
  g21277/z                               (u)     in_1->z R     unmapped_nand2         2   8.0     0   166    1235    (-,-) 
  g23018/z                               (u)     in_0->z F     unmapped_complex2      1   4.0     0   122    1357    (-,-) 
  g20811/z                               (u)     in_1->z R     unmapped_nand2         1   4.0     0   122    1479    (-,-) 
  g20669/z                               (u)     in_1->z R     unmapped_or2           1   4.0     0   122    1601    (-,-) 
  g20606/z                               (u)     in_1->z R     unmapped_or2           1   4.0     0   122    1724    (-,-) 
  g20540/z                               (u)     in_0->z F     unmapped_nand2         1   4.0     0   122    1846    (-,-) 
  g23159/z                               (u)     in_0->z R     unmapped_complex2      2   8.0     0   166    2012    (-,-) 
  g23248/z                               (u)     in_0->z F     unmapped_complex2      1   4.0     0   122    2134    (-,-) 
  g20381/z                               (u)     in_1->z R     unmapped_nand2        13  52.0     0   271    2405    (-,-) 
  csm_inst_f_inst_sbox_inst_sbox2_g800/z (u)     in_1->z F     unmapped_complex2      2   8.0     0   166    2571    (-,-) 
  csm_inst_f_inst_sbox_inst_sbox2_g802/z (u)     in_0->z R     unmapped_nand2         3  12.0     0   189    2760    (-,-) 
  csm_inst_f_inst_sbox_inst_sbox2_g777/z (u)     in_1->z R     unmapped_complex2      2   8.0     0   166    2926    (-,-) 
  csm_inst_f_inst_sbox_inst_sbox2_g718/z (u)     in_0->z R     unmapped_or2           1   4.0     0   122    3048    (-,-) 
  csm_inst_f_inst_sbox_inst_sbox2_g702/z (u)     in_1->z F     unmapped_nand2         1   4.0     0   122    3171    (-,-) 
  csm_inst_f_inst_sbox_inst_sbox2_g676/z (u)     in_0->z F     unmapped_or2           1   4.0     0   122    3293    (-,-) 
  csm_inst_f_inst_sbox_inst_sbox2_g667/z (u)     in_1->z F     unmapped_or2           1   4.0     0   122    3415    (-,-) 
  csm_inst_f_inst_sbox_inst_sbox2_g666/z (u)     in_1->z F     unmapped_or2           2   8.0     0   166    3581    (-,-) 
  g5734/z                                (u)     in_1->z F     unmapped_complex2      1   4.0     0   122    3703    (-,-) 
  g5735/z                                (u)     in_1->z R     unmapped_nand2         1   4.0     0   122    3826    (-,-) 
  g5719/z                                (u)     in_1->z F     unmapped_complex2      1   4.0     0   122    3948    (-,-) 
  g5707/z                                (u)     in_1->z R     unmapped_complex2      1   4.0     0   122    4070    (-,-) 
  csm_inst_right_reg_reg[30]/d           -       -       R     unmapped_d_flop        1     -     -     0    4070    (-,-) 
#--------------------------------------------------------------------------------------------------------------------------

(u) : Net has unmapped pin(s).



Path 16: MET (3858 ps) Setup Check with Pin csm_inst_right_reg_reg[26]/clk->d
          Group: C2C
     Startpoint: (R) csm_inst_round_counter_reg[0]/clk
          Clock: (R) clk
       Endpoint: (R) csm_inst_right_reg_reg[26]/d
          Clock: (R) clk

                     Capture       Launch     
        Clock Edge:+   10000            0     
       Src Latency:+       0            0     
       Net Latency:+       0 (I)        0 (I) 
           Arrival:=   10000            0     
                                              
             Setup:-      75                  
       Uncertainty:-    2000                  
     Required Time:=    7925                  
      Launch Clock:-       0                  
         Data Path:-    4067                  
             Slack:=    3858                  

#--------------------------------------------------------------------------------------------------------------------------
#             Timing Point               Flags    Arc    Edge       Cell         Fanout  Load Trans Delay Arrival Instance 
#                                                                                        (fF)  (ps)  (ps)   (ps)  Location 
#--------------------------------------------------------------------------------------------------------------------------
  csm_inst_round_counter_reg[0]/clk      -       -       R     (arrival)            335     -  2000     0       0    (-,-) 
  csm_inst_round_counter_reg[0]/q        (u)     clk->q  R     unmapped_d_flop      176 704.0     0   607     607    (-,-) 
  g22476/z                               (u)     in_1->z R     unmapped_or2           9  36.0     0   252     859    (-,-) 
  g22437/z                               (u)     in_1->z R     unmapped_or2          36 144.0     0   324    1184    (-,-) 
  g22767/z                               (u)     in_1->z R     unmapped_complex2      2   8.0     0   166    1350    (-,-) 
  g21409/z                               (u)     in_0->z F     unmapped_nand2         1   4.0     0   122    1472    (-,-) 
  g20904/z                               (u)     in_0->z F     unmapped_or2           1   4.0     0   122    1594    (-,-) 
  g20722/z                               (u)     in_1->z F     unmapped_or2           1   4.0     0   122    1716    (-,-) 
  g20572/z                               (u)     in_0->z R     unmapped_complex2      1   4.0     0   122    1838    (-,-) 
  g23130/z                               (u)     in_0->z F     unmapped_complex2      2   8.0     0   166    2004    (-,-) 
  g23200/z                               (u)     in_0->z R     unmapped_complex2      1   4.0     0   122    2126    (-,-) 
  g20481/z                               (u)     in_1->z F     unmapped_nand2        16  64.0     0   285    2412    (-,-) 
  csm_inst_f_inst_sbox_inst_sbox3_g507/z (u)     in_1->z F     unmapped_or2           2   8.0     0   166    2578    (-,-) 
  csm_inst_f_inst_sbox_inst_sbox3_g508/z (u)     in_1->z R     unmapped_nand2         5  20.0     0   224    2801    (-,-) 
  csm_inst_f_inst_sbox_inst_sbox3_g460/z (u)     in_1->z R     unmapped_or2           1   4.0     0   122    2924    (-,-) 
  csm_inst_f_inst_sbox_inst_sbox3_g436/z (u)     in_0->z F     unmapped_nand2         1   4.0     0   122    3046    (-,-) 
  csm_inst_f_inst_sbox_inst_sbox3_g417/z (u)     in_0->z R     unmapped_complex2      1   4.0     0   122    3168    (-,-) 
  csm_inst_f_inst_sbox_inst_sbox3_g392/z (u)     in_1->z F     unmapped_complex2      1   4.0     0   122    3290    (-,-) 
  csm_inst_f_inst_sbox_inst_sbox3_g386/z (u)     in_1->z F     unmapped_or2           1   4.0     0   122    3412    (-,-) 
  csm_inst_f_inst_sbox_inst_sbox3_g379/z (u)     in_1->z F     unmapped_or2           2   8.0     0   166    3578    (-,-) 
  g5796/z                                (u)     in_1->z F     unmapped_complex2      1   4.0     0   122    3700    (-,-) 
  g5797/z                                (u)     in_1->z R     unmapped_nand2         1   4.0     0   122    3823    (-,-) 
  g5782/z                                (u)     in_1->z F     unmapped_complex2      1   4.0     0   122    3945    (-,-) 
  g5774/z                                (u)     in_1->z R     unmapped_complex2      1   4.0     0   122    4067    (-,-) 
  csm_inst_right_reg_reg[26]/d           -       -       R     unmapped_d_flop        1     -     -     0    4067    (-,-) 
#--------------------------------------------------------------------------------------------------------------------------

(u) : Net has unmapped pin(s).



Path 17: MET (3858 ps) Setup Check with Pin csm_inst_right_reg_reg[4]/clk->d
          Group: C2C
     Startpoint: (R) csm_inst_round_counter_reg[0]/clk
          Clock: (R) clk
       Endpoint: (R) csm_inst_right_reg_reg[4]/d
          Clock: (R) clk

                     Capture       Launch     
        Clock Edge:+   10000            0     
       Src Latency:+       0            0     
       Net Latency:+       0 (I)        0 (I) 
           Arrival:=   10000            0     
                                              
             Setup:-      75                  
       Uncertainty:-    2000                  
     Required Time:=    7925                  
      Launch Clock:-       0                  
         Data Path:-    4067                  
             Slack:=    3858                  

#--------------------------------------------------------------------------------------------------------------------------
#             Timing Point               Flags    Arc    Edge       Cell         Fanout  Load Trans Delay Arrival Instance 
#                                                                                        (fF)  (ps)  (ps)   (ps)  Location 
#--------------------------------------------------------------------------------------------------------------------------
  csm_inst_round_counter_reg[0]/clk      -       -       R     (arrival)            335     -  2000     0       0    (-,-) 
  csm_inst_round_counter_reg[0]/q        (u)     clk->q  F     unmapped_d_flop      176 704.0     0   607     607    (-,-) 
  g22476/z                               (u)     in_1->z F     unmapped_or2           9  36.0     0   252     859    (-,-) 
  g22437/z                               (u)     in_1->z F     unmapped_or2          36 144.0     0   324    1184    (-,-) 
  g21926/z                               (u)     in_0->z F     unmapped_complex2      2   8.0     0   166    1350    (-,-) 
  g21353/z                               (u)     in_0->z R     unmapped_nand2         1   4.0     0   122    1472    (-,-) 
  g20957/z                               (u)     in_0->z R     unmapped_or2           1   4.0     0   122    1594    (-,-) 
  g20689/z                               (u)     in_1->z R     unmapped_or2           1   4.0     0   122    1716    (-,-) 
  g20611/z                               (u)     in_0->z F     unmapped_complex2      1   4.0     0   122    1838    (-,-) 
  g23127/z                               (u)     in_0->z R     unmapped_complex2      2   8.0     0   166    2004    (-,-) 
  g23186/z                               (u)     in_0->z F     unmapped_complex2      1   4.0     0   122    2126    (-,-) 
  g20441/z                               (u)     in_1->z R     unmapped_nand2        16  64.0     0   285    2412    (-,-) 
  csm_inst_f_inst_sbox_inst_sbox2_g807/z (u)     in_0->z F     unmapped_complex2      2   8.0     0   166    2578    (-,-) 
  csm_inst_f_inst_sbox_inst_sbox2_g808/z (u)     in_1->z R     unmapped_nand2         5  20.0     0   224    2801    (-,-) 
  csm_inst_f_inst_sbox_inst_sbox2_g785/z (u)     in_1->z R     unmapped_complex2      1   4.0     0   122    2924    (-,-) 
  csm_inst_f_inst_sbox_inst_sbox2_g716/z (u)     in_0->z R     unmapped_or2           1   4.0     0   122    3046    (-,-) 
  csm_inst_f_inst_sbox_inst_sbox2_g693/z (u)     in_1->z F     unmapped_nand2         1   4.0     0   122    3168    (-,-) 
  csm_inst_f_inst_sbox_inst_sbox2_g688/z (u)     in_1->z F     unmapped_complex2      1   4.0     0   122    3290    (-,-) 
  csm_inst_f_inst_sbox_inst_sbox2_g672/z (u)     in_1->z F     unmapped_or2           1   4.0     0   122    3412    (-,-) 
  csm_inst_f_inst_sbox_inst_sbox2_g668/z (u)     in_1->z F     unmapped_or2           2   8.0     0   166    3578    (-,-) 
  g5728/z                                (u)     in_1->z F     unmapped_complex2      1   4.0     0   122    3700    (-,-) 
  g5729/z                                (u)     in_1->z R     unmapped_nand2         1   4.0     0   122    3823    (-,-) 
  g5714/z                                (u)     in_1->z F     unmapped_complex2      1   4.0     0   122    3945    (-,-) 
  g5706/z                                (u)     in_1->z R     unmapped_complex2      1   4.0     0   122    4067    (-,-) 
  csm_inst_right_reg_reg[4]/d            -       -       R     unmapped_d_flop        1     -     -     0    4067    (-,-) 
#--------------------------------------------------------------------------------------------------------------------------

(u) : Net has unmapped pin(s).



Path 18: MET (3870 ps) Setup Check with Pin csm_inst_right_reg_reg[27]/clk->d
          Group: C2C
     Startpoint: (R) csm_inst_round_counter_reg[3]/clk
          Clock: (R) clk
       Endpoint: (R) csm_inst_right_reg_reg[27]/d
          Clock: (R) clk

                     Capture       Launch     
        Clock Edge:+   10000            0     
       Src Latency:+       0            0     
       Net Latency:+       0 (I)        0 (I) 
           Arrival:=   10000            0     
                                              
             Setup:-      75                  
       Uncertainty:-    2000                  
     Required Time:=    7925                  
      Launch Clock:-       0                  
         Data Path:-    4054                  
             Slack:=    3870                  

#--------------------------------------------------------------------------------------------------------------------------
#             Timing Point               Flags    Arc    Edge       Cell         Fanout  Load Trans Delay Arrival Instance 
#                                                                                        (fF)  (ps)  (ps)   (ps)  Location 
#--------------------------------------------------------------------------------------------------------------------------
  csm_inst_round_counter_reg[3]/clk      -       -       R     (arrival)            335     -  2000     0       0    (-,-) 
  csm_inst_round_counter_reg[3]/q        (u)     clk->q  R     unmapped_d_flop      115 460.0     0   546     546    (-,-) 
  g22508/z                               (u)     in_0->z R     unmapped_complex2      3  12.0     0   189     735    (-,-) 
  g22301/z                               (u)     in_1->z F     unmapped_nand2         4  16.0     0   211     947    (-,-) 
  g21656/z                               (u)     in_0->z R     unmapped_nand2         1   4.0     0   122    1069    (-,-) 
  g21379/z                               (u)     in_1->z F     unmapped_nand2         2   8.0     0   166    1235    (-,-) 
  g23024/z                               (u)     in_0->z R     unmapped_complex2      1   4.0     0   122    1357    (-,-) 
  g20754/z                               (u)     in_1->z F     unmapped_nand2         1   4.0     0   122    1479    (-,-) 
  g20658/z                               (u)     in_1->z F     unmapped_or2           1   4.0     0   122    1601    (-,-) 
  g20634/z                               (u)     in_1->z F     unmapped_or2           1   4.0     0   122    1724    (-,-) 
  g20507/z                               (u)     in_0->z R     unmapped_nand2         1   4.0     0   122    1846    (-,-) 
  g23161/z                               (u)     in_0->z F     unmapped_complex2      2   8.0     0   166    2012    (-,-) 
  g23252/z                               (u)     in_0->z R     unmapped_complex2      1   4.0     0   122    2134    (-,-) 
  g20393/z                               (u)     in_1->z F     unmapped_nand2        11  44.0     0   262    2396    (-,-) 
  csm_inst_f_inst_sbox_inst_sbox8_g565/z (u)     in_0->z F     unmapped_complex2      8  32.0     0   248    2643    (-,-) 
  csm_inst_f_inst_sbox_inst_sbox8_g510/z (u)     in_0->z F     unmapped_or2           5  20.0     0   224    2867    (-,-) 
  csm_inst_f_inst_sbox_inst_sbox8_g482/z (u)     in_1->z F     unmapped_or2           2   8.0     0   166    3033    (-,-) 
  csm_inst_f_inst_sbox_inst_sbox8_g468/z (u)     in_1->z R     unmapped_nand2         1   4.0     0   122    3155    (-,-) 
  csm_inst_f_inst_sbox_inst_sbox8_g435/z (u)     in_1->z R     unmapped_complex2      1   4.0     0   122    3277    (-,-) 
  csm_inst_f_inst_sbox_inst_sbox8_g423/z (u)     in_1->z R     unmapped_or2           1   4.0     0   122    3400    (-,-) 
  csm_inst_f_inst_sbox_inst_sbox8_g567/z (u)     in_1->z F     unmapped_nor2          2   8.0     0   166    3566    (-,-) 
  g5694/z                                (u)     in_1->z F     unmapped_complex2      1   4.0     0   122    3688    (-,-) 
  g5695/z                                (u)     in_1->z R     unmapped_nand2         1   4.0     0   122    3810    (-,-) 
  g5680/z                                (u)     in_1->z F     unmapped_complex2      1   4.0     0   122    3932    (-,-) 
  g5672/z                                (u)     in_1->z R     unmapped_complex2      1   4.0     0   122    4054    (-,-) 
  csm_inst_right_reg_reg[27]/d           -       -       R     unmapped_d_flop        1     -     -     0    4054    (-,-) 
#--------------------------------------------------------------------------------------------------------------------------

(u) : Net has unmapped pin(s).



Path 19: MET (3884 ps) Setup Check with Pin csm_inst_right_reg_reg[16]/clk->d
          Group: C2C
     Startpoint: (R) csm_inst_round_counter_reg[3]/clk
          Clock: (R) clk
       Endpoint: (R) csm_inst_right_reg_reg[16]/d
          Clock: (R) clk

                     Capture       Launch     
        Clock Edge:+   10000            0     
       Src Latency:+       0            0     
       Net Latency:+       0 (I)        0 (I) 
           Arrival:=   10000            0     
                                              
             Setup:-      75                  
       Uncertainty:-    2000                  
     Required Time:=    7925                  
      Launch Clock:-       0                  
         Data Path:-    4040                  
             Slack:=    3884                  

#--------------------------------------------------------------------------------------------------------------------------
#             Timing Point               Flags    Arc    Edge       Cell         Fanout  Load Trans Delay Arrival Instance 
#                                                                                        (fF)  (ps)  (ps)   (ps)  Location 
#--------------------------------------------------------------------------------------------------------------------------
  csm_inst_round_counter_reg[3]/clk      -       -       R     (arrival)            335     -  2000     0       0    (-,-) 
  csm_inst_round_counter_reg[3]/q        (u)     clk->q  F     unmapped_d_flop      115 460.0     0   546     546    (-,-) 
  g22599/z                               (u)     in_0->z R     unmapped_nand2         3  12.0     0   189     735    (-,-) 
  g22420/z                               (u)     in_1->z F     unmapped_nand2         4  16.0     0   211     947    (-,-) 
  g21925/z                               (u)     in_0->z R     unmapped_complex2      1   4.0     0   122    1069    (-,-) 
  g21147/z                               (u)     in_0->z F     unmapped_nand2         2   8.0     0   166    1235    (-,-) 
  g23035/z                               (u)     in_0->z R     unmapped_complex2      1   4.0     0   122    1357    (-,-) 
  g20851/z                               (u)     in_1->z F     unmapped_nand2         1   4.0     0   122    1479    (-,-) 
  g20733/z                               (u)     in_1->z F     unmapped_or2           1   4.0     0   122    1601    (-,-) 
  g20563/z                               (u)     in_1->z F     unmapped_or2           1   4.0     0   122    1724    (-,-) 
  g20520/z                               (u)     in_0->z R     unmapped_nand2         1   4.0     0   122    1846    (-,-) 
  g23164/z                               (u)     in_0->z F     unmapped_complex2      2   8.0     0   166    2012    (-,-) 
  g23258/z                               (u)     in_0->z R     unmapped_complex2      1   4.0     0   122    2134    (-,-) 
  g20402/z                               (u)     in_1->z F     unmapped_nand2        13  52.0     0   271    2405    (-,-) 
  csm_inst_f_inst_sbox_inst_sbox3_g510/z (u)     in_1->z F     unmapped_or2           1   4.0     0   122    2527    (-,-) 
  csm_inst_f_inst_sbox_inst_sbox3_g511/z (u)     in_1->z R     unmapped_nand2         8  32.0     0   248    2775    (-,-) 
  csm_inst_f_inst_sbox_inst_sbox3_g462/z (u)     in_1->z R     unmapped_or2           1   4.0     0   122    2897    (-,-) 
  csm_inst_f_inst_sbox_inst_sbox3_g463/z (u)     in_1->z F     unmapped_nand2         1   4.0     0   122    3019    (-,-) 
  csm_inst_f_inst_sbox_inst_sbox3_g435/z (u)     in_0->z R     unmapped_complex2      1   4.0     0   122    3141    (-,-) 
  csm_inst_f_inst_sbox_inst_sbox3_g412/z (u)     in_1->z F     unmapped_nand2         1   4.0     0   122    3263    (-,-) 
  csm_inst_f_inst_sbox_inst_sbox3_g395/z (u)     in_1->z F     unmapped_or2           1   4.0     0   122    3386    (-,-) 
  csm_inst_f_inst_sbox_inst_sbox3_g383/z (u)     in_1->z F     unmapped_or2           2   8.0     0   166    3552    (-,-) 
  g5793/z                                (u)     in_1->z F     unmapped_complex2      1   4.0     0   122    3674    (-,-) 
  g5794/z                                (u)     in_1->z R     unmapped_nand2         1   4.0     0   122    3796    (-,-) 
  g5780/z                                (u)     in_1->z F     unmapped_complex2      1   4.0     0   122    3918    (-,-) 
  g5773/z                                (u)     in_1->z R     unmapped_complex2      1   4.0     0   122    4040    (-,-) 
  csm_inst_right_reg_reg[16]/d           -       -       R     unmapped_d_flop        1     -     -     0    4040    (-,-) 
#--------------------------------------------------------------------------------------------------------------------------

(u) : Net has unmapped pin(s).



Path 20: MET (3885 ps) Setup Check with Pin csm_inst_right_reg_reg[19]/clk->d
          Group: C2C
     Startpoint: (R) csm_inst_round_counter_reg[0]/clk
          Clock: (R) clk
       Endpoint: (R) csm_inst_right_reg_reg[19]/d
          Clock: (R) clk

                     Capture       Launch     
        Clock Edge:+   10000            0     
       Src Latency:+       0            0     
       Net Latency:+       0 (I)        0 (I) 
           Arrival:=   10000            0     
                                              
             Setup:-      75                  
       Uncertainty:-    2000                  
     Required Time:=    7925                  
      Launch Clock:-       0                  
         Data Path:-    4040                  
             Slack:=    3885                  

#--------------------------------------------------------------------------------------------------------------------------
#             Timing Point               Flags    Arc    Edge       Cell         Fanout  Load Trans Delay Arrival Instance 
#                                                                                        (fF)  (ps)  (ps)   (ps)  Location 
#--------------------------------------------------------------------------------------------------------------------------
  csm_inst_round_counter_reg[0]/clk      -       -       R     (arrival)            335     -  2000     0       0    (-,-) 
  csm_inst_round_counter_reg[0]/q        (u)     clk->q  R     unmapped_d_flop      176 704.0     0   607     607    (-,-) 
  g22476/z                               (u)     in_1->z R     unmapped_or2           9  36.0     0   252     859    (-,-) 
  g22437/z                               (u)     in_1->z R     unmapped_or2          36 144.0     0   324    1184    (-,-) 
  g21926/z                               (u)     in_0->z R     unmapped_complex2      2   8.0     0   166    1350    (-,-) 
  g21353/z                               (u)     in_0->z F     unmapped_nand2         1   4.0     0   122    1472    (-,-) 
  g20957/z                               (u)     in_0->z F     unmapped_or2           1   4.0     0   122    1594    (-,-) 
  g20689/z                               (u)     in_1->z F     unmapped_or2           1   4.0     0   122    1716    (-,-) 
  g20611/z                               (u)     in_0->z R     unmapped_complex2      1   4.0     0   122    1838    (-,-) 
  g23127/z                               (u)     in_0->z F     unmapped_complex2      2   8.0     0   166    2004    (-,-) 
  g23186/z                               (u)     in_0->z R     unmapped_complex2      1   4.0     0   122    2126    (-,-) 
  g20441/z                               (u)     in_1->z F     unmapped_nand2        16  64.0     0   285    2412    (-,-) 
  csm_inst_f_inst_sbox_inst_sbox2_g93/z  (u)     in_1->z F     unmapped_or2           7  28.0     0   240    2652    (-,-) 
  csm_inst_f_inst_sbox_inst_sbox2_g765/z (u)     in_1->z F     unmapped_or2           1   4.0     0   122    2774    (-,-) 
  csm_inst_f_inst_sbox_inst_sbox2_g737/z (u)     in_0->z R     unmapped_nand2         1   4.0     0   122    2896    (-,-) 
  csm_inst_f_inst_sbox_inst_sbox2_g712/z (u)     in_1->z F     unmapped_complex2      1   4.0     0   122    3018    (-,-) 
  csm_inst_f_inst_sbox_inst_sbox2_g691/z (u)     in_0->z R     unmapped_nand2         1   4.0     0   122    3141    (-,-) 
  csm_inst_f_inst_sbox_inst_sbox2_g673/z (u)     in_0->z R     unmapped_complex2      1   4.0     0   122    3263    (-,-) 
  csm_inst_f_inst_sbox_inst_sbox2_g669/z (u)     in_0->z R     unmapped_complex2      1   4.0     0   122    3385    (-,-) 
  csm_inst_f_inst_sbox_inst_sbox2_g817/z (u)     in_1->z F     unmapped_nor2          2   8.0     0   166    3551    (-,-) 
  g5725/z                                (u)     in_1->z F     unmapped_complex2      1   4.0     0   122    3673    (-,-) 
  g5726/z                                (u)     in_1->z R     unmapped_nand2         1   4.0     0   122    3795    (-,-) 
  g5712/z                                (u)     in_1->z F     unmapped_complex2      1   4.0     0   122    3918    (-,-) 
  g5705/z                                (u)     in_1->z R     unmapped_complex2      1   4.0     0   122    4040    (-,-) 
  csm_inst_right_reg_reg[19]/d           -       -       R     unmapped_d_flop        1     -     -     0    4040    (-,-) 
#--------------------------------------------------------------------------------------------------------------------------

(u) : Net has unmapped pin(s).



Path 21: MET (3887 ps) Setup Check with Pin csm_inst_right_reg_reg[0]/clk->d
          Group: C2C
     Startpoint: (R) csm_inst_round_counter_reg[0]/clk
          Clock: (R) clk
       Endpoint: (R) csm_inst_right_reg_reg[0]/d
          Clock: (R) clk

                     Capture       Launch     
        Clock Edge:+   10000            0     
       Src Latency:+       0            0     
       Net Latency:+       0 (I)        0 (I) 
           Arrival:=   10000            0     
                                              
             Setup:-      75                  
       Uncertainty:-    2000                  
     Required Time:=    7925                  
      Launch Clock:-       0                  
         Data Path:-    4037                  
             Slack:=    3887                  

#--------------------------------------------------------------------------------------------------------------------------
#             Timing Point               Flags    Arc    Edge       Cell         Fanout  Load Trans Delay Arrival Instance 
#                                                                                        (fF)  (ps)  (ps)   (ps)  Location 
#--------------------------------------------------------------------------------------------------------------------------
  csm_inst_round_counter_reg[0]/clk      -       -       R     (arrival)            335     -  2000     0       0    (-,-) 
  csm_inst_round_counter_reg[0]/q        (u)     clk->q  F     unmapped_d_flop      176 704.0     0   607     607    (-,-) 
  g22476/z                               (u)     in_1->z F     unmapped_or2           9  36.0     0   252     859    (-,-) 
  g22437/z                               (u)     in_1->z F     unmapped_or2          36 144.0     0   324    1184    (-,-) 
  g22763/z                               (u)     in_1->z F     unmapped_complex2      2   8.0     0   166    1350    (-,-) 
  g21242/z                               (u)     in_0->z R     unmapped_nand2         1   4.0     0   122    1472    (-,-) 
  g21059/z                               (u)     in_0->z R     unmapped_or2           1   4.0     0   122    1594    (-,-) 
  g20681/z                               (u)     in_1->z R     unmapped_or2           1   4.0     0   122    1716    (-,-) 
  g20609/z                               (u)     in_0->z F     unmapped_nand2         1   4.0     0   122    1838    (-,-) 
  g23124/z                               (u)     in_0->z R     unmapped_complex2      2   8.0     0   166    2004    (-,-) 
  g23174/z                               (u)     in_0->z F     unmapped_complex2      1   4.0     0   122    2126    (-,-) 
  g20422/z                               (u)     in_1->z R     unmapped_nand2        12  48.0     0   266    2393    (-,-) 
  csm_inst_f_inst_sbox_inst_sbox7_g606/z (u)     in_0->z F     unmapped_nand2         3  12.0     0   189    2582    (-,-) 
  csm_inst_f_inst_sbox_inst_sbox7_g575/z (u)     in_1->z F     unmapped_complex2      3  12.0     0   189    2772    (-,-) 
  csm_inst_f_inst_sbox_inst_sbox7_g556/z (u)     in_1->z F     unmapped_or2           1   4.0     0   122    2894    (-,-) 
  csm_inst_f_inst_sbox_inst_sbox7_g506/z (u)     in_0->z R     unmapped_nand2         1   4.0     0   122    3016    (-,-) 
  csm_inst_f_inst_sbox_inst_sbox7_g495/z (u)     in_0->z R     unmapped_complex2      1   4.0     0   122    3138    (-,-) 
  csm_inst_f_inst_sbox_inst_sbox7_g481/z (u)     in_0->z R     unmapped_complex2      1   4.0     0   122    3260    (-,-) 
  csm_inst_f_inst_sbox_inst_sbox7_g471/z (u)     in_1->z R     unmapped_or2           1   4.0     0   122    3382    (-,-) 
  csm_inst_f_inst_sbox_inst_sbox7_g617/z (u)     in_1->z F     unmapped_nor2          2   8.0     0   166    3548    (-,-) 
  g5833/z                                (u)     in_1->z F     unmapped_complex2      1   4.0     0   122    3671    (-,-) 
  g5834/z                                (u)     in_1->z R     unmapped_nand2         1   4.0     0   122    3793    (-,-) 
  g5819/z                                (u)     in_1->z F     unmapped_complex2      1   4.0     0   122    3915    (-,-) 
  g5806/z                                (u)     in_1->z R     unmapped_complex2      1   4.0     0   122    4037    (-,-) 
  csm_inst_right_reg_reg[0]/d            -       -       R     unmapped_d_flop        1     -     -     0    4037    (-,-) 
#--------------------------------------------------------------------------------------------------------------------------

(u) : Net has unmapped pin(s).



Path 22: MET (3899 ps) Setup Check with Pin csm_inst_right_reg_reg[1]/clk->d
          Group: C2C
     Startpoint: (R) csm_inst_round_counter_reg[0]/clk
          Clock: (R) clk
       Endpoint: (R) csm_inst_right_reg_reg[1]/d
          Clock: (R) clk

                     Capture       Launch     
        Clock Edge:+   10000            0     
       Src Latency:+       0            0     
       Net Latency:+       0 (I)        0 (I) 
           Arrival:=   10000            0     
                                              
             Setup:-      75                  
       Uncertainty:-    2000                  
     Required Time:=    7925                  
      Launch Clock:-       0                  
         Data Path:-    4026                  
             Slack:=    3899                  

#---------------------------------------------------------------------------------------------------------------------
#           Timing Point            Flags    Arc    Edge       Cell         Fanout  Load Trans Delay Arrival Instance 
#                                                                                   (fF)  (ps)  (ps)   (ps)  Location 
#---------------------------------------------------------------------------------------------------------------------
  csm_inst_round_counter_reg[0]/clk -       -       R     (arrival)            335     -  2000     0       0    (-,-) 
  csm_inst_round_counter_reg[0]/q   (u)     clk->q  R     unmapped_d_flop      176 704.0     0   607     607    (-,-) 
  g22616/z                          (u)     in_1->z F     unmapped_nand2        10  40.0     0   257     864    (-,-) 
  g22645/z                          (u)     in_0->z F     unmapped_complex2     38 152.0     0   327    1191    (-,-) 
  g22686/z                          (u)     in_1->z F     unmapped_complex2      2   8.0     0   166    1357    (-,-) 
  g21181/z                          (u)     in_1->z R     unmapped_nand2         1   4.0     0   122    1479    (-,-) 
  g21124/z                          (u)     in_0->z R     unmapped_or2           1   4.0     0   122    1601    (-,-) 
  g20731/z                          (u)     in_1->z R     unmapped_or2           1   4.0     0   122    1724    (-,-) 
  g20626/z                          (u)     in_0->z F     unmapped_complex2      1   4.0     0   122    1846    (-,-) 
  g23121/z                          (u)     in_0->z R     unmapped_complex2      2   8.0     0   166    2012    (-,-) 
  g23143/z                          (u)     in_0->z F     unmapped_complex2      1   4.0     0   122    2134    (-,-) 
  g20459/z                          (u)     in_1->z R     unmapped_nand2        15  60.0     0   280    2414    (-,-) 
  g20311/z                          (u)     in_1->z F     unmapped_complex2      1   4.0     0   122    2536    (-,-) 
  g20312/z                          (u)     in_1->z R     unmapped_nand2         5  20.0     0   224    2760    (-,-) 
  g20284/z                          (u)     in_1->z R     unmapped_or2           1   4.0     0   122    2882    (-,-) 
  g20237/z                          (u)     in_0->z R     unmapped_or2           1   4.0     0   122    3005    (-,-) 
  g20212/z                          (u)     in_1->z F     unmapped_nand2         1   4.0     0   122    3127    (-,-) 
  g23277/z                          (u)     in_1->z F     unmapped_complex2      1   4.0     0   122    3249    (-,-) 
  g20186/z                          (u)     in_0->z F     unmapped_or2           1   4.0     0   122    3371    (-,-) 
  g20176/z                          (u)     in_1->z F     unmapped_or2           2   8.0     0   166    3537    (-,-) 
  g20171/z                          (u)     in_0->z F     unmapped_complex2      1   4.0     0   122    3659    (-,-) 
  g20172/z                          (u)     in_1->z R     unmapped_nand2         1   4.0     0   122    3782    (-,-) 
  g20167/z                          (u)     in_0->z F     unmapped_complex2      1   4.0     0   122    3904    (-,-) 
  g23281/z                          (u)     in_0->z R     unmapped_complex2      1   4.0     0   122    4026    (-,-) 
  csm_inst_right_reg_reg[1]/d       -       -       R     unmapped_d_flop        1     -     -     0    4026    (-,-) 
#---------------------------------------------------------------------------------------------------------------------

(u) : Net has unmapped pin(s).



Path 23: MET (3901 ps) Setup Check with Pin csm_inst_right_reg_reg[22]/clk->d
          Group: C2C
     Startpoint: (R) csm_inst_round_counter_reg[0]/clk
          Clock: (R) clk
       Endpoint: (R) csm_inst_right_reg_reg[22]/d
          Clock: (R) clk

                     Capture       Launch     
        Clock Edge:+   10000            0     
       Src Latency:+       0            0     
       Net Latency:+       0 (I)        0 (I) 
           Arrival:=   10000            0     
                                              
             Setup:-      75                  
       Uncertainty:-    2000                  
     Required Time:=    7925                  
      Launch Clock:-       0                  
         Data Path:-    4024                  
             Slack:=    3901                  

#---------------------------------------------------------------------------------------------------------------------------
#              Timing Point               Flags    Arc    Edge       Cell         Fanout  Load Trans Delay Arrival Instance 
#                                                                                         (fF)  (ps)  (ps)   (ps)  Location 
#---------------------------------------------------------------------------------------------------------------------------
  csm_inst_round_counter_reg[0]/clk       -       -       R     (arrival)            335     -  2000     0       0    (-,-) 
  csm_inst_round_counter_reg[0]/q         (u)     clk->q  F     unmapped_d_flop      176 704.0     0   607     607    (-,-) 
  g22476/z                                (u)     in_1->z F     unmapped_or2           9  36.0     0   252     859    (-,-) 
  g22437/z                                (u)     in_1->z F     unmapped_or2          36 144.0     0   324    1184    (-,-) 
  g22655/z                                (u)     in_0->z F     unmapped_complex2      2   8.0     0   166    1350    (-,-) 
  g21443/z                                (u)     in_0->z R     unmapped_nand2         1   4.0     0   122    1472    (-,-) 
  g20962/z                                (u)     in_0->z R     unmapped_or2           1   4.0     0   122    1594    (-,-) 
  g20676/z                                (u)     in_1->z R     unmapped_or2           1   4.0     0   122    1716    (-,-) 
  g20612/z                                (u)     in_0->z F     unmapped_complex2      1   4.0     0   122    1838    (-,-) 
  g20539/z                                (u)     in_1->z R     unmapped_complex2      2   8.0     0   166    2004    (-,-) 
  g23188/z                                (u)     in_0->z F     unmapped_complex2      1   4.0     0   122    2126    (-,-) 
  g20446/z                                (u)     in_1->z R     unmapped_nand2        11  44.0     0   262    2388    (-,-) 
  csm_inst_f_inst_sbox_inst_sbox4_g74/z   (u)     in_1->z R     unmapped_or2           8  32.0     0   248    2636    (-,-) 
  csm_inst_f_inst_sbox_inst_sbox4_g1198/z (u)     in_0->z R     unmapped_or2           1   4.0     0   122    2758    (-,-) 
  csm_inst_f_inst_sbox_inst_sbox4_g1174/z (u)     in_1->z R     unmapped_or2           1   4.0     0   122    2880    (-,-) 
  csm_inst_f_inst_sbox_inst_sbox4_g1128/z (u)     in_1->z F     unmapped_nand2         1   4.0     0   122    3002    (-,-) 
  csm_inst_f_inst_sbox_inst_sbox4_g1115/z (u)     in_1->z F     unmapped_or2           1   4.0     0   122    3124    (-,-) 
  csm_inst_f_inst_sbox_inst_sbox4_g1105/z (u)     in_0->z F     unmapped_complex2      1   4.0     0   122    3247    (-,-) 
  csm_inst_f_inst_sbox_inst_sbox4_g1096/z (u)     in_1->z F     unmapped_or2           1   4.0     0   122    3369    (-,-) 
  csm_inst_f_inst_sbox_inst_sbox4_g1094/z (u)     in_1->z F     unmapped_or2           2   8.0     0   166    3535    (-,-) 
  g5657/z                                 (u)     in_1->z F     unmapped_complex2      1   4.0     0   122    3657    (-,-) 
  g5658/z                                 (u)     in_1->z R     unmapped_nand2         1   4.0     0   122    3779    (-,-) 
  g5644/z                                 (u)     in_1->z F     unmapped_complex2      1   4.0     0   122    3901    (-,-) 
  g5603/z                                 (u)     in_1->z R     unmapped_complex2      1   4.0     0   122    4024    (-,-) 
  csm_inst_right_reg_reg[22]/d            -       -       R     unmapped_d_flop        1     -     -     0    4024    (-,-) 
#---------------------------------------------------------------------------------------------------------------------------

(u) : Net has unmapped pin(s).



Path 24: MET (3901 ps) Setup Check with Pin csm_inst_right_reg_reg[12]/clk->d
          Group: C2C
     Startpoint: (R) csm_inst_round_counter_reg[0]/clk
          Clock: (R) clk
       Endpoint: (R) csm_inst_right_reg_reg[12]/d
          Clock: (R) clk

                     Capture       Launch     
        Clock Edge:+   10000            0     
       Src Latency:+       0            0     
       Net Latency:+       0 (I)        0 (I) 
           Arrival:=   10000            0     
                                              
             Setup:-      75                  
       Uncertainty:-    2000                  
     Required Time:=    7925                  
      Launch Clock:-       0                  
         Data Path:-    4024                  
             Slack:=    3901                  

#---------------------------------------------------------------------------------------------------------------------------
#              Timing Point               Flags    Arc    Edge       Cell         Fanout  Load Trans Delay Arrival Instance 
#                                                                                         (fF)  (ps)  (ps)   (ps)  Location 
#---------------------------------------------------------------------------------------------------------------------------
  csm_inst_round_counter_reg[0]/clk       -       -       R     (arrival)            335     -  2000     0       0    (-,-) 
  csm_inst_round_counter_reg[0]/q         (u)     clk->q  R     unmapped_d_flop      176 704.0     0   607     607    (-,-) 
  g22476/z                                (u)     in_1->z R     unmapped_or2           9  36.0     0   252     859    (-,-) 
  g22437/z                                (u)     in_1->z R     unmapped_or2          36 144.0     0   324    1184    (-,-) 
  g22655/z                                (u)     in_0->z R     unmapped_complex2      2   8.0     0   166    1350    (-,-) 
  g21443/z                                (u)     in_0->z F     unmapped_nand2         1   4.0     0   122    1472    (-,-) 
  g20962/z                                (u)     in_0->z F     unmapped_or2           1   4.0     0   122    1594    (-,-) 
  g20676/z                                (u)     in_1->z F     unmapped_or2           1   4.0     0   122    1716    (-,-) 
  g20612/z                                (u)     in_0->z R     unmapped_complex2      1   4.0     0   122    1838    (-,-) 
  g20539/z                                (u)     in_1->z F     unmapped_complex2      2   8.0     0   166    2004    (-,-) 
  g23188/z                                (u)     in_0->z R     unmapped_complex2      1   4.0     0   122    2126    (-,-) 
  g20446/z                                (u)     in_1->z F     unmapped_nand2        11  44.0     0   262    2388    (-,-) 
  csm_inst_f_inst_sbox_inst_sbox4_g74/z   (u)     in_1->z F     unmapped_or2           8  32.0     0   248    2636    (-,-) 
  csm_inst_f_inst_sbox_inst_sbox4_g1193/z (u)     in_0->z R     unmapped_complex2      1   4.0     0   122    2758    (-,-) 
  csm_inst_f_inst_sbox_inst_sbox4_g1161/z (u)     in_1->z R     unmapped_or2           1   4.0     0   122    2880    (-,-) 
  csm_inst_f_inst_sbox_inst_sbox4_g1146/z (u)     in_0->z F     unmapped_nand2         1   4.0     0   122    3002    (-,-) 
  csm_inst_f_inst_sbox_inst_sbox4_g1117/z (u)     in_1->z F     unmapped_or2           1   4.0     0   122    3124    (-,-) 
  csm_inst_f_inst_sbox_inst_sbox4_g1106/z (u)     in_0->z F     unmapped_complex2      1   4.0     0   122    3247    (-,-) 
  csm_inst_f_inst_sbox_inst_sbox4_g1100/z (u)     in_0->z F     unmapped_or2           1   4.0     0   122    3369    (-,-) 
  csm_inst_f_inst_sbox_inst_sbox4_g1095/z (u)     in_1->z F     unmapped_or2           2   8.0     0   166    3535    (-,-) 
  g5660/z                                 (u)     in_1->z F     unmapped_complex2      1   4.0     0   122    3657    (-,-) 
  g5661/z                                 (u)     in_1->z R     unmapped_nand2         1   4.0     0   122    3779    (-,-) 
  g5646/z                                 (u)     in_1->z F     unmapped_complex2      1   4.0     0   122    3901    (-,-) 
  g5604/z                                 (u)     in_1->z R     unmapped_complex2      1   4.0     0   122    4024    (-,-) 
  csm_inst_right_reg_reg[12]/d            -       -       R     unmapped_d_flop        1     -     -     0    4024    (-,-) 
#---------------------------------------------------------------------------------------------------------------------------

(u) : Net has unmapped pin(s).



Path 25: MET (3902 ps) Setup Check with Pin csm_inst_right_reg_reg[31]/clk->d
          Group: C2C
     Startpoint: (R) csm_inst_round_counter_reg[3]/clk
          Clock: (R) clk
       Endpoint: (R) csm_inst_right_reg_reg[31]/d
          Clock: (R) clk

                     Capture       Launch     
        Clock Edge:+   10000            0     
       Src Latency:+       0            0     
       Net Latency:+       0 (I)        0 (I) 
           Arrival:=   10000            0     
                                              
             Setup:-      75                  
       Uncertainty:-    2000                  
     Required Time:=    7925                  
      Launch Clock:-       0                  
         Data Path:-    4022                  
             Slack:=    3902                  

#---------------------------------------------------------------------------------------------------------------------------
#              Timing Point               Flags    Arc    Edge       Cell         Fanout  Load Trans Delay Arrival Instance 
#                                                                                         (fF)  (ps)  (ps)   (ps)  Location 
#---------------------------------------------------------------------------------------------------------------------------
  csm_inst_round_counter_reg[3]/clk       -       -       R     (arrival)            335     -  2000     0       0    (-,-) 
  csm_inst_round_counter_reg[3]/q         (u)     clk->q  R     unmapped_d_flop      115 460.0     0   546     546    (-,-) 
  g22566/z                                (u)     in_0->z F     unmapped_nand2         3  12.0     0   189     735    (-,-) 
  g22471/z                                (u)     in_1->z R     unmapped_nand2         3  12.0     0   189     925    (-,-) 
  g21868/z                                (u)     in_0->z F     unmapped_nand2         1   4.0     0   122    1047    (-,-) 
  g21397/z                                (u)     in_1->z R     unmapped_nand2         2   8.0     0   166    1213    (-,-) 
  g23010/z                                (u)     in_0->z F     unmapped_complex2      1   4.0     0   122    1335    (-,-) 
  g20761/z                                (u)     in_1->z R     unmapped_nand2         1   4.0     0   122    1457    (-,-) 
  g20668/z                                (u)     in_0->z R     unmapped_or2           1   4.0     0   122    1580    (-,-) 
  g20618/z                                (u)     in_1->z R     unmapped_or2           1   4.0     0   122    1702    (-,-) 
  g20497/z                                (u)     in_0->z F     unmapped_nand2         1   4.0     0   122    1824    (-,-) 
  g23157/z                                (u)     in_0->z R     unmapped_complex2      2   8.0     0   166    1990    (-,-) 
  g23244/z                                (u)     in_0->z F     unmapped_complex2      1   4.0     0   122    2112    (-,-) 
  g20375/z                                (u)     in_1->z R     unmapped_nand2        18  72.0     0   289    2401    (-,-) 
  csm_inst_f_inst_sbox_inst_sbox4_g1251/z (u)     in_0->z R     unmapped_complex2      6  24.0     0   233    2634    (-,-) 
  csm_inst_f_inst_sbox_inst_sbox4_g1221/z (u)     in_0->z R     unmapped_or2           1   4.0     0   122    2757    (-,-) 
  csm_inst_f_inst_sbox_inst_sbox4_g1186/z (u)     in_1->z F     unmapped_nand2         1   4.0     0   122    2879    (-,-) 
  csm_inst_f_inst_sbox_inst_sbox4_g1132/z (u)     in_0->z F     unmapped_complex2      1   4.0     0   122    3001    (-,-) 
  csm_inst_f_inst_sbox_inst_sbox4_g1122/z (u)     in_0->z R     unmapped_complex2      1   4.0     0   122    3123    (-,-) 
  csm_inst_f_inst_sbox_inst_sbox4_g1102/z (u)     in_0->z F     unmapped_nand2         1   4.0     0   122    3246    (-,-) 
  csm_inst_f_inst_sbox_inst_sbox4_g1099/z (u)     in_1->z F     unmapped_or2           1   4.0     0   122    3368    (-,-) 
  csm_inst_f_inst_sbox_inst_sbox4_g1092/z (u)     in_1->z F     unmapped_or2           2   8.0     0   166    3534    (-,-) 
  g5663/z                                 (u)     in_1->z F     unmapped_complex2      1   4.0     0   122    3656    (-,-) 
  g5664/z                                 (u)     in_1->z R     unmapped_nand2         1   4.0     0   122    3778    (-,-) 
  g5649/z                                 (u)     in_1->z F     unmapped_complex2      1   4.0     0   122    3900    (-,-) 
  g5602/z                                 (u)     in_1->z R     unmapped_complex2      1   4.0     0   122    4022    (-,-) 
  csm_inst_right_reg_reg[31]/d            -       -       R     unmapped_d_flop        1     -     -     0    4022    (-,-) 
#---------------------------------------------------------------------------------------------------------------------------

(u) : Net has unmapped pin(s).



Path 26: MET (3903 ps) Setup Check with Pin csm_inst_right_reg_reg[28]/clk->d
          Group: C2C
     Startpoint: (R) csm_inst_round_counter_reg[0]/clk
          Clock: (R) clk
       Endpoint: (R) csm_inst_right_reg_reg[28]/d
          Clock: (R) clk

                     Capture       Launch     
        Clock Edge:+   10000            0     
       Src Latency:+       0            0     
       Net Latency:+       0 (I)        0 (I) 
           Arrival:=   10000            0     
                                              
             Setup:-      75                  
       Uncertainty:-    2000                  
     Required Time:=    7925                  
      Launch Clock:-       0                  
         Data Path:-    4022                  
             Slack:=    3903                  

#--------------------------------------------------------------------------------------------------------------------------
#             Timing Point               Flags    Arc    Edge       Cell         Fanout  Load Trans Delay Arrival Instance 
#                                                                                        (fF)  (ps)  (ps)   (ps)  Location 
#--------------------------------------------------------------------------------------------------------------------------
  csm_inst_round_counter_reg[0]/clk      -       -       R     (arrival)            335     -  2000     0       0    (-,-) 
  csm_inst_round_counter_reg[0]/q        (u)     clk->q  R     unmapped_d_flop      176 704.0     0   607     607    (-,-) 
  g22476/z                               (u)     in_1->z R     unmapped_or2           9  36.0     0   252     859    (-,-) 
  g22437/z                               (u)     in_1->z R     unmapped_or2          36 144.0     0   324    1184    (-,-) 
  g22721/z                               (u)     in_1->z R     unmapped_complex2      2   8.0     0   166    1350    (-,-) 
  g20797/z                               (u)     in_1->z F     unmapped_nand2         1   4.0     0   122    1472    (-,-) 
  g20732/z                               (u)     in_1->z F     unmapped_or2           1   4.0     0   122    1594    (-,-) 
  g20570/z                               (u)     in_1->z F     unmapped_or2           1   4.0     0   122    1716    (-,-) 
  g20514/z                               (u)     in_0->z R     unmapped_nand2         1   4.0     0   122    1838    (-,-) 
  g23148/z                               (u)     in_0->z F     unmapped_complex2      2   8.0     0   166    2004    (-,-) 
  g23226/z                               (u)     in_0->z R     unmapped_complex2      1   4.0     0   122    2126    (-,-) 
  g20342/z                               (u)     in_1->z F     unmapped_nand2        14  56.0     0   276    2402    (-,-) 
  csm_inst_f_inst_sbox_inst_sbox6_g637/z (u)     in_0->z R     unmapped_complex2      5  20.0     0   224    2626    (-,-) 
  csm_inst_f_inst_sbox_inst_sbox6_g612/z (u)     in_0->z F     unmapped_nand2         9  36.0     0   252    2878    (-,-) 
  csm_inst_f_inst_sbox_inst_sbox6_g546/z (u)     in_1->z R     unmapped_complex2      1   4.0     0   122    3000    (-,-) 
  csm_inst_f_inst_sbox_inst_sbox6_g534/z (u)     in_1->z F     unmapped_nand2         1   4.0     0   122    3122    (-,-) 
  csm_inst_f_inst_sbox_inst_sbox6_g518/z (u)     in_1->z F     unmapped_or2           1   4.0     0   122    3245    (-,-) 
  csm_inst_f_inst_sbox_inst_sbox6_g498/z (u)     in_1->z F     unmapped_or2           1   4.0     0   122    3367    (-,-) 
  csm_inst_f_inst_sbox_inst_sbox6_g492/z (u)     in_1->z F     unmapped_or2           2   8.0     0   166    3533    (-,-) 
  g5765/z                                (u)     in_1->z F     unmapped_complex2      1   4.0     0   122    3655    (-,-) 
  g5766/z                                (u)     in_1->z R     unmapped_nand2         1   4.0     0   122    3777    (-,-) 
  g5751/z                                (u)     in_1->z F     unmapped_complex2      1   4.0     0   122    3900    (-,-) 
  g5738/z                                (u)     in_1->z R     unmapped_complex2      1   4.0     0   122    4022    (-,-) 
  csm_inst_right_reg_reg[28]/d           -       -       R     unmapped_d_flop        1     -     -     0    4022    (-,-) 
#--------------------------------------------------------------------------------------------------------------------------

(u) : Net has unmapped pin(s).



Path 27: MET (3904 ps) Setup Check with Pin csm_inst_right_reg_reg[7]/clk->d
          Group: C2C
     Startpoint: (R) csm_inst_round_counter_reg[0]/clk
          Clock: (R) clk
       Endpoint: (R) csm_inst_right_reg_reg[7]/d
          Clock: (R) clk

                     Capture       Launch     
        Clock Edge:+   10000            0     
       Src Latency:+       0            0     
       Net Latency:+       0 (I)        0 (I) 
           Arrival:=   10000            0     
                                              
             Setup:-      75                  
       Uncertainty:-    2000                  
     Required Time:=    7925                  
      Launch Clock:-       0                  
         Data Path:-    4020                  
             Slack:=    3904                  

#--------------------------------------------------------------------------------------------------------------------------
#             Timing Point               Flags    Arc    Edge       Cell         Fanout  Load Trans Delay Arrival Instance 
#                                                                                        (fF)  (ps)  (ps)   (ps)  Location 
#--------------------------------------------------------------------------------------------------------------------------
  csm_inst_round_counter_reg[0]/clk      -       -       R     (arrival)            335     -  2000     0       0    (-,-) 
  csm_inst_round_counter_reg[0]/q        (u)     clk->q  R     unmapped_d_flop      176 704.0     0   607     607    (-,-) 
  g22616/z                               (u)     in_1->z F     unmapped_nand2        10  40.0     0   257     864    (-,-) 
  g22645/z                               (u)     in_0->z F     unmapped_complex2     38 152.0     0   327    1191    (-,-) 
  g22036/z                               (u)     in_1->z F     unmapped_complex2      2   8.0     0   166    1357    (-,-) 
  g21400/z                               (u)     in_0->z R     unmapped_nand2         1   4.0     0   122    1479    (-,-) 
  g20708/z                               (u)     in_1->z R     unmapped_or2           1   4.0     0   122    1601    (-,-) 
  g20575/z                               (u)     in_1->z R     unmapped_or2           1   4.0     0   122    1724    (-,-) 
  g20525/z                               (u)     in_0->z F     unmapped_complex2      1   4.0     0   122    1846    (-,-) 
  g23158/z                               (u)     in_0->z R     unmapped_complex2      2   8.0     0   166    2012    (-,-) 
  g23246/z                               (u)     in_0->z F     unmapped_complex2      1   4.0     0   122    2134    (-,-) 
  g20378/z                               (u)     in_1->z R     unmapped_nand2        17  68.0     0   287    2421    (-,-) 
  csm_inst_f_inst_sbox_inst_sbox5_g866/z (u)     in_0->z F     unmapped_complex2      1   4.0     0   122    2543    (-,-) 
  csm_inst_f_inst_sbox_inst_sbox5_g867/z (u)     in_1->z R     unmapped_nand2         4  16.0     0   211    2754    (-,-) 
  csm_inst_f_inst_sbox_inst_sbox5_g777/z (u)     in_1->z R     unmapped_or2           1   4.0     0   122    2877    (-,-) 
  csm_inst_f_inst_sbox_inst_sbox5_g762/z (u)     in_0->z F     unmapped_nand2         1   4.0     0   122    2999    (-,-) 
  csm_inst_f_inst_sbox_inst_sbox5_g740/z (u)     in_0->z F     unmapped_complex2      1   4.0     0   122    3121    (-,-) 
  csm_inst_f_inst_sbox_inst_sbox5_g737/z (u)     in_0->z F     unmapped_complex2      1   4.0     0   122    3243    (-,-) 
  csm_inst_f_inst_sbox_inst_sbox5_g727/z (u)     in_0->z F     unmapped_complex2      1   4.0     0   122    3365    (-,-) 
  csm_inst_f_inst_sbox_inst_sbox5_g726/z (u)     in_1->z F     unmapped_or2           2   8.0     0   166    3531    (-,-) 
  g5634/z                                (u)     in_1->z F     unmapped_complex2      1   4.0     0   122    3654    (-,-) 
  g5635/z                                (u)     in_1->z R     unmapped_nand2         1   4.0     0   122    3776    (-,-) 
  g5620/z                                (u)     in_1->z F     unmapped_complex2      1   4.0     0   122    3898    (-,-) 
  g5607/z                                (u)     in_1->z R     unmapped_complex2      1   4.0     0   122    4020    (-,-) 
  csm_inst_right_reg_reg[7]/d            -       -       R     unmapped_d_flop        1     -     -     0    4020    (-,-) 
#--------------------------------------------------------------------------------------------------------------------------

(u) : Net has unmapped pin(s).



Path 28: MET (3911 ps) Setup Check with Pin csm_inst_right_reg_reg[23]/clk->d
          Group: C2C
     Startpoint: (R) csm_inst_round_counter_reg[3]/clk
          Clock: (R) clk
       Endpoint: (R) csm_inst_right_reg_reg[23]/d
          Clock: (R) clk

                     Capture       Launch     
        Clock Edge:+   10000            0     
       Src Latency:+       0            0     
       Net Latency:+       0 (I)        0 (I) 
           Arrival:=   10000            0     
                                              
             Setup:-      75                  
       Uncertainty:-    2000                  
     Required Time:=    7925                  
      Launch Clock:-       0                  
         Data Path:-    4014                  
             Slack:=    3911                  

#---------------------------------------------------------------------------------------------------------------------
#           Timing Point            Flags    Arc    Edge       Cell         Fanout  Load Trans Delay Arrival Instance 
#                                                                                   (fF)  (ps)  (ps)   (ps)  Location 
#---------------------------------------------------------------------------------------------------------------------
  csm_inst_round_counter_reg[3]/clk -       -       R     (arrival)            335     -  2000     0       0    (-,-) 
  csm_inst_round_counter_reg[3]/q   (u)     clk->q  F     unmapped_d_flop      115 460.0     0   546     546    (-,-) 
  g22610/z                          (u)     in_0->z R     unmapped_nand2         3  12.0     0   189     735    (-,-) 
  g22432/z                          (u)     in_1->z F     unmapped_nand2         4  16.0     0   211     947    (-,-) 
  g21785/z                          (u)     in_0->z R     unmapped_nand2         1   4.0     0   122    1069    (-,-) 
  g21215/z                          (u)     in_1->z F     unmapped_nand2         2   8.0     0   166    1235    (-,-) 
  g22954/z                          (u)     in_0->z R     unmapped_complex2      1   4.0     0   122    1357    (-,-) 
  g20859/z                          (u)     in_1->z F     unmapped_nand2         1   4.0     0   122    1479    (-,-) 
  g20667/z                          (u)     in_1->z F     unmapped_or2           1   4.0     0   122    1601    (-,-) 
  g20590/z                          (u)     in_1->z F     unmapped_or2           1   4.0     0   122    1724    (-,-) 
  g20541/z                          (u)     in_0->z R     unmapped_nand2         1   4.0     0   122    1846    (-,-) 
  g23141/z                          (u)     in_0->z F     unmapped_complex2      2   8.0     0   166    2012    (-,-) 
  g23216/z                          (u)     in_0->z R     unmapped_complex2      1   4.0     0   122    2134    (-,-) 
  g20387/z                          (u)     in_1->z F     unmapped_nand2        15  60.0     0   280    2414    (-,-) 
  g20321/z                          (u)     in_0->z R     unmapped_complex2      4  16.0     0   211    2626    (-,-) 
  g20266/z                          (u)     in_1->z R     unmapped_or2           1   4.0     0   122    2748    (-,-) 
  g20258/z                          (u)     in_0->z F     unmapped_nand2         1   4.0     0   122    2870    (-,-) 
  g20221/z                          (u)     in_0->z R     unmapped_complex2      1   4.0     0   122    2992    (-,-) 
  g20195/z                          (u)     in_1->z F     unmapped_nand2         1   4.0     0   122    3114    (-,-) 
  g20185/z                          (u)     in_1->z F     unmapped_or2           1   4.0     0   122    3236    (-,-) 
  g20179/z                          (u)     in_1->z F     unmapped_or2           1   4.0     0   122    3359    (-,-) 
  g20169/z                          (u)     in_1->z F     unmapped_or2           2   8.0     0   166    3525    (-,-) 
  g20165/z                          (u)     in_0->z F     unmapped_or2           1   4.0     0   122    3647    (-,-) 
  g20166/z                          (u)     in_1->z R     unmapped_nand2         1   4.0     0   122    3769    (-,-) 
  g20158/z                          (u)     in_0->z F     unmapped_complex2      1   4.0     0   122    3891    (-,-) 
  g23280/z                          (u)     in_0->z R     unmapped_complex2      1   4.0     0   122    4014    (-,-) 
  csm_inst_right_reg_reg[23]/d      -       -       R     unmapped_d_flop        1     -     -     0    4014    (-,-) 
#---------------------------------------------------------------------------------------------------------------------

(u) : Net has unmapped pin(s).



Path 29: MET (3919 ps) Setup Check with Pin csm_inst_right_reg_reg[15]/clk->d
          Group: C2C
     Startpoint: (R) csm_inst_round_counter_reg[3]/clk
          Clock: (R) clk
       Endpoint: (R) csm_inst_right_reg_reg[15]/d
          Clock: (R) clk

                     Capture       Launch     
        Clock Edge:+   10000            0     
       Src Latency:+       0            0     
       Net Latency:+       0 (I)        0 (I) 
           Arrival:=   10000            0     
                                              
             Setup:-      75                  
       Uncertainty:-    2000                  
     Required Time:=    7925                  
      Launch Clock:-       0                  
         Data Path:-    4006                  
             Slack:=    3919                  

#---------------------------------------------------------------------------------------------------------------------
#           Timing Point            Flags    Arc    Edge       Cell         Fanout  Load Trans Delay Arrival Instance 
#                                                                                   (fF)  (ps)  (ps)   (ps)  Location 
#---------------------------------------------------------------------------------------------------------------------
  csm_inst_round_counter_reg[3]/clk -       -       R     (arrival)            335     -  2000     0       0    (-,-) 
  csm_inst_round_counter_reg[3]/q   (u)     clk->q  F     unmapped_d_flop      115 460.0     0   546     546    (-,-) 
  g22610/z                          (u)     in_0->z R     unmapped_nand2         3  12.0     0   189     735    (-,-) 
  g22432/z                          (u)     in_1->z F     unmapped_nand2         4  16.0     0   211     947    (-,-) 
  g21785/z                          (u)     in_0->z R     unmapped_nand2         1   4.0     0   122    1069    (-,-) 
  g21215/z                          (u)     in_1->z F     unmapped_nand2         2   8.0     0   166    1235    (-,-) 
  g22954/z                          (u)     in_0->z R     unmapped_complex2      1   4.0     0   122    1357    (-,-) 
  g20859/z                          (u)     in_1->z F     unmapped_nand2         1   4.0     0   122    1479    (-,-) 
  g20667/z                          (u)     in_1->z F     unmapped_or2           1   4.0     0   122    1601    (-,-) 
  g20590/z                          (u)     in_1->z F     unmapped_or2           1   4.0     0   122    1724    (-,-) 
  g20541/z                          (u)     in_0->z R     unmapped_nand2         1   4.0     0   122    1846    (-,-) 
  g23141/z                          (u)     in_0->z F     unmapped_complex2      2   8.0     0   166    2012    (-,-) 
  g23216/z                          (u)     in_0->z R     unmapped_complex2      1   4.0     0   122    2134    (-,-) 
  g20387/z                          (u)     in_1->z F     unmapped_nand2        15  60.0     0   280    2414    (-,-) 
  g20308/z                          (u)     in_0->z R     unmapped_nand2         5  20.0     0   224    2638    (-,-) 
  g20290/z                          (u)     in_0->z R     unmapped_or2           5  20.0     0   224    2862    (-,-) 
  g20252/z                          (u)     in_0->z R     unmapped_or2           1   4.0     0   122    2984    (-,-) 
  g20207/z                          (u)     in_1->z F     unmapped_nand2         1   4.0     0   122    3106    (-,-) 
  g23275/z                          (u)     in_0->z F     unmapped_complex2      1   4.0     0   122    3228    (-,-) 
  g20181/z                          (u)     in_1->z F     unmapped_or2           1   4.0     0   122    3351    (-,-) 
  g20177/z                          (u)     in_0->z F     unmapped_or2           2   8.0     0   166    3517    (-,-) 
  g20174/z                          (u)     in_0->z F     unmapped_complex2      1   4.0     0   122    3639    (-,-) 
  g20175/z                          (u)     in_1->z R     unmapped_nand2         1   4.0     0   122    3761    (-,-) 
  g20163/z                          (u)     in_0->z F     unmapped_complex2      1   4.0     0   122    3883    (-,-) 
  g23278/z                          (u)     in_0->z R     unmapped_complex2      1   4.0     0   122    4006    (-,-) 
  csm_inst_right_reg_reg[15]/d      -       -       R     unmapped_d_flop        1     -     -     0    4006    (-,-) 
#---------------------------------------------------------------------------------------------------------------------

(u) : Net has unmapped pin(s).



Path 30: MET (3922 ps) Setup Check with Pin csm_inst_right_reg_reg[18]/clk->d
          Group: C2C
     Startpoint: (R) csm_inst_round_counter_reg[0]/clk
          Clock: (R) clk
       Endpoint: (R) csm_inst_right_reg_reg[18]/d
          Clock: (R) clk

                     Capture       Launch     
        Clock Edge:+   10000            0     
       Src Latency:+       0            0     
       Net Latency:+       0 (I)        0 (I) 
           Arrival:=   10000            0     
                                              
             Setup:-      75                  
       Uncertainty:-    2000                  
     Required Time:=    7925                  
      Launch Clock:-       0                  
         Data Path:-    4003                  
             Slack:=    3922                  

#--------------------------------------------------------------------------------------------------------------------------
#             Timing Point               Flags    Arc    Edge       Cell         Fanout  Load Trans Delay Arrival Instance 
#                                                                                        (fF)  (ps)  (ps)   (ps)  Location 
#--------------------------------------------------------------------------------------------------------------------------
  csm_inst_round_counter_reg[0]/clk      -       -       R     (arrival)            335     -  2000     0       0    (-,-) 
  csm_inst_round_counter_reg[0]/q        (u)     clk->q  F     unmapped_d_flop      176 704.0     0   607     607    (-,-) 
  g22612/z                               (u)     in_0->z F     unmapped_complex2     12  48.0     0   266     873    (-,-) 
  g22646/z                               (u)     in_0->z F     unmapped_complex2     46 184.0     0   338    1211    (-,-) 
  g22861/z                               (u)     in_1->z F     unmapped_complex2      1   4.0     0   122    1333    (-,-) 
  g21344/z                               (u)     in_1->z R     unmapped_nand2         1   4.0     0   122    1456    (-,-) 
  g20986/z                               (u)     in_1->z R     unmapped_or2           1   4.0     0   122    1578    (-,-) 
  g20703/z                               (u)     in_1->z R     unmapped_or2           1   4.0     0   122    1700    (-,-) 
  g20582/z                               (u)     in_0->z F     unmapped_nand2         1   4.0     0   122    1822    (-,-) 
  g20537/z                               (u)     in_1->z R     unmapped_complex2      2   8.0     0   166    1988    (-,-) 
  g23182/z                               (u)     in_0->z F     unmapped_complex2      1   4.0     0   122    2110    (-,-) 
  g20434/z                               (u)     in_1->z R     unmapped_nand2        20  80.0     0   293    2404    (-,-) 
  csm_inst_f_inst_sbox_inst_sbox5_g863/z (u)     in_0->z R     unmapped_complex2      1   4.0     0   122    2526    (-,-) 
  csm_inst_f_inst_sbox_inst_sbox5_g864/z (u)     in_1->z F     unmapped_nand2         4  16.0     0   211    2737    (-,-) 
  csm_inst_f_inst_sbox_inst_sbox5_g817/z (u)     in_1->z R     unmapped_complex2      1   4.0     0   122    2859    (-,-) 
  csm_inst_f_inst_sbox_inst_sbox5_g792/z (u)     in_1->z F     unmapped_nand2         1   4.0     0   122    2982    (-,-) 
  csm_inst_f_inst_sbox_inst_sbox5_g749/z (u)     in_1->z R     unmapped_complex2      1   4.0     0   122    3104    (-,-) 
  csm_inst_f_inst_sbox_inst_sbox5_g744/z (u)     in_1->z F     unmapped_nand2         1   4.0     0   122    3226    (-,-) 
  csm_inst_f_inst_sbox_inst_sbox5_g736/z (u)     in_1->z F     unmapped_or2           1   4.0     0   122    3348    (-,-) 
  csm_inst_f_inst_sbox_inst_sbox5_g729/z (u)     in_1->z F     unmapped_or2           2   8.0     0   166    3514    (-,-) 
  g5631/z                                (u)     in_1->z F     unmapped_complex2      1   4.0     0   122    3636    (-,-) 
  g5632/z                                (u)     in_1->z R     unmapped_nand2         1   4.0     0   122    3758    (-,-) 
  g5617/z                                (u)     in_1->z F     unmapped_complex2      1   4.0     0   122    3881    (-,-) 
  g5609/z                                (u)     in_1->z R     unmapped_complex2      1   4.0     0   122    4003    (-,-) 
  csm_inst_right_reg_reg[18]/d           -       -       R     unmapped_d_flop        1     -     -     0    4003    (-,-) 
#--------------------------------------------------------------------------------------------------------------------------

(u) : Net has unmapped pin(s).



Path 31: MET (3986 ps) Setup Check with Pin csm_inst_right_reg_reg[24]/clk->d
          Group: C2C
     Startpoint: (R) csm_inst_round_counter_reg[0]/clk
          Clock: (R) clk
       Endpoint: (R) csm_inst_right_reg_reg[24]/d
          Clock: (R) clk

                     Capture       Launch     
        Clock Edge:+   10000            0     
       Src Latency:+       0            0     
       Net Latency:+       0 (I)        0 (I) 
           Arrival:=   10000            0     
                                              
             Setup:-      75                  
       Uncertainty:-    2000                  
     Required Time:=    7925                  
      Launch Clock:-       0                  
         Data Path:-    3939                  
             Slack:=    3986                  

#--------------------------------------------------------------------------------------------------------------------------
#             Timing Point               Flags    Arc    Edge       Cell         Fanout  Load Trans Delay Arrival Instance 
#                                                                                        (fF)  (ps)  (ps)   (ps)  Location 
#--------------------------------------------------------------------------------------------------------------------------
  csm_inst_round_counter_reg[0]/clk      -       -       R     (arrival)            335     -  2000     0       0    (-,-) 
  csm_inst_round_counter_reg[0]/q        (u)     clk->q  R     unmapped_d_flop      176 704.0     0   607     607    (-,-) 
  g22616/z                               (u)     in_1->z F     unmapped_nand2        10  40.0     0   257     864    (-,-) 
  g22645/z                               (u)     in_0->z F     unmapped_complex2     38 152.0     0   327    1191    (-,-) 
  g22036/z                               (u)     in_1->z F     unmapped_complex2      2   8.0     0   166    1357    (-,-) 
  g21400/z                               (u)     in_0->z R     unmapped_nand2         1   4.0     0   122    1479    (-,-) 
  g20708/z                               (u)     in_1->z R     unmapped_or2           1   4.0     0   122    1601    (-,-) 
  g20575/z                               (u)     in_1->z R     unmapped_or2           1   4.0     0   122    1724    (-,-) 
  g20525/z                               (u)     in_0->z F     unmapped_complex2      1   4.0     0   122    1846    (-,-) 
  g23158/z                               (u)     in_0->z R     unmapped_complex2      2   8.0     0   166    2012    (-,-) 
  g23246/z                               (u)     in_0->z F     unmapped_complex2      1   4.0     0   122    2134    (-,-) 
  g20378/z                               (u)     in_1->z R     unmapped_nand2        17  68.0     0   287    2421    (-,-) 
  csm_inst_f_inst_sbox_inst_sbox5_g179/z (u)     in_0->z R     unmapped_complex2      9  36.0     0   252    2673    (-,-) 
  csm_inst_f_inst_sbox_inst_sbox5_g828/z (u)     in_0->z R     unmapped_or2           1   4.0     0   122    2795    (-,-) 
  csm_inst_f_inst_sbox_inst_sbox5_g783/z (u)     in_1->z F     unmapped_nand2         1   4.0     0   122    2918    (-,-) 
  csm_inst_f_inst_sbox_inst_sbox5_g757/z (u)     in_1->z R     unmapped_complex2      1   4.0     0   122    3040    (-,-) 
  csm_inst_f_inst_sbox_inst_sbox5_g743/z (u)     in_0->z F     unmapped_complex2      1   4.0     0   122    3162    (-,-) 
  csm_inst_f_inst_sbox_inst_sbox5_g732/z (u)     in_1->z F     unmapped_or2           1   4.0     0   122    3284    (-,-) 
  csm_inst_f_inst_sbox_inst_sbox5_g730/z (u)     in_1->z F     unmapped_or2           2   8.0     0   166    3450    (-,-) 
  g5637/z                                (u)     in_1->z F     unmapped_complex2      1   4.0     0   122    3572    (-,-) 
  g5638/z                                (u)     in_1->z R     unmapped_nand2         1   4.0     0   122    3695    (-,-) 
  g5622/z                                (u)     in_1->z F     unmapped_complex2      1   4.0     0   122    3817    (-,-) 
  g5610/z                                (u)     in_1->z R     unmapped_complex2      1   4.0     0   122    3939    (-,-) 
  csm_inst_right_reg_reg[24]/d           -       -       R     unmapped_d_flop        1     -     -     0    3939    (-,-) 
#--------------------------------------------------------------------------------------------------------------------------

(u) : Net has unmapped pin(s).



Path 32: MET (4000 ps) Setup Check with Pin csm_inst_right_reg_reg[29]/clk->d
          Group: C2C
     Startpoint: (R) csm_inst_round_counter_reg[3]/clk
          Clock: (R) clk
       Endpoint: (R) csm_inst_right_reg_reg[29]/d
          Clock: (R) clk

                     Capture       Launch     
        Clock Edge:+   10000            0     
       Src Latency:+       0            0     
       Net Latency:+       0 (I)        0 (I) 
           Arrival:=   10000            0     
                                              
             Setup:-      75                  
       Uncertainty:-    2000                  
     Required Time:=    7925                  
      Launch Clock:-       0                  
         Data Path:-    3924                  
             Slack:=    4000                  

#--------------------------------------------------------------------------------------------------------------------------
#             Timing Point               Flags    Arc    Edge       Cell         Fanout  Load Trans Delay Arrival Instance 
#                                                                                        (fF)  (ps)  (ps)   (ps)  Location 
#--------------------------------------------------------------------------------------------------------------------------
  csm_inst_round_counter_reg[3]/clk      -       -       R     (arrival)            335     -  2000     0       0    (-,-) 
  csm_inst_round_counter_reg[3]/q        (u)     clk->q  R     unmapped_d_flop      115 460.0     0   546     546    (-,-) 
  g22525/z                               (u)     in_0->z R     unmapped_complex2      3  12.0     0   189     735    (-,-) 
  g22369/z                               (u)     in_1->z F     unmapped_nand2         4  16.0     0   211     947    (-,-) 
  g21975/z                               (u)     in_0->z R     unmapped_nand2         1   4.0     0   122    1069    (-,-) 
  g21259/z                               (u)     in_1->z F     unmapped_nand2         2   8.0     0   166    1235    (-,-) 
  g23028/z                               (u)     in_0->z R     unmapped_complex2      1   4.0     0   122    1357    (-,-) 
  g20776/z                               (u)     in_1->z F     unmapped_nand2         1   4.0     0   122    1479    (-,-) 
  g20695/z                               (u)     in_1->z F     unmapped_or2           1   4.0     0   122    1601    (-,-) 
  g20588/z                               (u)     in_1->z F     unmapped_or2           1   4.0     0   122    1724    (-,-) 
  g20548/z                               (u)     in_0->z R     unmapped_nand2         1   4.0     0   122    1846    (-,-) 
  g23162/z                               (u)     in_0->z F     unmapped_complex2      2   8.0     0   166    2012    (-,-) 
  g23254/z                               (u)     in_0->z R     unmapped_complex2      1   4.0     0   122    2134    (-,-) 
  g20396/z                               (u)     in_1->z F     unmapped_nand2        15  60.0     0   280    2414    (-,-) 
  csm_inst_f_inst_sbox_inst_sbox5_g849/z (u)     in_1->z R     unmapped_complex2      1   4.0     0   122    2536    (-,-) 
  csm_inst_f_inst_sbox_inst_sbox5_g824/z (u)     in_0->z F     unmapped_nand2         1   4.0     0   122    2659    (-,-) 
  csm_inst_f_inst_sbox_inst_sbox5_g794/z (u)     in_0->z R     unmapped_nand2         1   4.0     0   122    2781    (-,-) 
  csm_inst_f_inst_sbox_inst_sbox5_g767/z (u)     in_1->z F     unmapped_nand2         1   4.0     0   122    2903    (-,-) 
  csm_inst_f_inst_sbox_inst_sbox5_g747/z (u)     in_0->z R     unmapped_complex2      1   4.0     0   122    3025    (-,-) 
  csm_inst_f_inst_sbox_inst_sbox5_g738/z (u)     in_1->z F     unmapped_nand2         1   4.0     0   122    3148    (-,-) 
  csm_inst_f_inst_sbox_inst_sbox5_g728/z (u)     in_1->z F     unmapped_or2           1   4.0     0   122    3270    (-,-) 
  csm_inst_f_inst_sbox_inst_sbox5_g725/z (u)     in_1->z F     unmapped_or2           2   8.0     0   166    3436    (-,-) 
  g5628/z                                (u)     in_1->z F     unmapped_complex2      1   4.0     0   122    3558    (-,-) 
  g5629/z                                (u)     in_1->z R     unmapped_nand2         1   4.0     0   122    3680    (-,-) 
  g5615/z                                (u)     in_1->z F     unmapped_complex2      1   4.0     0   122    3802    (-,-) 
  g5608/z                                (u)     in_1->z R     unmapped_complex2      1   4.0     0   122    3924    (-,-) 
  csm_inst_right_reg_reg[29]/d           -       -       R     unmapped_d_flop        1     -     -     0    3924    (-,-) 
#--------------------------------------------------------------------------------------------------------------------------

(u) : Net has unmapped pin(s).



Path 33: MET (6245 ps) Setup Check with Pin csm_inst_round_counter_reg[3]/clk->d
          Group: C2C
     Startpoint: (R) csm_inst_round_counter_reg[0]/clk
          Clock: (R) clk
       Endpoint: (R) csm_inst_round_counter_reg[3]/d
          Clock: (R) clk

                     Capture       Launch     
        Clock Edge:+   10000            0     
       Src Latency:+       0            0     
       Net Latency:+       0 (I)        0 (I) 
           Arrival:=   10000            0     
                                              
             Setup:-      75                  
       Uncertainty:-    2000                  
     Required Time:=    7925                  
      Launch Clock:-       0                  
         Data Path:-    1680                  
             Slack:=    6245                  

#---------------------------------------------------------------------------------------------------------------------
#           Timing Point            Flags    Arc    Edge       Cell         Fanout  Load Trans Delay Arrival Instance 
#                                                                                   (fF)  (ps)  (ps)   (ps)  Location 
#---------------------------------------------------------------------------------------------------------------------
  csm_inst_round_counter_reg[0]/clk -       -       R     (arrival)            335     -  2000     0       0    (-,-) 
  csm_inst_round_counter_reg[0]/q   (u)     clk->q  F     unmapped_d_flop      176 704.0     0   607     607    (-,-) 
  g22616/z                          (u)     in_1->z R     unmapped_nand2        10  40.0     0   257     864    (-,-) 
  g22645/z                          (u)     in_0->z R     unmapped_complex2     38 152.0     0   327    1191    (-,-) 
  g22936/z                          (u)     in_1->z F     unmapped_complex2      1   4.0     0   122    1313    (-,-) 
  g21286/z                          (u)     in_1->z R     unmapped_complex2      1   4.0     0   122    1435    (-,-) 
  g21120/z                          (u)     in_0->z F     unmapped_nand2         1   4.0     0   122    1558    (-,-) 
  g20862/z                          (u)     in_1->z R     unmapped_nand2         1   4.0     0   122    1680    (-,-) 
  csm_inst_round_counter_reg[3]/d   -       -       R     unmapped_d_flop        1     -     -     0    1680    (-,-) 
#---------------------------------------------------------------------------------------------------------------------

(u) : Net has unmapped pin(s).



Path 34: MET (6367 ps) Setup Check with Pin csm_inst_state_reg[0]/clk->d
          Group: C2C
     Startpoint: (R) csm_inst_round_counter_reg[0]/clk
          Clock: (R) clk
       Endpoint: (R) csm_inst_state_reg[0]/d
          Clock: (R) clk

                     Capture       Launch     
        Clock Edge:+   10000            0     
       Src Latency:+       0            0     
       Net Latency:+       0 (I)        0 (I) 
           Arrival:=   10000            0     
                                              
             Setup:-      75                  
       Uncertainty:-    2000                  
     Required Time:=    7925                  
      Launch Clock:-       0                  
         Data Path:-    1558                  
             Slack:=    6367                  

#---------------------------------------------------------------------------------------------------------------------
#           Timing Point            Flags    Arc    Edge       Cell         Fanout  Load Trans Delay Arrival Instance 
#                                                                                   (fF)  (ps)  (ps)   (ps)  Location 
#---------------------------------------------------------------------------------------------------------------------
  csm_inst_round_counter_reg[0]/clk -       -       R     (arrival)            335     -  2000     0       0    (-,-) 
  csm_inst_round_counter_reg[0]/q   (u)     clk->q  R     unmapped_d_flop      176 704.0     0   607     607    (-,-) 
  g22616/z                          (u)     in_1->z F     unmapped_nand2        10  40.0     0   257     864    (-,-) 
  g22645/z                          (u)     in_0->z F     unmapped_complex2     38 152.0     0   327    1191    (-,-) 
  g22937/z                          (u)     in_0->z F     unmapped_complex2      1   4.0     0   122    1313    (-,-) 
  g21161/z                          (u)     in_0->z F     unmapped_or2           1   4.0     0   122    1435    (-,-) 
  g21001/z                          (u)     in_1->z R     unmapped_nand2         1   4.0     0   122    1558    (-,-) 
  csm_inst_state_reg[0]/d           -       -       R     unmapped_d_flop        1     -     -     0    1558    (-,-) 
#---------------------------------------------------------------------------------------------------------------------

(u) : Net has unmapped pin(s).



Path 35: MET (6461 ps) Setup Check with Pin csm_inst_round_counter_reg[2]/clk->d
          Group: C2C
     Startpoint: (R) csm_inst_round_counter_reg[0]/clk
          Clock: (R) clk
       Endpoint: (R) csm_inst_round_counter_reg[2]/d
          Clock: (R) clk

                     Capture       Launch     
        Clock Edge:+   10000            0     
       Src Latency:+       0            0     
       Net Latency:+       0 (I)        0 (I) 
           Arrival:=   10000            0     
                                              
             Setup:-      75                  
       Uncertainty:-    2000                  
     Required Time:=    7925                  
      Launch Clock:-       0                  
         Data Path:-    1464                  
             Slack:=    6461                  

#---------------------------------------------------------------------------------------------------------------------
#           Timing Point            Flags    Arc    Edge       Cell         Fanout  Load Trans Delay Arrival Instance 
#                                                                                   (fF)  (ps)  (ps)   (ps)  Location 
#---------------------------------------------------------------------------------------------------------------------
  csm_inst_round_counter_reg[0]/clk -       -       R     (arrival)            335     -  2000     0       0    (-,-) 
  csm_inst_round_counter_reg[0]/q   (u)     clk->q  R     unmapped_d_flop      176 704.0     0   607     607    (-,-) 
  g22617/z                          (u)     in_0->z F     unmapped_complex2     12  48.0     0   266     873    (-,-) 
  g22648/z                          (u)     in_0->z F     unmapped_complex2      5  20.0     0   224    1097    (-,-) 
  g22099/z                          (u)     in_0->z F     unmapped_or2           1   4.0     0   122    1219    (-,-) 
  g21229/z                          (u)     in_1->z R     unmapped_nand2         1   4.0     0   122    1342    (-,-) 
  g21009/z                          (u)     in_1->z R     unmapped_complex2      1   4.0     0   122    1464    (-,-) 
  csm_inst_round_counter_reg[2]/d   -       -       R     unmapped_d_flop        1     -     -     0    1464    (-,-) 
#---------------------------------------------------------------------------------------------------------------------

(u) : Net has unmapped pin(s).



Path 36: MET (6461 ps) Setup Check with Pin csm_inst_left_reg_reg[31]/clk->d
          Group: C2C
     Startpoint: (R) csm_inst_state_reg[2]/clk
          Clock: (R) clk
       Endpoint: (R) csm_inst_left_reg_reg[31]/d
          Clock: (R) clk

                     Capture       Launch     
        Clock Edge:+   10000            0     
       Src Latency:+       0            0     
       Net Latency:+       0 (I)        0 (I) 
           Arrival:=   10000            0     
                                              
             Setup:-      75                  
       Uncertainty:-    2000                  
     Required Time:=    7925                  
      Launch Clock:-       0                  
         Data Path:-    1464                  
             Slack:=    6461                  

#---------------------------------------------------------------------------------------------------------------
#        Timing Point         Flags    Arc    Edge       Cell         Fanout  Load Trans Delay Arrival Instance 
#                                                                             (fF)  (ps)  (ps)   (ps)  Location 
#---------------------------------------------------------------------------------------------------------------
  csm_inst_state_reg[2]/clk   -       -       R     (arrival)            335     -  2000     0       0    (-,-) 
  csm_inst_state_reg[2]/q     (u)     clk->q  R     unmapped_d_flop        4  16.0     0   348     348    (-,-) 
  g17270/z                    (u)     in_1->z R     unmapped_complex2      6  24.0     0   233     581    (-,-) 
  g5639/z                     (u)     in_0->z F     unmapped_complex2     29 116.0     0   312     894    (-,-) 
  g22080/z                    (u)     in_0->z R     unmapped_nand2        37 148.0     0   326    1219    (-,-) 
  g21330/z                    (u)     in_0->z F     unmapped_nand2         1   4.0     0   122    1341    (-,-) 
  g21062/z                    (u)     in_1->z R     unmapped_complex2      1   4.0     0   122    1464    (-,-) 
  csm_inst_left_reg_reg[31]/d -       -       R     unmapped_d_flop        1     -     -     0    1464    (-,-) 
#---------------------------------------------------------------------------------------------------------------

(u) : Net has unmapped pin(s).



Path 37: MET (6461 ps) Setup Check with Pin csm_inst_left_reg_reg[30]/clk->d
          Group: C2C
     Startpoint: (R) csm_inst_state_reg[2]/clk
          Clock: (R) clk
       Endpoint: (R) csm_inst_left_reg_reg[30]/d
          Clock: (R) clk

                     Capture       Launch     
        Clock Edge:+   10000            0     
       Src Latency:+       0            0     
       Net Latency:+       0 (I)        0 (I) 
           Arrival:=   10000            0     
                                              
             Setup:-      75                  
       Uncertainty:-    2000                  
     Required Time:=    7925                  
      Launch Clock:-       0                  
         Data Path:-    1464                  
             Slack:=    6461                  

#---------------------------------------------------------------------------------------------------------------
#        Timing Point         Flags    Arc    Edge       Cell         Fanout  Load Trans Delay Arrival Instance 
#                                                                             (fF)  (ps)  (ps)   (ps)  Location 
#---------------------------------------------------------------------------------------------------------------
  csm_inst_state_reg[2]/clk   -       -       R     (arrival)            335     -  2000     0       0    (-,-) 
  csm_inst_state_reg[2]/q     (u)     clk->q  R     unmapped_d_flop        4  16.0     0   348     348    (-,-) 
  g17270/z                    (u)     in_1->z R     unmapped_complex2      6  24.0     0   233     581    (-,-) 
  g5639/z                     (u)     in_0->z F     unmapped_complex2     29 116.0     0   312     894    (-,-) 
  g22080/z                    (u)     in_0->z R     unmapped_nand2        37 148.0     0   326    1219    (-,-) 
  g21320/z                    (u)     in_0->z F     unmapped_nand2         1   4.0     0   122    1341    (-,-) 
  g21061/z                    (u)     in_1->z R     unmapped_complex2      1   4.0     0   122    1464    (-,-) 
  csm_inst_left_reg_reg[30]/d -       -       R     unmapped_d_flop        1     -     -     0    1464    (-,-) 
#---------------------------------------------------------------------------------------------------------------

(u) : Net has unmapped pin(s).



Path 38: MET (6461 ps) Setup Check with Pin csm_inst_left_reg_reg[29]/clk->d
          Group: C2C
     Startpoint: (R) csm_inst_state_reg[2]/clk
          Clock: (R) clk
       Endpoint: (R) csm_inst_left_reg_reg[29]/d
          Clock: (R) clk

                     Capture       Launch     
        Clock Edge:+   10000            0     
       Src Latency:+       0            0     
       Net Latency:+       0 (I)        0 (I) 
           Arrival:=   10000            0     
                                              
             Setup:-      75                  
       Uncertainty:-    2000                  
     Required Time:=    7925                  
      Launch Clock:-       0                  
         Data Path:-    1464                  
             Slack:=    6461                  

#---------------------------------------------------------------------------------------------------------------
#        Timing Point         Flags    Arc    Edge       Cell         Fanout  Load Trans Delay Arrival Instance 
#                                                                             (fF)  (ps)  (ps)   (ps)  Location 
#---------------------------------------------------------------------------------------------------------------
  csm_inst_state_reg[2]/clk   -       -       R     (arrival)            335     -  2000     0       0    (-,-) 
  csm_inst_state_reg[2]/q     (u)     clk->q  R     unmapped_d_flop        4  16.0     0   348     348    (-,-) 
  g17270/z                    (u)     in_1->z R     unmapped_complex2      6  24.0     0   233     581    (-,-) 
  g5639/z                     (u)     in_0->z F     unmapped_complex2     29 116.0     0   312     894    (-,-) 
  g22080/z                    (u)     in_0->z R     unmapped_nand2        37 148.0     0   326    1219    (-,-) 
  g21157/z                    (u)     in_0->z F     unmapped_nand2         1   4.0     0   122    1341    (-,-) 
  g21057/z                    (u)     in_1->z R     unmapped_complex2      1   4.0     0   122    1464    (-,-) 
  csm_inst_left_reg_reg[29]/d -       -       R     unmapped_d_flop        1     -     -     0    1464    (-,-) 
#---------------------------------------------------------------------------------------------------------------

(u) : Net has unmapped pin(s).



Path 39: MET (6461 ps) Setup Check with Pin csm_inst_left_reg_reg[28]/clk->d
          Group: C2C
     Startpoint: (R) csm_inst_state_reg[2]/clk
          Clock: (R) clk
       Endpoint: (R) csm_inst_left_reg_reg[28]/d
          Clock: (R) clk

                     Capture       Launch     
        Clock Edge:+   10000            0     
       Src Latency:+       0            0     
       Net Latency:+       0 (I)        0 (I) 
           Arrival:=   10000            0     
                                              
             Setup:-      75                  
       Uncertainty:-    2000                  
     Required Time:=    7925                  
      Launch Clock:-       0                  
         Data Path:-    1464                  
             Slack:=    6461                  

#---------------------------------------------------------------------------------------------------------------
#        Timing Point         Flags    Arc    Edge       Cell         Fanout  Load Trans Delay Arrival Instance 
#                                                                             (fF)  (ps)  (ps)   (ps)  Location 
#---------------------------------------------------------------------------------------------------------------
  csm_inst_state_reg[2]/clk   -       -       R     (arrival)            335     -  2000     0       0    (-,-) 
  csm_inst_state_reg[2]/q     (u)     clk->q  R     unmapped_d_flop        4  16.0     0   348     348    (-,-) 
  g17270/z                    (u)     in_1->z R     unmapped_complex2      6  24.0     0   233     581    (-,-) 
  g5639/z                     (u)     in_0->z F     unmapped_complex2     29 116.0     0   312     894    (-,-) 
  g22080/z                    (u)     in_0->z R     unmapped_nand2        37 148.0     0   326    1219    (-,-) 
  g21436/z                    (u)     in_0->z F     unmapped_nand2         1   4.0     0   122    1341    (-,-) 
  g21054/z                    (u)     in_1->z R     unmapped_complex2      1   4.0     0   122    1464    (-,-) 
  csm_inst_left_reg_reg[28]/d -       -       R     unmapped_d_flop        1     -     -     0    1464    (-,-) 
#---------------------------------------------------------------------------------------------------------------

(u) : Net has unmapped pin(s).



Path 40: MET (6461 ps) Setup Check with Pin csm_inst_left_reg_reg[27]/clk->d
          Group: C2C
     Startpoint: (R) csm_inst_state_reg[2]/clk
          Clock: (R) clk
       Endpoint: (R) csm_inst_left_reg_reg[27]/d
          Clock: (R) clk

                     Capture       Launch     
        Clock Edge:+   10000            0     
       Src Latency:+       0            0     
       Net Latency:+       0 (I)        0 (I) 
           Arrival:=   10000            0     
                                              
             Setup:-      75                  
       Uncertainty:-    2000                  
     Required Time:=    7925                  
      Launch Clock:-       0                  
         Data Path:-    1464                  
             Slack:=    6461                  

#---------------------------------------------------------------------------------------------------------------
#        Timing Point         Flags    Arc    Edge       Cell         Fanout  Load Trans Delay Arrival Instance 
#                                                                             (fF)  (ps)  (ps)   (ps)  Location 
#---------------------------------------------------------------------------------------------------------------
  csm_inst_state_reg[2]/clk   -       -       R     (arrival)            335     -  2000     0       0    (-,-) 
  csm_inst_state_reg[2]/q     (u)     clk->q  R     unmapped_d_flop        4  16.0     0   348     348    (-,-) 
  g17270/z                    (u)     in_1->z R     unmapped_complex2      6  24.0     0   233     581    (-,-) 
  g5639/z                     (u)     in_0->z F     unmapped_complex2     29 116.0     0   312     894    (-,-) 
  g22080/z                    (u)     in_0->z R     unmapped_nand2        37 148.0     0   326    1219    (-,-) 
  g21382/z                    (u)     in_0->z F     unmapped_nand2         1   4.0     0   122    1341    (-,-) 
  g21052/z                    (u)     in_1->z R     unmapped_complex2      1   4.0     0   122    1464    (-,-) 
  csm_inst_left_reg_reg[27]/d -       -       R     unmapped_d_flop        1     -     -     0    1464    (-,-) 
#---------------------------------------------------------------------------------------------------------------

(u) : Net has unmapped pin(s).



Path 41: MET (6461 ps) Setup Check with Pin csm_inst_left_reg_reg[26]/clk->d
          Group: C2C
     Startpoint: (R) csm_inst_state_reg[2]/clk
          Clock: (R) clk
       Endpoint: (R) csm_inst_left_reg_reg[26]/d
          Clock: (R) clk

                     Capture       Launch     
        Clock Edge:+   10000            0     
       Src Latency:+       0            0     
       Net Latency:+       0 (I)        0 (I) 
           Arrival:=   10000            0     
                                              
             Setup:-      75                  
       Uncertainty:-    2000                  
     Required Time:=    7925                  
      Launch Clock:-       0                  
         Data Path:-    1464                  
             Slack:=    6461                  

#---------------------------------------------------------------------------------------------------------------
#        Timing Point         Flags    Arc    Edge       Cell         Fanout  Load Trans Delay Arrival Instance 
#                                                                             (fF)  (ps)  (ps)   (ps)  Location 
#---------------------------------------------------------------------------------------------------------------
  csm_inst_state_reg[2]/clk   -       -       R     (arrival)            335     -  2000     0       0    (-,-) 
  csm_inst_state_reg[2]/q     (u)     clk->q  R     unmapped_d_flop        4  16.0     0   348     348    (-,-) 
  g17270/z                    (u)     in_1->z R     unmapped_complex2      6  24.0     0   233     581    (-,-) 
  g5639/z                     (u)     in_0->z F     unmapped_complex2     29 116.0     0   312     894    (-,-) 
  g22080/z                    (u)     in_0->z R     unmapped_nand2        37 148.0     0   326    1219    (-,-) 
  g21289/z                    (u)     in_0->z F     unmapped_nand2         1   4.0     0   122    1341    (-,-) 
  g21046/z                    (u)     in_1->z R     unmapped_complex2      1   4.0     0   122    1464    (-,-) 
  csm_inst_left_reg_reg[26]/d -       -       R     unmapped_d_flop        1     -     -     0    1464    (-,-) 
#---------------------------------------------------------------------------------------------------------------

(u) : Net has unmapped pin(s).



Path 42: MET (6461 ps) Setup Check with Pin csm_inst_left_reg_reg[25]/clk->d
          Group: C2C
     Startpoint: (R) csm_inst_state_reg[2]/clk
          Clock: (R) clk
       Endpoint: (R) csm_inst_left_reg_reg[25]/d
          Clock: (R) clk

                     Capture       Launch     
        Clock Edge:+   10000            0     
       Src Latency:+       0            0     
       Net Latency:+       0 (I)        0 (I) 
           Arrival:=   10000            0     
                                              
             Setup:-      75                  
       Uncertainty:-    2000                  
     Required Time:=    7925                  
      Launch Clock:-       0                  
         Data Path:-    1464                  
             Slack:=    6461                  

#---------------------------------------------------------------------------------------------------------------
#        Timing Point         Flags    Arc    Edge       Cell         Fanout  Load Trans Delay Arrival Instance 
#                                                                             (fF)  (ps)  (ps)   (ps)  Location 
#---------------------------------------------------------------------------------------------------------------
  csm_inst_state_reg[2]/clk   -       -       R     (arrival)            335     -  2000     0       0    (-,-) 
  csm_inst_state_reg[2]/q     (u)     clk->q  R     unmapped_d_flop        4  16.0     0   348     348    (-,-) 
  g17270/z                    (u)     in_1->z R     unmapped_complex2      6  24.0     0   233     581    (-,-) 
  g5639/z                     (u)     in_0->z F     unmapped_complex2     29 116.0     0   312     894    (-,-) 
  g22080/z                    (u)     in_0->z R     unmapped_nand2        37 148.0     0   326    1219    (-,-) 
  g21247/z                    (u)     in_0->z F     unmapped_nand2         1   4.0     0   122    1341    (-,-) 
  g21042/z                    (u)     in_1->z R     unmapped_complex2      1   4.0     0   122    1464    (-,-) 
  csm_inst_left_reg_reg[25]/d -       -       R     unmapped_d_flop        1     -     -     0    1464    (-,-) 
#---------------------------------------------------------------------------------------------------------------

(u) : Net has unmapped pin(s).



Path 43: MET (6461 ps) Setup Check with Pin csm_inst_left_reg_reg[24]/clk->d
          Group: C2C
     Startpoint: (R) csm_inst_state_reg[2]/clk
          Clock: (R) clk
       Endpoint: (R) csm_inst_left_reg_reg[24]/d
          Clock: (R) clk

                     Capture       Launch     
        Clock Edge:+   10000            0     
       Src Latency:+       0            0     
       Net Latency:+       0 (I)        0 (I) 
           Arrival:=   10000            0     
                                              
             Setup:-      75                  
       Uncertainty:-    2000                  
     Required Time:=    7925                  
      Launch Clock:-       0                  
         Data Path:-    1464                  
             Slack:=    6461                  

#---------------------------------------------------------------------------------------------------------------
#        Timing Point         Flags    Arc    Edge       Cell         Fanout  Load Trans Delay Arrival Instance 
#                                                                             (fF)  (ps)  (ps)   (ps)  Location 
#---------------------------------------------------------------------------------------------------------------
  csm_inst_state_reg[2]/clk   -       -       R     (arrival)            335     -  2000     0       0    (-,-) 
  csm_inst_state_reg[2]/q     (u)     clk->q  R     unmapped_d_flop        4  16.0     0   348     348    (-,-) 
  g17270/z                    (u)     in_1->z R     unmapped_complex2      6  24.0     0   233     581    (-,-) 
  g5639/z                     (u)     in_0->z F     unmapped_complex2     29 116.0     0   312     894    (-,-) 
  g22080/z                    (u)     in_0->z R     unmapped_nand2        37 148.0     0   326    1219    (-,-) 
  g21198/z                    (u)     in_0->z F     unmapped_nand2         1   4.0     0   122    1341    (-,-) 
  g21038/z                    (u)     in_1->z R     unmapped_complex2      1   4.0     0   122    1464    (-,-) 
  csm_inst_left_reg_reg[24]/d -       -       R     unmapped_d_flop        1     -     -     0    1464    (-,-) 
#---------------------------------------------------------------------------------------------------------------

(u) : Net has unmapped pin(s).



Path 44: MET (6461 ps) Setup Check with Pin csm_inst_left_reg_reg[23]/clk->d
          Group: C2C
     Startpoint: (R) csm_inst_state_reg[2]/clk
          Clock: (R) clk
       Endpoint: (R) csm_inst_left_reg_reg[23]/d
          Clock: (R) clk

                     Capture       Launch     
        Clock Edge:+   10000            0     
       Src Latency:+       0            0     
       Net Latency:+       0 (I)        0 (I) 
           Arrival:=   10000            0     
                                              
             Setup:-      75                  
       Uncertainty:-    2000                  
     Required Time:=    7925                  
      Launch Clock:-       0                  
         Data Path:-    1464                  
             Slack:=    6461                  

#---------------------------------------------------------------------------------------------------------------
#        Timing Point         Flags    Arc    Edge       Cell         Fanout  Load Trans Delay Arrival Instance 
#                                                                             (fF)  (ps)  (ps)   (ps)  Location 
#---------------------------------------------------------------------------------------------------------------
  csm_inst_state_reg[2]/clk   -       -       R     (arrival)            335     -  2000     0       0    (-,-) 
  csm_inst_state_reg[2]/q     (u)     clk->q  R     unmapped_d_flop        4  16.0     0   348     348    (-,-) 
  g17270/z                    (u)     in_1->z R     unmapped_complex2      6  24.0     0   233     581    (-,-) 
  g5639/z                     (u)     in_0->z F     unmapped_complex2     29 116.0     0   312     894    (-,-) 
  g22080/z                    (u)     in_0->z R     unmapped_nand2        37 148.0     0   326    1219    (-,-) 
  g21474/z                    (u)     in_0->z F     unmapped_nand2         1   4.0     0   122    1341    (-,-) 
  g21034/z                    (u)     in_1->z R     unmapped_complex2      1   4.0     0   122    1464    (-,-) 
  csm_inst_left_reg_reg[23]/d -       -       R     unmapped_d_flop        1     -     -     0    1464    (-,-) 
#---------------------------------------------------------------------------------------------------------------

(u) : Net has unmapped pin(s).



Path 45: MET (6461 ps) Setup Check with Pin csm_inst_left_reg_reg[22]/clk->d
          Group: C2C
     Startpoint: (R) csm_inst_state_reg[2]/clk
          Clock: (R) clk
       Endpoint: (R) csm_inst_left_reg_reg[22]/d
          Clock: (R) clk

                     Capture       Launch     
        Clock Edge:+   10000            0     
       Src Latency:+       0            0     
       Net Latency:+       0 (I)        0 (I) 
           Arrival:=   10000            0     
                                              
             Setup:-      75                  
       Uncertainty:-    2000                  
     Required Time:=    7925                  
      Launch Clock:-       0                  
         Data Path:-    1464                  
             Slack:=    6461                  

#---------------------------------------------------------------------------------------------------------------
#        Timing Point         Flags    Arc    Edge       Cell         Fanout  Load Trans Delay Arrival Instance 
#                                                                             (fF)  (ps)  (ps)   (ps)  Location 
#---------------------------------------------------------------------------------------------------------------
  csm_inst_state_reg[2]/clk   -       -       R     (arrival)            335     -  2000     0       0    (-,-) 
  csm_inst_state_reg[2]/q     (u)     clk->q  R     unmapped_d_flop        4  16.0     0   348     348    (-,-) 
  g17270/z                    (u)     in_1->z R     unmapped_complex2      6  24.0     0   233     581    (-,-) 
  g5639/z                     (u)     in_0->z F     unmapped_complex2     29 116.0     0   312     894    (-,-) 
  g22080/z                    (u)     in_0->z R     unmapped_nand2        37 148.0     0   326    1219    (-,-) 
  g21454/z                    (u)     in_0->z F     unmapped_nand2         1   4.0     0   122    1341    (-,-) 
  g21028/z                    (u)     in_1->z R     unmapped_complex2      1   4.0     0   122    1464    (-,-) 
  csm_inst_left_reg_reg[22]/d -       -       R     unmapped_d_flop        1     -     -     0    1464    (-,-) 
#---------------------------------------------------------------------------------------------------------------

(u) : Net has unmapped pin(s).



Path 46: MET (6461 ps) Setup Check with Pin csm_inst_left_reg_reg[21]/clk->d
          Group: C2C
     Startpoint: (R) csm_inst_state_reg[2]/clk
          Clock: (R) clk
       Endpoint: (R) csm_inst_left_reg_reg[21]/d
          Clock: (R) clk

                     Capture       Launch     
        Clock Edge:+   10000            0     
       Src Latency:+       0            0     
       Net Latency:+       0 (I)        0 (I) 
           Arrival:=   10000            0     
                                              
             Setup:-      75                  
       Uncertainty:-    2000                  
     Required Time:=    7925                  
      Launch Clock:-       0                  
         Data Path:-    1464                  
             Slack:=    6461                  

#---------------------------------------------------------------------------------------------------------------
#        Timing Point         Flags    Arc    Edge       Cell         Fanout  Load Trans Delay Arrival Instance 
#                                                                             (fF)  (ps)  (ps)   (ps)  Location 
#---------------------------------------------------------------------------------------------------------------
  csm_inst_state_reg[2]/clk   -       -       R     (arrival)            335     -  2000     0       0    (-,-) 
  csm_inst_state_reg[2]/q     (u)     clk->q  R     unmapped_d_flop        4  16.0     0   348     348    (-,-) 
  g17270/z                    (u)     in_1->z R     unmapped_complex2      6  24.0     0   233     581    (-,-) 
  g5639/z                     (u)     in_0->z F     unmapped_complex2     29 116.0     0   312     894    (-,-) 
  g22080/z                    (u)     in_0->z R     unmapped_nand2        37 148.0     0   326    1219    (-,-) 
  g21408/z                    (u)     in_0->z F     unmapped_nand2         1   4.0     0   122    1341    (-,-) 
  g21025/z                    (u)     in_1->z R     unmapped_complex2      1   4.0     0   122    1464    (-,-) 
  csm_inst_left_reg_reg[21]/d -       -       R     unmapped_d_flop        1     -     -     0    1464    (-,-) 
#---------------------------------------------------------------------------------------------------------------

(u) : Net has unmapped pin(s).



Path 47: MET (6461 ps) Setup Check with Pin csm_inst_left_reg_reg[20]/clk->d
          Group: C2C
     Startpoint: (R) csm_inst_state_reg[2]/clk
          Clock: (R) clk
       Endpoint: (R) csm_inst_left_reg_reg[20]/d
          Clock: (R) clk

                     Capture       Launch     
        Clock Edge:+   10000            0     
       Src Latency:+       0            0     
       Net Latency:+       0 (I)        0 (I) 
           Arrival:=   10000            0     
                                              
             Setup:-      75                  
       Uncertainty:-    2000                  
     Required Time:=    7925                  
      Launch Clock:-       0                  
         Data Path:-    1464                  
             Slack:=    6461                  

#---------------------------------------------------------------------------------------------------------------
#        Timing Point         Flags    Arc    Edge       Cell         Fanout  Load Trans Delay Arrival Instance 
#                                                                             (fF)  (ps)  (ps)   (ps)  Location 
#---------------------------------------------------------------------------------------------------------------
  csm_inst_state_reg[2]/clk   -       -       R     (arrival)            335     -  2000     0       0    (-,-) 
  csm_inst_state_reg[2]/q     (u)     clk->q  R     unmapped_d_flop        4  16.0     0   348     348    (-,-) 
  g17270/z                    (u)     in_1->z R     unmapped_complex2      6  24.0     0   233     581    (-,-) 
  g5639/z                     (u)     in_0->z F     unmapped_complex2     29 116.0     0   312     894    (-,-) 
  g22080/z                    (u)     in_0->z R     unmapped_nand2        37 148.0     0   326    1219    (-,-) 
  g21378/z                    (u)     in_0->z F     unmapped_nand2         1   4.0     0   122    1341    (-,-) 
  g21023/z                    (u)     in_1->z R     unmapped_complex2      1   4.0     0   122    1464    (-,-) 
  csm_inst_left_reg_reg[20]/d -       -       R     unmapped_d_flop        1     -     -     0    1464    (-,-) 
#---------------------------------------------------------------------------------------------------------------

(u) : Net has unmapped pin(s).



Path 48: MET (6461 ps) Setup Check with Pin csm_inst_left_reg_reg[19]/clk->d
          Group: C2C
     Startpoint: (R) csm_inst_state_reg[2]/clk
          Clock: (R) clk
       Endpoint: (R) csm_inst_left_reg_reg[19]/d
          Clock: (R) clk

                     Capture       Launch     
        Clock Edge:+   10000            0     
       Src Latency:+       0            0     
       Net Latency:+       0 (I)        0 (I) 
           Arrival:=   10000            0     
                                              
             Setup:-      75                  
       Uncertainty:-    2000                  
     Required Time:=    7925                  
      Launch Clock:-       0                  
         Data Path:-    1464                  
             Slack:=    6461                  

#---------------------------------------------------------------------------------------------------------------
#        Timing Point         Flags    Arc    Edge       Cell         Fanout  Load Trans Delay Arrival Instance 
#                                                                             (fF)  (ps)  (ps)   (ps)  Location 
#---------------------------------------------------------------------------------------------------------------
  csm_inst_state_reg[2]/clk   -       -       R     (arrival)            335     -  2000     0       0    (-,-) 
  csm_inst_state_reg[2]/q     (u)     clk->q  R     unmapped_d_flop        4  16.0     0   348     348    (-,-) 
  g17270/z                    (u)     in_1->z R     unmapped_complex2      6  24.0     0   233     581    (-,-) 
  g5639/z                     (u)     in_0->z F     unmapped_complex2     29 116.0     0   312     894    (-,-) 
  g22080/z                    (u)     in_0->z R     unmapped_nand2        37 148.0     0   326    1219    (-,-) 
  g21351/z                    (u)     in_0->z F     unmapped_nand2         1   4.0     0   122    1341    (-,-) 
  g21021/z                    (u)     in_1->z R     unmapped_complex2      1   4.0     0   122    1464    (-,-) 
  csm_inst_left_reg_reg[19]/d -       -       R     unmapped_d_flop        1     -     -     0    1464    (-,-) 
#---------------------------------------------------------------------------------------------------------------

(u) : Net has unmapped pin(s).



Path 49: MET (6461 ps) Setup Check with Pin csm_inst_left_reg_reg[18]/clk->d
          Group: C2C
     Startpoint: (R) csm_inst_state_reg[2]/clk
          Clock: (R) clk
       Endpoint: (R) csm_inst_left_reg_reg[18]/d
          Clock: (R) clk

                     Capture       Launch     
        Clock Edge:+   10000            0     
       Src Latency:+       0            0     
       Net Latency:+       0 (I)        0 (I) 
           Arrival:=   10000            0     
                                              
             Setup:-      75                  
       Uncertainty:-    2000                  
     Required Time:=    7925                  
      Launch Clock:-       0                  
         Data Path:-    1464                  
             Slack:=    6461                  

#---------------------------------------------------------------------------------------------------------------
#        Timing Point         Flags    Arc    Edge       Cell         Fanout  Load Trans Delay Arrival Instance 
#                                                                             (fF)  (ps)  (ps)   (ps)  Location 
#---------------------------------------------------------------------------------------------------------------
  csm_inst_state_reg[2]/clk   -       -       R     (arrival)            335     -  2000     0       0    (-,-) 
  csm_inst_state_reg[2]/q     (u)     clk->q  R     unmapped_d_flop        4  16.0     0   348     348    (-,-) 
  g17270/z                    (u)     in_1->z R     unmapped_complex2      6  24.0     0   233     581    (-,-) 
  g5639/z                     (u)     in_0->z F     unmapped_complex2     29 116.0     0   312     894    (-,-) 
  g22080/z                    (u)     in_0->z R     unmapped_nand2        37 148.0     0   326    1219    (-,-) 
  g21300/z                    (u)     in_0->z F     unmapped_nand2         1   4.0     0   122    1341    (-,-) 
  g21015/z                    (u)     in_1->z R     unmapped_complex2      1   4.0     0   122    1464    (-,-) 
  csm_inst_left_reg_reg[18]/d -       -       R     unmapped_d_flop        1     -     -     0    1464    (-,-) 
#---------------------------------------------------------------------------------------------------------------

(u) : Net has unmapped pin(s).



Path 50: MET (6461 ps) Setup Check with Pin csm_inst_left_reg_reg[17]/clk->d
          Group: C2C
     Startpoint: (R) csm_inst_state_reg[2]/clk
          Clock: (R) clk
       Endpoint: (R) csm_inst_left_reg_reg[17]/d
          Clock: (R) clk

                     Capture       Launch     
        Clock Edge:+   10000            0     
       Src Latency:+       0            0     
       Net Latency:+       0 (I)        0 (I) 
           Arrival:=   10000            0     
                                              
             Setup:-      75                  
       Uncertainty:-    2000                  
     Required Time:=    7925                  
      Launch Clock:-       0                  
         Data Path:-    1464                  
             Slack:=    6461                  

#---------------------------------------------------------------------------------------------------------------
#        Timing Point         Flags    Arc    Edge       Cell         Fanout  Load Trans Delay Arrival Instance 
#                                                                             (fF)  (ps)  (ps)   (ps)  Location 
#---------------------------------------------------------------------------------------------------------------
  csm_inst_state_reg[2]/clk   -       -       R     (arrival)            335     -  2000     0       0    (-,-) 
  csm_inst_state_reg[2]/q     (u)     clk->q  R     unmapped_d_flop        4  16.0     0   348     348    (-,-) 
  g17270/z                    (u)     in_1->z R     unmapped_complex2      6  24.0     0   233     581    (-,-) 
  g5639/z                     (u)     in_0->z F     unmapped_complex2     29 116.0     0   312     894    (-,-) 
  g22080/z                    (u)     in_0->z R     unmapped_nand2        37 148.0     0   326    1219    (-,-) 
  g21416/z                    (u)     in_0->z F     unmapped_nand2         1   4.0     0   122    1341    (-,-) 
  g21115/z                    (u)     in_1->z R     unmapped_complex2      1   4.0     0   122    1464    (-,-) 
  csm_inst_left_reg_reg[17]/d -       -       R     unmapped_d_flop        1     -     -     0    1464    (-,-) 
#---------------------------------------------------------------------------------------------------------------

(u) : Net has unmapped pin(s).

