============================================================
  Generated by:           Genus(TM) Synthesis Solution 21.15-s080_1
  Generated on:           Nov 30 2025  05:08:32 pm
  Module:                 TopModule
  Operating conditions:   PVT_1P8V_25C 
  Interconnect mode:      global
  Area mode:              timing library
============================================================


Path 1: MET (95006 ps) Setup Check with Pin csm_inst_right_reg_reg[10]/clk->d
          Group: C2C
     Startpoint: (R) csm_inst_round_counter_reg[0]/clk
          Clock: (R) clk
       Endpoint: (R) csm_inst_right_reg_reg[10]/d
          Clock: (R) clk

                     Capture       Launch     
        Clock Edge:+  100000            0     
       Src Latency:+       0            0     
       Net Latency:+       0 (I)        0 (I) 
           Arrival:=  100000            0     
                                              
             Setup:-      75                  
     Required Time:=   99925                  
      Launch Clock:-       0                  
         Data Path:-    4919                  
             Slack:=   95006                  

#--------------------------------------------------------------------------------------------------------------------------
#             Timing Point               Flags    Arc    Edge       Cell         Fanout  Load Trans Delay Arrival Instance 
#                                                                                        (fF)  (ps)  (ps)   (ps)  Location 
#--------------------------------------------------------------------------------------------------------------------------
  csm_inst_round_counter_reg[0]/clk      -       -       R     (arrival)            335     -     0     0       0    (-,-) 
  csm_inst_round_counter_reg[0]/q        (u)     clk->q  R     unmapped_d_flop      168 672.0     0   599     599    (-,-) 
  g22639/z                               (u)     in_0->z R     unmapped_complex2     12  48.0     0   266     865    (-,-) 
  g22681/z                               (u)     in_0->z R     unmapped_complex2     47 188.0     0   339    1204    (-,-) 
  g22776/z                               (u)     in_1->z R     unmapped_complex2      1   4.0     0   122    1326    (-,-) 
  g21223/z                               (u)     in_1->z F     unmapped_nand2         1   4.0     0   122    1449    (-,-) 
  g23134/z                               (u)     in_0->z F     unmapped_complex2      1   4.0     0   122    1571    (-,-) 
  g20741/z                               (u)     in_1->z F     unmapped_or2           1   4.0     0   122    1693    (-,-) 
  g23161/z                               (u)     in_0->z F     unmapped_complex2      1   4.0     0   122    1815    (-,-) 
  g20576/z                               (u)     in_0->z R     unmapped_complex2      1   4.0     0   122    1937    (-,-) 
  g20529/z                               (u)     in_0->z F     unmapped_complex2      1   4.0     0   122    2060    (-,-) 
  g20452/z                               (u)     in_0->z F     unmapped_or2           2   8.0     0   166    2226    (-,-) 
  g23245/z                               (u)     in_0->z R     unmapped_complex2      1   4.0     0   122    2348    (-,-) 
  g20393/z                               (u)     in_1->z F     unmapped_nand2        10  40.0     0   257    2605    (-,-) 
  csm_inst_f_inst_sbox_inst_sbox7_g664/z (u)     in_1->z R     unmapped_nand2         7  28.0     0   240    2845    (-,-) 
  csm_inst_f_inst_sbox_inst_sbox7_g633/z (u)     in_0->z F     unmapped_nand2         9  36.0     0   252    3097    (-,-) 
  csm_inst_f_inst_sbox_inst_sbox7_g595/z (u)     in_1->z R     unmapped_nand2         3  12.0     0   189    3287    (-,-) 
  csm_inst_f_inst_sbox_inst_sbox7_g575/z (u)     in_0->z R     unmapped_or2           1   4.0     0   122    3409    (-,-) 
  csm_inst_f_inst_sbox_inst_sbox7_g552/z (u)     in_1->z F     unmapped_nand2         1   4.0     0   122    3531    (-,-) 
  csm_inst_f_inst_sbox_inst_sbox7_g546/z (u)     in_0->z R     unmapped_complex2      1   4.0     0   122    3653    (-,-) 
  csm_inst_f_inst_sbox_inst_sbox7_g536/z (u)     in_0->z F     unmapped_nand2         1   4.0     0   122    3775    (-,-) 
  csm_inst_f_inst_sbox_inst_sbox7_g525/z (u)     in_0->z F     unmapped_complex2      1   4.0     0   122    3898    (-,-) 
  csm_inst_f_inst_sbox_inst_sbox7_g520/z (u)     in_1->z F     unmapped_or2           1   4.0     0   122    4020    (-,-) 
  csm_inst_f_inst_sbox_inst_sbox7_g519/z (u)     in_0->z F     unmapped_or2           1   4.0     0   122    4142    (-,-) 
  csm_inst_f_inst_sbox_inst_sbox7_g518/z (u)     in_1->z F     unmapped_or2           2   8.0     0   166    4308    (-,-) 
  g5834/z                                (u)     in_1->z F     unmapped_complex2      1   4.0     0   122    4430    (-,-) 
  g5835/z                                (u)     in_1->z R     unmapped_nand2         1   4.0     0   122    4552    (-,-) 
  g5819/z                                (u)     in_1->z F     unmapped_complex2      1   4.0     0   122    4675    (-,-) 
  g5809/z                                (u)     in_0->z R     unmapped_nand2         1   4.0     0   122    4797    (-,-) 
  g5807/z                                (u)     in_0->z R     unmapped_complex2      1   4.0     0   122    4919    (-,-) 
  csm_inst_right_reg_reg[10]/d           -       -       R     unmapped_d_flop        1     -     -     0    4919    (-,-) 
#--------------------------------------------------------------------------------------------------------------------------

(u) : Net has unmapped pin(s).



Path 2: MET (95062 ps) Setup Check with Pin csm_inst_right_reg_reg[5]/clk->d
          Group: C2C
     Startpoint: (R) csm_inst_round_counter_reg[3]/clk
          Clock: (R) clk
       Endpoint: (R) csm_inst_right_reg_reg[5]/d
          Clock: (R) clk

                     Capture       Launch     
        Clock Edge:+  100000            0     
       Src Latency:+       0            0     
       Net Latency:+       0 (I)        0 (I) 
           Arrival:=  100000            0     
                                              
             Setup:-      75                  
     Required Time:=   99925                  
      Launch Clock:-       0                  
         Data Path:-    4862                  
             Slack:=   95062                  

#--------------------------------------------------------------------------------------------------------------------------
#             Timing Point               Flags    Arc    Edge       Cell         Fanout  Load Trans Delay Arrival Instance 
#                                                                                        (fF)  (ps)  (ps)   (ps)  Location 
#--------------------------------------------------------------------------------------------------------------------------
  csm_inst_round_counter_reg[3]/clk      -       -       R     (arrival)            335     -     0     0       0    (-,-) 
  csm_inst_round_counter_reg[3]/q        (u)     clk->q  F     unmapped_d_flop      115 460.0     0   546     546    (-,-) 
  g22532/z                               (u)     in_0->z R     unmapped_nand2         3  12.0     0   189     735    (-,-) 
  g22269/z                               (u)     in_1->z F     unmapped_nand2         4  16.0     0   211     947    (-,-) 
  g21686/z                               (u)     in_0->z R     unmapped_complex2      1   4.0     0   122    1069    (-,-) 
  g21415/z                               (u)     in_0->z F     unmapped_nand2         2   8.0     0   166    1235    (-,-) 
  g22973/z                               (u)     in_0->z R     unmapped_complex2      1   4.0     0   122    1357    (-,-) 
  g23129/z                               (u)     in_1->z F     unmapped_complex2      1   4.0     0   122    1479    (-,-) 
  g20698/z                               (u)     in_1->z F     unmapped_or2           1   4.0     0   122    1601    (-,-) 
  g23155/z                               (u)     in_0->z F     unmapped_complex2      1   4.0     0   122    1724    (-,-) 
  g20589/z                               (u)     in_1->z F     unmapped_complex2      1   4.0     0   122    1846    (-,-) 
  g20548/z                               (u)     in_0->z R     unmapped_complex2      1   4.0     0   122    1968    (-,-) 
  g20501/z                               (u)     in_1->z F     unmapped_nand2         1   4.0     0   122    2090    (-,-) 
  g20398/z                               (u)     in_1->z F     unmapped_or2           1   4.0     0   122    2212    (-,-) 
  g20361/z                               (u)     in_1->z F     unmapped_or2           2   8.0     0   166    2378    (-,-) 
  g23273/z                               (u)     in_0->z R     unmapped_complex2      1   4.0     0   122    2501    (-,-) 
  g20339/z                               (u)     in_1->z F     unmapped_nand2        11  44.0     0   262    2762    (-,-) 
  csm_inst_f_inst_sbox_inst_sbox8_g607/z (u)     in_0->z R     unmapped_complex2      3  12.0     0   189    2952    (-,-) 
  csm_inst_f_inst_sbox_inst_sbox8_g579/z (u)     in_1->z R     unmapped_complex2      4  16.0     0   211    3163    (-,-) 
  csm_inst_f_inst_sbox_inst_sbox8_g554/z (u)     in_0->z R     unmapped_or2           3  12.0     0   189    3352    (-,-) 
  csm_inst_f_inst_sbox_inst_sbox8_g515/z (u)     in_1->z F     unmapped_nand2         1   4.0     0   122    3474    (-,-) 
  csm_inst_f_inst_sbox_inst_sbox8_g499/z (u)     in_0->z R     unmapped_complex2      1   4.0     0   122    3597    (-,-) 
  csm_inst_f_inst_sbox_inst_sbox8_g477/z (u)     in_0->z F     unmapped_nand2         1   4.0     0   122    3719    (-,-) 
  csm_inst_f_inst_sbox_inst_sbox8_g474/z (u)     in_0->z F     unmapped_complex2      1   4.0     0   122    3841    (-,-) 
  csm_inst_f_inst_sbox_inst_sbox8_g465/z (u)     in_0->z F     unmapped_or2           1   4.0     0   122    3963    (-,-) 
  csm_inst_f_inst_sbox_inst_sbox8_g462/z (u)     in_0->z F     unmapped_or2           1   4.0     0   122    4085    (-,-) 
  csm_inst_f_inst_sbox_inst_sbox8_g459/z (u)     in_1->z F     unmapped_or2           2   8.0     0   166    4251    (-,-) 
  g5698/z                                (u)     in_1->z F     unmapped_complex2      1   4.0     0   122    4374    (-,-) 
  g5699/z                                (u)     in_1->z R     unmapped_nand2         1   4.0     0   122    4496    (-,-) 
  g5683/z                                (u)     in_1->z F     unmapped_complex2      1   4.0     0   122    4618    (-,-) 
  g5673/z                                (u)     in_0->z R     unmapped_nand2         1   4.0     0   122    4740    (-,-) 
  g5671/z                                (u)     in_0->z R     unmapped_complex2      1   4.0     0   122    4862    (-,-) 
  csm_inst_right_reg_reg[5]/d            -       -       R     unmapped_d_flop        1     -     -     0    4862    (-,-) 
#--------------------------------------------------------------------------------------------------------------------------

(u) : Net has unmapped pin(s).



Path 3: MET (95106 ps) Setup Check with Pin csm_inst_right_reg_reg[11]/clk->d
          Group: C2C
     Startpoint: (R) csm_inst_round_counter_reg[3]/clk
          Clock: (R) clk
       Endpoint: (R) csm_inst_right_reg_reg[11]/d
          Clock: (R) clk

                     Capture       Launch     
        Clock Edge:+  100000            0     
       Src Latency:+       0            0     
       Net Latency:+       0 (I)        0 (I) 
           Arrival:=  100000            0     
                                              
             Setup:-      75                  
     Required Time:=   99925                  
      Launch Clock:-       0                  
         Data Path:-    4819                  
             Slack:=   95106                  

#--------------------------------------------------------------------------------------------------------------------------
#             Timing Point               Flags    Arc    Edge       Cell         Fanout  Load Trans Delay Arrival Instance 
#                                                                                        (fF)  (ps)  (ps)   (ps)  Location 
#--------------------------------------------------------------------------------------------------------------------------
  csm_inst_round_counter_reg[3]/clk      -       -       R     (arrival)            335     -     0     0       0    (-,-) 
  csm_inst_round_counter_reg[3]/q        (u)     clk->q  R     unmapped_d_flop      115 460.0     0   546     546    (-,-) 
  g22532/z                               (u)     in_0->z F     unmapped_nand2         3  12.0     0   189     735    (-,-) 
  g22269/z                               (u)     in_1->z R     unmapped_nand2         4  16.0     0   211     947    (-,-) 
  g21686/z                               (u)     in_0->z F     unmapped_complex2      1   4.0     0   122    1069    (-,-) 
  g21415/z                               (u)     in_0->z R     unmapped_nand2         2   8.0     0   166    1235    (-,-) 
  g22973/z                               (u)     in_0->z F     unmapped_complex2      1   4.0     0   122    1357    (-,-) 
  g23129/z                               (u)     in_1->z R     unmapped_complex2      1   4.0     0   122    1479    (-,-) 
  g20698/z                               (u)     in_1->z R     unmapped_or2           1   4.0     0   122    1601    (-,-) 
  g23155/z                               (u)     in_0->z R     unmapped_complex2      1   4.0     0   122    1724    (-,-) 
  g20589/z                               (u)     in_1->z R     unmapped_complex2      1   4.0     0   122    1846    (-,-) 
  g20548/z                               (u)     in_0->z F     unmapped_complex2      1   4.0     0   122    1968    (-,-) 
  g20501/z                               (u)     in_1->z R     unmapped_nand2         1   4.0     0   122    2090    (-,-) 
  g20398/z                               (u)     in_1->z R     unmapped_or2           1   4.0     0   122    2212    (-,-) 
  g20361/z                               (u)     in_1->z R     unmapped_or2           2   8.0     0   166    2378    (-,-) 
  g23273/z                               (u)     in_0->z F     unmapped_complex2      1   4.0     0   122    2501    (-,-) 
  g20339/z                               (u)     in_1->z R     unmapped_nand2        11  44.0     0   262    2762    (-,-) 
  csm_inst_f_inst_sbox_inst_sbox8_g603/z (u)     in_0->z R     unmapped_complex2      8  32.0     0   248    3010    (-,-) 
  csm_inst_f_inst_sbox_inst_sbox8_g580/z (u)     in_0->z F     unmapped_nand2         4  16.0     0   211    3221    (-,-) 
  csm_inst_f_inst_sbox_inst_sbox8_g546/z (u)     in_1->z F     unmapped_complex2      1   4.0     0   122    3343    (-,-) 
  csm_inst_f_inst_sbox_inst_sbox8_g505/z (u)     in_1->z F     unmapped_complex2      2   8.0     0   166    3509    (-,-) 
  csm_inst_f_inst_sbox_inst_sbox8_g491/z (u)     in_1->z F     unmapped_or2           2   8.0     0   166    3675    (-,-) 
  csm_inst_f_inst_sbox_inst_sbox8_g485/z (u)     in_0->z R     unmapped_nand2         1   4.0     0   122    3797    (-,-) 
  csm_inst_f_inst_sbox_inst_sbox8_g471/z (u)     in_1->z R     unmapped_or2           1   4.0     0   122    3920    (-,-) 
  csm_inst_f_inst_sbox_inst_sbox8_g464/z (u)     in_0->z R     unmapped_or2           1   4.0     0   122    4042    (-,-) 
  csm_inst_f_inst_sbox_inst_sbox8_g612/z (u)     in_0->z F     unmapped_nor2          2   8.0     0   166    4208    (-,-) 
  g5695/z                                (u)     in_1->z F     unmapped_complex2      1   4.0     0   122    4330    (-,-) 
  g5696/z                                (u)     in_1->z R     unmapped_nand2         1   4.0     0   122    4452    (-,-) 
  g5681/z                                (u)     in_1->z F     unmapped_complex2      1   4.0     0   122    4574    (-,-) 
  g5672/z                                (u)     in_0->z R     unmapped_nand2         1   4.0     0   122    4696    (-,-) 
  g5668/z                                (u)     in_0->z R     unmapped_complex2      1   4.0     0   122    4819    (-,-) 
  csm_inst_right_reg_reg[11]/d           -       -       R     unmapped_d_flop        1     -     -     0    4819    (-,-) 
#--------------------------------------------------------------------------------------------------------------------------

(u) : Net has unmapped pin(s).



Path 4: MET (95179 ps) Setup Check with Pin csm_inst_right_reg_reg[23]/clk->d
          Group: C2C
     Startpoint: (R) csm_inst_round_counter_reg[0]/clk
          Clock: (R) clk
       Endpoint: (R) csm_inst_right_reg_reg[23]/d
          Clock: (R) clk

                     Capture       Launch     
        Clock Edge:+  100000            0     
       Src Latency:+       0            0     
       Net Latency:+       0 (I)        0 (I) 
           Arrival:=  100000            0     
                                              
             Setup:-      75                  
     Required Time:=   99925                  
      Launch Clock:-       0                  
         Data Path:-    4745                  
             Slack:=   95179                  

#---------------------------------------------------------------------------------------------------------------------
#           Timing Point            Flags    Arc    Edge       Cell         Fanout  Load Trans Delay Arrival Instance 
#                                                                                   (fF)  (ps)  (ps)   (ps)  Location 
#---------------------------------------------------------------------------------------------------------------------
  csm_inst_round_counter_reg[0]/clk -       -       R     (arrival)            335     -     0     0       0    (-,-) 
  csm_inst_round_counter_reg[0]/q   (u)     clk->q  F     unmapped_d_flop      168 672.0     0   599     599    (-,-) 
  g22647/z                          (u)     in_1->z F     unmapped_or2           8  32.0     0   248     846    (-,-) 
  g22280/z                          (u)     in_0->z F     unmapped_or2          37 148.0     0   326    1172    (-,-) 
  g22176/z                          (u)     in_0->z F     unmapped_complex2      2   8.0     0   166    1338    (-,-) 
  g21305/z                          (u)     in_0->z R     unmapped_nand2         1   4.0     0   122    1460    (-,-) 
  g20966/z                          (u)     in_1->z R     unmapped_or2           1   4.0     0   122    1582    (-,-) 
  g20717/z                          (u)     in_1->z R     unmapped_or2           1   4.0     0   122    1705    (-,-) 
  g23153/z                          (u)     in_0->z R     unmapped_complex2      1   4.0     0   122    1827    (-,-) 
  g20577/z                          (u)     in_0->z F     unmapped_complex2      1   4.0     0   122    1949    (-,-) 
  g20541/z                          (u)     in_0->z R     unmapped_nand2         1   4.0     0   122    2071    (-,-) 
  g20477/z                          (u)     in_1->z R     unmapped_or2           1   4.0     0   122    2193    (-,-) 
  g20372/z                          (u)     in_1->z R     unmapped_or2           2   8.0     0   166    2359    (-,-) 
  g23263/z                          (u)     in_0->z F     unmapped_complex2      1   4.0     0   122    2482    (-,-) 
  g20350/z                          (u)     in_1->z R     unmapped_nand2        10  40.0     0   257    2738    (-,-) 
  g20335/z                          (u)     in_0->z R     unmapped_complex2      9  36.0     0   252    2991    (-,-) 
  g20294/z                          (u)     in_1->z R     unmapped_or2           1   4.0     0   122    3113    (-,-) 
  g20258/z                          (u)     in_0->z F     unmapped_nand2         1   4.0     0   122    3235    (-,-) 
  g20236/z                          (u)     in_0->z R     unmapped_complex2      1   4.0     0   122    3357    (-,-) 
  g20223/z                          (u)     in_1->z F     unmapped_nand2         1   4.0     0   122    3480    (-,-) 
  g23282/z                          (u)     in_0->z F     unmapped_complex2      1   4.0     0   122    3602    (-,-) 
  g20215/z                          (u)     in_1->z F     unmapped_or2           1   4.0     0   122    3724    (-,-) 
  g20209/z                          (u)     in_0->z F     unmapped_complex2      1   4.0     0   122    3846    (-,-) 
  g23286/z                          (u)     in_0->z F     unmapped_complex2      1   4.0     0   122    3968    (-,-) 
  g20201/z                          (u)     in_0->z F     unmapped_or2           2   8.0     0   166    4134    (-,-) 
  g20189/z                          (u)     in_0->z F     unmapped_or2           1   4.0     0   122    4256    (-,-) 
  g20190/z                          (u)     in_1->z R     unmapped_nand2         1   4.0     0   122    4379    (-,-) 
  g20183/z                          (u)     in_0->z F     unmapped_complex2      1   4.0     0   122    4501    (-,-) 
  g20178/z                          (u)     in_0->z R     unmapped_nand2         1   4.0     0   122    4623    (-,-) 
  g23290/z                          (u)     in_0->z R     unmapped_complex2      1   4.0     0   122    4745    (-,-) 
  csm_inst_right_reg_reg[23]/d      -       -       R     unmapped_d_flop        1     -     -     0    4745    (-,-) 
#---------------------------------------------------------------------------------------------------------------------

(u) : Net has unmapped pin(s).



Path 5: MET (95206 ps) Setup Check with Pin csm_inst_right_reg_reg[20]/clk->d
          Group: C2C
     Startpoint: (R) csm_inst_round_counter_reg[0]/clk
          Clock: (R) clk
       Endpoint: (R) csm_inst_right_reg_reg[20]/d
          Clock: (R) clk

                     Capture       Launch     
        Clock Edge:+  100000            0     
       Src Latency:+       0            0     
       Net Latency:+       0 (I)        0 (I) 
           Arrival:=  100000            0     
                                              
             Setup:-      75                  
     Required Time:=   99925                  
      Launch Clock:-       0                  
         Data Path:-    4718                  
             Slack:=   95206                  

#--------------------------------------------------------------------------------------------------------------------------
#             Timing Point               Flags    Arc    Edge       Cell         Fanout  Load Trans Delay Arrival Instance 
#                                                                                        (fF)  (ps)  (ps)   (ps)  Location 
#--------------------------------------------------------------------------------------------------------------------------
  csm_inst_round_counter_reg[0]/clk      -       -       R     (arrival)            335     -     0     0       0    (-,-) 
  csm_inst_round_counter_reg[0]/q        (u)     clk->q  R     unmapped_d_flop      168 672.0     0   599     599    (-,-) 
  g22639/z                               (u)     in_0->z R     unmapped_complex2     12  48.0     0   266     865    (-,-) 
  g22681/z                               (u)     in_0->z R     unmapped_complex2     47 188.0     0   339    1204    (-,-) 
  g22776/z                               (u)     in_1->z R     unmapped_complex2      1   4.0     0   122    1326    (-,-) 
  g21223/z                               (u)     in_1->z F     unmapped_nand2         1   4.0     0   122    1449    (-,-) 
  g23134/z                               (u)     in_0->z F     unmapped_complex2      1   4.0     0   122    1571    (-,-) 
  g20741/z                               (u)     in_1->z F     unmapped_or2           1   4.0     0   122    1693    (-,-) 
  g23161/z                               (u)     in_0->z F     unmapped_complex2      1   4.0     0   122    1815    (-,-) 
  g20576/z                               (u)     in_0->z R     unmapped_complex2      1   4.0     0   122    1937    (-,-) 
  g20529/z                               (u)     in_0->z F     unmapped_complex2      1   4.0     0   122    2060    (-,-) 
  g20452/z                               (u)     in_0->z F     unmapped_or2           2   8.0     0   166    2226    (-,-) 
  g23245/z                               (u)     in_0->z R     unmapped_complex2      1   4.0     0   122    2348    (-,-) 
  g20393/z                               (u)     in_1->z F     unmapped_nand2        10  40.0     0   257    2605    (-,-) 
  csm_inst_f_inst_sbox_inst_sbox7_g664/z (u)     in_1->z R     unmapped_nand2         7  28.0     0   240    2845    (-,-) 
  csm_inst_f_inst_sbox_inst_sbox7_g633/z (u)     in_0->z F     unmapped_nand2         9  36.0     0   252    3097    (-,-) 
  csm_inst_f_inst_sbox_inst_sbox7_g595/z (u)     in_1->z R     unmapped_nand2         3  12.0     0   189    3287    (-,-) 
  csm_inst_f_inst_sbox_inst_sbox7_g573/z (u)     in_0->z F     unmapped_nand2         2   8.0     0   166    3453    (-,-) 
  csm_inst_f_inst_sbox_inst_sbox7_g550/z (u)     in_0->z R     unmapped_nand2         1   4.0     0   122    3575    (-,-) 
  csm_inst_f_inst_sbox_inst_sbox7_g543/z (u)     in_0->z R     unmapped_or2           1   4.0     0   122    3697    (-,-) 
  csm_inst_f_inst_sbox_inst_sbox7_g533/z (u)     in_0->z F     unmapped_nand2         1   4.0     0   122    3819    (-,-) 
  csm_inst_f_inst_sbox_inst_sbox7_g524/z (u)     in_0->z F     unmapped_complex2      1   4.0     0   122    3941    (-,-) 
  csm_inst_f_inst_sbox_inst_sbox7_g523/z (u)     in_0->z F     unmapped_or2           2   8.0     0   166    4107    (-,-) 
  g5831/z                                (u)     in_1->z F     unmapped_complex2      1   4.0     0   122    4230    (-,-) 
  g5832/z                                (u)     in_1->z R     unmapped_nand2         1   4.0     0   122    4352    (-,-) 
  g5817/z                                (u)     in_1->z F     unmapped_complex2      1   4.0     0   122    4474    (-,-) 
  g5808/z                                (u)     in_0->z R     unmapped_nand2         1   4.0     0   122    4596    (-,-) 
  g5804/z                                (u)     in_0->z R     unmapped_complex2      1   4.0     0   122    4718    (-,-) 
  csm_inst_right_reg_reg[20]/d           -       -       R     unmapped_d_flop        1     -     -     0    4718    (-,-) 
#--------------------------------------------------------------------------------------------------------------------------

(u) : Net has unmapped pin(s).



Path 6: MET (95222 ps) Setup Check with Pin csm_inst_right_reg_reg[2]/clk->d
          Group: C2C
     Startpoint: (R) csm_inst_round_counter_reg[0]/clk
          Clock: (R) clk
       Endpoint: (R) csm_inst_right_reg_reg[2]/d
          Clock: (R) clk

                     Capture       Launch     
        Clock Edge:+  100000            0     
       Src Latency:+       0            0     
       Net Latency:+       0 (I)        0 (I) 
           Arrival:=  100000            0     
                                              
             Setup:-      75                  
     Required Time:=   99925                  
      Launch Clock:-       0                  
         Data Path:-    4703                  
             Slack:=   95222                  

#--------------------------------------------------------------------------------------------------------------------------
#             Timing Point               Flags    Arc    Edge       Cell         Fanout  Load Trans Delay Arrival Instance 
#                                                                                        (fF)  (ps)  (ps)   (ps)  Location 
#--------------------------------------------------------------------------------------------------------------------------
  csm_inst_round_counter_reg[0]/clk      -       -       R     (arrival)            335     -     0     0       0    (-,-) 
  csm_inst_round_counter_reg[0]/q        (u)     clk->q  R     unmapped_d_flop      168 672.0     0   599     599    (-,-) 
  g22639/z                               (u)     in_0->z R     unmapped_complex2     12  48.0     0   266     865    (-,-) 
  g22681/z                               (u)     in_0->z R     unmapped_complex2     47 188.0     0   339    1204    (-,-) 
  g22814/z                               (u)     in_1->z R     unmapped_complex2      1   4.0     0   122    1326    (-,-) 
  g21244/z                               (u)     in_0->z F     unmapped_nand2         1   4.0     0   122    1449    (-,-) 
  g23138/z                               (u)     in_0->z F     unmapped_complex2      1   4.0     0   122    1571    (-,-) 
  g20700/z                               (u)     in_0->z F     unmapped_or2           1   4.0     0   122    1693    (-,-) 
  g20662/z                               (u)     in_0->z R     unmapped_nand2         1   4.0     0   122    1815    (-,-) 
  g20571/z                               (u)     in_1->z F     unmapped_nand2         1   4.0     0   122    1937    (-,-) 
  g20565/z                               (u)     in_1->z F     unmapped_or2           1   4.0     0   122    2060    (-,-) 
  g20463/z                               (u)     in_1->z F     unmapped_or2           2   8.0     0   166    2226    (-,-) 
  g23257/z                               (u)     in_0->z R     unmapped_complex2      1   4.0     0   122    2348    (-,-) 
  g20416/z                               (u)     in_1->z F     unmapped_nand2        13  52.0     0   271    2619    (-,-) 
  csm_inst_f_inst_sbox_inst_sbox3_g682/z (u)     in_1->z R     unmapped_nand2         7  28.0     0   240    2859    (-,-) 
  csm_inst_f_inst_sbox_inst_sbox3_g662/z (u)     in_1->z F     unmapped_nand2         4  16.0     0   211    3070    (-,-) 
  csm_inst_f_inst_sbox_inst_sbox3_g632/z (u)     in_1->z R     unmapped_complex2      1   4.0     0   122    3192    (-,-) 
  csm_inst_f_inst_sbox_inst_sbox3_g589/z (u)     in_0->z R     unmapped_or2           1   4.0     0   122    3315    (-,-) 
  csm_inst_f_inst_sbox_inst_sbox3_g574/z (u)     in_1->z F     unmapped_nand2         1   4.0     0   122    3437    (-,-) 
  csm_inst_f_inst_sbox_inst_sbox3_g562/z (u)     in_0->z R     unmapped_complex2      1   4.0     0   122    3559    (-,-) 
  csm_inst_f_inst_sbox_inst_sbox3_g559/z (u)     in_0->z F     unmapped_nand2         1   4.0     0   122    3681    (-,-) 
  csm_inst_f_inst_sbox_inst_sbox3_g553/z (u)     in_0->z F     unmapped_or2           1   4.0     0   122    3803    (-,-) 
  csm_inst_f_inst_sbox_inst_sbox3_g546/z (u)     in_0->z F     unmapped_complex2      1   4.0     0   122    3926    (-,-) 
  csm_inst_f_inst_sbox_inst_sbox3_g544/z (u)     in_1->z F     unmapped_or2           2   8.0     0   166    4092    (-,-) 
  g5800/z                                (u)     in_1->z F     unmapped_complex2      1   4.0     0   122    4214    (-,-) 
  g5801/z                                (u)     in_1->z R     unmapped_nand2         1   4.0     0   122    4336    (-,-) 
  g5785/z                                (u)     in_1->z F     unmapped_complex2      1   4.0     0   122    4458    (-,-) 
  g5775/z                                (u)     in_0->z R     unmapped_nand2         1   4.0     0   122    4580    (-,-) 
  g5773/z                                (u)     in_0->z R     unmapped_complex2      1   4.0     0   122    4703    (-,-) 
  csm_inst_right_reg_reg[2]/d            -       -       R     unmapped_d_flop        1     -     -     0    4703    (-,-) 
#--------------------------------------------------------------------------------------------------------------------------

(u) : Net has unmapped pin(s).



Path 7: MET (95228 ps) Setup Check with Pin csm_inst_right_reg_reg[31]/clk->d
          Group: C2C
     Startpoint: (R) csm_inst_round_counter_reg[0]/clk
          Clock: (R) clk
       Endpoint: (R) csm_inst_right_reg_reg[31]/d
          Clock: (R) clk

                     Capture       Launch     
        Clock Edge:+  100000            0     
       Src Latency:+       0            0     
       Net Latency:+       0 (I)        0 (I) 
           Arrival:=  100000            0     
                                              
             Setup:-      75                  
     Required Time:=   99925                  
      Launch Clock:-       0                  
         Data Path:-    4696                  
             Slack:=   95228                  

#---------------------------------------------------------------------------------------------------------------------------
#              Timing Point               Flags    Arc    Edge       Cell         Fanout  Load Trans Delay Arrival Instance 
#                                                                                         (fF)  (ps)  (ps)   (ps)  Location 
#---------------------------------------------------------------------------------------------------------------------------
  csm_inst_round_counter_reg[0]/clk       -       -       R     (arrival)            335     -     0     0       0    (-,-) 
  csm_inst_round_counter_reg[0]/q         (u)     clk->q  R     unmapped_d_flop      168 672.0     0   599     599    (-,-) 
  g22639/z                                (u)     in_0->z R     unmapped_complex2     12  48.0     0   266     865    (-,-) 
  g22681/z                                (u)     in_0->z R     unmapped_complex2     47 188.0     0   339    1204    (-,-) 
  g22784/z                                (u)     in_1->z R     unmapped_complex2      1   4.0     0   122    1326    (-,-) 
  g21143/z                                (u)     in_0->z F     unmapped_nand2         1   4.0     0   122    1449    (-,-) 
  g20947/z                                (u)     in_1->z F     unmapped_or2           1   4.0     0   122    1571    (-,-) 
  g20695/z                                (u)     in_1->z F     unmapped_or2           1   4.0     0   122    1693    (-,-) 
  g20668/z                                (u)     in_0->z R     unmapped_nand2         1   4.0     0   122    1815    (-,-) 
  g20595/z                                (u)     in_1->z F     unmapped_nand2         1   4.0     0   122    1937    (-,-) 
  g20550/z                                (u)     in_1->z F     unmapped_or2           1   4.0     0   122    2060    (-,-) 
  g20482/z                                (u)     in_1->z F     unmapped_or2           2   8.0     0   166    2226    (-,-) 
  g23247/z                                (u)     in_0->z R     unmapped_complex2      1   4.0     0   122    2348    (-,-) 
  g20396/z                                (u)     in_1->z F     unmapped_nand2        12  48.0     0   266    2614    (-,-) 
  csm_inst_f_inst_sbox_inst_sbox4_g128/z  (u)     in_0->z R     unmapped_complex2      7  28.0     0   240    2854    (-,-) 
  csm_inst_f_inst_sbox_inst_sbox4_g1106/z (u)     in_1->z R     unmapped_complex2      1   4.0     0   122    2976    (-,-) 
  csm_inst_f_inst_sbox_inst_sbox4_g1072/z (u)     in_0->z R     unmapped_or2           2   8.0     0   166    3142    (-,-) 
  csm_inst_f_inst_sbox_inst_sbox4_g1028/z (u)     in_0->z F     unmapped_nand2         2   8.0     0   166    3308    (-,-) 
  csm_inst_f_inst_sbox_inst_sbox4_g999/z  (u)     in_1->z R     unmapped_complex2      1   4.0     0   122    3431    (-,-) 
  csm_inst_f_inst_sbox_inst_sbox4_g990/z  (u)     in_0->z F     unmapped_nand2         1   4.0     0   122    3553    (-,-) 
  csm_inst_f_inst_sbox_inst_sbox4_g984/z  (u)     in_0->z F     unmapped_or2           1   4.0     0   122    3675    (-,-) 
  csm_inst_f_inst_sbox_inst_sbox4_g979/z  (u)     in_1->z F     unmapped_or2           1   4.0     0   122    3797    (-,-) 
  csm_inst_f_inst_sbox_inst_sbox4_g975/z  (u)     in_1->z F     unmapped_or2           1   4.0     0   122    3920    (-,-) 
  csm_inst_f_inst_sbox_inst_sbox4_g974/z  (u)     in_1->z F     unmapped_or2           2   8.0     0   166    4086    (-,-) 
  g5661/z                                 (u)     in_1->z F     unmapped_complex2      1   4.0     0   122    4208    (-,-) 
  g5662/z                                 (u)     in_1->z R     unmapped_nand2         1   4.0     0   122    4330    (-,-) 
  g5647/z                                 (u)     in_1->z F     unmapped_complex2      1   4.0     0   122    4452    (-,-) 
  g5638/z                                 (u)     in_0->z R     unmapped_nand2         1   4.0     0   122    4574    (-,-) 
  g5634/z                                 (u)     in_0->z R     unmapped_complex2      1   4.0     0   122    4696    (-,-) 
  csm_inst_right_reg_reg[31]/d            -       -       R     unmapped_d_flop        1     -     -     0    4696    (-,-) 
#---------------------------------------------------------------------------------------------------------------------------

(u) : Net has unmapped pin(s).



Path 8: MET (95246 ps) Setup Check with Pin csm_inst_right_reg_reg[1]/clk->d
          Group: C2C
     Startpoint: (R) csm_inst_round_counter_reg[0]/clk
          Clock: (R) clk
       Endpoint: (R) csm_inst_right_reg_reg[1]/d
          Clock: (R) clk

                     Capture       Launch     
        Clock Edge:+  100000            0     
       Src Latency:+       0            0     
       Net Latency:+       0 (I)        0 (I) 
           Arrival:=  100000            0     
                                              
             Setup:-      75                  
     Required Time:=   99925                  
      Launch Clock:-       0                  
         Data Path:-    4678                  
             Slack:=   95246                  

#--------------------------------------------------------------------------------------------------------------------------
#             Timing Point               Flags    Arc    Edge       Cell         Fanout  Load Trans Delay Arrival Instance 
#                                                                                        (fF)  (ps)  (ps)   (ps)  Location 
#--------------------------------------------------------------------------------------------------------------------------
  csm_inst_round_counter_reg[0]/clk      -       -       R     (arrival)            335     -     0     0       0    (-,-) 
  csm_inst_round_counter_reg[0]/q        (u)     clk->q  F     unmapped_d_flop      168 672.0     0   599     599    (-,-) 
  g22647/z                               (u)     in_1->z F     unmapped_or2           8  32.0     0   248     846    (-,-) 
  g22280/z                               (u)     in_0->z F     unmapped_or2          37 148.0     0   326    1172    (-,-) 
  g22176/z                               (u)     in_0->z F     unmapped_complex2      2   8.0     0   166    1338    (-,-) 
  g21305/z                               (u)     in_0->z R     unmapped_nand2         1   4.0     0   122    1460    (-,-) 
  g20966/z                               (u)     in_1->z R     unmapped_or2           1   4.0     0   122    1582    (-,-) 
  g20717/z                               (u)     in_1->z R     unmapped_or2           1   4.0     0   122    1705    (-,-) 
  g23153/z                               (u)     in_0->z R     unmapped_complex2      1   4.0     0   122    1827    (-,-) 
  g20577/z                               (u)     in_0->z F     unmapped_complex2      1   4.0     0   122    1949    (-,-) 
  g20541/z                               (u)     in_0->z R     unmapped_nand2         1   4.0     0   122    2071    (-,-) 
  g20477/z                               (u)     in_1->z R     unmapped_or2           1   4.0     0   122    2193    (-,-) 
  g20372/z                               (u)     in_1->z R     unmapped_or2           2   8.0     0   166    2359    (-,-) 
  g23263/z                               (u)     in_0->z F     unmapped_complex2      1   4.0     0   122    2482    (-,-) 
  g20350/z                               (u)     in_1->z R     unmapped_nand2        10  40.0     0   257    2738    (-,-) 
  csm_inst_f_inst_sbox_inst_sbox1_g108/z (u)     in_1->z R     unmapped_or2           7  28.0     0   240    2979    (-,-) 
  g20295/z                               (u)     in_0->z R     unmapped_complex2      3  12.0     0   189    3168    (-,-) 
  g20251/z                               (u)     in_0->z F     unmapped_nand2         1   4.0     0   122    3290    (-,-) 
  g20248/z                               (u)     in_0->z R     unmapped_complex2      1   4.0     0   122    3413    (-,-) 
  g20224/z                               (u)     in_1->z F     unmapped_nand2         1   4.0     0   122    3535    (-,-) 
  g20221/z                               (u)     in_0->z F     unmapped_complex2      1   4.0     0   122    3657    (-,-) 
  g20213/z                               (u)     in_1->z F     unmapped_or2           1   4.0     0   122    3779    (-,-) 
  g23285/z                               (u)     in_0->z F     unmapped_complex2      1   4.0     0   122    3901    (-,-) 
  g20204/z                               (u)     in_0->z F     unmapped_or2           2   8.0     0   166    4067    (-,-) 
  g20193/z                               (u)     in_0->z F     unmapped_complex2      1   4.0     0   122    4190    (-,-) 
  g20194/z                               (u)     in_1->z R     unmapped_nand2         1   4.0     0   122    4312    (-,-) 
  g20191/z                               (u)     in_0->z F     unmapped_complex2      1   4.0     0   122    4434    (-,-) 
  g20184/z                               (u)     in_0->z R     unmapped_nand2         1   4.0     0   122    4556    (-,-) 
  g23289/z                               (u)     in_0->z R     unmapped_complex2      1   4.0     0   122    4678    (-,-) 
  csm_inst_right_reg_reg[1]/d            -       -       R     unmapped_d_flop        1     -     -     0    4678    (-,-) 
#--------------------------------------------------------------------------------------------------------------------------

(u) : Net has unmapped pin(s).



Path 9: MET (95258 ps) Setup Check with Pin csm_inst_right_reg_reg[24]/clk->d
          Group: C2C
     Startpoint: (R) csm_inst_round_counter_reg[3]/clk
          Clock: (R) clk
       Endpoint: (R) csm_inst_right_reg_reg[24]/d
          Clock: (R) clk

                     Capture       Launch     
        Clock Edge:+  100000            0     
       Src Latency:+       0            0     
       Net Latency:+       0 (I)        0 (I) 
           Arrival:=  100000            0     
                                              
             Setup:-      75                  
     Required Time:=   99925                  
      Launch Clock:-       0                  
         Data Path:-    4667                  
             Slack:=   95258                  

#--------------------------------------------------------------------------------------------------------------------------
#             Timing Point               Flags    Arc    Edge       Cell         Fanout  Load Trans Delay Arrival Instance 
#                                                                                        (fF)  (ps)  (ps)   (ps)  Location 
#--------------------------------------------------------------------------------------------------------------------------
  csm_inst_round_counter_reg[3]/clk      -       -       R     (arrival)            335     -     0     0       0    (-,-) 
  csm_inst_round_counter_reg[3]/q        (u)     clk->q  F     unmapped_d_flop      115 460.0     0   546     546    (-,-) 
  g22566/z                               (u)     in_0->z F     unmapped_complex2      3  12.0     0   189     735    (-,-) 
  g22419/z                               (u)     in_1->z R     unmapped_nand2         4  16.0     0   211     947    (-,-) 
  g22085/z                               (u)     in_0->z F     unmapped_nand2         1   4.0     0   122    1069    (-,-) 
  g21312/z                               (u)     in_1->z R     unmapped_nand2         2   8.0     0   166    1235    (-,-) 
  g20920/z                               (u)     in_0->z F     unmapped_complex2      1   4.0     0   122    1357    (-,-) 
  g20865/z                               (u)     in_0->z R     unmapped_nand2         1   4.0     0   122    1479    (-,-) 
  g20762/z                               (u)     in_0->z R     unmapped_or2           1   4.0     0   122    1601    (-,-) 
  g20670/z                               (u)     in_1->z R     unmapped_or2           1   4.0     0   122    1724    (-,-) 
  g23168/z                               (u)     in_0->z R     unmapped_complex2      1   4.0     0   122    1846    (-,-) 
  g20563/z                               (u)     in_0->z F     unmapped_nand2         1   4.0     0   122    1968    (-,-) 
  g20519/z                               (u)     in_0->z R     unmapped_complex2      1   4.0     0   122    2090    (-,-) 
  g20397/z                               (u)     in_0->z R     unmapped_or2           2   8.0     0   166    2256    (-,-) 
  g23267/z                               (u)     in_0->z F     unmapped_complex2      1   4.0     0   122    2378    (-,-) 
  g20344/z                               (u)     in_1->z R     unmapped_nand2        13  52.0     0   271    2649    (-,-) 
  csm_inst_f_inst_sbox_inst_sbox5_g177/z (u)     in_0->z F     unmapped_nand2         9  36.0     0   252    2902    (-,-) 
  csm_inst_f_inst_sbox_inst_sbox5_g201/z (u)     in_1->z R     unmapped_nand2         4  16.0     0   211    3113    (-,-) 
  csm_inst_f_inst_sbox_inst_sbox5_g850/z (u)     in_0->z R     unmapped_or2           2   8.0     0   166    3279    (-,-) 
  csm_inst_f_inst_sbox_inst_sbox5_g810/z (u)     in_0->z R     unmapped_or2           1   4.0     0   122    3401    (-,-) 
  csm_inst_f_inst_sbox_inst_sbox5_g792/z (u)     in_1->z F     unmapped_nand2         1   4.0     0   122    3523    (-,-) 
  csm_inst_f_inst_sbox_inst_sbox5_g787/z (u)     in_0->z F     unmapped_complex2      1   4.0     0   122    3645    (-,-) 
  csm_inst_f_inst_sbox_inst_sbox5_g778/z (u)     in_1->z F     unmapped_or2           1   4.0     0   122    3768    (-,-) 
  csm_inst_f_inst_sbox_inst_sbox5_g767/z (u)     in_1->z F     unmapped_or2           1   4.0     0   122    3890    (-,-) 
  csm_inst_f_inst_sbox_inst_sbox5_g765/z (u)     in_0->z F     unmapped_complex2      2   8.0     0   166    4056    (-,-) 
  g5630/z                                (u)     in_1->z F     unmapped_complex2      1   4.0     0   122    4178    (-,-) 
  g5631/z                                (u)     in_1->z R     unmapped_nand2         1   4.0     0   122    4300    (-,-) 
  g5615/z                                (u)     in_1->z F     unmapped_complex2      1   4.0     0   122    4422    (-,-) 
  g5605/z                                (u)     in_0->z R     unmapped_nand2         1   4.0     0   122    4544    (-,-) 
  g5603/z                                (u)     in_0->z R     unmapped_complex2      1   4.0     0   122    4667    (-,-) 
  csm_inst_right_reg_reg[24]/d           -       -       R     unmapped_d_flop        1     -     -     0    4667    (-,-) 
#--------------------------------------------------------------------------------------------------------------------------

(u) : Net has unmapped pin(s).



Path 10: MET (95272 ps) Setup Check with Pin csm_inst_right_reg_reg[27]/clk->d
          Group: C2C
     Startpoint: (R) csm_inst_round_counter_reg[3]/clk
          Clock: (R) clk
       Endpoint: (R) csm_inst_right_reg_reg[27]/d
          Clock: (R) clk

                     Capture       Launch     
        Clock Edge:+  100000            0     
       Src Latency:+       0            0     
       Net Latency:+       0 (I)        0 (I) 
           Arrival:=  100000            0     
                                              
             Setup:-      75                  
     Required Time:=   99925                  
      Launch Clock:-       0                  
         Data Path:-    4653                  
             Slack:=   95272                  

#--------------------------------------------------------------------------------------------------------------------------
#             Timing Point               Flags    Arc    Edge       Cell         Fanout  Load Trans Delay Arrival Instance 
#                                                                                        (fF)  (ps)  (ps)   (ps)  Location 
#--------------------------------------------------------------------------------------------------------------------------
  csm_inst_round_counter_reg[3]/clk      -       -       R     (arrival)            335     -     0     0       0    (-,-) 
  csm_inst_round_counter_reg[3]/q        (u)     clk->q  R     unmapped_d_flop      115 460.0     0   546     546    (-,-) 
  g22532/z                               (u)     in_0->z F     unmapped_nand2         3  12.0     0   189     735    (-,-) 
  g22269/z                               (u)     in_1->z R     unmapped_nand2         4  16.0     0   211     947    (-,-) 
  g21686/z                               (u)     in_0->z F     unmapped_complex2      1   4.0     0   122    1069    (-,-) 
  g21415/z                               (u)     in_0->z R     unmapped_nand2         2   8.0     0   166    1235    (-,-) 
  g22973/z                               (u)     in_0->z F     unmapped_complex2      1   4.0     0   122    1357    (-,-) 
  g23129/z                               (u)     in_1->z R     unmapped_complex2      1   4.0     0   122    1479    (-,-) 
  g20698/z                               (u)     in_1->z R     unmapped_or2           1   4.0     0   122    1601    (-,-) 
  g23155/z                               (u)     in_0->z R     unmapped_complex2      1   4.0     0   122    1724    (-,-) 
  g20589/z                               (u)     in_1->z R     unmapped_complex2      1   4.0     0   122    1846    (-,-) 
  g20548/z                               (u)     in_0->z F     unmapped_complex2      1   4.0     0   122    1968    (-,-) 
  g20501/z                               (u)     in_1->z R     unmapped_nand2         1   4.0     0   122    2090    (-,-) 
  g20398/z                               (u)     in_1->z R     unmapped_or2           1   4.0     0   122    2212    (-,-) 
  g20361/z                               (u)     in_1->z R     unmapped_or2           2   8.0     0   166    2378    (-,-) 
  g23273/z                               (u)     in_0->z F     unmapped_complex2      1   4.0     0   122    2501    (-,-) 
  g20339/z                               (u)     in_1->z R     unmapped_nand2        11  44.0     0   262    2762    (-,-) 
  csm_inst_f_inst_sbox_inst_sbox8_g603/z (u)     in_0->z R     unmapped_complex2      8  32.0     0   248    3010    (-,-) 
  csm_inst_f_inst_sbox_inst_sbox8_g580/z (u)     in_0->z F     unmapped_nand2         4  16.0     0   211    3221    (-,-) 
  csm_inst_f_inst_sbox_inst_sbox8_g546/z (u)     in_1->z F     unmapped_complex2      1   4.0     0   122    3343    (-,-) 
  csm_inst_f_inst_sbox_inst_sbox8_g505/z (u)     in_1->z F     unmapped_complex2      2   8.0     0   166    3509    (-,-) 
  csm_inst_f_inst_sbox_inst_sbox8_g496/z (u)     in_0->z F     unmapped_or2           1   4.0     0   122    3631    (-,-) 
  csm_inst_f_inst_sbox_inst_sbox8_g480/z (u)     in_0->z R     unmapped_complex2      1   4.0     0   122    3754    (-,-) 
  csm_inst_f_inst_sbox_inst_sbox8_g475/z (u)     in_0->z R     unmapped_or2           1   4.0     0   122    3876    (-,-) 
  csm_inst_f_inst_sbox_inst_sbox8_g611/z (u)     in_0->z F     unmapped_nor2          2   8.0     0   166    4042    (-,-) 
  g5692/z                                (u)     in_1->z F     unmapped_complex2      1   4.0     0   122    4164    (-,-) 
  g5693/z                                (u)     in_1->z R     unmapped_nand2         1   4.0     0   122    4286    (-,-) 
  g5678/z                                (u)     in_1->z F     unmapped_complex2      1   4.0     0   122    4408    (-,-) 
  g5674/z                                (u)     in_0->z R     unmapped_nand2         1   4.0     0   122    4530    (-,-) 
  g5670/z                                (u)     in_0->z R     unmapped_complex2      1   4.0     0   122    4653    (-,-) 
  csm_inst_right_reg_reg[27]/d           -       -       R     unmapped_d_flop        1     -     -     0    4653    (-,-) 
#--------------------------------------------------------------------------------------------------------------------------

(u) : Net has unmapped pin(s).



Path 11: MET (95277 ps) Setup Check with Pin csm_inst_right_reg_reg[30]/clk->d
          Group: C2C
     Startpoint: (R) csm_inst_round_counter_reg[0]/clk
          Clock: (R) clk
       Endpoint: (R) csm_inst_right_reg_reg[30]/d
          Clock: (R) clk

                     Capture       Launch     
        Clock Edge:+  100000            0     
       Src Latency:+       0            0     
       Net Latency:+       0 (I)        0 (I) 
           Arrival:=  100000            0     
                                              
             Setup:-      75                  
     Required Time:=   99925                  
      Launch Clock:-       0                  
         Data Path:-    4648                  
             Slack:=   95277                  

#---------------------------------------------------------------------------------------------------------------------------
#              Timing Point               Flags    Arc    Edge       Cell         Fanout  Load Trans Delay Arrival Instance 
#                                                                                         (fF)  (ps)  (ps)   (ps)  Location 
#---------------------------------------------------------------------------------------------------------------------------
  csm_inst_round_counter_reg[0]/clk       -       -       R     (arrival)            335     -     0     0       0    (-,-) 
  csm_inst_round_counter_reg[0]/q         (u)     clk->q  F     unmapped_d_flop      168 672.0     0   599     599    (-,-) 
  g22636/z                                (u)     in_0->z R     unmapped_complex2     10  40.0     0   257     856    (-,-) 
  g22376/z                                (u)     in_0->z R     unmapped_or2          45 180.0     0   336    1192    (-,-) 
  g21665/z                                (u)     in_0->z R     unmapped_complex2      1   4.0     0   122    1314    (-,-) 
  g21366/z                                (u)     in_0->z F     unmapped_nand2         1   4.0     0   122    1437    (-,-) 
  g23130/z                                (u)     in_0->z F     unmapped_complex2      1   4.0     0   122    1559    (-,-) 
  g20686/z                                (u)     in_1->z F     unmapped_or2           1   4.0     0   122    1681    (-,-) 
  g23156/z                                (u)     in_0->z F     unmapped_complex2      1   4.0     0   122    1803    (-,-) 
  g20611/z                                (u)     in_1->z F     unmapped_complex2      1   4.0     0   122    1925    (-,-) 
  g20527/z                                (u)     in_0->z R     unmapped_complex2      1   4.0     0   122    2048    (-,-) 
  g20481/z                                (u)     in_0->z F     unmapped_complex2      1   4.0     0   122    2170    (-,-) 
  g20373/z                                (u)     in_0->z F     unmapped_or2           2   8.0     0   166    2336    (-,-) 
  g23269/z                                (u)     in_0->z R     unmapped_complex2      1   4.0     0   122    2458    (-,-) 
  g20356/z                                (u)     in_1->z F     unmapped_nand2        10  40.0     0   257    2715    (-,-) 
  csm_inst_f_inst_sbox_inst_sbox2_g1013/z (u)     in_0->z R     unmapped_complex2      6  24.0     0   233    2948    (-,-) 
  csm_inst_f_inst_sbox_inst_sbox2_g992/z  (u)     in_1->z R     unmapped_complex2      3  12.0     0   189    3137    (-,-) 
  csm_inst_f_inst_sbox_inst_sbox2_g939/z  (u)     in_0->z R     unmapped_or2           1   4.0     0   122    3260    (-,-) 
  csm_inst_f_inst_sbox_inst_sbox2_g904/z  (u)     in_1->z R     unmapped_complex2      1   4.0     0   122    3382    (-,-) 
  csm_inst_f_inst_sbox_inst_sbox2_g892/z  (u)     in_0->z F     unmapped_nand2         1   4.0     0   122    3504    (-,-) 
  csm_inst_f_inst_sbox_inst_sbox2_g885/z  (u)     in_0->z F     unmapped_complex2      1   4.0     0   122    3626    (-,-) 
  csm_inst_f_inst_sbox_inst_sbox2_g879/z  (u)     in_1->z F     unmapped_or2           1   4.0     0   122    3748    (-,-) 
  csm_inst_f_inst_sbox_inst_sbox2_g872/z  (u)     in_0->z F     unmapped_complex2      1   4.0     0   122    3871    (-,-) 
  csm_inst_f_inst_sbox_inst_sbox2_g866/z  (u)     in_0->z F     unmapped_or2           2   8.0     0   166    4037    (-,-) 
  g5729/z                                 (u)     in_1->z F     unmapped_complex2      1   4.0     0   122    4159    (-,-) 
  g5730/z                                 (u)     in_1->z R     unmapped_nand2         1   4.0     0   122    4281    (-,-) 
  g5715/z                                 (u)     in_1->z F     unmapped_complex2      1   4.0     0   122    4403    (-,-) 
  g5706/z                                 (u)     in_0->z R     unmapped_nand2         1   4.0     0   122    4525    (-,-) 
  g5702/z                                 (u)     in_0->z R     unmapped_complex2      1   4.0     0   122    4648    (-,-) 
  csm_inst_right_reg_reg[30]/d            -       -       R     unmapped_d_flop        1     -     -     0    4648    (-,-) 
#---------------------------------------------------------------------------------------------------------------------------

(u) : Net has unmapped pin(s).



Path 12: MET (95302 ps) Setup Check with Pin csm_inst_right_reg_reg[15]/clk->d
          Group: C2C
     Startpoint: (R) csm_inst_round_counter_reg[0]/clk
          Clock: (R) clk
       Endpoint: (R) csm_inst_right_reg_reg[15]/d
          Clock: (R) clk

                     Capture       Launch     
        Clock Edge:+  100000            0     
       Src Latency:+       0            0     
       Net Latency:+       0 (I)        0 (I) 
           Arrival:=  100000            0     
                                              
             Setup:-      75                  
     Required Time:=   99925                  
      Launch Clock:-       0                  
         Data Path:-    4623                  
             Slack:=   95302                  

#---------------------------------------------------------------------------------------------------------------------
#           Timing Point            Flags    Arc    Edge       Cell         Fanout  Load Trans Delay Arrival Instance 
#                                                                                   (fF)  (ps)  (ps)   (ps)  Location 
#---------------------------------------------------------------------------------------------------------------------
  csm_inst_round_counter_reg[0]/clk -       -       R     (arrival)            335     -     0     0       0    (-,-) 
  csm_inst_round_counter_reg[0]/q   (u)     clk->q  F     unmapped_d_flop      168 672.0     0   599     599    (-,-) 
  g22647/z                          (u)     in_1->z F     unmapped_or2           8  32.0     0   248     846    (-,-) 
  g22280/z                          (u)     in_0->z F     unmapped_or2          37 148.0     0   326    1172    (-,-) 
  g22176/z                          (u)     in_0->z F     unmapped_complex2      2   8.0     0   166    1338    (-,-) 
  g21305/z                          (u)     in_0->z R     unmapped_nand2         1   4.0     0   122    1460    (-,-) 
  g20966/z                          (u)     in_1->z R     unmapped_or2           1   4.0     0   122    1582    (-,-) 
  g20717/z                          (u)     in_1->z R     unmapped_or2           1   4.0     0   122    1705    (-,-) 
  g23153/z                          (u)     in_0->z R     unmapped_complex2      1   4.0     0   122    1827    (-,-) 
  g20577/z                          (u)     in_0->z F     unmapped_complex2      1   4.0     0   122    1949    (-,-) 
  g20541/z                          (u)     in_0->z R     unmapped_nand2         1   4.0     0   122    2071    (-,-) 
  g20477/z                          (u)     in_1->z R     unmapped_or2           1   4.0     0   122    2193    (-,-) 
  g20372/z                          (u)     in_1->z R     unmapped_or2           2   8.0     0   166    2359    (-,-) 
  g23263/z                          (u)     in_0->z F     unmapped_complex2      1   4.0     0   122    2482    (-,-) 
  g20350/z                          (u)     in_1->z R     unmapped_nand2        10  40.0     0   257    2738    (-,-) 
  g20335/z                          (u)     in_0->z R     unmapped_complex2      9  36.0     0   252    2991    (-,-) 
  g20292/z                          (u)     in_1->z R     unmapped_or2           1   4.0     0   122    3113    (-,-) 
  g20257/z                          (u)     in_1->z F     unmapped_nand2         1   4.0     0   122    3235    (-,-) 
  g20234/z                          (u)     in_0->z R     unmapped_complex2      1   4.0     0   122    3357    (-,-) 
  g20232/z                          (u)     in_0->z F     unmapped_nand2         1   4.0     0   122    3480    (-,-) 
  g23283/z                          (u)     in_0->z F     unmapped_complex2      1   4.0     0   122    3602    (-,-) 
  g20212/z                          (u)     in_1->z F     unmapped_or2           1   4.0     0   122    3724    (-,-) 
  g20207/z                          (u)     in_0->z F     unmapped_or2           1   4.0     0   122    3846    (-,-) 
  g20202/z                          (u)     in_1->z F     unmapped_or2           2   8.0     0   166    4012    (-,-) 
  g20199/z                          (u)     in_0->z F     unmapped_complex2      1   4.0     0   122    4134    (-,-) 
  g20200/z                          (u)     in_1->z R     unmapped_nand2         1   4.0     0   122    4256    (-,-) 
  g20186/z                          (u)     in_0->z F     unmapped_complex2      1   4.0     0   122    4379    (-,-) 
  g20182/z                          (u)     in_0->z R     unmapped_nand2         1   4.0     0   122    4501    (-,-) 
  g23288/z                          (u)     in_0->z R     unmapped_complex2      1   4.0     0   122    4623    (-,-) 
  csm_inst_right_reg_reg[15]/d      -       -       R     unmapped_d_flop        1     -     -     0    4623    (-,-) 
#---------------------------------------------------------------------------------------------------------------------

(u) : Net has unmapped pin(s).



Path 13: MET (95302 ps) Setup Check with Pin csm_inst_right_reg_reg[9]/clk->d
          Group: C2C
     Startpoint: (R) csm_inst_round_counter_reg[0]/clk
          Clock: (R) clk
       Endpoint: (R) csm_inst_right_reg_reg[9]/d
          Clock: (R) clk

                     Capture       Launch     
        Clock Edge:+  100000            0     
       Src Latency:+       0            0     
       Net Latency:+       0 (I)        0 (I) 
           Arrival:=  100000            0     
                                              
             Setup:-      75                  
     Required Time:=   99925                  
      Launch Clock:-       0                  
         Data Path:-    4623                  
             Slack:=   95302                  

#---------------------------------------------------------------------------------------------------------------------
#           Timing Point            Flags    Arc    Edge       Cell         Fanout  Load Trans Delay Arrival Instance 
#                                                                                   (fF)  (ps)  (ps)   (ps)  Location 
#---------------------------------------------------------------------------------------------------------------------
  csm_inst_round_counter_reg[0]/clk -       -       R     (arrival)            335     -     0     0       0    (-,-) 
  csm_inst_round_counter_reg[0]/q   (u)     clk->q  F     unmapped_d_flop      168 672.0     0   599     599    (-,-) 
  g22647/z                          (u)     in_1->z F     unmapped_or2           8  32.0     0   248     846    (-,-) 
  g22280/z                          (u)     in_0->z F     unmapped_or2          37 148.0     0   326    1172    (-,-) 
  g22176/z                          (u)     in_0->z F     unmapped_complex2      2   8.0     0   166    1338    (-,-) 
  g21305/z                          (u)     in_0->z R     unmapped_nand2         1   4.0     0   122    1460    (-,-) 
  g20966/z                          (u)     in_1->z R     unmapped_or2           1   4.0     0   122    1582    (-,-) 
  g20717/z                          (u)     in_1->z R     unmapped_or2           1   4.0     0   122    1705    (-,-) 
  g23153/z                          (u)     in_0->z R     unmapped_complex2      1   4.0     0   122    1827    (-,-) 
  g20577/z                          (u)     in_0->z F     unmapped_complex2      1   4.0     0   122    1949    (-,-) 
  g20541/z                          (u)     in_0->z R     unmapped_nand2         1   4.0     0   122    2071    (-,-) 
  g20477/z                          (u)     in_1->z R     unmapped_or2           1   4.0     0   122    2193    (-,-) 
  g20372/z                          (u)     in_1->z R     unmapped_or2           2   8.0     0   166    2359    (-,-) 
  g23263/z                          (u)     in_0->z F     unmapped_complex2      1   4.0     0   122    2482    (-,-) 
  g20350/z                          (u)     in_1->z R     unmapped_nand2        10  40.0     0   257    2738    (-,-) 
  g20335/z                          (u)     in_0->z R     unmapped_complex2      9  36.0     0   252    2991    (-,-) 
  g20307/z                          (u)     in_0->z R     unmapped_or2           1   4.0     0   122    3113    (-,-) 
  g20269/z                          (u)     in_0->z R     unmapped_complex2      1   4.0     0   122    3235    (-,-) 
  g20250/z                          (u)     in_1->z F     unmapped_nand2         1   4.0     0   122    3357    (-,-) 
  g20229/z                          (u)     in_0->z R     unmapped_nand2         1   4.0     0   122    3480    (-,-) 
  g20220/z                          (u)     in_0->z F     unmapped_nand2         1   4.0     0   122    3602    (-,-) 
  g20211/z                          (u)     in_0->z F     unmapped_or2           1   4.0     0   122    3724    (-,-) 
  g20210/z                          (u)     in_0->z F     unmapped_or2           1   4.0     0   122    3846    (-,-) 
  g20203/z                          (u)     in_1->z F     unmapped_or2           2   8.0     0   166    4012    (-,-) 
  g20196/z                          (u)     in_0->z F     unmapped_complex2      1   4.0     0   122    4134    (-,-) 
  g20197/z                          (u)     in_1->z R     unmapped_nand2         1   4.0     0   122    4256    (-,-) 
  g20187/z                          (u)     in_0->z F     unmapped_complex2      1   4.0     0   122    4379    (-,-) 
  g20185/z                          (u)     in_0->z R     unmapped_nand2         1   4.0     0   122    4501    (-,-) 
  g23287/z                          (u)     in_0->z R     unmapped_complex2      1   4.0     0   122    4623    (-,-) 
  csm_inst_right_reg_reg[9]/d       -       -       R     unmapped_d_flop        1     -     -     0    4623    (-,-) 
#---------------------------------------------------------------------------------------------------------------------

(u) : Net has unmapped pin(s).



Path 14: MET (95313 ps) Setup Check with Pin csm_inst_right_reg_reg[3]/clk->d
          Group: C2C
     Startpoint: (R) csm_inst_round_counter_reg[3]/clk
          Clock: (R) clk
       Endpoint: (R) csm_inst_right_reg_reg[3]/d
          Clock: (R) clk

                     Capture       Launch     
        Clock Edge:+  100000            0     
       Src Latency:+       0            0     
       Net Latency:+       0 (I)        0 (I) 
           Arrival:=  100000            0     
                                              
             Setup:-      75                  
     Required Time:=   99925                  
      Launch Clock:-       0                  
         Data Path:-    4612                  
             Slack:=   95313                  

#--------------------------------------------------------------------------------------------------------------------------
#             Timing Point               Flags    Arc    Edge       Cell         Fanout  Load Trans Delay Arrival Instance 
#                                                                                        (fF)  (ps)  (ps)   (ps)  Location 
#--------------------------------------------------------------------------------------------------------------------------
  csm_inst_round_counter_reg[3]/clk      -       -       R     (arrival)            335     -     0     0       0    (-,-) 
  csm_inst_round_counter_reg[3]/q        (u)     clk->q  F     unmapped_d_flop      115 460.0     0   546     546    (-,-) 
  g22566/z                               (u)     in_0->z F     unmapped_complex2      3  12.0     0   189     735    (-,-) 
  g22419/z                               (u)     in_1->z R     unmapped_nand2         4  16.0     0   211     947    (-,-) 
  g22085/z                               (u)     in_0->z F     unmapped_nand2         1   4.0     0   122    1069    (-,-) 
  g21312/z                               (u)     in_1->z R     unmapped_nand2         2   8.0     0   166    1235    (-,-) 
  g20941/z                               (u)     in_0->z F     unmapped_complex2      1   4.0     0   122    1357    (-,-) 
  g20856/z                               (u)     in_1->z R     unmapped_nand2         1   4.0     0   122    1479    (-,-) 
  g20735/z                               (u)     in_1->z R     unmapped_or2           1   4.0     0   122    1601    (-,-) 
  g20679/z                               (u)     in_1->z R     unmapped_or2           1   4.0     0   122    1724    (-,-) 
  g20629/z                               (u)     in_0->z F     unmapped_nand2         1   4.0     0   122    1846    (-,-) 
  g20528/z                               (u)     in_0->z R     unmapped_complex2      1   4.0     0   122    1968    (-,-) 
  g20439/z                               (u)     in_0->z R     unmapped_or2           2   8.0     0   166    2134    (-,-) 
  g23241/z                               (u)     in_0->z F     unmapped_complex2      1   4.0     0   122    2256    (-,-) 
  g20387/z                               (u)     in_1->z R     unmapped_nand2         9  36.0     0   252    2508    (-,-) 
  csm_inst_f_inst_sbox_inst_sbox6_g638/z (u)     in_0->z R     unmapped_complex2      5  20.0     0   224    2732    (-,-) 
  csm_inst_f_inst_sbox_inst_sbox6_g629/z (u)     in_0->z F     unmapped_nand2         8  32.0     0   248    2980    (-,-) 
  csm_inst_f_inst_sbox_inst_sbox6_g588/z (u)     in_0->z R     unmapped_complex2      1   4.0     0   122    3102    (-,-) 
  csm_inst_f_inst_sbox_inst_sbox6_g547/z (u)     in_1->z F     unmapped_nand2         1   4.0     0   122    3224    (-,-) 
  csm_inst_f_inst_sbox_inst_sbox6_g544/z (u)     in_0->z R     unmapped_complex2      1   4.0     0   122    3346    (-,-) 
  csm_inst_f_inst_sbox_inst_sbox6_g526/z (u)     in_1->z F     unmapped_nand2         1   4.0     0   122    3468    (-,-) 
  csm_inst_f_inst_sbox_inst_sbox6_g516/z (u)     in_0->z F     unmapped_complex2      1   4.0     0   122    3591    (-,-) 
  csm_inst_f_inst_sbox_inst_sbox6_g511/z (u)     in_0->z F     unmapped_complex2      1   4.0     0   122    3713    (-,-) 
  csm_inst_f_inst_sbox_inst_sbox6_g504/z (u)     in_1->z F     unmapped_or2           1   4.0     0   122    3835    (-,-) 
  csm_inst_f_inst_sbox_inst_sbox6_g503/z (u)     in_1->z F     unmapped_or2           2   8.0     0   166    4001    (-,-) 
  g5766/z                                (u)     in_1->z F     unmapped_complex2      1   4.0     0   122    4123    (-,-) 
  g5767/z                                (u)     in_1->z R     unmapped_nand2         1   4.0     0   122    4246    (-,-) 
  g5751/z                                (u)     in_1->z F     unmapped_complex2      1   4.0     0   122    4368    (-,-) 
  g5741/z                                (u)     in_0->z R     unmapped_nand2         1   4.0     0   122    4490    (-,-) 
  g5739/z                                (u)     in_0->z R     unmapped_complex2      1   4.0     0   122    4612    (-,-) 
  csm_inst_right_reg_reg[3]/d            -       -       R     unmapped_d_flop        1     -     -     0    4612    (-,-) 
#--------------------------------------------------------------------------------------------------------------------------

(u) : Net has unmapped pin(s).



Path 15: MET (95330 ps) Setup Check with Pin csm_inst_right_reg_reg[14]/clk->d
          Group: C2C
     Startpoint: (R) csm_inst_round_counter_reg[0]/clk
          Clock: (R) clk
       Endpoint: (R) csm_inst_right_reg_reg[14]/d
          Clock: (R) clk

                     Capture       Launch     
        Clock Edge:+  100000            0     
       Src Latency:+       0            0     
       Net Latency:+       0 (I)        0 (I) 
           Arrival:=  100000            0     
                                              
             Setup:-      75                  
     Required Time:=   99925                  
      Launch Clock:-       0                  
         Data Path:-    4595                  
             Slack:=   95330                  

#---------------------------------------------------------------------------------------------------------------------------
#              Timing Point               Flags    Arc    Edge       Cell         Fanout  Load Trans Delay Arrival Instance 
#                                                                                         (fF)  (ps)  (ps)   (ps)  Location 
#---------------------------------------------------------------------------------------------------------------------------
  csm_inst_round_counter_reg[0]/clk       -       -       R     (arrival)            335     -     0     0       0    (-,-) 
  csm_inst_round_counter_reg[0]/q         (u)     clk->q  R     unmapped_d_flop      168 672.0     0   599     599    (-,-) 
  g22636/z                                (u)     in_0->z F     unmapped_complex2     10  40.0     0   257     856    (-,-) 
  g22376/z                                (u)     in_0->z F     unmapped_or2          45 180.0     0   336    1192    (-,-) 
  g21665/z                                (u)     in_0->z F     unmapped_complex2      1   4.0     0   122    1314    (-,-) 
  g21366/z                                (u)     in_0->z R     unmapped_nand2         1   4.0     0   122    1437    (-,-) 
  g23130/z                                (u)     in_0->z R     unmapped_complex2      1   4.0     0   122    1559    (-,-) 
  g20686/z                                (u)     in_1->z R     unmapped_or2           1   4.0     0   122    1681    (-,-) 
  g23156/z                                (u)     in_0->z R     unmapped_complex2      1   4.0     0   122    1803    (-,-) 
  g20611/z                                (u)     in_1->z R     unmapped_complex2      1   4.0     0   122    1925    (-,-) 
  g20527/z                                (u)     in_0->z F     unmapped_complex2      1   4.0     0   122    2048    (-,-) 
  g20481/z                                (u)     in_0->z R     unmapped_complex2      1   4.0     0   122    2170    (-,-) 
  g20373/z                                (u)     in_0->z R     unmapped_or2           2   8.0     0   166    2336    (-,-) 
  g23269/z                                (u)     in_0->z F     unmapped_complex2      1   4.0     0   122    2458    (-,-) 
  g20356/z                                (u)     in_1->z R     unmapped_nand2        10  40.0     0   257    2715    (-,-) 
  csm_inst_f_inst_sbox_inst_sbox2_g1012/z (u)     in_0->z R     unmapped_complex2      8  32.0     0   248    2962    (-,-) 
  csm_inst_f_inst_sbox_inst_sbox2_g964/z  (u)     in_1->z F     unmapped_complex2      1   4.0     0   122    3085    (-,-) 
  csm_inst_f_inst_sbox_inst_sbox2_g949/z  (u)     in_0->z R     unmapped_nand2         1   4.0     0   122    3207    (-,-) 
  csm_inst_f_inst_sbox_inst_sbox2_g913/z  (u)     in_1->z F     unmapped_complex2      1   4.0     0   122    3329    (-,-) 
  csm_inst_f_inst_sbox_inst_sbox2_g890/z  (u)     in_1->z F     unmapped_complex2      1   4.0     0   122    3451    (-,-) 
  csm_inst_f_inst_sbox_inst_sbox2_g887/z  (u)     in_1->z R     unmapped_nand2         1   4.0     0   122    3573    (-,-) 
  csm_inst_f_inst_sbox_inst_sbox2_g878/z  (u)     in_0->z R     unmapped_complex2      1   4.0     0   122    3696    (-,-) 
  csm_inst_f_inst_sbox_inst_sbox2_g871/z  (u)     in_1->z R     unmapped_or2           1   4.0     0   122    3818    (-,-) 
  csm_inst_f_inst_sbox_inst_sbox2_g1015/z (u)     in_1->z F     unmapped_nor2          2   8.0     0   166    3984    (-,-) 
  g5732/z                                 (u)     in_1->z F     unmapped_complex2      1   4.0     0   122    4106    (-,-) 
  g5733/z                                 (u)     in_1->z R     unmapped_nand2         1   4.0     0   122    4228    (-,-) 
  g5717/z                                 (u)     in_1->z F     unmapped_complex2      1   4.0     0   122    4350    (-,-) 
  g5707/z                                 (u)     in_0->z R     unmapped_nand2         1   4.0     0   122    4473    (-,-) 
  g5705/z                                 (u)     in_0->z R     unmapped_complex2      1   4.0     0   122    4595    (-,-) 
  csm_inst_right_reg_reg[14]/d            -       -       R     unmapped_d_flop        1     -     -     0    4595    (-,-) 
#---------------------------------------------------------------------------------------------------------------------------

(u) : Net has unmapped pin(s).



Path 16: MET (95350 ps) Setup Check with Pin csm_inst_right_reg_reg[22]/clk->d
          Group: C2C
     Startpoint: (R) csm_inst_round_counter_reg[0]/clk
          Clock: (R) clk
       Endpoint: (R) csm_inst_right_reg_reg[22]/d
          Clock: (R) clk

                     Capture       Launch     
        Clock Edge:+  100000            0     
       Src Latency:+       0            0     
       Net Latency:+       0 (I)        0 (I) 
           Arrival:=  100000            0     
                                              
             Setup:-      75                  
     Required Time:=   99925                  
      Launch Clock:-       0                  
         Data Path:-    4574                  
             Slack:=   95350                  

#---------------------------------------------------------------------------------------------------------------------------
#              Timing Point               Flags    Arc    Edge       Cell         Fanout  Load Trans Delay Arrival Instance 
#                                                                                         (fF)  (ps)  (ps)   (ps)  Location 
#---------------------------------------------------------------------------------------------------------------------------
  csm_inst_round_counter_reg[0]/clk       -       -       R     (arrival)            335     -     0     0       0    (-,-) 
  csm_inst_round_counter_reg[0]/q         (u)     clk->q  R     unmapped_d_flop      168 672.0     0   599     599    (-,-) 
  g22639/z                                (u)     in_0->z R     unmapped_complex2     12  48.0     0   266     865    (-,-) 
  g22681/z                                (u)     in_0->z R     unmapped_complex2     47 188.0     0   339    1204    (-,-) 
  g22784/z                                (u)     in_1->z R     unmapped_complex2      1   4.0     0   122    1326    (-,-) 
  g21143/z                                (u)     in_0->z F     unmapped_nand2         1   4.0     0   122    1449    (-,-) 
  g20947/z                                (u)     in_1->z F     unmapped_or2           1   4.0     0   122    1571    (-,-) 
  g20695/z                                (u)     in_1->z F     unmapped_or2           1   4.0     0   122    1693    (-,-) 
  g20668/z                                (u)     in_0->z R     unmapped_nand2         1   4.0     0   122    1815    (-,-) 
  g20595/z                                (u)     in_1->z F     unmapped_nand2         1   4.0     0   122    1937    (-,-) 
  g20550/z                                (u)     in_1->z F     unmapped_or2           1   4.0     0   122    2060    (-,-) 
  g20482/z                                (u)     in_1->z F     unmapped_or2           2   8.0     0   166    2226    (-,-) 
  g23247/z                                (u)     in_0->z R     unmapped_complex2      1   4.0     0   122    2348    (-,-) 
  g20396/z                                (u)     in_1->z F     unmapped_nand2        12  48.0     0   266    2614    (-,-) 
  csm_inst_f_inst_sbox_inst_sbox4_g128/z  (u)     in_0->z R     unmapped_complex2      7  28.0     0   240    2854    (-,-) 
  csm_inst_f_inst_sbox_inst_sbox4_g1106/z (u)     in_1->z R     unmapped_complex2      1   4.0     0   122    2976    (-,-) 
  csm_inst_f_inst_sbox_inst_sbox4_g1072/z (u)     in_0->z R     unmapped_or2           2   8.0     0   166    3142    (-,-) 
  csm_inst_f_inst_sbox_inst_sbox4_g1028/z (u)     in_0->z F     unmapped_nand2         2   8.0     0   166    3308    (-,-) 
  csm_inst_f_inst_sbox_inst_sbox4_g1009/z (u)     in_1->z R     unmapped_complex2      1   4.0     0   122    3431    (-,-) 
  csm_inst_f_inst_sbox_inst_sbox4_g989/z  (u)     in_0->z F     unmapped_nand2         1   4.0     0   122    3553    (-,-) 
  csm_inst_f_inst_sbox_inst_sbox4_g986/z  (u)     in_0->z F     unmapped_or2           1   4.0     0   122    3675    (-,-) 
  csm_inst_f_inst_sbox_inst_sbox4_g980/z  (u)     in_0->z F     unmapped_or2           1   4.0     0   122    3797    (-,-) 
  csm_inst_f_inst_sbox_inst_sbox4_g978/z  (u)     in_0->z F     unmapped_complex2      2   8.0     0   166    3963    (-,-) 
  g5655/z                                 (u)     in_1->z F     unmapped_complex2      1   4.0     0   122    4086    (-,-) 
  g5656/z                                 (u)     in_1->z R     unmapped_nand2         1   4.0     0   122    4208    (-,-) 
  g5642/z                                 (u)     in_1->z F     unmapped_complex2      1   4.0     0   122    4330    (-,-) 
  g5641/z                                 (u)     in_0->z R     unmapped_nand2         1   4.0     0   122    4452    (-,-) 
  g5635/z                                 (u)     in_0->z R     unmapped_complex2      1   4.0     0   122    4574    (-,-) 
  csm_inst_right_reg_reg[22]/d            -       -       R     unmapped_d_flop        1     -     -     0    4574    (-,-) 
#---------------------------------------------------------------------------------------------------------------------------

(u) : Net has unmapped pin(s).



Path 17: MET (95354 ps) Setup Check with Pin csm_inst_right_reg_reg[4]/clk->d
          Group: C2C
     Startpoint: (R) csm_inst_round_counter_reg[0]/clk
          Clock: (R) clk
       Endpoint: (R) csm_inst_right_reg_reg[4]/d
          Clock: (R) clk

                     Capture       Launch     
        Clock Edge:+  100000            0     
       Src Latency:+       0            0     
       Net Latency:+       0 (I)        0 (I) 
           Arrival:=  100000            0     
                                              
             Setup:-      75                  
     Required Time:=   99925                  
      Launch Clock:-       0                  
         Data Path:-    4571                  
             Slack:=   95354                  

#---------------------------------------------------------------------------------------------------------------------------
#              Timing Point               Flags    Arc    Edge       Cell         Fanout  Load Trans Delay Arrival Instance 
#                                                                                         (fF)  (ps)  (ps)   (ps)  Location 
#---------------------------------------------------------------------------------------------------------------------------
  csm_inst_round_counter_reg[0]/clk       -       -       R     (arrival)            335     -     0     0       0    (-,-) 
  csm_inst_round_counter_reg[0]/q         (u)     clk->q  F     unmapped_d_flop      168 672.0     0   599     599    (-,-) 
  g22636/z                                (u)     in_0->z R     unmapped_complex2     10  40.0     0   257     856    (-,-) 
  g22376/z                                (u)     in_0->z R     unmapped_or2          45 180.0     0   336    1192    (-,-) 
  g21665/z                                (u)     in_0->z R     unmapped_complex2      1   4.0     0   122    1314    (-,-) 
  g21366/z                                (u)     in_0->z F     unmapped_nand2         1   4.0     0   122    1437    (-,-) 
  g23130/z                                (u)     in_0->z F     unmapped_complex2      1   4.0     0   122    1559    (-,-) 
  g20686/z                                (u)     in_1->z F     unmapped_or2           1   4.0     0   122    1681    (-,-) 
  g23156/z                                (u)     in_0->z F     unmapped_complex2      1   4.0     0   122    1803    (-,-) 
  g20611/z                                (u)     in_1->z F     unmapped_complex2      1   4.0     0   122    1925    (-,-) 
  g20527/z                                (u)     in_0->z R     unmapped_complex2      1   4.0     0   122    2048    (-,-) 
  g20481/z                                (u)     in_0->z F     unmapped_complex2      1   4.0     0   122    2170    (-,-) 
  g20373/z                                (u)     in_0->z F     unmapped_or2           2   8.0     0   166    2336    (-,-) 
  g23269/z                                (u)     in_0->z R     unmapped_complex2      1   4.0     0   122    2458    (-,-) 
  g20356/z                                (u)     in_1->z F     unmapped_nand2        10  40.0     0   257    2715    (-,-) 
  csm_inst_f_inst_sbox_inst_sbox2_g1009/z (u)     in_0->z R     unmapped_nand2         5  20.0     0   224    2939    (-,-) 
  csm_inst_f_inst_sbox_inst_sbox2_g961/z  (u)     in_1->z R     unmapped_complex2      1   4.0     0   122    3061    (-,-) 
  csm_inst_f_inst_sbox_inst_sbox2_g951/z  (u)     in_0->z R     unmapped_or2           1   4.0     0   122    3183    (-,-) 
  csm_inst_f_inst_sbox_inst_sbox2_g918/z  (u)     in_0->z F     unmapped_nand2         1   4.0     0   122    3305    (-,-) 
  csm_inst_f_inst_sbox_inst_sbox2_g894/z  (u)     in_0->z F     unmapped_complex2      1   4.0     0   122    3428    (-,-) 
  csm_inst_f_inst_sbox_inst_sbox2_g884/z  (u)     in_0->z R     unmapped_complex2      1   4.0     0   122    3550    (-,-) 
  csm_inst_f_inst_sbox_inst_sbox2_g875/z  (u)     in_1->z F     unmapped_nand2         1   4.0     0   122    3672    (-,-) 
  csm_inst_f_inst_sbox_inst_sbox2_g873/z  (u)     in_1->z F     unmapped_or2           1   4.0     0   122    3794    (-,-) 
  csm_inst_f_inst_sbox_inst_sbox2_g867/z  (u)     in_1->z F     unmapped_or2           2   8.0     0   166    3960    (-,-) 
  g5723/z                                 (u)     in_1->z F     unmapped_complex2      1   4.0     0   122    4082    (-,-) 
  g5724/z                                 (u)     in_1->z R     unmapped_nand2         1   4.0     0   122    4204    (-,-) 
  g5710/z                                 (u)     in_1->z F     unmapped_complex2      1   4.0     0   122    4327    (-,-) 
  g5709/z                                 (u)     in_0->z R     unmapped_nand2         1   4.0     0   122    4449    (-,-) 
  g5703/z                                 (u)     in_0->z R     unmapped_complex2      1   4.0     0   122    4571    (-,-) 
  csm_inst_right_reg_reg[4]/d             -       -       R     unmapped_d_flop        1     -     -     0    4571    (-,-) 
#---------------------------------------------------------------------------------------------------------------------------

(u) : Net has unmapped pin(s).



Path 18: MET (95362 ps) Setup Check with Pin csm_inst_right_reg_reg[28]/clk->d
          Group: C2C
     Startpoint: (R) csm_inst_round_counter_reg[0]/clk
          Clock: (R) clk
       Endpoint: (R) csm_inst_right_reg_reg[28]/d
          Clock: (R) clk

                     Capture       Launch     
        Clock Edge:+  100000            0     
       Src Latency:+       0            0     
       Net Latency:+       0 (I)        0 (I) 
           Arrival:=  100000            0     
                                              
             Setup:-      75                  
     Required Time:=   99925                  
      Launch Clock:-       0                  
         Data Path:-    4562                  
             Slack:=   95362                  

#--------------------------------------------------------------------------------------------------------------------------
#             Timing Point               Flags    Arc    Edge       Cell         Fanout  Load Trans Delay Arrival Instance 
#                                                                                        (fF)  (ps)  (ps)   (ps)  Location 
#--------------------------------------------------------------------------------------------------------------------------
  csm_inst_round_counter_reg[0]/clk      -       -       R     (arrival)            335     -     0     0       0    (-,-) 
  csm_inst_round_counter_reg[0]/q        (u)     clk->q  R     unmapped_d_flop      168 672.0     0   599     599    (-,-) 
  g22639/z                               (u)     in_0->z R     unmapped_complex2     12  48.0     0   266     865    (-,-) 
  g22681/z                               (u)     in_0->z R     unmapped_complex2     47 188.0     0   339    1204    (-,-) 
  g22805/z                               (u)     in_1->z R     unmapped_complex2      1   4.0     0   122    1326    (-,-) 
  g21290/z                               (u)     in_1->z F     unmapped_nand2         1   4.0     0   122    1449    (-,-) 
  g20926/z                               (u)     in_1->z F     unmapped_or2           1   4.0     0   122    1571    (-,-) 
  g20746/z                               (u)     in_1->z F     unmapped_or2           1   4.0     0   122    1693    (-,-) 
  g23165/z                               (u)     in_0->z F     unmapped_complex2      1   4.0     0   122    1815    (-,-) 
  g20601/z                               (u)     in_0->z R     unmapped_complex2      1   4.0     0   122    1937    (-,-) 
  g20567/z                               (u)     in_0->z F     unmapped_complex2      1   4.0     0   122    2060    (-,-) 
  g20457/z                               (u)     in_0->z F     unmapped_or2           2   8.0     0   166    2226    (-,-) 
  g23255/z                               (u)     in_0->z R     unmapped_complex2      1   4.0     0   122    2348    (-,-) 
  g20413/z                               (u)     in_1->z F     unmapped_nand2        10  40.0     0   257    2605    (-,-) 
  csm_inst_f_inst_sbox_inst_sbox6_g653/z (u)     in_1->z R     unmapped_nand2         5  20.0     0   224    2828    (-,-) 
  csm_inst_f_inst_sbox_inst_sbox6_g615/z (u)     in_0->z R     unmapped_or2           5  20.0     0   224    3052    (-,-) 
  csm_inst_f_inst_sbox_inst_sbox6_g585/z (u)     in_0->z R     unmapped_or2           1   4.0     0   122    3174    (-,-) 
  csm_inst_f_inst_sbox_inst_sbox6_g548/z (u)     in_1->z F     unmapped_nand2         1   4.0     0   122    3297    (-,-) 
  csm_inst_f_inst_sbox_inst_sbox6_g539/z (u)     in_1->z R     unmapped_complex2      1   4.0     0   122    3419    (-,-) 
  csm_inst_f_inst_sbox_inst_sbox6_g521/z (u)     in_0->z F     unmapped_nand2         1   4.0     0   122    3541    (-,-) 
  csm_inst_f_inst_sbox_inst_sbox6_g519/z (u)     in_1->z F     unmapped_or2           1   4.0     0   122    3663    (-,-) 
  csm_inst_f_inst_sbox_inst_sbox6_g510/z (u)     in_0->z F     unmapped_complex2      1   4.0     0   122    3786    (-,-) 
  csm_inst_f_inst_sbox_inst_sbox6_g505/z (u)     in_1->z F     unmapped_or2           2   8.0     0   166    3952    (-,-) 
  g5760/z                                (u)     in_1->z F     unmapped_complex2      1   4.0     0   122    4074    (-,-) 
  g5761/z                                (u)     in_1->z R     unmapped_nand2         1   4.0     0   122    4196    (-,-) 
  g5746/z                                (u)     in_1->z F     unmapped_complex2      1   4.0     0   122    4318    (-,-) 
  g5742/z                                (u)     in_0->z R     unmapped_nand2         1   4.0     0   122    4440    (-,-) 
  g5738/z                                (u)     in_0->z R     unmapped_complex2      1   4.0     0   122    4562    (-,-) 
  csm_inst_right_reg_reg[28]/d           -       -       R     unmapped_d_flop        1     -     -     0    4562    (-,-) 
#--------------------------------------------------------------------------------------------------------------------------

(u) : Net has unmapped pin(s).



Path 19: MET (95362 ps) Setup Check with Pin csm_inst_right_reg_reg[21]/clk->d
          Group: C2C
     Startpoint: (R) csm_inst_round_counter_reg[0]/clk
          Clock: (R) clk
       Endpoint: (R) csm_inst_right_reg_reg[21]/d
          Clock: (R) clk

                     Capture       Launch     
        Clock Edge:+  100000            0     
       Src Latency:+       0            0     
       Net Latency:+       0 (I)        0 (I) 
           Arrival:=  100000            0     
                                              
             Setup:-      75                  
     Required Time:=   99925                  
      Launch Clock:-       0                  
         Data Path:-    4562                  
             Slack:=   95362                  

#--------------------------------------------------------------------------------------------------------------------------
#             Timing Point               Flags    Arc    Edge       Cell         Fanout  Load Trans Delay Arrival Instance 
#                                                                                        (fF)  (ps)  (ps)   (ps)  Location 
#--------------------------------------------------------------------------------------------------------------------------
  csm_inst_round_counter_reg[0]/clk      -       -       R     (arrival)            335     -     0     0       0    (-,-) 
  csm_inst_round_counter_reg[0]/q        (u)     clk->q  F     unmapped_d_flop      168 672.0     0   599     599    (-,-) 
  g22639/z                               (u)     in_0->z F     unmapped_complex2     12  48.0     0   266     865    (-,-) 
  g22681/z                               (u)     in_0->z F     unmapped_complex2     47 188.0     0   339    1204    (-,-) 
  g22805/z                               (u)     in_1->z F     unmapped_complex2      1   4.0     0   122    1326    (-,-) 
  g21290/z                               (u)     in_1->z R     unmapped_nand2         1   4.0     0   122    1449    (-,-) 
  g20926/z                               (u)     in_1->z R     unmapped_or2           1   4.0     0   122    1571    (-,-) 
  g20746/z                               (u)     in_1->z R     unmapped_or2           1   4.0     0   122    1693    (-,-) 
  g23165/z                               (u)     in_0->z R     unmapped_complex2      1   4.0     0   122    1815    (-,-) 
  g20601/z                               (u)     in_0->z F     unmapped_complex2      1   4.0     0   122    1937    (-,-) 
  g20567/z                               (u)     in_0->z R     unmapped_complex2      1   4.0     0   122    2060    (-,-) 
  g20457/z                               (u)     in_0->z R     unmapped_or2           2   8.0     0   166    2226    (-,-) 
  g23255/z                               (u)     in_0->z F     unmapped_complex2      1   4.0     0   122    2348    (-,-) 
  g20413/z                               (u)     in_1->z R     unmapped_nand2        10  40.0     0   257    2605    (-,-) 
  csm_inst_f_inst_sbox_inst_sbox6_g653/z (u)     in_1->z F     unmapped_nand2         5  20.0     0   224    2828    (-,-) 
  csm_inst_f_inst_sbox_inst_sbox6_g615/z (u)     in_0->z F     unmapped_or2           5  20.0     0   224    3052    (-,-) 
  csm_inst_f_inst_sbox_inst_sbox6_g577/z (u)     in_0->z R     unmapped_nand2         1   4.0     0   122    3174    (-,-) 
  csm_inst_f_inst_sbox_inst_sbox6_g554/z (u)     in_0->z F     unmapped_complex2      1   4.0     0   122    3297    (-,-) 
  csm_inst_f_inst_sbox_inst_sbox6_g538/z (u)     in_0->z F     unmapped_or2           1   4.0     0   122    3419    (-,-) 
  csm_inst_f_inst_sbox_inst_sbox6_g525/z (u)     in_1->z R     unmapped_nand2         1   4.0     0   122    3541    (-,-) 
  csm_inst_f_inst_sbox_inst_sbox6_g518/z (u)     in_0->z R     unmapped_complex2      1   4.0     0   122    3663    (-,-) 
  csm_inst_f_inst_sbox_inst_sbox6_g508/z (u)     in_1->z R     unmapped_or2           1   4.0     0   122    3786    (-,-) 
  csm_inst_f_inst_sbox_inst_sbox6_g658/z (u)     in_1->z F     unmapped_nor2          2   8.0     0   166    3952    (-,-) 
  g5763/z                                (u)     in_1->z F     unmapped_complex2      1   4.0     0   122    4074    (-,-) 
  g5764/z                                (u)     in_1->z R     unmapped_nand2         1   4.0     0   122    4196    (-,-) 
  g5749/z                                (u)     in_1->z F     unmapped_complex2      1   4.0     0   122    4318    (-,-) 
  g5740/z                                (u)     in_0->z R     unmapped_nand2         1   4.0     0   122    4440    (-,-) 
  g5736/z                                (u)     in_0->z R     unmapped_complex2      1   4.0     0   122    4562    (-,-) 
  csm_inst_right_reg_reg[21]/d           -       -       R     unmapped_d_flop        1     -     -     0    4562    (-,-) 
#--------------------------------------------------------------------------------------------------------------------------

(u) : Net has unmapped pin(s).



Path 20: MET (95364 ps) Setup Check with Pin csm_inst_right_reg_reg[8]/clk->d
          Group: C2C
     Startpoint: (R) csm_inst_round_counter_reg[0]/clk
          Clock: (R) clk
       Endpoint: (R) csm_inst_right_reg_reg[8]/d
          Clock: (R) clk

                     Capture       Launch     
        Clock Edge:+  100000            0     
       Src Latency:+       0            0     
       Net Latency:+       0 (I)        0 (I) 
           Arrival:=  100000            0     
                                              
             Setup:-      75                  
     Required Time:=   99925                  
      Launch Clock:-       0                  
         Data Path:-    4561                  
             Slack:=   95364                  

#--------------------------------------------------------------------------------------------------------------------------
#             Timing Point               Flags    Arc    Edge       Cell         Fanout  Load Trans Delay Arrival Instance 
#                                                                                        (fF)  (ps)  (ps)   (ps)  Location 
#--------------------------------------------------------------------------------------------------------------------------
  csm_inst_round_counter_reg[0]/clk      -       -       R     (arrival)            335     -     0     0       0    (-,-) 
  csm_inst_round_counter_reg[0]/q        (u)     clk->q  F     unmapped_d_flop      168 672.0     0   599     599    (-,-) 
  g22639/z                               (u)     in_0->z F     unmapped_complex2     12  48.0     0   266     865    (-,-) 
  g22681/z                               (u)     in_0->z F     unmapped_complex2     47 188.0     0   339    1204    (-,-) 
  g22746/z                               (u)     in_1->z F     unmapped_complex2      1   4.0     0   122    1326    (-,-) 
  g21297/z                               (u)     in_0->z R     unmapped_nand2         1   4.0     0   122    1449    (-,-) 
  g22988/z                               (u)     in_0->z R     unmapped_complex2      1   4.0     0   122    1571    (-,-) 
  g20709/z                               (u)     in_1->z R     unmapped_or2           1   4.0     0   122    1693    (-,-) 
  g23158/z                               (u)     in_0->z R     unmapped_complex2      1   4.0     0   122    1815    (-,-) 
  g20575/z                               (u)     in_0->z F     unmapped_complex2      1   4.0     0   122    1937    (-,-) 
  g20520/z                               (u)     in_0->z R     unmapped_complex2      1   4.0     0   122    2060    (-,-) 
  g20497/z                               (u)     in_0->z R     unmapped_or2           2   8.0     0   166    2226    (-,-) 
  g23235/z                               (u)     in_0->z F     unmapped_complex2      1   4.0     0   122    2348    (-,-) 
  g20377/z                               (u)     in_1->z R     unmapped_nand2        15  60.0     0   280    2628    (-,-) 
  csm_inst_f_inst_sbox_inst_sbox3_g669/z (u)     in_0->z R     unmapped_complex2      4  16.0     0   211    2839    (-,-) 
  csm_inst_f_inst_sbox_inst_sbox3_g652/z (u)     in_0->z F     unmapped_nand2         4  16.0     0   211    3050    (-,-) 
  csm_inst_f_inst_sbox_inst_sbox3_g617/z (u)     in_1->z F     unmapped_complex2      1   4.0     0   122    3173    (-,-) 
  csm_inst_f_inst_sbox_inst_sbox3_g586/z (u)     in_0->z R     unmapped_nand2         1   4.0     0   122    3295    (-,-) 
  csm_inst_f_inst_sbox_inst_sbox3_g580/z (u)     in_0->z F     unmapped_complex2      1   4.0     0   122    3417    (-,-) 
  csm_inst_f_inst_sbox_inst_sbox3_g563/z (u)     in_1->z F     unmapped_complex2      1   4.0     0   122    3539    (-,-) 
  csm_inst_f_inst_sbox_inst_sbox3_g558/z (u)     in_0->z R     unmapped_nand2         1   4.0     0   122    3662    (-,-) 
  csm_inst_f_inst_sbox_inst_sbox3_g550/z (u)     in_1->z R     unmapped_or2           1   4.0     0   122    3784    (-,-) 
  csm_inst_f_inst_sbox_inst_sbox3_g684/z (u)     in_1->z F     unmapped_nor2          2   8.0     0   166    3950    (-,-) 
  g5797/z                                (u)     in_1->z F     unmapped_complex2      1   4.0     0   122    4072    (-,-) 
  g5798/z                                (u)     in_1->z R     unmapped_nand2         1   4.0     0   122    4194    (-,-) 
  g5783/z                                (u)     in_1->z F     unmapped_complex2      1   4.0     0   122    4316    (-,-) 
  g5774/z                                (u)     in_0->z R     unmapped_nand2         1   4.0     0   122    4438    (-,-) 
  g5770/z                                (u)     in_0->z R     unmapped_complex2      1   4.0     0   122    4561    (-,-) 
  csm_inst_right_reg_reg[8]/d            -       -       R     unmapped_d_flop        1     -     -     0    4561    (-,-) 
#--------------------------------------------------------------------------------------------------------------------------

(u) : Net has unmapped pin(s).



Path 21: MET (95376 ps) Setup Check with Pin csm_inst_right_reg_reg[19]/clk->d
          Group: C2C
     Startpoint: (R) csm_inst_round_counter_reg[0]/clk
          Clock: (R) clk
       Endpoint: (R) csm_inst_right_reg_reg[19]/d
          Clock: (R) clk

                     Capture       Launch     
        Clock Edge:+  100000            0     
       Src Latency:+       0            0     
       Net Latency:+       0 (I)        0 (I) 
           Arrival:=  100000            0     
                                              
             Setup:-      75                  
     Required Time:=   99925                  
      Launch Clock:-       0                  
         Data Path:-    4549                  
             Slack:=   95376                  

#---------------------------------------------------------------------------------------------------------------------------
#              Timing Point               Flags    Arc    Edge       Cell         Fanout  Load Trans Delay Arrival Instance 
#                                                                                         (fF)  (ps)  (ps)   (ps)  Location 
#---------------------------------------------------------------------------------------------------------------------------
  csm_inst_round_counter_reg[0]/clk       -       -       R     (arrival)            335     -     0     0       0    (-,-) 
  csm_inst_round_counter_reg[0]/q         (u)     clk->q  F     unmapped_d_flop      168 672.0     0   599     599    (-,-) 
  g22647/z                                (u)     in_1->z F     unmapped_or2           8  32.0     0   248     846    (-,-) 
  g22280/z                                (u)     in_0->z F     unmapped_or2          37 148.0     0   326    1172    (-,-) 
  g22211/z                                (u)     in_1->z F     unmapped_complex2      2   8.0     0   166    1338    (-,-) 
  g21344/z                                (u)     in_0->z R     unmapped_nand2         1   4.0     0   122    1460    (-,-) 
  g23137/z                                (u)     in_0->z R     unmapped_complex2      1   4.0     0   122    1582    (-,-) 
  g20738/z                                (u)     in_1->z R     unmapped_or2           1   4.0     0   122    1705    (-,-) 
  g23164/z                                (u)     in_0->z R     unmapped_complex2      1   4.0     0   122    1827    (-,-) 
  g20603/z                                (u)     in_0->z F     unmapped_complex2      1   4.0     0   122    1949    (-,-) 
  g20569/z                                (u)     in_0->z R     unmapped_complex2      1   4.0     0   122    2071    (-,-) 
  g20462/z                                (u)     in_0->z R     unmapped_or2           2   8.0     0   166    2237    (-,-) 
  g23253/z                                (u)     in_0->z F     unmapped_complex2      1   4.0     0   122    2359    (-,-) 
  g20407/z                                (u)     in_1->z R     unmapped_nand2        15  60.0     0   280    2640    (-,-) 
  csm_inst_f_inst_sbox_inst_sbox2_g999/z  (u)     in_0->z F     unmapped_complex2      2   8.0     0   166    2806    (-,-) 
  csm_inst_f_inst_sbox_inst_sbox2_g1001/z (u)     in_0->z R     unmapped_nand2         3  12.0     0   189    2995    (-,-) 
  csm_inst_f_inst_sbox_inst_sbox2_g975/z  (u)     in_1->z R     unmapped_complex2      2   8.0     0   166    3161    (-,-) 
  csm_inst_f_inst_sbox_inst_sbox2_g929/z  (u)     in_0->z F     unmapped_nand2         1   4.0     0   122    3283    (-,-) 
  csm_inst_f_inst_sbox_inst_sbox2_g903/z  (u)     in_0->z F     unmapped_or2           1   4.0     0   122    3406    (-,-) 
  csm_inst_f_inst_sbox_inst_sbox2_g900/z  (u)     in_1->z F     unmapped_complex2      1   4.0     0   122    3528    (-,-) 
  csm_inst_f_inst_sbox_inst_sbox2_g877/z  (u)     in_1->z R     unmapped_complex2      1   4.0     0   122    3650    (-,-) 
  csm_inst_f_inst_sbox_inst_sbox2_g870/z  (u)     in_0->z R     unmapped_complex2      1   4.0     0   122    3772    (-,-) 
  csm_inst_f_inst_sbox_inst_sbox2_g1014/z (u)     in_1->z F     unmapped_nor2          2   8.0     0   166    3938    (-,-) 
  g5726/z                                 (u)     in_1->z F     unmapped_complex2      1   4.0     0   122    4060    (-,-) 
  g5727/z                                 (u)     in_1->z R     unmapped_nand2         1   4.0     0   122    4182    (-,-) 
  g5712/z                                 (u)     in_1->z F     unmapped_complex2      1   4.0     0   122    4305    (-,-) 
  g5708/z                                 (u)     in_0->z R     unmapped_nand2         1   4.0     0   122    4427    (-,-) 
  g5704/z                                 (u)     in_0->z R     unmapped_complex2      1   4.0     0   122    4549    (-,-) 
  csm_inst_right_reg_reg[19]/d            -       -       R     unmapped_d_flop        1     -     -     0    4549    (-,-) 
#---------------------------------------------------------------------------------------------------------------------------

(u) : Net has unmapped pin(s).



Path 22: MET (95394 ps) Setup Check with Pin csm_inst_right_reg_reg[12]/clk->d
          Group: C2C
     Startpoint: (R) csm_inst_round_counter_reg[0]/clk
          Clock: (R) clk
       Endpoint: (R) csm_inst_right_reg_reg[12]/d
          Clock: (R) clk

                     Capture       Launch     
        Clock Edge:+  100000            0     
       Src Latency:+       0            0     
       Net Latency:+       0 (I)        0 (I) 
           Arrival:=  100000            0     
                                              
             Setup:-      75                  
     Required Time:=   99925                  
      Launch Clock:-       0                  
         Data Path:-    4530                  
             Slack:=   95394                  

#---------------------------------------------------------------------------------------------------------------------------
#              Timing Point               Flags    Arc    Edge       Cell         Fanout  Load Trans Delay Arrival Instance 
#                                                                                         (fF)  (ps)  (ps)   (ps)  Location 
#---------------------------------------------------------------------------------------------------------------------------
  csm_inst_round_counter_reg[0]/clk       -       -       R     (arrival)            335     -     0     0       0    (-,-) 
  csm_inst_round_counter_reg[0]/q         (u)     clk->q  R     unmapped_d_flop      168 672.0     0   599     599    (-,-) 
  g22639/z                                (u)     in_0->z R     unmapped_complex2     12  48.0     0   266     865    (-,-) 
  g22681/z                                (u)     in_0->z R     unmapped_complex2     47 188.0     0   339    1204    (-,-) 
  g22784/z                                (u)     in_1->z R     unmapped_complex2      1   4.0     0   122    1326    (-,-) 
  g21143/z                                (u)     in_0->z F     unmapped_nand2         1   4.0     0   122    1449    (-,-) 
  g20947/z                                (u)     in_1->z F     unmapped_or2           1   4.0     0   122    1571    (-,-) 
  g20695/z                                (u)     in_1->z F     unmapped_or2           1   4.0     0   122    1693    (-,-) 
  g20668/z                                (u)     in_0->z R     unmapped_nand2         1   4.0     0   122    1815    (-,-) 
  g20595/z                                (u)     in_1->z F     unmapped_nand2         1   4.0     0   122    1937    (-,-) 
  g20550/z                                (u)     in_1->z F     unmapped_or2           1   4.0     0   122    2060    (-,-) 
  g20482/z                                (u)     in_1->z F     unmapped_or2           2   8.0     0   166    2226    (-,-) 
  g23247/z                                (u)     in_0->z R     unmapped_complex2      1   4.0     0   122    2348    (-,-) 
  g20396/z                                (u)     in_1->z F     unmapped_nand2        12  48.0     0   266    2614    (-,-) 
  csm_inst_f_inst_sbox_inst_sbox4_g128/z  (u)     in_0->z R     unmapped_complex2      7  28.0     0   240    2854    (-,-) 
  csm_inst_f_inst_sbox_inst_sbox4_g1106/z (u)     in_1->z R     unmapped_complex2      1   4.0     0   122    2976    (-,-) 
  csm_inst_f_inst_sbox_inst_sbox4_g1072/z (u)     in_0->z R     unmapped_or2           2   8.0     0   166    3142    (-,-) 
  csm_inst_f_inst_sbox_inst_sbox4_g1029/z (u)     in_0->z F     unmapped_nand2         1   4.0     0   122    3265    (-,-) 
  csm_inst_f_inst_sbox_inst_sbox4_g1002/z (u)     in_0->z R     unmapped_nand2         1   4.0     0   122    3387    (-,-) 
  csm_inst_f_inst_sbox_inst_sbox4_g988/z  (u)     in_1->z F     unmapped_nand2         1   4.0     0   122    3509    (-,-) 
  csm_inst_f_inst_sbox_inst_sbox4_g983/z  (u)     in_0->z F     unmapped_or2           1   4.0     0   122    3631    (-,-) 
  csm_inst_f_inst_sbox_inst_sbox4_g982/z  (u)     in_0->z F     unmapped_or2           1   4.0     0   122    3754    (-,-) 
  csm_inst_f_inst_sbox_inst_sbox4_g976/z  (u)     in_0->z F     unmapped_complex2      2   8.0     0   166    3920    (-,-) 
  g5658/z                                 (u)     in_1->z F     unmapped_complex2      1   4.0     0   122    4042    (-,-) 
  g5659/z                                 (u)     in_1->z R     unmapped_nand2         1   4.0     0   122    4164    (-,-) 
  g5644/z                                 (u)     in_1->z F     unmapped_complex2      1   4.0     0   122    4286    (-,-) 
  g5640/z                                 (u)     in_0->z R     unmapped_nand2         1   4.0     0   122    4408    (-,-) 
  g5636/z                                 (u)     in_0->z R     unmapped_complex2      1   4.0     0   122    4530    (-,-) 
  csm_inst_right_reg_reg[12]/d            -       -       R     unmapped_d_flop        1     -     -     0    4530    (-,-) 
#---------------------------------------------------------------------------------------------------------------------------

(u) : Net has unmapped pin(s).



Path 23: MET (95396 ps) Setup Check with Pin csm_inst_right_reg_reg[18]/clk->d
          Group: C2C
     Startpoint: (R) csm_inst_round_counter_reg[3]/clk
          Clock: (R) clk
       Endpoint: (R) csm_inst_right_reg_reg[18]/d
          Clock: (R) clk

                     Capture       Launch     
        Clock Edge:+  100000            0     
       Src Latency:+       0            0     
       Net Latency:+       0 (I)        0 (I) 
           Arrival:=  100000            0     
                                              
             Setup:-      75                  
     Required Time:=   99925                  
      Launch Clock:-       0                  
         Data Path:-    4529                  
             Slack:=   95396                  

#--------------------------------------------------------------------------------------------------------------------------
#             Timing Point               Flags    Arc    Edge       Cell         Fanout  Load Trans Delay Arrival Instance 
#                                                                                        (fF)  (ps)  (ps)   (ps)  Location 
#--------------------------------------------------------------------------------------------------------------------------
  csm_inst_round_counter_reg[3]/clk      -       -       R     (arrival)            335     -     0     0       0    (-,-) 
  csm_inst_round_counter_reg[3]/q        (u)     clk->q  R     unmapped_d_flop      115 460.0     0   546     546    (-,-) 
  g22566/z                               (u)     in_0->z R     unmapped_complex2      3  12.0     0   189     735    (-,-) 
  g22419/z                               (u)     in_1->z F     unmapped_nand2         4  16.0     0   211     947    (-,-) 
  g22085/z                               (u)     in_0->z R     unmapped_nand2         1   4.0     0   122    1069    (-,-) 
  g21312/z                               (u)     in_1->z F     unmapped_nand2         2   8.0     0   166    1235    (-,-) 
  g20920/z                               (u)     in_0->z R     unmapped_complex2      1   4.0     0   122    1357    (-,-) 
  g20865/z                               (u)     in_0->z F     unmapped_nand2         1   4.0     0   122    1479    (-,-) 
  g20762/z                               (u)     in_0->z F     unmapped_or2           1   4.0     0   122    1601    (-,-) 
  g20670/z                               (u)     in_1->z F     unmapped_or2           1   4.0     0   122    1724    (-,-) 
  g23168/z                               (u)     in_0->z F     unmapped_complex2      1   4.0     0   122    1846    (-,-) 
  g20563/z                               (u)     in_0->z R     unmapped_nand2         1   4.0     0   122    1968    (-,-) 
  g20519/z                               (u)     in_0->z F     unmapped_complex2      1   4.0     0   122    2090    (-,-) 
  g20397/z                               (u)     in_0->z F     unmapped_or2           2   8.0     0   166    2256    (-,-) 
  g23267/z                               (u)     in_0->z R     unmapped_complex2      1   4.0     0   122    2378    (-,-) 
  g20344/z                               (u)     in_1->z F     unmapped_nand2        13  52.0     0   271    2649    (-,-) 
  csm_inst_f_inst_sbox_inst_sbox5_g71/z  (u)     in_0->z F     unmapped_or2           8  32.0     0   248    2897    (-,-) 
  csm_inst_f_inst_sbox_inst_sbox5_g865/z (u)     in_0->z R     unmapped_nand2         1   4.0     0   122    3019    (-,-) 
  csm_inst_f_inst_sbox_inst_sbox5_g836/z (u)     in_0->z R     unmapped_or2           1   4.0     0   122    3141    (-,-) 
  csm_inst_f_inst_sbox_inst_sbox5_g818/z (u)     in_1->z F     unmapped_nand2         1   4.0     0   122    3263    (-,-) 
  csm_inst_f_inst_sbox_inst_sbox5_g791/z (u)     in_0->z F     unmapped_complex2      1   4.0     0   122    3386    (-,-) 
  csm_inst_f_inst_sbox_inst_sbox5_g782/z (u)     in_0->z R     unmapped_nand2         1   4.0     0   122    3508    (-,-) 
  csm_inst_f_inst_sbox_inst_sbox5_g775/z (u)     in_0->z F     unmapped_complex2      1   4.0     0   122    3630    (-,-) 
  csm_inst_f_inst_sbox_inst_sbox5_g769/z (u)     in_1->z F     unmapped_or2           1   4.0     0   122    3752    (-,-) 
  csm_inst_f_inst_sbox_inst_sbox5_g768/z (u)     in_1->z F     unmapped_or2           2   8.0     0   166    3918    (-,-) 
  g5627/z                                (u)     in_1->z F     unmapped_complex2      1   4.0     0   122    4040    (-,-) 
  g5628/z                                (u)     in_1->z R     unmapped_nand2         1   4.0     0   122    4163    (-,-) 
  g5613/z                                (u)     in_1->z F     unmapped_complex2      1   4.0     0   122    4285    (-,-) 
  g5604/z                                (u)     in_0->z R     unmapped_nand2         1   4.0     0   122    4407    (-,-) 
  g5600/z                                (u)     in_0->z R     unmapped_complex2      1   4.0     0   122    4529    (-,-) 
  csm_inst_right_reg_reg[18]/d           -       -       R     unmapped_d_flop        1     -     -     0    4529    (-,-) 
#--------------------------------------------------------------------------------------------------------------------------

(u) : Net has unmapped pin(s).



Path 24: MET (95396 ps) Setup Check with Pin csm_inst_right_reg_reg[25]/clk->d
          Group: C2C
     Startpoint: (R) csm_inst_round_counter_reg[0]/clk
          Clock: (R) clk
       Endpoint: (R) csm_inst_right_reg_reg[25]/d
          Clock: (R) clk

                     Capture       Launch     
        Clock Edge:+  100000            0     
       Src Latency:+       0            0     
       Net Latency:+       0 (I)        0 (I) 
           Arrival:=  100000            0     
                                              
             Setup:-      75                  
     Required Time:=   99925                  
      Launch Clock:-       0                  
         Data Path:-    4529                  
             Slack:=   95396                  

#--------------------------------------------------------------------------------------------------------------------------
#             Timing Point               Flags    Arc    Edge       Cell         Fanout  Load Trans Delay Arrival Instance 
#                                                                                        (fF)  (ps)  (ps)   (ps)  Location 
#--------------------------------------------------------------------------------------------------------------------------
  csm_inst_round_counter_reg[0]/clk      -       -       R     (arrival)            335     -     0     0       0    (-,-) 
  csm_inst_round_counter_reg[0]/q        (u)     clk->q  R     unmapped_d_flop      168 672.0     0   599     599    (-,-) 
  g22639/z                               (u)     in_0->z R     unmapped_complex2     12  48.0     0   266     865    (-,-) 
  g22681/z                               (u)     in_0->z R     unmapped_complex2     47 188.0     0   339    1204    (-,-) 
  g22776/z                               (u)     in_1->z R     unmapped_complex2      1   4.0     0   122    1326    (-,-) 
  g21223/z                               (u)     in_1->z F     unmapped_nand2         1   4.0     0   122    1449    (-,-) 
  g23134/z                               (u)     in_0->z F     unmapped_complex2      1   4.0     0   122    1571    (-,-) 
  g20741/z                               (u)     in_1->z F     unmapped_or2           1   4.0     0   122    1693    (-,-) 
  g23161/z                               (u)     in_0->z F     unmapped_complex2      1   4.0     0   122    1815    (-,-) 
  g20576/z                               (u)     in_0->z R     unmapped_complex2      1   4.0     0   122    1937    (-,-) 
  g20529/z                               (u)     in_0->z F     unmapped_complex2      1   4.0     0   122    2060    (-,-) 
  g20452/z                               (u)     in_0->z F     unmapped_or2           2   8.0     0   166    2226    (-,-) 
  g23245/z                               (u)     in_0->z R     unmapped_complex2      1   4.0     0   122    2348    (-,-) 
  g20393/z                               (u)     in_1->z F     unmapped_nand2        10  40.0     0   257    2605    (-,-) 
  csm_inst_f_inst_sbox_inst_sbox7_g664/z (u)     in_1->z R     unmapped_nand2         7  28.0     0   240    2845    (-,-) 
  csm_inst_f_inst_sbox_inst_sbox7_g633/z (u)     in_0->z F     unmapped_nand2         9  36.0     0   252    3097    (-,-) 
  csm_inst_f_inst_sbox_inst_sbox7_g628/z (u)     in_1->z F     unmapped_or2           2   8.0     0   166    3263    (-,-) 
  csm_inst_f_inst_sbox_inst_sbox7_g570/z (u)     in_0->z F     unmapped_or2           1   4.0     0   122    3385    (-,-) 
  csm_inst_f_inst_sbox_inst_sbox7_g551/z (u)     in_1->z R     unmapped_nand2         1   4.0     0   122    3508    (-,-) 
  csm_inst_f_inst_sbox_inst_sbox7_g544/z (u)     in_0->z R     unmapped_complex2      1   4.0     0   122    3630    (-,-) 
  csm_inst_f_inst_sbox_inst_sbox7_g528/z (u)     in_0->z R     unmapped_or2           1   4.0     0   122    3752    (-,-) 
  csm_inst_f_inst_sbox_inst_sbox7_g672/z (u)     in_0->z F     unmapped_nor2          2   8.0     0   166    3918    (-,-) 
  g5825/z                                (u)     in_1->z F     unmapped_complex2      1   4.0     0   122    4040    (-,-) 
  g5826/z                                (u)     in_1->z R     unmapped_nand2         1   4.0     0   122    4162    (-,-) 
  g5812/z                                (u)     in_1->z F     unmapped_complex2      1   4.0     0   122    4285    (-,-) 
  g5811/z                                (u)     in_0->z R     unmapped_nand2         1   4.0     0   122    4407    (-,-) 
  g5805/z                                (u)     in_0->z R     unmapped_complex2      1   4.0     0   122    4529    (-,-) 
  csm_inst_right_reg_reg[25]/d           -       -       R     unmapped_d_flop        1     -     -     0    4529    (-,-) 
#--------------------------------------------------------------------------------------------------------------------------

(u) : Net has unmapped pin(s).



Path 25: MET (95409 ps) Setup Check with Pin csm_inst_right_reg_reg[26]/clk->d
          Group: C2C
     Startpoint: (R) csm_inst_round_counter_reg[0]/clk
          Clock: (R) clk
       Endpoint: (R) csm_inst_right_reg_reg[26]/d
          Clock: (R) clk

                     Capture       Launch     
        Clock Edge:+  100000            0     
       Src Latency:+       0            0     
       Net Latency:+       0 (I)        0 (I) 
           Arrival:=  100000            0     
                                              
             Setup:-      75                  
     Required Time:=   99925                  
      Launch Clock:-       0                  
         Data Path:-    4516                  
             Slack:=   95409                  

#--------------------------------------------------------------------------------------------------------------------------
#             Timing Point               Flags    Arc    Edge       Cell         Fanout  Load Trans Delay Arrival Instance 
#                                                                                        (fF)  (ps)  (ps)   (ps)  Location 
#--------------------------------------------------------------------------------------------------------------------------
  csm_inst_round_counter_reg[0]/clk      -       -       R     (arrival)            335     -     0     0       0    (-,-) 
  csm_inst_round_counter_reg[0]/q        (u)     clk->q  F     unmapped_d_flop      168 672.0     0   599     599    (-,-) 
  g22639/z                               (u)     in_0->z F     unmapped_complex2     12  48.0     0   266     865    (-,-) 
  g22681/z                               (u)     in_0->z F     unmapped_complex2     47 188.0     0   339    1204    (-,-) 
  g22746/z                               (u)     in_1->z F     unmapped_complex2      1   4.0     0   122    1326    (-,-) 
  g21297/z                               (u)     in_0->z R     unmapped_nand2         1   4.0     0   122    1449    (-,-) 
  g22988/z                               (u)     in_0->z R     unmapped_complex2      1   4.0     0   122    1571    (-,-) 
  g20709/z                               (u)     in_1->z R     unmapped_or2           1   4.0     0   122    1693    (-,-) 
  g23158/z                               (u)     in_0->z R     unmapped_complex2      1   4.0     0   122    1815    (-,-) 
  g20575/z                               (u)     in_0->z F     unmapped_complex2      1   4.0     0   122    1937    (-,-) 
  g20520/z                               (u)     in_0->z R     unmapped_complex2      1   4.0     0   122    2060    (-,-) 
  g20497/z                               (u)     in_0->z R     unmapped_or2           2   8.0     0   166    2226    (-,-) 
  g23235/z                               (u)     in_0->z F     unmapped_complex2      1   4.0     0   122    2348    (-,-) 
  g20377/z                               (u)     in_1->z R     unmapped_nand2        15  60.0     0   280    2628    (-,-) 
  csm_inst_f_inst_sbox_inst_sbox3_g681/z (u)     in_1->z F     unmapped_nand2         4  16.0     0   211    2839    (-,-) 
  csm_inst_f_inst_sbox_inst_sbox3_g653/z (u)     in_0->z R     unmapped_nand2         2   8.0     0   166    3005    (-,-) 
  csm_inst_f_inst_sbox_inst_sbox3_g628/z (u)     in_1->z R     unmapped_or2           1   4.0     0   122    3128    (-,-) 
  csm_inst_f_inst_sbox_inst_sbox3_g588/z (u)     in_1->z R     unmapped_complex2      1   4.0     0   122    3250    (-,-) 
  csm_inst_f_inst_sbox_inst_sbox3_g578/z (u)     in_1->z F     unmapped_nand2         1   4.0     0   122    3372    (-,-) 
  csm_inst_f_inst_sbox_inst_sbox3_g567/z (u)     in_0->z R     unmapped_nand2         1   4.0     0   122    3494    (-,-) 
  csm_inst_f_inst_sbox_inst_sbox3_g555/z (u)     in_0->z F     unmapped_nand2         1   4.0     0   122    3616    (-,-) 
  csm_inst_f_inst_sbox_inst_sbox3_g551/z (u)     in_0->z F     unmapped_complex2      1   4.0     0   122    3738    (-,-) 
  csm_inst_f_inst_sbox_inst_sbox3_g545/z (u)     in_0->z F     unmapped_or2           2   8.0     0   166    3904    (-,-) 
  g5794/z                                (u)     in_1->z F     unmapped_complex2      1   4.0     0   122    4027    (-,-) 
  g5795/z                                (u)     in_1->z R     unmapped_nand2         1   4.0     0   122    4149    (-,-) 
  g5780/z                                (u)     in_1->z F     unmapped_complex2      1   4.0     0   122    4271    (-,-) 
  g5776/z                                (u)     in_0->z R     unmapped_nand2         1   4.0     0   122    4393    (-,-) 
  g5772/z                                (u)     in_0->z R     unmapped_complex2      1   4.0     0   122    4516    (-,-) 
  csm_inst_right_reg_reg[26]/d           -       -       R     unmapped_d_flop        1     -     -     0    4516    (-,-) 
#--------------------------------------------------------------------------------------------------------------------------

(u) : Net has unmapped pin(s).



Path 26: MET (95425 ps) Setup Check with Pin csm_inst_right_reg_reg[17]/clk->d
          Group: C2C
     Startpoint: (R) csm_inst_round_counter_reg[3]/clk
          Clock: (R) clk
       Endpoint: (R) csm_inst_right_reg_reg[17]/d
          Clock: (R) clk

                     Capture       Launch     
        Clock Edge:+  100000            0     
       Src Latency:+       0            0     
       Net Latency:+       0 (I)        0 (I) 
           Arrival:=  100000            0     
                                              
             Setup:-      75                  
     Required Time:=   99925                  
      Launch Clock:-       0                  
         Data Path:-    4499                  
             Slack:=   95425                  

#--------------------------------------------------------------------------------------------------------------------------
#             Timing Point               Flags    Arc    Edge       Cell         Fanout  Load Trans Delay Arrival Instance 
#                                                                                        (fF)  (ps)  (ps)   (ps)  Location 
#--------------------------------------------------------------------------------------------------------------------------
  csm_inst_round_counter_reg[3]/clk      -       -       R     (arrival)            335     -     0     0       0    (-,-) 
  csm_inst_round_counter_reg[3]/q        (u)     clk->q  F     unmapped_d_flop      115 460.0     0   546     546    (-,-) 
  g22532/z                               (u)     in_0->z R     unmapped_nand2         3  12.0     0   189     735    (-,-) 
  g22269/z                               (u)     in_1->z F     unmapped_nand2         4  16.0     0   211     947    (-,-) 
  g21686/z                               (u)     in_0->z R     unmapped_complex2      1   4.0     0   122    1069    (-,-) 
  g21415/z                               (u)     in_0->z F     unmapped_nand2         2   8.0     0   166    1235    (-,-) 
  g22973/z                               (u)     in_0->z R     unmapped_complex2      1   4.0     0   122    1357    (-,-) 
  g23129/z                               (u)     in_1->z F     unmapped_complex2      1   4.0     0   122    1479    (-,-) 
  g20698/z                               (u)     in_1->z F     unmapped_or2           1   4.0     0   122    1601    (-,-) 
  g23155/z                               (u)     in_0->z F     unmapped_complex2      1   4.0     0   122    1724    (-,-) 
  g20589/z                               (u)     in_1->z F     unmapped_complex2      1   4.0     0   122    1846    (-,-) 
  g20548/z                               (u)     in_0->z R     unmapped_complex2      1   4.0     0   122    1968    (-,-) 
  g20501/z                               (u)     in_1->z F     unmapped_nand2         1   4.0     0   122    2090    (-,-) 
  g20398/z                               (u)     in_1->z F     unmapped_or2           1   4.0     0   122    2212    (-,-) 
  g20361/z                               (u)     in_1->z F     unmapped_or2           2   8.0     0   166    2378    (-,-) 
  g23273/z                               (u)     in_0->z R     unmapped_complex2      1   4.0     0   122    2501    (-,-) 
  g20339/z                               (u)     in_1->z F     unmapped_nand2        11  44.0     0   262    2762    (-,-) 
  csm_inst_f_inst_sbox_inst_sbox8_g603/z (u)     in_0->z F     unmapped_complex2      8  32.0     0   248    3010    (-,-) 
  csm_inst_f_inst_sbox_inst_sbox8_g575/z (u)     in_0->z F     unmapped_or2           5  20.0     0   224    3234    (-,-) 
  csm_inst_f_inst_sbox_inst_sbox8_g558/z (u)     in_0->z F     unmapped_or2           1   4.0     0   122    3356    (-,-) 
  csm_inst_f_inst_sbox_inst_sbox8_g525/z (u)     in_0->z R     unmapped_nand2         1   4.0     0   122    3478    (-,-) 
  csm_inst_f_inst_sbox_inst_sbox8_g493/z (u)     in_0->z R     unmapped_complex2      1   4.0     0   122    3600    (-,-) 
  csm_inst_f_inst_sbox_inst_sbox8_g481/z (u)     in_0->z R     unmapped_or2           1   4.0     0   122    3722    (-,-) 
  csm_inst_f_inst_sbox_inst_sbox8_g610/z (u)     in_1->z F     unmapped_nor2          2   8.0     0   166    3888    (-,-) 
  g5689/z                                (u)     in_1->z F     unmapped_complex2      1   4.0     0   122    4010    (-,-) 
  g5690/z                                (u)     in_1->z R     unmapped_nand2         1   4.0     0   122    4133    (-,-) 
  g5676/z                                (u)     in_1->z F     unmapped_complex2      1   4.0     0   122    4255    (-,-) 
  g5675/z                                (u)     in_0->z R     unmapped_nand2         1   4.0     0   122    4377    (-,-) 
  g5669/z                                (u)     in_0->z R     unmapped_complex2      1   4.0     0   122    4499    (-,-) 
  csm_inst_right_reg_reg[17]/d           -       -       R     unmapped_d_flop        1     -     -     0    4499    (-,-) 
#--------------------------------------------------------------------------------------------------------------------------

(u) : Net has unmapped pin(s).



Path 27: MET (95426 ps) Setup Check with Pin csm_inst_right_reg_reg[16]/clk->d
          Group: C2C
     Startpoint: (R) csm_inst_round_counter_reg[0]/clk
          Clock: (R) clk
       Endpoint: (R) csm_inst_right_reg_reg[16]/d
          Clock: (R) clk

                     Capture       Launch     
        Clock Edge:+  100000            0     
       Src Latency:+       0            0     
       Net Latency:+       0 (I)        0 (I) 
           Arrival:=  100000            0     
                                              
             Setup:-      75                  
     Required Time:=   99925                  
      Launch Clock:-       0                  
         Data Path:-    4499                  
             Slack:=   95426                  

#--------------------------------------------------------------------------------------------------------------------------
#             Timing Point               Flags    Arc    Edge       Cell         Fanout  Load Trans Delay Arrival Instance 
#                                                                                        (fF)  (ps)  (ps)   (ps)  Location 
#--------------------------------------------------------------------------------------------------------------------------
  csm_inst_round_counter_reg[0]/clk      -       -       R     (arrival)            335     -     0     0       0    (-,-) 
  csm_inst_round_counter_reg[0]/q        (u)     clk->q  R     unmapped_d_flop      168 672.0     0   599     599    (-,-) 
  g22639/z                               (u)     in_0->z R     unmapped_complex2     12  48.0     0   266     865    (-,-) 
  g22681/z                               (u)     in_0->z R     unmapped_complex2     47 188.0     0   339    1204    (-,-) 
  g22814/z                               (u)     in_1->z R     unmapped_complex2      1   4.0     0   122    1326    (-,-) 
  g21244/z                               (u)     in_0->z F     unmapped_nand2         1   4.0     0   122    1449    (-,-) 
  g23138/z                               (u)     in_0->z F     unmapped_complex2      1   4.0     0   122    1571    (-,-) 
  g20700/z                               (u)     in_0->z F     unmapped_or2           1   4.0     0   122    1693    (-,-) 
  g20662/z                               (u)     in_0->z R     unmapped_nand2         1   4.0     0   122    1815    (-,-) 
  g20571/z                               (u)     in_1->z F     unmapped_nand2         1   4.0     0   122    1937    (-,-) 
  g20565/z                               (u)     in_1->z F     unmapped_or2           1   4.0     0   122    2060    (-,-) 
  g20463/z                               (u)     in_1->z F     unmapped_or2           2   8.0     0   166    2226    (-,-) 
  g23257/z                               (u)     in_0->z R     unmapped_complex2      1   4.0     0   122    2348    (-,-) 
  g20416/z                               (u)     in_1->z F     unmapped_nand2        13  52.0     0   271    2619    (-,-) 
  csm_inst_f_inst_sbox_inst_sbox3_g678/z (u)     in_1->z F     unmapped_or2           1   4.0     0   122    2741    (-,-) 
  csm_inst_f_inst_sbox_inst_sbox3_g679/z (u)     in_1->z R     unmapped_nand2         8  32.0     0   248    2988    (-,-) 
  csm_inst_f_inst_sbox_inst_sbox3_g667/z (u)     in_1->z R     unmapped_or2           1   4.0     0   122    3111    (-,-) 
  csm_inst_f_inst_sbox_inst_sbox3_g668/z (u)     in_1->z F     unmapped_nand2         1   4.0     0   122    3233    (-,-) 
  csm_inst_f_inst_sbox_inst_sbox3_g605/z (u)     in_0->z R     unmapped_nand2         1   4.0     0   122    3355    (-,-) 
  csm_inst_f_inst_sbox_inst_sbox3_g594/z (u)     in_1->z R     unmapped_complex2      1   4.0     0   122    3477    (-,-) 
  csm_inst_f_inst_sbox_inst_sbox3_g576/z (u)     in_1->z F     unmapped_nand2         1   4.0     0   122    3599    (-,-) 
  csm_inst_f_inst_sbox_inst_sbox3_g569/z (u)     in_0->z F     unmapped_complex2      1   4.0     0   122    3722    (-,-) 
  csm_inst_f_inst_sbox_inst_sbox3_g549/z (u)     in_0->z F     unmapped_or2           2   8.0     0   166    3888    (-,-) 
  g5791/z                                (u)     in_1->z F     unmapped_complex2      1   4.0     0   122    4010    (-,-) 
  g5792/z                                (u)     in_1->z R     unmapped_nand2         1   4.0     0   122    4132    (-,-) 
  g5778/z                                (u)     in_1->z F     unmapped_complex2      1   4.0     0   122    4254    (-,-) 
  g5777/z                                (u)     in_0->z R     unmapped_nand2         1   4.0     0   122    4376    (-,-) 
  g5771/z                                (u)     in_0->z R     unmapped_complex2      1   4.0     0   122    4499    (-,-) 
  csm_inst_right_reg_reg[16]/d           -       -       R     unmapped_d_flop        1     -     -     0    4499    (-,-) 
#--------------------------------------------------------------------------------------------------------------------------

(u) : Net has unmapped pin(s).



Path 28: MET (95435 ps) Setup Check with Pin csm_inst_right_reg_reg[7]/clk->d
          Group: C2C
     Startpoint: (R) csm_inst_round_counter_reg[0]/clk
          Clock: (R) clk
       Endpoint: (R) csm_inst_right_reg_reg[7]/d
          Clock: (R) clk

                     Capture       Launch     
        Clock Edge:+  100000            0     
       Src Latency:+       0            0     
       Net Latency:+       0 (I)        0 (I) 
           Arrival:=  100000            0     
                                              
             Setup:-      75                  
     Required Time:=   99925                  
      Launch Clock:-       0                  
         Data Path:-    4490                  
             Slack:=   95435                  

#--------------------------------------------------------------------------------------------------------------------------
#             Timing Point               Flags    Arc    Edge       Cell         Fanout  Load Trans Delay Arrival Instance 
#                                                                                        (fF)  (ps)  (ps)   (ps)  Location 
#--------------------------------------------------------------------------------------------------------------------------
  csm_inst_round_counter_reg[0]/clk      -       -       R     (arrival)            335     -     0     0       0    (-,-) 
  csm_inst_round_counter_reg[0]/q        (u)     clk->q  R     unmapped_d_flop      168 672.0     0   599     599    (-,-) 
  g22647/z                               (u)     in_1->z R     unmapped_or2           8  32.0     0   248     846    (-,-) 
  g22280/z                               (u)     in_0->z R     unmapped_or2          37 148.0     0   326    1172    (-,-) 
  g22121/z                               (u)     in_0->z R     unmapped_complex2      2   8.0     0   166    1338    (-,-) 
  g21392/z                               (u)     in_0->z F     unmapped_nand2         1   4.0     0   122    1460    (-,-) 
  g20889/z                               (u)     in_1->z F     unmapped_or2           1   4.0     0   122    1582    (-,-) 
  g20699/z                               (u)     in_1->z F     unmapped_or2           1   4.0     0   122    1705    (-,-) 
  g20675/z                               (u)     in_0->z R     unmapped_complex2      1   4.0     0   122    1827    (-,-) 
  g20581/z                               (u)     in_0->z F     unmapped_complex2      1   4.0     0   122    1949    (-,-) 
  g20525/z                               (u)     in_0->z F     unmapped_or2           2   8.0     0   166    2115    (-,-) 
  g23209/z                               (u)     in_0->z R     unmapped_complex2      1   4.0     0   122    2237    (-,-) 
  g20480/z                               (u)     in_1->z F     unmapped_nand2        17  68.0     0   287    2524    (-,-) 
  csm_inst_f_inst_sbox_inst_sbox5_g904/z (u)     in_0->z R     unmapped_complex2      1   4.0     0   122    2646    (-,-) 
  csm_inst_f_inst_sbox_inst_sbox5_g905/z (u)     in_1->z F     unmapped_nand2         4  16.0     0   211    2858    (-,-) 
  csm_inst_f_inst_sbox_inst_sbox5_g534/z (u)     in_1->z F     unmapped_complex2      1   4.0     0   122    2980    (-,-) 
  csm_inst_f_inst_sbox_inst_sbox5_g831/z (u)     in_0->z R     unmapped_nand2         1   4.0     0   122    3102    (-,-) 
  csm_inst_f_inst_sbox_inst_sbox5_g825/z (u)     in_1->z R     unmapped_complex2      1   4.0     0   122    3224    (-,-) 
  csm_inst_f_inst_sbox_inst_sbox5_g788/z (u)     in_0->z R     unmapped_or2           1   4.0     0   122    3346    (-,-) 
  csm_inst_f_inst_sbox_inst_sbox5_g783/z (u)     in_0->z F     unmapped_nand2         1   4.0     0   122    3469    (-,-) 
  csm_inst_f_inst_sbox_inst_sbox5_g774/z (u)     in_1->z F     unmapped_or2           1   4.0     0   122    3591    (-,-) 
  csm_inst_f_inst_sbox_inst_sbox5_g770/z (u)     in_0->z F     unmapped_or2           1   4.0     0   122    3713    (-,-) 
  csm_inst_f_inst_sbox_inst_sbox5_g766/z (u)     in_0->z F     unmapped_complex2      2   8.0     0   166    3879    (-,-) 
  g5621/z                                (u)     in_1->z F     unmapped_complex2      1   4.0     0   122    4001    (-,-) 
  g5622/z                                (u)     in_1->z R     unmapped_nand2         1   4.0     0   122    4124    (-,-) 
  g5608/z                                (u)     in_1->z F     unmapped_complex2      1   4.0     0   122    4246    (-,-) 
  g5607/z                                (u)     in_0->z R     unmapped_nand2         1   4.0     0   122    4368    (-,-) 
  g5601/z                                (u)     in_0->z R     unmapped_complex2      1   4.0     0   122    4490    (-,-) 
  csm_inst_right_reg_reg[7]/d            -       -       R     unmapped_d_flop        1     -     -     0    4490    (-,-) 
#--------------------------------------------------------------------------------------------------------------------------

(u) : Net has unmapped pin(s).



Path 29: MET (95440 ps) Setup Check with Pin csm_inst_right_reg_reg[0]/clk->d
          Group: C2C
     Startpoint: (R) csm_inst_round_counter_reg[0]/clk
          Clock: (R) clk
       Endpoint: (R) csm_inst_right_reg_reg[0]/d
          Clock: (R) clk

                     Capture       Launch     
        Clock Edge:+  100000            0     
       Src Latency:+       0            0     
       Net Latency:+       0 (I)        0 (I) 
           Arrival:=  100000            0     
                                              
             Setup:-      75                  
     Required Time:=   99925                  
      Launch Clock:-       0                  
         Data Path:-    4485                  
             Slack:=   95440                  

#--------------------------------------------------------------------------------------------------------------------------
#             Timing Point               Flags    Arc    Edge       Cell         Fanout  Load Trans Delay Arrival Instance 
#                                                                                        (fF)  (ps)  (ps)   (ps)  Location 
#--------------------------------------------------------------------------------------------------------------------------
  csm_inst_round_counter_reg[0]/clk      -       -       R     (arrival)            335     -     0     0       0    (-,-) 
  csm_inst_round_counter_reg[0]/q        (u)     clk->q  R     unmapped_d_flop      168 672.0     0   599     599    (-,-) 
  g22639/z                               (u)     in_0->z R     unmapped_complex2     12  48.0     0   266     865    (-,-) 
  g22681/z                               (u)     in_0->z R     unmapped_complex2     47 188.0     0   339    1204    (-,-) 
  g22776/z                               (u)     in_1->z R     unmapped_complex2      1   4.0     0   122    1326    (-,-) 
  g21223/z                               (u)     in_1->z F     unmapped_nand2         1   4.0     0   122    1449    (-,-) 
  g23134/z                               (u)     in_0->z F     unmapped_complex2      1   4.0     0   122    1571    (-,-) 
  g20741/z                               (u)     in_1->z F     unmapped_or2           1   4.0     0   122    1693    (-,-) 
  g23161/z                               (u)     in_0->z F     unmapped_complex2      1   4.0     0   122    1815    (-,-) 
  g20576/z                               (u)     in_0->z R     unmapped_complex2      1   4.0     0   122    1937    (-,-) 
  g20529/z                               (u)     in_0->z F     unmapped_complex2      1   4.0     0   122    2060    (-,-) 
  g20452/z                               (u)     in_0->z F     unmapped_or2           2   8.0     0   166    2226    (-,-) 
  g23245/z                               (u)     in_0->z R     unmapped_complex2      1   4.0     0   122    2348    (-,-) 
  g20393/z                               (u)     in_1->z F     unmapped_nand2        10  40.0     0   257    2605    (-,-) 
  csm_inst_f_inst_sbox_inst_sbox7_g664/z (u)     in_1->z R     unmapped_nand2         7  28.0     0   240    2845    (-,-) 
  csm_inst_f_inst_sbox_inst_sbox7_g633/z (u)     in_0->z F     unmapped_nand2         9  36.0     0   252    3097    (-,-) 
  csm_inst_f_inst_sbox_inst_sbox7_g626/z (u)     in_1->z F     unmapped_or2           1   4.0     0   122    3219    (-,-) 
  csm_inst_f_inst_sbox_inst_sbox7_g590/z (u)     in_1->z F     unmapped_complex2      1   4.0     0   122    3342    (-,-) 
  csm_inst_f_inst_sbox_inst_sbox7_g548/z (u)     in_1->z R     unmapped_nand2         1   4.0     0   122    3464    (-,-) 
  csm_inst_f_inst_sbox_inst_sbox7_g545/z (u)     in_0->z R     unmapped_complex2      1   4.0     0   122    3586    (-,-) 
  csm_inst_f_inst_sbox_inst_sbox7_g532/z (u)     in_1->z R     unmapped_or2           1   4.0     0   122    3708    (-,-) 
  csm_inst_f_inst_sbox_inst_sbox7_g671/z (u)     in_1->z F     unmapped_nor2          2   8.0     0   166    3874    (-,-) 
  g5828/z                                (u)     in_1->z F     unmapped_complex2      1   4.0     0   122    3996    (-,-) 
  g5829/z                                (u)     in_1->z R     unmapped_nand2         1   4.0     0   122    4119    (-,-) 
  g5814/z                                (u)     in_1->z F     unmapped_complex2      1   4.0     0   122    4241    (-,-) 
  g5810/z                                (u)     in_0->z R     unmapped_nand2         1   4.0     0   122    4363    (-,-) 
  g5806/z                                (u)     in_0->z R     unmapped_complex2      1   4.0     0   122    4485    (-,-) 
  csm_inst_right_reg_reg[0]/d            -       -       R     unmapped_d_flop        1     -     -     0    4485    (-,-) 
#--------------------------------------------------------------------------------------------------------------------------

(u) : Net has unmapped pin(s).



Path 30: MET (95450 ps) Setup Check with Pin csm_inst_right_reg_reg[29]/clk->d
          Group: C2C
     Startpoint: (R) csm_inst_round_counter_reg[3]/clk
          Clock: (R) clk
       Endpoint: (R) csm_inst_right_reg_reg[29]/d
          Clock: (R) clk

                     Capture       Launch     
        Clock Edge:+  100000            0     
       Src Latency:+       0            0     
       Net Latency:+       0 (I)        0 (I) 
           Arrival:=  100000            0     
                                              
             Setup:-      75                  
     Required Time:=   99925                  
      Launch Clock:-       0                  
         Data Path:-    4474                  
             Slack:=   95450                  

#--------------------------------------------------------------------------------------------------------------------------
#             Timing Point               Flags    Arc    Edge       Cell         Fanout  Load Trans Delay Arrival Instance 
#                                                                                        (fF)  (ps)  (ps)   (ps)  Location 
#--------------------------------------------------------------------------------------------------------------------------
  csm_inst_round_counter_reg[3]/clk      -       -       R     (arrival)            335     -     0     0       0    (-,-) 
  csm_inst_round_counter_reg[3]/q        (u)     clk->q  F     unmapped_d_flop      115 460.0     0   546     546    (-,-) 
  g22566/z                               (u)     in_0->z F     unmapped_complex2      3  12.0     0   189     735    (-,-) 
  g22419/z                               (u)     in_1->z R     unmapped_nand2         4  16.0     0   211     947    (-,-) 
  g22085/z                               (u)     in_0->z F     unmapped_nand2         1   4.0     0   122    1069    (-,-) 
  g21312/z                               (u)     in_1->z R     unmapped_nand2         2   8.0     0   166    1235    (-,-) 
  g20920/z                               (u)     in_0->z F     unmapped_complex2      1   4.0     0   122    1357    (-,-) 
  g20865/z                               (u)     in_0->z R     unmapped_nand2         1   4.0     0   122    1479    (-,-) 
  g20762/z                               (u)     in_0->z R     unmapped_or2           1   4.0     0   122    1601    (-,-) 
  g20670/z                               (u)     in_1->z R     unmapped_or2           1   4.0     0   122    1724    (-,-) 
  g23168/z                               (u)     in_0->z R     unmapped_complex2      1   4.0     0   122    1846    (-,-) 
  g20563/z                               (u)     in_0->z F     unmapped_nand2         1   4.0     0   122    1968    (-,-) 
  g20519/z                               (u)     in_0->z R     unmapped_complex2      1   4.0     0   122    2090    (-,-) 
  g20397/z                               (u)     in_0->z R     unmapped_or2           2   8.0     0   166    2256    (-,-) 
  g23267/z                               (u)     in_0->z F     unmapped_complex2      1   4.0     0   122    2378    (-,-) 
  g20344/z                               (u)     in_1->z R     unmapped_nand2        13  52.0     0   271    2649    (-,-) 
  csm_inst_f_inst_sbox_inst_sbox5_g71/z  (u)     in_0->z R     unmapped_or2           8  32.0     0   248    2897    (-,-) 
  csm_inst_f_inst_sbox_inst_sbox5_g868/z (u)     in_1->z R     unmapped_complex2      3  12.0     0   189    3086    (-,-) 
  csm_inst_f_inst_sbox_inst_sbox5_g843/z (u)     in_1->z F     unmapped_nand2         1   4.0     0   122    3208    (-,-) 
  csm_inst_f_inst_sbox_inst_sbox5_g824/z (u)     in_1->z F     unmapped_complex2      1   4.0     0   122    3331    (-,-) 
  csm_inst_f_inst_sbox_inst_sbox5_g801/z (u)     in_0->z R     unmapped_complex2      1   4.0     0   122    3453    (-,-) 
  csm_inst_f_inst_sbox_inst_sbox5_g786/z (u)     in_1->z F     unmapped_nand2         1   4.0     0   122    3575    (-,-) 
  csm_inst_f_inst_sbox_inst_sbox5_g777/z (u)     in_0->z F     unmapped_or2           1   4.0     0   122    3697    (-,-) 
  csm_inst_f_inst_sbox_inst_sbox5_g772/z (u)     in_1->z F     unmapped_or2           2   8.0     0   166    3863    (-,-) 
  g5624/z                                (u)     in_1->z F     unmapped_complex2      1   4.0     0   122    3985    (-,-) 
  g5625/z                                (u)     in_1->z R     unmapped_nand2         1   4.0     0   122    4108    (-,-) 
  g5610/z                                (u)     in_1->z F     unmapped_complex2      1   4.0     0   122    4230    (-,-) 
  g5606/z                                (u)     in_0->z R     unmapped_nand2         1   4.0     0   122    4352    (-,-) 
  g5602/z                                (u)     in_0->z R     unmapped_complex2      1   4.0     0   122    4474    (-,-) 
  csm_inst_right_reg_reg[29]/d           -       -       R     unmapped_d_flop        1     -     -     0    4474    (-,-) 
#--------------------------------------------------------------------------------------------------------------------------

(u) : Net has unmapped pin(s).



Path 31: MET (95454 ps) Setup Check with Pin csm_inst_right_reg_reg[6]/clk->d
          Group: C2C
     Startpoint: (R) csm_inst_round_counter_reg[0]/clk
          Clock: (R) clk
       Endpoint: (R) csm_inst_right_reg_reg[6]/d
          Clock: (R) clk

                     Capture       Launch     
        Clock Edge:+  100000            0     
       Src Latency:+       0            0     
       Net Latency:+       0 (I)        0 (I) 
           Arrival:=  100000            0     
                                              
             Setup:-      75                  
     Required Time:=   99925                  
      Launch Clock:-       0                  
         Data Path:-    4470                  
             Slack:=   95454                  

#---------------------------------------------------------------------------------------------------------------------------
#              Timing Point               Flags    Arc    Edge       Cell         Fanout  Load Trans Delay Arrival Instance 
#                                                                                         (fF)  (ps)  (ps)   (ps)  Location 
#---------------------------------------------------------------------------------------------------------------------------
  csm_inst_round_counter_reg[0]/clk       -       -       R     (arrival)            335     -     0     0       0    (-,-) 
  csm_inst_round_counter_reg[0]/q         (u)     clk->q  F     unmapped_d_flop      168 672.0     0   599     599    (-,-) 
  g22639/z                                (u)     in_0->z F     unmapped_complex2     12  48.0     0   266     865    (-,-) 
  g22681/z                                (u)     in_0->z F     unmapped_complex2     47 188.0     0   339    1204    (-,-) 
  g22784/z                                (u)     in_1->z F     unmapped_complex2      1   4.0     0   122    1326    (-,-) 
  g21143/z                                (u)     in_0->z R     unmapped_nand2         1   4.0     0   122    1449    (-,-) 
  g20947/z                                (u)     in_1->z R     unmapped_or2           1   4.0     0   122    1571    (-,-) 
  g20695/z                                (u)     in_1->z R     unmapped_or2           1   4.0     0   122    1693    (-,-) 
  g20668/z                                (u)     in_0->z F     unmapped_nand2         1   4.0     0   122    1815    (-,-) 
  g20595/z                                (u)     in_1->z R     unmapped_nand2         1   4.0     0   122    1937    (-,-) 
  g20550/z                                (u)     in_1->z R     unmapped_or2           1   4.0     0   122    2060    (-,-) 
  g20482/z                                (u)     in_1->z R     unmapped_or2           2   8.0     0   166    2226    (-,-) 
  g23247/z                                (u)     in_0->z F     unmapped_complex2      1   4.0     0   122    2348    (-,-) 
  g20396/z                                (u)     in_1->z R     unmapped_nand2        12  48.0     0   266    2614    (-,-) 
  csm_inst_f_inst_sbox_inst_sbox4_g1107/z (u)     in_1->z R     unmapped_or2           5  20.0     0   224    2838    (-,-) 
  csm_inst_f_inst_sbox_inst_sbox4_g1099/z (u)     in_1->z R     unmapped_complex2      1   4.0     0   122    2960    (-,-) 
  csm_inst_f_inst_sbox_inst_sbox4_g1040/z (u)     in_1->z F     unmapped_nand2         1   4.0     0   122    3082    (-,-) 
  csm_inst_f_inst_sbox_inst_sbox4_g1024/z (u)     in_1->z R     unmapped_complex2      1   4.0     0   122    3204    (-,-) 
  csm_inst_f_inst_sbox_inst_sbox4_g1000/z (u)     in_0->z F     unmapped_nand2         1   4.0     0   122    3327    (-,-) 
  csm_inst_f_inst_sbox_inst_sbox4_g991/z  (u)     in_0->z F     unmapped_or2           1   4.0     0   122    3449    (-,-) 
  csm_inst_f_inst_sbox_inst_sbox4_g985/z  (u)     in_1->z F     unmapped_or2           1   4.0     0   122    3571    (-,-) 
  csm_inst_f_inst_sbox_inst_sbox4_g981/z  (u)     in_1->z F     unmapped_or2           1   4.0     0   122    3693    (-,-) 
  csm_inst_f_inst_sbox_inst_sbox4_g977/z  (u)     in_1->z F     unmapped_or2           2   8.0     0   166    3859    (-,-) 
  g5664/z                                 (u)     in_1->z F     unmapped_complex2      1   4.0     0   122    3981    (-,-) 
  g5665/z                                 (u)     in_1->z R     unmapped_nand2         1   4.0     0   122    4104    (-,-) 
  g5649/z                                 (u)     in_1->z F     unmapped_complex2      1   4.0     0   122    4226    (-,-) 
  g5639/z                                 (u)     in_0->z R     unmapped_nand2         1   4.0     0   122    4348    (-,-) 
  g5637/z                                 (u)     in_0->z R     unmapped_complex2      1   4.0     0   122    4470    (-,-) 
  csm_inst_right_reg_reg[6]/d             -       -       R     unmapped_d_flop        1     -     -     0    4470    (-,-) 
#---------------------------------------------------------------------------------------------------------------------------

(u) : Net has unmapped pin(s).



Path 32: MET (95492 ps) Setup Check with Pin csm_inst_right_reg_reg[13]/clk->d
          Group: C2C
     Startpoint: (R) csm_inst_round_counter_reg[0]/clk
          Clock: (R) clk
       Endpoint: (R) csm_inst_right_reg_reg[13]/d
          Clock: (R) clk

                     Capture       Launch     
        Clock Edge:+  100000            0     
       Src Latency:+       0            0     
       Net Latency:+       0 (I)        0 (I) 
           Arrival:=  100000            0     
                                              
             Setup:-      75                  
     Required Time:=   99925                  
      Launch Clock:-       0                  
         Data Path:-    4432                  
             Slack:=   95492                  

#--------------------------------------------------------------------------------------------------------------------------
#             Timing Point               Flags    Arc    Edge       Cell         Fanout  Load Trans Delay Arrival Instance 
#                                                                                        (fF)  (ps)  (ps)   (ps)  Location 
#--------------------------------------------------------------------------------------------------------------------------
  csm_inst_round_counter_reg[0]/clk      -       -       R     (arrival)            335     -     0     0       0    (-,-) 
  csm_inst_round_counter_reg[0]/q        (u)     clk->q  F     unmapped_d_flop      168 672.0     0   599     599    (-,-) 
  g22639/z                               (u)     in_0->z F     unmapped_complex2     12  48.0     0   266     865    (-,-) 
  g22681/z                               (u)     in_0->z F     unmapped_complex2     47 188.0     0   339    1204    (-,-) 
  g22789/z                               (u)     in_1->z F     unmapped_complex2      1   4.0     0   122    1326    (-,-) 
  g21141/z                               (u)     in_0->z R     unmapped_nand2         1   4.0     0   122    1449    (-,-) 
  g20953/z                               (u)     in_1->z R     unmapped_or2           1   4.0     0   122    1571    (-,-) 
  g20721/z                               (u)     in_1->z R     unmapped_or2           1   4.0     0   122    1693    (-,-) 
  g23162/z                               (u)     in_0->z R     unmapped_complex2      1   4.0     0   122    1815    (-,-) 
  g20582/z                               (u)     in_0->z F     unmapped_nand2         1   4.0     0   122    1937    (-,-) 
  g20538/z                               (u)     in_0->z R     unmapped_complex2      1   4.0     0   122    2060    (-,-) 
  g20476/z                               (u)     in_0->z R     unmapped_or2           2   8.0     0   166    2226    (-,-) 
  g23249/z                               (u)     in_0->z F     unmapped_complex2      1   4.0     0   122    2348    (-,-) 
  g20401/z                               (u)     in_1->z R     unmapped_nand2        14  56.0     0   276    2623    (-,-) 
  csm_inst_f_inst_sbox_inst_sbox6_g650/z (u)     in_1->z F     unmapped_nand2         4  16.0     0   211    2835    (-,-) 
  csm_inst_f_inst_sbox_inst_sbox6_g636/z (u)     in_0->z F     unmapped_or2           2   8.0     0   166    3001    (-,-) 
  csm_inst_f_inst_sbox_inst_sbox6_g609/z (u)     in_0->z F     unmapped_or2           2   8.0     0   166    3167    (-,-) 
  csm_inst_f_inst_sbox_inst_sbox6_g559/z (u)     in_1->z F     unmapped_complex2      1   4.0     0   122    3289    (-,-) 
  csm_inst_f_inst_sbox_inst_sbox6_g532/z (u)     in_1->z R     unmapped_nand2         1   4.0     0   122    3411    (-,-) 
  csm_inst_f_inst_sbox_inst_sbox6_g524/z (u)     in_0->z R     unmapped_complex2      1   4.0     0   122    3533    (-,-) 
  csm_inst_f_inst_sbox_inst_sbox6_g515/z (u)     in_1->z R     unmapped_or2           1   4.0     0   122    3655    (-,-) 
  csm_inst_f_inst_sbox_inst_sbox6_g657/z (u)     in_0->z F     unmapped_nor2          2   8.0     0   166    3821    (-,-) 
  g5757/z                                (u)     in_1->z F     unmapped_complex2      1   4.0     0   122    3944    (-,-) 
  g5758/z                                (u)     in_1->z R     unmapped_nand2         1   4.0     0   122    4066    (-,-) 
  g5744/z                                (u)     in_1->z F     unmapped_complex2      1   4.0     0   122    4188    (-,-) 
  g5743/z                                (u)     in_0->z R     unmapped_nand2         1   4.0     0   122    4310    (-,-) 
  g5737/z                                (u)     in_0->z R     unmapped_complex2      1   4.0     0   122    4432    (-,-) 
  csm_inst_right_reg_reg[13]/d           -       -       R     unmapped_d_flop        1     -     -     0    4432    (-,-) 
#--------------------------------------------------------------------------------------------------------------------------

(u) : Net has unmapped pin(s).



Path 33: MET (98255 ps) Setup Check with Pin csm_inst_round_counter_reg[3]/clk->d
          Group: C2C
     Startpoint: (R) csm_inst_round_counter_reg[0]/clk
          Clock: (R) clk
       Endpoint: (R) csm_inst_round_counter_reg[3]/d
          Clock: (R) clk

                     Capture       Launch     
        Clock Edge:+  100000            0     
       Src Latency:+       0            0     
       Net Latency:+       0 (I)        0 (I) 
           Arrival:=  100000            0     
                                              
             Setup:-      75                  
     Required Time:=   99925                  
      Launch Clock:-       0                  
         Data Path:-    1670                  
             Slack:=   98255                  

#---------------------------------------------------------------------------------------------------------------------
#           Timing Point            Flags    Arc    Edge       Cell         Fanout  Load Trans Delay Arrival Instance 
#                                                                                   (fF)  (ps)  (ps)   (ps)  Location 
#---------------------------------------------------------------------------------------------------------------------
  csm_inst_round_counter_reg[0]/clk -       -       R     (arrival)            335     -     0     0       0    (-,-) 
  csm_inst_round_counter_reg[0]/q   (u)     clk->q  F     unmapped_d_flop      168 672.0     0   599     599    (-,-) 
  g22644/z                          (u)     in_0->z R     unmapped_nand2         9  36.0     0   252     851    (-,-) 
  g22682/z                          (u)     in_0->z R     unmapped_complex2     40 160.0     0   330    1181    (-,-) 
  g22952/z                          (u)     in_1->z F     unmapped_complex2      1   4.0     0   122    1303    (-,-) 
  g21231/z                          (u)     in_1->z R     unmapped_complex2      1   4.0     0   122    1425    (-,-) 
  g20942/z                          (u)     in_0->z F     unmapped_nand2         1   4.0     0   122    1547    (-,-) 
  g20853/z                          (u)     in_1->z R     unmapped_nand2         1   4.0     0   122    1670    (-,-) 
  csm_inst_round_counter_reg[3]/d   -       -       R     unmapped_d_flop        1     -     -     0    1670    (-,-) 
#---------------------------------------------------------------------------------------------------------------------

(u) : Net has unmapped pin(s).



Path 34: MET (98334 ps) Setup Check with Pin csm_inst_state_reg[0]/clk->d
          Group: C2C
     Startpoint: (R) csm_inst_round_counter_reg[0]/clk
          Clock: (R) clk
       Endpoint: (R) csm_inst_state_reg[0]/d
          Clock: (R) clk

                     Capture       Launch     
        Clock Edge:+  100000            0     
       Src Latency:+       0            0     
       Net Latency:+       0 (I)        0 (I) 
           Arrival:=  100000            0     
                                              
             Setup:-      75                  
     Required Time:=   99925                  
      Launch Clock:-       0                  
         Data Path:-    1591                  
             Slack:=   98334                  

#---------------------------------------------------------------------------------------------------------------------
#           Timing Point            Flags    Arc    Edge       Cell         Fanout  Load Trans Delay Arrival Instance 
#                                                                                   (fF)  (ps)  (ps)   (ps)  Location 
#---------------------------------------------------------------------------------------------------------------------
  csm_inst_round_counter_reg[0]/clk -       -       R     (arrival)            335     -     0     0       0    (-,-) 
  csm_inst_round_counter_reg[0]/q   (u)     clk->q  R     unmapped_d_flop      168 672.0     0   599     599    (-,-) 
  g22644/z                          (u)     in_0->z F     unmapped_nand2         9  36.0     0   252     851    (-,-) 
  g22682/z                          (u)     in_0->z F     unmapped_complex2     40 160.0     0   330    1181    (-,-) 
  g21735/z                          (u)     in_1->z F     unmapped_or2           2   8.0     0   166    1347    (-,-) 
  g21455/z                          (u)     in_0->z F     unmapped_complex2      1   4.0     0   122    1469    (-,-) 
  g21037/z                          (u)     in_1->z R     unmapped_nand2         1   4.0     0   122    1591    (-,-) 
  csm_inst_state_reg[0]/d           -       -       R     unmapped_d_flop        1     -     -     0    1591    (-,-) 
#---------------------------------------------------------------------------------------------------------------------

(u) : Net has unmapped pin(s).



Path 35: MET (98461 ps) Setup Check with Pin csm_inst_left_reg_reg[31]/clk->d
          Group: C2C
     Startpoint: (R) csm_inst_state_reg[2]/clk
          Clock: (R) clk
       Endpoint: (R) csm_inst_left_reg_reg[31]/d
          Clock: (R) clk

                     Capture       Launch     
        Clock Edge:+  100000            0     
       Src Latency:+       0            0     
       Net Latency:+       0 (I)        0 (I) 
           Arrival:=  100000            0     
                                              
             Setup:-      75                  
     Required Time:=   99925                  
      Launch Clock:-       0                  
         Data Path:-    1464                  
             Slack:=   98461                  

#---------------------------------------------------------------------------------------------------------------
#        Timing Point         Flags    Arc    Edge       Cell         Fanout  Load Trans Delay Arrival Instance 
#                                                                             (fF)  (ps)  (ps)   (ps)  Location 
#---------------------------------------------------------------------------------------------------------------
  csm_inst_state_reg[2]/clk   -       -       R     (arrival)            335     -     0     0       0    (-,-) 
  csm_inst_state_reg[2]/q     (u)     clk->q  R     unmapped_d_flop        4  16.0     0   348     348    (-,-) 
  g17342/z                    (u)     in_1->z R     unmapped_complex2      6  24.0     0   233     581    (-,-) 
  g5632/z                     (u)     in_0->z F     unmapped_complex2     29 116.0     0   312     894    (-,-) 
  g21752/z                    (u)     in_0->z R     unmapped_nand2        37 148.0     0   326    1219    (-,-) 
  g21209/z                    (u)     in_0->z F     unmapped_nand2         1   4.0     0   122    1341    (-,-) 
  g23121/z                    (u)     in_0->z R     unmapped_complex2      1   4.0     0   122    1464    (-,-) 
  csm_inst_left_reg_reg[31]/d -       -       R     unmapped_d_flop        1     -     -     0    1464    (-,-) 
#---------------------------------------------------------------------------------------------------------------

(u) : Net has unmapped pin(s).



Path 36: MET (98461 ps) Setup Check with Pin csm_inst_left_reg_reg[30]/clk->d
          Group: C2C
     Startpoint: (R) csm_inst_state_reg[2]/clk
          Clock: (R) clk
       Endpoint: (R) csm_inst_left_reg_reg[30]/d
          Clock: (R) clk

                     Capture       Launch     
        Clock Edge:+  100000            0     
       Src Latency:+       0            0     
       Net Latency:+       0 (I)        0 (I) 
           Arrival:=  100000            0     
                                              
             Setup:-      75                  
     Required Time:=   99925                  
      Launch Clock:-       0                  
         Data Path:-    1464                  
             Slack:=   98461                  

#---------------------------------------------------------------------------------------------------------------
#        Timing Point         Flags    Arc    Edge       Cell         Fanout  Load Trans Delay Arrival Instance 
#                                                                             (fF)  (ps)  (ps)   (ps)  Location 
#---------------------------------------------------------------------------------------------------------------
  csm_inst_state_reg[2]/clk   -       -       R     (arrival)            335     -     0     0       0    (-,-) 
  csm_inst_state_reg[2]/q     (u)     clk->q  R     unmapped_d_flop        4  16.0     0   348     348    (-,-) 
  g17342/z                    (u)     in_1->z R     unmapped_complex2      6  24.0     0   233     581    (-,-) 
  g5632/z                     (u)     in_0->z F     unmapped_complex2     29 116.0     0   312     894    (-,-) 
  g21752/z                    (u)     in_0->z R     unmapped_nand2        37 148.0     0   326    1219    (-,-) 
  g21408/z                    (u)     in_0->z F     unmapped_nand2         1   4.0     0   122    1341    (-,-) 
  g21096/z                    (u)     in_1->z R     unmapped_complex2      1   4.0     0   122    1464    (-,-) 
  csm_inst_left_reg_reg[30]/d -       -       R     unmapped_d_flop        1     -     -     0    1464    (-,-) 
#---------------------------------------------------------------------------------------------------------------

(u) : Net has unmapped pin(s).



Path 37: MET (98461 ps) Setup Check with Pin csm_inst_left_reg_reg[29]/clk->d
          Group: C2C
     Startpoint: (R) csm_inst_state_reg[2]/clk
          Clock: (R) clk
       Endpoint: (R) csm_inst_left_reg_reg[29]/d
          Clock: (R) clk

                     Capture       Launch     
        Clock Edge:+  100000            0     
       Src Latency:+       0            0     
       Net Latency:+       0 (I)        0 (I) 
           Arrival:=  100000            0     
                                              
             Setup:-      75                  
     Required Time:=   99925                  
      Launch Clock:-       0                  
         Data Path:-    1464                  
             Slack:=   98461                  

#---------------------------------------------------------------------------------------------------------------
#        Timing Point         Flags    Arc    Edge       Cell         Fanout  Load Trans Delay Arrival Instance 
#                                                                             (fF)  (ps)  (ps)   (ps)  Location 
#---------------------------------------------------------------------------------------------------------------
  csm_inst_state_reg[2]/clk   -       -       R     (arrival)            335     -     0     0       0    (-,-) 
  csm_inst_state_reg[2]/q     (u)     clk->q  R     unmapped_d_flop        4  16.0     0   348     348    (-,-) 
  g17342/z                    (u)     in_1->z R     unmapped_complex2      6  24.0     0   233     581    (-,-) 
  g5632/z                     (u)     in_0->z F     unmapped_complex2     29 116.0     0   312     894    (-,-) 
  g21752/z                    (u)     in_0->z R     unmapped_nand2        37 148.0     0   326    1219    (-,-) 
  g21405/z                    (u)     in_0->z F     unmapped_nand2         1   4.0     0   122    1341    (-,-) 
  g21073/z                    (u)     in_1->z R     unmapped_complex2      1   4.0     0   122    1464    (-,-) 
  csm_inst_left_reg_reg[29]/d -       -       R     unmapped_d_flop        1     -     -     0    1464    (-,-) 
#---------------------------------------------------------------------------------------------------------------

(u) : Net has unmapped pin(s).



Path 38: MET (98461 ps) Setup Check with Pin csm_inst_left_reg_reg[28]/clk->d
          Group: C2C
     Startpoint: (R) csm_inst_state_reg[2]/clk
          Clock: (R) clk
       Endpoint: (R) csm_inst_left_reg_reg[28]/d
          Clock: (R) clk

                     Capture       Launch     
        Clock Edge:+  100000            0     
       Src Latency:+       0            0     
       Net Latency:+       0 (I)        0 (I) 
           Arrival:=  100000            0     
                                              
             Setup:-      75                  
     Required Time:=   99925                  
      Launch Clock:-       0                  
         Data Path:-    1464                  
             Slack:=   98461                  

#---------------------------------------------------------------------------------------------------------------
#        Timing Point         Flags    Arc    Edge       Cell         Fanout  Load Trans Delay Arrival Instance 
#                                                                             (fF)  (ps)  (ps)   (ps)  Location 
#---------------------------------------------------------------------------------------------------------------
  csm_inst_state_reg[2]/clk   -       -       R     (arrival)            335     -     0     0       0    (-,-) 
  csm_inst_state_reg[2]/q     (u)     clk->q  R     unmapped_d_flop        4  16.0     0   348     348    (-,-) 
  g17342/z                    (u)     in_1->z R     unmapped_complex2      6  24.0     0   233     581    (-,-) 
  g5632/z                     (u)     in_0->z F     unmapped_complex2     29 116.0     0   312     894    (-,-) 
  g21752/z                    (u)     in_0->z R     unmapped_nand2        37 148.0     0   326    1219    (-,-) 
  g21252/z                    (u)     in_0->z F     unmapped_nand2         1   4.0     0   122    1341    (-,-) 
  g23120/z                    (u)     in_0->z R     unmapped_complex2      1   4.0     0   122    1464    (-,-) 
  csm_inst_left_reg_reg[28]/d -       -       R     unmapped_d_flop        1     -     -     0    1464    (-,-) 
#---------------------------------------------------------------------------------------------------------------

(u) : Net has unmapped pin(s).



Path 39: MET (98461 ps) Setup Check with Pin csm_inst_left_reg_reg[27]/clk->d
          Group: C2C
     Startpoint: (R) csm_inst_state_reg[2]/clk
          Clock: (R) clk
       Endpoint: (R) csm_inst_left_reg_reg[27]/d
          Clock: (R) clk

                     Capture       Launch     
        Clock Edge:+  100000            0     
       Src Latency:+       0            0     
       Net Latency:+       0 (I)        0 (I) 
           Arrival:=  100000            0     
                                              
             Setup:-      75                  
     Required Time:=   99925                  
      Launch Clock:-       0                  
         Data Path:-    1464                  
             Slack:=   98461                  

#---------------------------------------------------------------------------------------------------------------
#        Timing Point         Flags    Arc    Edge       Cell         Fanout  Load Trans Delay Arrival Instance 
#                                                                             (fF)  (ps)  (ps)   (ps)  Location 
#---------------------------------------------------------------------------------------------------------------
  csm_inst_state_reg[2]/clk   -       -       R     (arrival)            335     -     0     0       0    (-,-) 
  csm_inst_state_reg[2]/q     (u)     clk->q  R     unmapped_d_flop        4  16.0     0   348     348    (-,-) 
  g17342/z                    (u)     in_1->z R     unmapped_complex2      6  24.0     0   233     581    (-,-) 
  g5632/z                     (u)     in_0->z F     unmapped_complex2     29 116.0     0   312     894    (-,-) 
  g21752/z                    (u)     in_0->z R     unmapped_nand2        37 148.0     0   326    1219    (-,-) 
  g21480/z                    (u)     in_0->z F     unmapped_nand2         1   4.0     0   122    1341    (-,-) 
  g21052/z                    (u)     in_1->z R     unmapped_complex2      1   4.0     0   122    1464    (-,-) 
  csm_inst_left_reg_reg[27]/d -       -       R     unmapped_d_flop        1     -     -     0    1464    (-,-) 
#---------------------------------------------------------------------------------------------------------------

(u) : Net has unmapped pin(s).



Path 40: MET (98461 ps) Setup Check with Pin csm_inst_left_reg_reg[26]/clk->d
          Group: C2C
     Startpoint: (R) csm_inst_state_reg[2]/clk
          Clock: (R) clk
       Endpoint: (R) csm_inst_left_reg_reg[26]/d
          Clock: (R) clk

                     Capture       Launch     
        Clock Edge:+  100000            0     
       Src Latency:+       0            0     
       Net Latency:+       0 (I)        0 (I) 
           Arrival:=  100000            0     
                                              
             Setup:-      75                  
     Required Time:=   99925                  
      Launch Clock:-       0                  
         Data Path:-    1464                  
             Slack:=   98461                  

#---------------------------------------------------------------------------------------------------------------
#        Timing Point         Flags    Arc    Edge       Cell         Fanout  Load Trans Delay Arrival Instance 
#                                                                             (fF)  (ps)  (ps)   (ps)  Location 
#---------------------------------------------------------------------------------------------------------------
  csm_inst_state_reg[2]/clk   -       -       R     (arrival)            335     -     0     0       0    (-,-) 
  csm_inst_state_reg[2]/q     (u)     clk->q  R     unmapped_d_flop        4  16.0     0   348     348    (-,-) 
  g17342/z                    (u)     in_1->z R     unmapped_complex2      6  24.0     0   233     581    (-,-) 
  g5632/z                     (u)     in_0->z F     unmapped_complex2     29 116.0     0   312     894    (-,-) 
  g21752/z                    (u)     in_0->z R     unmapped_nand2        37 148.0     0   326    1219    (-,-) 
  g21475/z                    (u)     in_0->z F     unmapped_nand2         1   4.0     0   122    1341    (-,-) 
  g21048/z                    (u)     in_1->z R     unmapped_complex2      1   4.0     0   122    1464    (-,-) 
  csm_inst_left_reg_reg[26]/d -       -       R     unmapped_d_flop        1     -     -     0    1464    (-,-) 
#---------------------------------------------------------------------------------------------------------------

(u) : Net has unmapped pin(s).



Path 41: MET (98461 ps) Setup Check with Pin csm_inst_left_reg_reg[25]/clk->d
          Group: C2C
     Startpoint: (R) csm_inst_state_reg[2]/clk
          Clock: (R) clk
       Endpoint: (R) csm_inst_left_reg_reg[25]/d
          Clock: (R) clk

                     Capture       Launch     
        Clock Edge:+  100000            0     
       Src Latency:+       0            0     
       Net Latency:+       0 (I)        0 (I) 
           Arrival:=  100000            0     
                                              
             Setup:-      75                  
     Required Time:=   99925                  
      Launch Clock:-       0                  
         Data Path:-    1464                  
             Slack:=   98461                  

#---------------------------------------------------------------------------------------------------------------
#        Timing Point         Flags    Arc    Edge       Cell         Fanout  Load Trans Delay Arrival Instance 
#                                                                             (fF)  (ps)  (ps)   (ps)  Location 
#---------------------------------------------------------------------------------------------------------------
  csm_inst_state_reg[2]/clk   -       -       R     (arrival)            335     -     0     0       0    (-,-) 
  csm_inst_state_reg[2]/q     (u)     clk->q  R     unmapped_d_flop        4  16.0     0   348     348    (-,-) 
  g17342/z                    (u)     in_1->z R     unmapped_complex2      6  24.0     0   233     581    (-,-) 
  g5632/z                     (u)     in_0->z F     unmapped_complex2     29 116.0     0   312     894    (-,-) 
  g21752/z                    (u)     in_0->z R     unmapped_nand2        37 148.0     0   326    1219    (-,-) 
  g21214/z                    (u)     in_0->z F     unmapped_nand2         1   4.0     0   122    1341    (-,-) 
  g23119/z                    (u)     in_0->z R     unmapped_complex2      1   4.0     0   122    1464    (-,-) 
  csm_inst_left_reg_reg[25]/d -       -       R     unmapped_d_flop        1     -     -     0    1464    (-,-) 
#---------------------------------------------------------------------------------------------------------------

(u) : Net has unmapped pin(s).



Path 42: MET (98461 ps) Setup Check with Pin csm_inst_left_reg_reg[24]/clk->d
          Group: C2C
     Startpoint: (R) csm_inst_state_reg[2]/clk
          Clock: (R) clk
       Endpoint: (R) csm_inst_left_reg_reg[24]/d
          Clock: (R) clk

                     Capture       Launch     
        Clock Edge:+  100000            0     
       Src Latency:+       0            0     
       Net Latency:+       0 (I)        0 (I) 
           Arrival:=  100000            0     
                                              
             Setup:-      75                  
     Required Time:=   99925                  
      Launch Clock:-       0                  
         Data Path:-    1464                  
             Slack:=   98461                  

#---------------------------------------------------------------------------------------------------------------
#        Timing Point         Flags    Arc    Edge       Cell         Fanout  Load Trans Delay Arrival Instance 
#                                                                             (fF)  (ps)  (ps)   (ps)  Location 
#---------------------------------------------------------------------------------------------------------------
  csm_inst_state_reg[2]/clk   -       -       R     (arrival)            335     -     0     0       0    (-,-) 
  csm_inst_state_reg[2]/q     (u)     clk->q  R     unmapped_d_flop        4  16.0     0   348     348    (-,-) 
  g17342/z                    (u)     in_1->z R     unmapped_complex2      6  24.0     0   233     581    (-,-) 
  g5632/z                     (u)     in_0->z F     unmapped_complex2     29 116.0     0   312     894    (-,-) 
  g21752/z                    (u)     in_0->z R     unmapped_nand2        37 148.0     0   326    1219    (-,-) 
  g21363/z                    (u)     in_0->z F     unmapped_nand2         1   4.0     0   122    1341    (-,-) 
  g21043/z                    (u)     in_1->z R     unmapped_complex2      1   4.0     0   122    1464    (-,-) 
  csm_inst_left_reg_reg[24]/d -       -       R     unmapped_d_flop        1     -     -     0    1464    (-,-) 
#---------------------------------------------------------------------------------------------------------------

(u) : Net has unmapped pin(s).



Path 43: MET (98461 ps) Setup Check with Pin csm_inst_left_reg_reg[23]/clk->d
          Group: C2C
     Startpoint: (R) csm_inst_state_reg[2]/clk
          Clock: (R) clk
       Endpoint: (R) csm_inst_left_reg_reg[23]/d
          Clock: (R) clk

                     Capture       Launch     
        Clock Edge:+  100000            0     
       Src Latency:+       0            0     
       Net Latency:+       0 (I)        0 (I) 
           Arrival:=  100000            0     
                                              
             Setup:-      75                  
     Required Time:=   99925                  
      Launch Clock:-       0                  
         Data Path:-    1464                  
             Slack:=   98461                  

#---------------------------------------------------------------------------------------------------------------
#        Timing Point         Flags    Arc    Edge       Cell         Fanout  Load Trans Delay Arrival Instance 
#                                                                             (fF)  (ps)  (ps)   (ps)  Location 
#---------------------------------------------------------------------------------------------------------------
  csm_inst_state_reg[2]/clk   -       -       R     (arrival)            335     -     0     0       0    (-,-) 
  csm_inst_state_reg[2]/q     (u)     clk->q  R     unmapped_d_flop        4  16.0     0   348     348    (-,-) 
  g17342/z                    (u)     in_1->z R     unmapped_complex2      6  24.0     0   233     581    (-,-) 
  g5632/z                     (u)     in_0->z F     unmapped_complex2     29 116.0     0   312     894    (-,-) 
  g21752/z                    (u)     in_0->z R     unmapped_nand2        37 148.0     0   326    1219    (-,-) 
  g21331/z                    (u)     in_0->z F     unmapped_nand2         1   4.0     0   122    1341    (-,-) 
  g21042/z                    (u)     in_1->z R     unmapped_complex2      1   4.0     0   122    1464    (-,-) 
  csm_inst_left_reg_reg[23]/d -       -       R     unmapped_d_flop        1     -     -     0    1464    (-,-) 
#---------------------------------------------------------------------------------------------------------------

(u) : Net has unmapped pin(s).



Path 44: MET (98461 ps) Setup Check with Pin csm_inst_left_reg_reg[22]/clk->d
          Group: C2C
     Startpoint: (R) csm_inst_state_reg[2]/clk
          Clock: (R) clk
       Endpoint: (R) csm_inst_left_reg_reg[22]/d
          Clock: (R) clk

                     Capture       Launch     
        Clock Edge:+  100000            0     
       Src Latency:+       0            0     
       Net Latency:+       0 (I)        0 (I) 
           Arrival:=  100000            0     
                                              
             Setup:-      75                  
     Required Time:=   99925                  
      Launch Clock:-       0                  
         Data Path:-    1464                  
             Slack:=   98461                  

#---------------------------------------------------------------------------------------------------------------
#        Timing Point         Flags    Arc    Edge       Cell         Fanout  Load Trans Delay Arrival Instance 
#                                                                             (fF)  (ps)  (ps)   (ps)  Location 
#---------------------------------------------------------------------------------------------------------------
  csm_inst_state_reg[2]/clk   -       -       R     (arrival)            335     -     0     0       0    (-,-) 
  csm_inst_state_reg[2]/q     (u)     clk->q  R     unmapped_d_flop        4  16.0     0   348     348    (-,-) 
  g17342/z                    (u)     in_1->z R     unmapped_complex2      6  24.0     0   233     581    (-,-) 
  g5632/z                     (u)     in_0->z F     unmapped_complex2     29 116.0     0   312     894    (-,-) 
  g21752/z                    (u)     in_0->z R     unmapped_nand2        37 148.0     0   326    1219    (-,-) 
  g21243/z                    (u)     in_0->z F     unmapped_nand2         1   4.0     0   122    1341    (-,-) 
  g21038/z                    (u)     in_1->z R     unmapped_complex2      1   4.0     0   122    1464    (-,-) 
  csm_inst_left_reg_reg[22]/d -       -       R     unmapped_d_flop        1     -     -     0    1464    (-,-) 
#---------------------------------------------------------------------------------------------------------------

(u) : Net has unmapped pin(s).



Path 45: MET (98461 ps) Setup Check with Pin csm_inst_left_reg_reg[21]/clk->d
          Group: C2C
     Startpoint: (R) csm_inst_state_reg[2]/clk
          Clock: (R) clk
       Endpoint: (R) csm_inst_left_reg_reg[21]/d
          Clock: (R) clk

                     Capture       Launch     
        Clock Edge:+  100000            0     
       Src Latency:+       0            0     
       Net Latency:+       0 (I)        0 (I) 
           Arrival:=  100000            0     
                                              
             Setup:-      75                  
     Required Time:=   99925                  
      Launch Clock:-       0                  
         Data Path:-    1464                  
             Slack:=   98461                  

#---------------------------------------------------------------------------------------------------------------
#        Timing Point         Flags    Arc    Edge       Cell         Fanout  Load Trans Delay Arrival Instance 
#                                                                             (fF)  (ps)  (ps)   (ps)  Location 
#---------------------------------------------------------------------------------------------------------------
  csm_inst_state_reg[2]/clk   -       -       R     (arrival)            335     -     0     0       0    (-,-) 
  csm_inst_state_reg[2]/q     (u)     clk->q  R     unmapped_d_flop        4  16.0     0   348     348    (-,-) 
  g17342/z                    (u)     in_1->z R     unmapped_complex2      6  24.0     0   233     581    (-,-) 
  g5632/z                     (u)     in_0->z F     unmapped_complex2     29 116.0     0   312     894    (-,-) 
  g21752/z                    (u)     in_0->z R     unmapped_nand2        37 148.0     0   326    1219    (-,-) 
  g21241/z                    (u)     in_0->z F     unmapped_nand2         1   4.0     0   122    1341    (-,-) 
  g23118/z                    (u)     in_0->z R     unmapped_complex2      1   4.0     0   122    1464    (-,-) 
  csm_inst_left_reg_reg[21]/d -       -       R     unmapped_d_flop        1     -     -     0    1464    (-,-) 
#---------------------------------------------------------------------------------------------------------------

(u) : Net has unmapped pin(s).



Path 46: MET (98461 ps) Setup Check with Pin csm_inst_left_reg_reg[20]/clk->d
          Group: C2C
     Startpoint: (R) csm_inst_state_reg[2]/clk
          Clock: (R) clk
       Endpoint: (R) csm_inst_left_reg_reg[20]/d
          Clock: (R) clk

                     Capture       Launch     
        Clock Edge:+  100000            0     
       Src Latency:+       0            0     
       Net Latency:+       0 (I)        0 (I) 
           Arrival:=  100000            0     
                                              
             Setup:-      75                  
     Required Time:=   99925                  
      Launch Clock:-       0                  
         Data Path:-    1464                  
             Slack:=   98461                  

#---------------------------------------------------------------------------------------------------------------
#        Timing Point         Flags    Arc    Edge       Cell         Fanout  Load Trans Delay Arrival Instance 
#                                                                             (fF)  (ps)  (ps)   (ps)  Location 
#---------------------------------------------------------------------------------------------------------------
  csm_inst_state_reg[2]/clk   -       -       R     (arrival)            335     -     0     0       0    (-,-) 
  csm_inst_state_reg[2]/q     (u)     clk->q  R     unmapped_d_flop        4  16.0     0   348     348    (-,-) 
  g17342/z                    (u)     in_1->z R     unmapped_complex2      6  24.0     0   233     581    (-,-) 
  g5632/z                     (u)     in_0->z F     unmapped_complex2     29 116.0     0   312     894    (-,-) 
  g21752/z                    (u)     in_0->z R     unmapped_nand2        37 148.0     0   326    1219    (-,-) 
  g21145/z                    (u)     in_0->z F     unmapped_nand2         1   4.0     0   122    1341    (-,-) 
  g23117/z                    (u)     in_0->z R     unmapped_complex2      1   4.0     0   122    1464    (-,-) 
  csm_inst_left_reg_reg[20]/d -       -       R     unmapped_d_flop        1     -     -     0    1464    (-,-) 
#---------------------------------------------------------------------------------------------------------------

(u) : Net has unmapped pin(s).



Path 47: MET (98461 ps) Setup Check with Pin csm_inst_left_reg_reg[19]/clk->d
          Group: C2C
     Startpoint: (R) csm_inst_state_reg[2]/clk
          Clock: (R) clk
       Endpoint: (R) csm_inst_left_reg_reg[19]/d
          Clock: (R) clk

                     Capture       Launch     
        Clock Edge:+  100000            0     
       Src Latency:+       0            0     
       Net Latency:+       0 (I)        0 (I) 
           Arrival:=  100000            0     
                                              
             Setup:-      75                  
     Required Time:=   99925                  
      Launch Clock:-       0                  
         Data Path:-    1464                  
             Slack:=   98461                  

#---------------------------------------------------------------------------------------------------------------
#        Timing Point         Flags    Arc    Edge       Cell         Fanout  Load Trans Delay Arrival Instance 
#                                                                             (fF)  (ps)  (ps)   (ps)  Location 
#---------------------------------------------------------------------------------------------------------------
  csm_inst_state_reg[2]/clk   -       -       R     (arrival)            335     -     0     0       0    (-,-) 
  csm_inst_state_reg[2]/q     (u)     clk->q  R     unmapped_d_flop        4  16.0     0   348     348    (-,-) 
  g17342/z                    (u)     in_1->z R     unmapped_complex2      6  24.0     0   233     581    (-,-) 
  g5632/z                     (u)     in_0->z F     unmapped_complex2     29 116.0     0   312     894    (-,-) 
  g21752/z                    (u)     in_0->z R     unmapped_nand2        37 148.0     0   326    1219    (-,-) 
  g21493/z                    (u)     in_0->z F     unmapped_nand2         1   4.0     0   122    1341    (-,-) 
  g21020/z                    (u)     in_1->z R     unmapped_complex2      1   4.0     0   122    1464    (-,-) 
  csm_inst_left_reg_reg[19]/d -       -       R     unmapped_d_flop        1     -     -     0    1464    (-,-) 
#---------------------------------------------------------------------------------------------------------------

(u) : Net has unmapped pin(s).



Path 48: MET (98461 ps) Setup Check with Pin csm_inst_left_reg_reg[18]/clk->d
          Group: C2C
     Startpoint: (R) csm_inst_state_reg[2]/clk
          Clock: (R) clk
       Endpoint: (R) csm_inst_left_reg_reg[18]/d
          Clock: (R) clk

                     Capture       Launch     
        Clock Edge:+  100000            0     
       Src Latency:+       0            0     
       Net Latency:+       0 (I)        0 (I) 
           Arrival:=  100000            0     
                                              
             Setup:-      75                  
     Required Time:=   99925                  
      Launch Clock:-       0                  
         Data Path:-    1464                  
             Slack:=   98461                  

#---------------------------------------------------------------------------------------------------------------
#        Timing Point         Flags    Arc    Edge       Cell         Fanout  Load Trans Delay Arrival Instance 
#                                                                             (fF)  (ps)  (ps)   (ps)  Location 
#---------------------------------------------------------------------------------------------------------------
  csm_inst_state_reg[2]/clk   -       -       R     (arrival)            335     -     0     0       0    (-,-) 
  csm_inst_state_reg[2]/q     (u)     clk->q  R     unmapped_d_flop        4  16.0     0   348     348    (-,-) 
  g17342/z                    (u)     in_1->z R     unmapped_complex2      6  24.0     0   233     581    (-,-) 
  g5632/z                     (u)     in_0->z F     unmapped_complex2     29 116.0     0   312     894    (-,-) 
  g21752/z                    (u)     in_0->z R     unmapped_nand2        37 148.0     0   326    1219    (-,-) 
  g21437/z                    (u)     in_0->z F     unmapped_nand2         1   4.0     0   122    1341    (-,-) 
  g21015/z                    (u)     in_1->z R     unmapped_complex2      1   4.0     0   122    1464    (-,-) 
  csm_inst_left_reg_reg[18]/d -       -       R     unmapped_d_flop        1     -     -     0    1464    (-,-) 
#---------------------------------------------------------------------------------------------------------------

(u) : Net has unmapped pin(s).



Path 49: MET (98461 ps) Setup Check with Pin csm_inst_left_reg_reg[17]/clk->d
          Group: C2C
     Startpoint: (R) csm_inst_state_reg[2]/clk
          Clock: (R) clk
       Endpoint: (R) csm_inst_left_reg_reg[17]/d
          Clock: (R) clk

                     Capture       Launch     
        Clock Edge:+  100000            0     
       Src Latency:+       0            0     
       Net Latency:+       0 (I)        0 (I) 
           Arrival:=  100000            0     
                                              
             Setup:-      75                  
     Required Time:=   99925                  
      Launch Clock:-       0                  
         Data Path:-    1464                  
             Slack:=   98461                  

#---------------------------------------------------------------------------------------------------------------
#        Timing Point         Flags    Arc    Edge       Cell         Fanout  Load Trans Delay Arrival Instance 
#                                                                             (fF)  (ps)  (ps)   (ps)  Location 
#---------------------------------------------------------------------------------------------------------------
  csm_inst_state_reg[2]/clk   -       -       R     (arrival)            335     -     0     0       0    (-,-) 
  csm_inst_state_reg[2]/q     (u)     clk->q  R     unmapped_d_flop        4  16.0     0   348     348    (-,-) 
  g17342/z                    (u)     in_1->z R     unmapped_complex2      6  24.0     0   233     581    (-,-) 
  g5632/z                     (u)     in_0->z F     unmapped_complex2     29 116.0     0   312     894    (-,-) 
  g21752/z                    (u)     in_0->z R     unmapped_nand2        37 148.0     0   326    1219    (-,-) 
  g21436/z                    (u)     in_0->z F     unmapped_nand2         1   4.0     0   122    1341    (-,-) 
  g21011/z                    (u)     in_1->z R     unmapped_complex2      1   4.0     0   122    1464    (-,-) 
  csm_inst_left_reg_reg[17]/d -       -       R     unmapped_d_flop        1     -     -     0    1464    (-,-) 
#---------------------------------------------------------------------------------------------------------------

(u) : Net has unmapped pin(s).



Path 50: MET (98461 ps) Setup Check with Pin csm_inst_left_reg_reg[16]/clk->d
          Group: C2C
     Startpoint: (R) csm_inst_state_reg[2]/clk
          Clock: (R) clk
       Endpoint: (R) csm_inst_left_reg_reg[16]/d
          Clock: (R) clk

                     Capture       Launch     
        Clock Edge:+  100000            0     
       Src Latency:+       0            0     
       Net Latency:+       0 (I)        0 (I) 
           Arrival:=  100000            0     
                                              
             Setup:-      75                  
     Required Time:=   99925                  
      Launch Clock:-       0                  
         Data Path:-    1464                  
             Slack:=   98461                  

#---------------------------------------------------------------------------------------------------------------
#        Timing Point         Flags    Arc    Edge       Cell         Fanout  Load Trans Delay Arrival Instance 
#                                                                             (fF)  (ps)  (ps)   (ps)  Location 
#---------------------------------------------------------------------------------------------------------------
  csm_inst_state_reg[2]/clk   -       -       R     (arrival)            335     -     0     0       0    (-,-) 
  csm_inst_state_reg[2]/q     (u)     clk->q  R     unmapped_d_flop        4  16.0     0   348     348    (-,-) 
  g17342/z                    (u)     in_1->z R     unmapped_complex2      6  24.0     0   233     581    (-,-) 
  g5632/z                     (u)     in_0->z F     unmapped_complex2     29 116.0     0   312     894    (-,-) 
  g21752/z                    (u)     in_0->z R     unmapped_nand2        37 148.0     0   326    1219    (-,-) 
  g21380/z                    (u)     in_0->z F     unmapped_nand2         1   4.0     0   122    1341    (-,-) 
  g23116/z                    (u)     in_0->z R     unmapped_complex2      1   4.0     0   122    1464    (-,-) 
  csm_inst_left_reg_reg[16]/d -       -       R     unmapped_d_flop        1     -     -     0    1464    (-,-) 
#---------------------------------------------------------------------------------------------------------------

(u) : Net has unmapped pin(s).

