============================================================
  Generated by:           Genus(TM) Synthesis Solution 21.15-s080_1
  Generated on:           Nov 30 2025  08:32:35 pm
  Module:                 top_pad
  Operating conditions:   PVT_1P8V_25C 
  Interconnect mode:      global
  Area mode:              timing library
============================================================


Path 1: MET (362 ps) Setup Check with Pin core/csm_inst_right_reg_reg[22]/CLK->D
          Group: C2C
     Startpoint: (R) core/csm_inst_round_counter_reg[0]/CLK
          Clock: (R) clk
       Endpoint: (F) core/csm_inst_right_reg_reg[22]/D
          Clock: (R) clk

                     Capture       Launch     
        Clock Edge:+   10000            0     
       Src Latency:+       0            0     
       Net Latency:+       0 (I)        0 (I) 
           Arrival:=   10000            0     
                                              
             Setup:-     460                  
       Uncertainty:-    2000                  
     Required Time:=    7540                  
      Launch Clock:-       0                  
         Data Path:-    7178                  
             Slack:=     362                  

#-----------------------------------------------------------------------------------------------------------------
#             Timing Point               Flags    Arc   Edge   Cell     Fanout  Load Trans Delay Arrival Instance 
#                                                                               (fF)  (ps)  (ps)   (ps)  Location 
#-----------------------------------------------------------------------------------------------------------------
  core/csm_inst_round_counter_reg[0]/CLK -       -      R     (arrival)    536     -  2000     0       0    (-,-) 
  core/csm_inst_round_counter_reg[0]/Q   -       CLK->Q R     DFFQSRX1      18  93.3  1367   941     941    (-,-) 
  core/g121412/Z                         -       A->Z   R     BUFX1         13  75.8  1116   679    1620    (-,-) 
  core/g121400/Z                         -       A->Z   F     INVX2         29 164.9  1053   867    2487    (-,-) 
  core/g121092/Z                         -       A->Z   R     NOR2X1        19  83.1  1240   898    3385    (-,-) 
  core/g120912/Z                         -       A->Z   R     BUFX1         19  81.4  1196   727    4112    (-,-) 
  core/g120384/Z                         -       A->Z   F     NAND2X1        1   7.2   248   116    4228    (-,-) 
  core/g119307/Z                         -       C->Z   R     NAND3X1        1   7.7   211   209    4437    (-,-) 
  core/g119259/Z                         -       A->Z   F     INVX2          1   7.3    88    74    4510    (-,-) 
  core/g118619/Z                         -       A->Z   R     NAND3X1        1   6.8   189   113    4623    (-,-) 
  core/g118356/Z                         -       A->Z   F     NAND2X1        1   6.9   192    88    4711    (-,-) 
  core/g118098/Z                         -       A->Z   R     NAND2X1        1  12.8   231   187    4898    (-,-) 
  core/g117785/Z                         -       B->Z   R     XOR2X1         7  33.8   508   381    5280    (-,-) 
  core/g117742/Z                         -       A->Z   F     INVX2          8  37.0   301   253    5533    (-,-) 
  core/g117575__4319/Z                   -       A->Z   R     NAND2X1        6  30.2   487   366    5898    (-,-) 
  core/g117498/Z                         -       A->Z   F     INVX2          2  11.4   156   118    6016    (-,-) 
  core/g117352__2802/Z                   -       B->Z   R     NAND2X1        2  12.0   237   182    6198    (-,-) 
  core/g117161__6161/Z                   -       B->Z   F     NOR2X1         2  11.9   276   142    6340    (-,-) 
  core/g116980__1617/Z                   -       B->Z   R     NOR2X1         1   7.3   170   151    6492    (-,-) 
  core/g116885__5477/Z                   -       B->Z   F     NOR2X1         1   7.2   184   101    6592    (-,-) 
  core/g116804__4319/Z                   -       A->Z   R     NOR2X1         1   7.3   146   133    6725    (-,-) 
  core/g116777__8428/Z                   -       A->Z   F     NAND3X1        1  12.8   143   112    6837    (-,-) 
  core/g116728__5122/Z                   -       B->Z   R     XOR2X1         1   7.3   131   136    6972    (-,-) 
  core/g116688__5107/Z                   -       B->Z   R     OR2X1          1   7.3   125   132    7105    (-,-) 
  core/g116680__9945/Z                   -       A->Z   F     NAND3X1        1   6.4   114    73    7178    (-,-) 
  core/csm_inst_right_reg_reg[22]/D      -       -      F     DFFQSRX1       1     -     -     0    7178    (-,-) 
#-----------------------------------------------------------------------------------------------------------------



Path 2: MET (377 ps) Setup Check with Pin core/csm_inst_right_reg_reg[25]/CLK->D
          Group: C2C
     Startpoint: (R) core/csm_inst_round_counter_reg[0]/CLK
          Clock: (R) clk
       Endpoint: (F) core/csm_inst_right_reg_reg[25]/D
          Clock: (R) clk

                     Capture       Launch     
        Clock Edge:+   10000            0     
       Src Latency:+       0            0     
       Net Latency:+       0 (I)        0 (I) 
           Arrival:=   10000            0     
                                              
             Setup:-     462                  
       Uncertainty:-    2000                  
     Required Time:=    7538                  
      Launch Clock:-       0                  
         Data Path:-    7161                  
             Slack:=     377                  

#-----------------------------------------------------------------------------------------------------------------
#             Timing Point               Flags    Arc   Edge   Cell     Fanout  Load Trans Delay Arrival Instance 
#                                                                               (fF)  (ps)  (ps)   (ps)  Location 
#-----------------------------------------------------------------------------------------------------------------
  core/csm_inst_round_counter_reg[0]/CLK -       -      R     (arrival)    536     -  2000     0       0    (-,-) 
  core/csm_inst_round_counter_reg[0]/Q   -       CLK->Q R     DFFQSRX1      18  93.3  1367   941     941    (-,-) 
  core/g121412/Z                         -       A->Z   R     BUFX1         13  75.8  1116   679    1620    (-,-) 
  core/g121400/Z                         -       A->Z   F     INVX2         29 164.9  1053   867    2487    (-,-) 
  core/g121092/Z                         -       A->Z   R     NOR2X1        19  83.1  1240   898    3385    (-,-) 
  core/g120912/Z                         -       A->Z   R     BUFX1         19  81.4  1196   727    4112    (-,-) 
  core/g120239/Z                         -       A->Z   F     NAND2X1        1   6.9   244   111    4223    (-,-) 
  core/g119884/Z                         -       A->Z   R     NAND2X1        1   7.3   178   154    4377    (-,-) 
  core/g119733/Z                         -       B->Z   F     NOR2X1         1   7.2   122   102    4479    (-,-) 
  core/g119090/Z                         -       C->Z   R     NAND3X1        1   6.8   185   161    4640    (-,-) 
  core/g118512/Z                         -       A->Z   F     NAND2X1        1   7.3   250    90    4730    (-,-) 
  core/g121582/Z                         -       A->Z   R     NAND3X1        1   7.2   207   164    4894    (-,-) 
  core/g121581/Z                         -       A->Z   R     OR2X1          1  12.8   203   212    5106    (-,-) 
  core/g117914/Z                         -       B->Z   R     XOR2X1         7  34.9   524   388    5495    (-,-) 
  core/g117862/Z                         -       A->Z   F     INVX2          8  37.7   308   258    5753    (-,-) 
  core/g117692__5122/Z                   -       B->Z   R     NOR2X1         1   7.2   175   157    5910    (-,-) 
  core/g117645__6260/Z                   -       A->Z   R     OR2X1          3  15.6   244   230    6140    (-,-) 
  core/g117349__6783/Z                   -       A->Z   F     NAND2X1        2  11.5   153   123    6263    (-,-) 
  core/g116983__5122/Z                   -       B->Z   R     NAND2X1        1   6.8   150   138    6402    (-,-) 
  core/g116905__7482/Z                   -       A->Z   F     NAND2X1        1   7.3   145    84    6486    (-,-) 
  core/g116859__6260/Z                   -       A->Z   R     NAND3X1        1   7.2   191   135    6620    (-,-) 
  core/g116768__2346/Z                   -       A->Z   F     NOR2X1         1  12.8   170   156    6777    (-,-) 
  core/g116737__9315/Z                   -       B->Z   F     XOR2X1         1   6.9    97   185    6962    (-,-) 
  core/g116698__5122/Z                   -       A->Z   R     NAND2X1        1   7.3   276   111    7073    (-,-) 
  core/g116682__2346/Z                   -       A->Z   F     NAND3X1        1   6.4   119    88    7161    (-,-) 
  core/csm_inst_right_reg_reg[25]/D      -       -      F     DFFQSRX1       1     -     -     0    7161    (-,-) 
#-----------------------------------------------------------------------------------------------------------------



Path 3: MET (386 ps) Setup Check with Pin core/csm_inst_right_reg_reg[0]/CLK->D
          Group: C2C
     Startpoint: (R) core/csm_inst_round_counter_reg[0]/CLK
          Clock: (R) clk
       Endpoint: (F) core/csm_inst_right_reg_reg[0]/D
          Clock: (R) clk

                     Capture       Launch     
        Clock Edge:+   10000            0     
       Src Latency:+       0            0     
       Net Latency:+       0 (I)        0 (I) 
           Arrival:=   10000            0     
                                              
             Setup:-     463                  
       Uncertainty:-    2000                  
     Required Time:=    7537                  
      Launch Clock:-       0                  
         Data Path:-    7152                  
             Slack:=     386                  

#-----------------------------------------------------------------------------------------------------------------
#             Timing Point               Flags    Arc   Edge   Cell     Fanout  Load Trans Delay Arrival Instance 
#                                                                               (fF)  (ps)  (ps)   (ps)  Location 
#-----------------------------------------------------------------------------------------------------------------
  core/csm_inst_round_counter_reg[0]/CLK -       -      R     (arrival)    536     -  2000     0       0    (-,-) 
  core/csm_inst_round_counter_reg[0]/Q   -       CLK->Q R     DFFQSRX1      18  93.3  1367   941     941    (-,-) 
  core/g121412/Z                         -       A->Z   R     BUFX1         13  75.8  1116   679    1620    (-,-) 
  core/g121400/Z                         -       A->Z   F     INVX2         29 164.9  1053   867    2487    (-,-) 
  core/g121092/Z                         -       A->Z   R     NOR2X1        19  83.1  1240   898    3385    (-,-) 
  core/g120912/Z                         -       A->Z   R     BUFX1         19  81.4  1196   727    4112    (-,-) 
  core/g120239/Z                         -       A->Z   F     NAND2X1        1   6.9   244   111    4223    (-,-) 
  core/g119884/Z                         -       A->Z   R     NAND2X1        1   7.3   178   154    4377    (-,-) 
  core/g119733/Z                         -       B->Z   F     NOR2X1         1   7.2   122   102    4479    (-,-) 
  core/g119090/Z                         -       C->Z   R     NAND3X1        1   6.8   185   161    4640    (-,-) 
  core/g118512/Z                         -       A->Z   F     NAND2X1        1   7.3   250    90    4730    (-,-) 
  core/g121582/Z                         -       A->Z   R     NAND3X1        1   7.2   207   164    4894    (-,-) 
  core/g121581/Z                         -       A->Z   R     OR2X1          1  12.8   203   212    5106    (-,-) 
  core/g117914/Z                         -       B->Z   R     XOR2X1         7  34.9   524   388    5495    (-,-) 
  core/g117862/Z                         -       A->Z   F     INVX2          8  37.7   308   258    5753    (-,-) 
  core/g117692__5122/Z                   -       B->Z   R     NOR2X1         1   7.2   175   157    5910    (-,-) 
  core/g117645__6260/Z                   -       A->Z   R     OR2X1          3  15.6   244   230    6140    (-,-) 
  core/g117349__6783/Z                   -       A->Z   F     NAND2X1        2  11.5   153   123    6263    (-,-) 
  core/g117093__3680/Z                   -       B->Z   R     NOR2X1         1   7.2   147   122    6386    (-,-) 
  core/g116870__8246/Z                   -       A->Z   F     NOR2X1         1   7.3   118   113    6498    (-,-) 
  core/g116844__1881/Z                   -       A->Z   R     NAND3X1        1   7.3   192   127    6625    (-,-) 
  core/g116794__9945/Z                   -       B->Z   F     NOR2X1         1  12.8   170   141    6766    (-,-) 
  core/g116755__1705/Z                   -       B->Z   F     XOR2X1         1   6.9    97   185    6950    (-,-) 
  core/g116718__5107/Z                   -       A->Z   R     NAND2X1        1   7.3   300   111    7062    (-,-) 
  core/g116708__6161/Z                   -       A->Z   F     NAND3X1        1   6.4   123    90    7152    (-,-) 
  core/csm_inst_right_reg_reg[0]/D       -       -      F     DFFQSRX1       1     -     -     0    7152    (-,-) 
#-----------------------------------------------------------------------------------------------------------------



Path 4: MET (399 ps) Setup Check with Pin core/csm_inst_right_reg_reg[12]/CLK->D
          Group: C2C
     Startpoint: (R) core/csm_inst_round_counter_reg[0]/CLK
          Clock: (R) clk
       Endpoint: (F) core/csm_inst_right_reg_reg[12]/D
          Clock: (R) clk

                     Capture       Launch     
        Clock Edge:+   10000            0     
       Src Latency:+       0            0     
       Net Latency:+       0 (I)        0 (I) 
           Arrival:=   10000            0     
                                              
             Setup:-     460                  
       Uncertainty:-    2000                  
     Required Time:=    7540                  
      Launch Clock:-       0                  
         Data Path:-    7141                  
             Slack:=     399                  

#-----------------------------------------------------------------------------------------------------------------
#             Timing Point               Flags    Arc   Edge   Cell     Fanout  Load Trans Delay Arrival Instance 
#                                                                               (fF)  (ps)  (ps)   (ps)  Location 
#-----------------------------------------------------------------------------------------------------------------
  core/csm_inst_round_counter_reg[0]/CLK -       -      R     (arrival)    536     -  2000     0       0    (-,-) 
  core/csm_inst_round_counter_reg[0]/Q   -       CLK->Q R     DFFQSRX1      18  93.3  1367   941     941    (-,-) 
  core/g121412/Z                         -       A->Z   R     BUFX1         13  75.8  1116   679    1620    (-,-) 
  core/g121400/Z                         -       A->Z   F     INVX2         29 164.9  1053   867    2487    (-,-) 
  core/g121092/Z                         -       A->Z   R     NOR2X1        19  83.1  1240   898    3385    (-,-) 
  core/g120912/Z                         -       A->Z   R     BUFX1         19  81.4  1196   727    4112    (-,-) 
  core/g120384/Z                         -       A->Z   F     NAND2X1        1   7.2   248   116    4228    (-,-) 
  core/g119307/Z                         -       C->Z   R     NAND3X1        1   7.7   211   209    4437    (-,-) 
  core/g119259/Z                         -       A->Z   F     INVX2          1   7.3    88    74    4510    (-,-) 
  core/g118619/Z                         -       A->Z   R     NAND3X1        1   6.8   189   113    4623    (-,-) 
  core/g118356/Z                         -       A->Z   F     NAND2X1        1   6.9   192    88    4711    (-,-) 
  core/g118098/Z                         -       A->Z   R     NAND2X1        1  12.8   231   187    4898    (-,-) 
  core/g117785/Z                         -       B->Z   R     XOR2X1         7  33.8   508   381    5280    (-,-) 
  core/g117742/Z                         -       A->Z   F     INVX2          8  37.0   301   253    5533    (-,-) 
  core/g117670__5477/Z                   -       B->Z   R     NOR2X1         6  30.5   472   353    5886    (-,-) 
  core/g117593/Z                         -       A->Z   F     INVX2          2  11.8   156   119    6005    (-,-) 
  core/g117256__7410/Z                   -       A->Z   R     NOR2X1         1   7.2   142   127    6132    (-,-) 
  core/g117110__1666/Z                   -       A->Z   F     NOR2X1         1   7.3   117   112    6244    (-,-) 
  core/g116971__5477/Z                   -       B->Z   R     NOR2X1         1   7.3   157   113    6357    (-,-) 
  core/g116877__6161/Z                   -       B->Z   R     OR2X1          1   7.2   123   135    6491    (-,-) 
  core/g116789__5115/Z                   -       A->Z   F     NOR2X1         1   7.3   114   107    6598    (-,-) 
  core/g116775__6260/Z                   -       A->Z   R     NAND3X1        1  12.8   272   171    6770    (-,-) 
  core/g116727__1705/Z                   -       B->Z   R     XOR2X1         1   7.3   130   166    6935    (-,-) 
  core/g116687__2398/Z                   -       B->Z   R     OR2X1          1   7.3   125   132    7068    (-,-) 
  core/g116674__1881/Z                   -       A->Z   F     NAND3X1        1   6.4   114    73    7141    (-,-) 
  core/csm_inst_right_reg_reg[12]/D      -       -      F     DFFQSRX1       1     -     -     0    7141    (-,-) 
#-----------------------------------------------------------------------------------------------------------------



Path 5: MET (411 ps) Setup Check with Pin core/csm_inst_right_reg_reg[26]/CLK->D
          Group: C2C
     Startpoint: (R) core/csm_inst_round_counter_reg[0]/CLK
          Clock: (R) clk
       Endpoint: (F) core/csm_inst_right_reg_reg[26]/D
          Clock: (R) clk

                     Capture       Launch     
        Clock Edge:+   10000            0     
       Src Latency:+       0            0     
       Net Latency:+       0 (I)        0 (I) 
           Arrival:=   10000            0     
                                              
             Setup:-     462                  
       Uncertainty:-    2000                  
     Required Time:=    7538                  
      Launch Clock:-       0                  
         Data Path:-    7127                  
             Slack:=     411                  

#-----------------------------------------------------------------------------------------------------------------
#             Timing Point               Flags    Arc   Edge   Cell     Fanout  Load Trans Delay Arrival Instance 
#                                                                               (fF)  (ps)  (ps)   (ps)  Location 
#-----------------------------------------------------------------------------------------------------------------
  core/csm_inst_round_counter_reg[0]/CLK -       -      R     (arrival)    536     -  2000     0       0    (-,-) 
  core/csm_inst_round_counter_reg[0]/Q   -       CLK->Q R     DFFQSRX1      18  93.3  1367   941     941    (-,-) 
  core/g121412/Z                         -       A->Z   R     BUFX1         13  75.8  1116   679    1620    (-,-) 
  core/g121400/Z                         -       A->Z   F     INVX2         29 164.9  1053   867    2487    (-,-) 
  core/g121092/Z                         -       A->Z   R     NOR2X1        19  83.1  1240   898    3385    (-,-) 
  core/g120912/Z                         -       A->Z   R     BUFX1         19  81.4  1196   727    4112    (-,-) 
  core/g120638/Z                         -       A->Z   F     NAND2X1        2  11.8   302   171    4282    (-,-) 
  core/g119783/Z                         -       B->Z   R     NAND3X1        1   6.8   215   198    4481    (-,-) 
  core/g119192/Z                         -       A->Z   R     AND2X1         1   7.2   134   126    4607    (-,-) 
  core/g118664/Z                         -       A->Z   F     NOR2X1         1   7.3   116   110    4716    (-,-) 
  core/g118472/Z                         -       A->Z   R     NAND3X1        1  12.8   272   172    4888    (-,-) 
  core/g117900/Z                         -       B->Z   R     XOR2X1         7  34.4   517   389    5277    (-,-) 
  core/g117848/Z                         -       A->Z   F     INVX2          7  33.9   287   240    5517    (-,-) 
  core/g117714__5526/Z                   -       B->Z   R     NOR2X1         5  24.7   394   302    5819    (-,-) 
  core/g117677/Z                         -       A->Z   F     INVX2          2  11.6   144   114    5933    (-,-) 
  core/g117249__2883/Z                   -       B->Z   R     NOR2X1         3  15.1   262   184    6117    (-,-) 
  core/g116984__8246/Z                   -       A->Z   F     NAND2X1        1   6.9   149    93    6210    (-,-) 
  core/g116891__5526/Z                   -       A->Z   R     NAND2X1        1   6.8   149   123    6334    (-,-) 
  core/g116831__6260/Z                   -       A->Z   F     NAND2X1        1   6.9   155    81    6415    (-,-) 
  core/g116803__6260/Z                   -       A->Z   R     NAND2X1        1   7.2   153   129    6543    (-,-) 
  core/g116770__7410/Z                   -       A->Z   F     NOR2X1         1   7.3   119   114    6657    (-,-) 
  core/g116749__8428/Z                   -       A->Z   R     NAND3X1        1  12.8   273   173    6830    (-,-) 
  core/g116701__8246/Z                   -       B->Z   F     XOR2X1         1   6.9   108    94    6924    (-,-) 
  core/g116660__2802/Z                   -       A->Z   R     NAND2X1        1   7.3   276   115    7039    (-,-) 
  core/g116646__6260/Z                   -       A->Z   F     NAND3X1        1   6.4   119    88    7127    (-,-) 
  core/csm_inst_right_reg_reg[26]/D      -       -      F     DFFQSRX1       1     -     -     0    7127    (-,-) 
#-----------------------------------------------------------------------------------------------------------------



Path 6: MET (438 ps) Setup Check with Pin core/csm_inst_right_reg_reg[7]/CLK->D
          Group: C2C
     Startpoint: (R) core/csm_inst_round_counter_reg[0]/CLK
          Clock: (R) clk
       Endpoint: (F) core/csm_inst_right_reg_reg[7]/D
          Clock: (R) clk

                     Capture       Launch     
        Clock Edge:+   10000            0     
       Src Latency:+       0            0     
       Net Latency:+       0 (I)        0 (I) 
           Arrival:=   10000            0     
                                              
             Setup:-     462                  
       Uncertainty:-    2000                  
     Required Time:=    7538                  
      Launch Clock:-       0                  
         Data Path:-    7100                  
             Slack:=     438                  

#-----------------------------------------------------------------------------------------------------------------
#             Timing Point               Flags    Arc   Edge   Cell     Fanout  Load Trans Delay Arrival Instance 
#                                                                               (fF)  (ps)  (ps)   (ps)  Location 
#-----------------------------------------------------------------------------------------------------------------
  core/csm_inst_round_counter_reg[0]/CLK -       -      R     (arrival)    536     -  2000     0       0    (-,-) 
  core/csm_inst_round_counter_reg[0]/Q   -       CLK->Q R     DFFQSRX1      18  93.3  1367   941     941    (-,-) 
  core/g121412/Z                         -       A->Z   R     BUFX1         13  75.8  1116   679    1620    (-,-) 
  core/g121400/Z                         -       A->Z   F     INVX2         29 164.9  1053   867    2487    (-,-) 
  core/g121092/Z                         -       A->Z   R     NOR2X1        19  83.1  1240   898    3385    (-,-) 
  core/g120912/Z                         -       A->Z   R     BUFX1         19  81.4  1196   727    4112    (-,-) 
  core/g120632/Z                         -       A->Z   F     NAND2X1        2  11.8   302   171    4282    (-,-) 
  core/g119274/Z                         -       B->Z   R     NAND3X1        1   7.2   198   202    4485    (-,-) 
  core/g119016/Z                         -       A->Z   F     NOR2X1         1   7.3   128   124    4609    (-,-) 
  core/g118507/Z                         -       B->Z   F     OR2X1          1   7.3    95   130    4739    (-,-) 
  core/g118434/Z                         -       A->Z   R     NAND3X1        1   7.3   198   119    4858    (-,-) 
  core/g118097/Z                         -       B->Z   F     NOR2X1         1  12.8   172   142    5000    (-,-) 
  core/g117779/Z                         -       B->Z   R     XOR2X1         6  28.9   437   322    5322    (-,-) 
  core/g117736/Z                         -       A->Z   F     INVX2          6  28.9   244   206    5528    (-,-) 
  core/g117572__2398/Z                   -       A->Z   R     NAND2X1        6  29.3   471   340    5867    (-,-) 
  core/g117479__8246/Z                   -       B->Z   F     NAND2X1        5  27.0   297   231    6099    (-,-) 
  core/g117138__1666/Z                   -       A->Z   F     AND2X1         1   7.3    86   164    6262    (-,-) 
  core/g116995__2346/Z                   -       B->Z   R     NOR2X1         1   7.3   144   104    6367    (-,-) 
  core/g116898__8246/Z                   -       B->Z   F     NOR2X1         1   7.3   235    96    6463    (-,-) 
  core/g116799__6417/Z                   -       B->Z   R     NOR2X1         1   7.3   162   143    6605    (-,-) 
  core/g116776__4319/Z                   -       A->Z   F     NAND3X1        1  12.8   146   115    6720    (-,-) 
  core/g116741__1666/Z                   -       B->Z   F     XOR2X1         1   6.9   108   177    6897    (-,-) 
  core/g116690__4319/Z                   -       A->Z   R     NAND2X1        1   7.3   276   115    7012    (-,-) 
  core/g116677__4733/Z                   -       A->Z   F     NAND3X1        1   6.4   119    88    7100    (-,-) 
  core/csm_inst_right_reg_reg[7]/D       -       -      F     DFFQSRX1       1     -     -     0    7100    (-,-) 
#-----------------------------------------------------------------------------------------------------------------



Path 7: MET (449 ps) Setup Check with Pin core/csm_inst_right_reg_reg[6]/CLK->D
          Group: C2C
     Startpoint: (R) core/csm_inst_round_counter_reg[0]/CLK
          Clock: (R) clk
       Endpoint: (F) core/csm_inst_right_reg_reg[6]/D
          Clock: (R) clk

                     Capture       Launch     
        Clock Edge:+   10000            0     
       Src Latency:+       0            0     
       Net Latency:+       0 (I)        0 (I) 
           Arrival:=   10000            0     
                                              
             Setup:-     460                  
       Uncertainty:-    2000                  
     Required Time:=    7540                  
      Launch Clock:-       0                  
         Data Path:-    7091                  
             Slack:=     449                  

#-----------------------------------------------------------------------------------------------------------------
#             Timing Point               Flags    Arc   Edge   Cell     Fanout  Load Trans Delay Arrival Instance 
#                                                                               (fF)  (ps)  (ps)   (ps)  Location 
#-----------------------------------------------------------------------------------------------------------------
  core/csm_inst_round_counter_reg[0]/CLK -       -      R     (arrival)    536     -  2000     0       0    (-,-) 
  core/csm_inst_round_counter_reg[0]/Q   -       CLK->Q R     DFFQSRX1      18  93.3  1367   941     941    (-,-) 
  core/g121412/Z                         -       A->Z   R     BUFX1         13  75.8  1116   679    1620    (-,-) 
  core/g121400/Z                         -       A->Z   F     INVX2         29 164.9  1053   867    2487    (-,-) 
  core/g121092/Z                         -       A->Z   R     NOR2X1        19  83.1  1240   898    3385    (-,-) 
  core/g120912/Z                         -       A->Z   R     BUFX1         19  81.4  1196   727    4112    (-,-) 
  core/g120384/Z                         -       A->Z   F     NAND2X1        1   7.2   248   116    4228    (-,-) 
  core/g119307/Z                         -       C->Z   R     NAND3X1        1   7.7   211   209    4437    (-,-) 
  core/g119259/Z                         -       A->Z   F     INVX2          1   7.3    88    74    4510    (-,-) 
  core/g118619/Z                         -       A->Z   R     NAND3X1        1   6.8   189   113    4623    (-,-) 
  core/g118356/Z                         -       A->Z   F     NAND2X1        1   6.9   192    88    4711    (-,-) 
  core/g118098/Z                         -       A->Z   R     NAND2X1        1  12.8   231   187    4898    (-,-) 
  core/g117785/Z                         -       B->Z   R     XOR2X1         7  33.8   508   381    5280    (-,-) 
  core/g117742/Z                         -       A->Z   F     INVX2          8  37.0   301   253    5533    (-,-) 
  core/g117575__4319/Z                   -       A->Z   R     NAND2X1        6  30.2   487   366    5898    (-,-) 
  core/g117498/Z                         -       A->Z   F     INVX2          2  11.4   156   118    6016    (-,-) 
  core/g117352__2802/Z                   -       B->Z   R     NAND2X1        2  12.0   237   182    6198    (-,-) 
  core/g117161__6161/Z                   -       B->Z   F     NOR2X1         2  11.9   276   142    6340    (-,-) 
  core/g116817__5115/Z                   -       A->Z   R     NOR2X1         1   7.3   157   144    6485    (-,-) 
  core/g116806__5526/Z                   -       A->Z   F     NAND3X1        1   7.3   106    84    6569    (-,-) 
  core/g116766__9945/Z                   -       B->Z   R     NOR2X1         1  12.8   217   154    6723    (-,-) 
  core/g116729__8246/Z                   -       B->Z   R     XOR2X1         1   7.3   133   162    6885    (-,-) 
  core/g116689__6260/Z                   -       B->Z   R     OR2X1          1   7.3   125   133    7018    (-,-) 
  core/g116655__8428/Z                   -       A->Z   F     NAND3X1        1   6.4   114    73    7091    (-,-) 
  core/csm_inst_right_reg_reg[6]/D       -       -      F     DFFQSRX1       1     -     -     0    7091    (-,-) 
#-----------------------------------------------------------------------------------------------------------------



Path 8: MET (469 ps) Setup Check with Pin core/csm_inst_right_reg_reg[14]/CLK->D
          Group: C2C
     Startpoint: (R) core/csm_inst_round_counter_reg[0]/CLK
          Clock: (R) clk
       Endpoint: (F) core/csm_inst_right_reg_reg[14]/D
          Clock: (R) clk

                     Capture       Launch     
        Clock Edge:+   10000            0     
       Src Latency:+       0            0     
       Net Latency:+       0 (I)        0 (I) 
           Arrival:=   10000            0     
                                              
             Setup:-     460                  
       Uncertainty:-    2000                  
     Required Time:=    7540                  
      Launch Clock:-       0                  
         Data Path:-    7071                  
             Slack:=     469                  

#-----------------------------------------------------------------------------------------------------------------
#             Timing Point               Flags    Arc   Edge   Cell     Fanout  Load Trans Delay Arrival Instance 
#                                                                               (fF)  (ps)  (ps)   (ps)  Location 
#-----------------------------------------------------------------------------------------------------------------
  core/csm_inst_round_counter_reg[0]/CLK -       -      R     (arrival)    536     -  2000     0       0    (-,-) 
  core/csm_inst_round_counter_reg[0]/Q   -       CLK->Q R     DFFQSRX1      18  93.3  1367   941     941    (-,-) 
  core/g121412/Z                         -       A->Z   R     BUFX1         13  75.8  1116   679    1620    (-,-) 
  core/g121400/Z                         -       A->Z   F     INVX2         29 164.9  1053   867    2487    (-,-) 
  core/g121092/Z                         -       A->Z   R     NOR2X1        19  83.1  1240   898    3385    (-,-) 
  core/g120912/Z                         -       A->Z   R     BUFX1         19  81.4  1196   727    4112    (-,-) 
  core/g120369/Z                         -       A->Z   F     NAND2X1        2  11.8   302   171    4282    (-,-) 
  core/g119750/Z                         -       B->Z   R     NAND3X1        1   6.8   193   198    4481    (-,-) 
  core/g119181/Z                         -       A->Z   F     NAND2X1        1   7.3   197    91    4572    (-,-) 
  core/g118524/Z                         -       A->Z   R     NAND3X1        1   7.3   192   151    4723    (-,-) 
  core/g118493/Z                         -       B->Z   F     NOR2X1         1  12.8   174   140    4863    (-,-) 
  core/g117912/Z                         -       B->Z   R     XOR2X1         8  46.6   694   468    5331    (-,-) 
  core/g117860/Z                         -       A->Z   F     INVX2          6  29.6   300   240    5570    (-,-) 
  core/g117770/Z                         -       A->Z   R     NOR2X1         6  28.4   445   324    5894    (-,-) 
  core/g117634__6161/Z                   -       A->Z   F     NAND2X1        2  11.6   192   144    6039    (-,-) 
  core/g117270__5122/Z                   -       A->Z   R     NAND2X1        1   6.8   168   136    6175    (-,-) 
  core/g117112__6417/Z                   -       A->Z   F     NAND2X1        1   7.2   151    87    6262    (-,-) 
  core/g117057__5477/Z                   -       B->Z   R     NAND3X1        1   7.3   193   157    6419    (-,-) 
  core/g116878__9315/Z                   -       B->Z   F     NOR2X1         1   7.3   126   106    6525    (-,-) 
  core/g116860__4319/Z                   -       A->Z   R     NAND3X1        1  12.8   272   175    6700    (-,-) 
  core/g116771__6417/Z                   -       B->Z   R     XOR2X1         1   7.3   131   166    6866    (-,-) 
  core/g116747__6260/Z                   -       B->Z   R     OR2X1          1   7.3   125   132    6998    (-,-) 
  core/g116726__2802/Z                   -       A->Z   F     NAND3X1        1   6.4   114    73    7071    (-,-) 
  core/csm_inst_right_reg_reg[14]/D      -       -      F     DFFQSRX1       1     -     -     0    7071    (-,-) 
#-----------------------------------------------------------------------------------------------------------------



Path 9: MET (473 ps) Setup Check with Pin core/csm_inst_right_reg_reg[31]/CLK->D
          Group: C2C
     Startpoint: (R) core/csm_inst_round_counter_reg[0]/CLK
          Clock: (R) clk
       Endpoint: (F) core/csm_inst_right_reg_reg[31]/D
          Clock: (R) clk

                     Capture       Launch     
        Clock Edge:+   10000            0     
       Src Latency:+       0            0     
       Net Latency:+       0 (I)        0 (I) 
           Arrival:=   10000            0     
                                              
             Setup:-     463                  
       Uncertainty:-    2000                  
     Required Time:=    7537                  
      Launch Clock:-       0                  
         Data Path:-    7064                  
             Slack:=     473                  

#-----------------------------------------------------------------------------------------------------------------
#             Timing Point               Flags    Arc   Edge   Cell     Fanout  Load Trans Delay Arrival Instance 
#                                                                               (fF)  (ps)  (ps)   (ps)  Location 
#-----------------------------------------------------------------------------------------------------------------
  core/csm_inst_round_counter_reg[0]/CLK -       -      R     (arrival)    536     -  2000     0       0    (-,-) 
  core/csm_inst_round_counter_reg[0]/Q   -       CLK->Q R     DFFQSRX1      18  93.3  1367   941     941    (-,-) 
  core/g121412/Z                         -       A->Z   R     BUFX1         13  75.8  1116   679    1620    (-,-) 
  core/g121400/Z                         -       A->Z   F     INVX2         29 164.9  1053   867    2487    (-,-) 
  core/g121092/Z                         -       A->Z   R     NOR2X1        19  83.1  1240   898    3385    (-,-) 
  core/g120912/Z                         -       A->Z   R     BUFX1         19  81.4  1196   727    4112    (-,-) 
  core/g120384/Z                         -       A->Z   F     NAND2X1        1   7.2   248   116    4228    (-,-) 
  core/g119307/Z                         -       C->Z   R     NAND3X1        1   7.7   211   209    4437    (-,-) 
  core/g119259/Z                         -       A->Z   F     INVX2          1   7.3    88    74    4510    (-,-) 
  core/g118619/Z                         -       A->Z   R     NAND3X1        1   6.8   189   113    4623    (-,-) 
  core/g118356/Z                         -       A->Z   F     NAND2X1        1   6.9   192    88    4711    (-,-) 
  core/g118098/Z                         -       A->Z   R     NAND2X1        1  12.8   231   187    4898    (-,-) 
  core/g117785/Z                         -       B->Z   R     XOR2X1         7  33.8   508   381    5280    (-,-) 
  core/g117742/Z                         -       A->Z   F     INVX2          8  37.0   301   253    5533    (-,-) 
  core/g117573__5107/Z                   -       A->Z   R     NAND2X1        4  21.5   368   294    5827    (-,-) 
  core/g117496/Z                         -       A->Z   F     INVX2          3  15.6   163   134    5961    (-,-) 
  core/g117464__7410/Z                   -       A->Z   R     NAND2X1        2  12.4   248   175    6136    (-,-) 
  core/g117363/Z                         -       A->Z   F     INVX2          1   6.9    91    74    6210    (-,-) 
  core/g117152__1705/Z                   -       A->Z   R     NAND2X1        1   7.2   233   108    6319    (-,-) 
  core/g116922__6783/Z                   -       B->Z   F     NAND3X1        1   6.9   112    92    6410    (-,-) 
  core/g116812__5122/Z                   -       A->Z   R     NAND2X1        1   7.3   186   116    6526    (-,-) 
  core/g116798__7410/Z                   -       A->Z   F     NAND3X1        1   7.3   110    88    6615    (-,-) 
  core/g116780__3680/Z                   -       B->Z   R     NOR2X1         1  12.8   218   156    6771    (-,-) 
  core/g116732__1881/Z                   -       B->Z   F     XOR2X1         1   6.9    97    92    6863    (-,-) 
  core/g116702__7098/Z                   -       A->Z   R     NAND2X1        1   7.3   300   111    6974    (-,-) 
  core/g116656__5526/Z                   -       A->Z   F     NAND3X1        1   6.4   123    90    7064    (-,-) 
  core/csm_inst_right_reg_reg[31]/D      -       -      F     DFFQSRX1       1     -     -     0    7064    (-,-) 
#-----------------------------------------------------------------------------------------------------------------



Path 10: MET (487 ps) Setup Check with Pin core/csm_inst_right_reg_reg[21]/CLK->D
          Group: C2C
     Startpoint: (R) core/csm_inst_round_counter_reg[0]/CLK
          Clock: (R) clk
       Endpoint: (F) core/csm_inst_right_reg_reg[21]/D
          Clock: (R) clk

                     Capture       Launch     
        Clock Edge:+   10000            0     
       Src Latency:+       0            0     
       Net Latency:+       0 (I)        0 (I) 
           Arrival:=   10000            0     
                                              
             Setup:-     458                  
       Uncertainty:-    2000                  
     Required Time:=    7542                  
      Launch Clock:-       0                  
         Data Path:-    7055                  
             Slack:=     487                  

#-----------------------------------------------------------------------------------------------------------------
#             Timing Point               Flags    Arc   Edge   Cell     Fanout  Load Trans Delay Arrival Instance 
#                                                                               (fF)  (ps)  (ps)   (ps)  Location 
#-----------------------------------------------------------------------------------------------------------------
  core/csm_inst_round_counter_reg[0]/CLK -       -      R     (arrival)    536     -  2000     0       0    (-,-) 
  core/csm_inst_round_counter_reg[0]/Q   -       CLK->Q R     DFFQSRX1      18  93.3  1367   941     941    (-,-) 
  core/g121412/Z                         -       A->Z   R     BUFX1         13  75.8  1116   679    1620    (-,-) 
  core/g121400/Z                         -       A->Z   F     INVX2         29 164.9  1053   867    2487    (-,-) 
  core/g121092/Z                         -       A->Z   R     NOR2X1        19  83.1  1240   898    3385    (-,-) 
  core/g120912/Z                         -       A->Z   R     BUFX1         19  81.4  1196   727    4112    (-,-) 
  core/g120637/Z                         -       A->Z   F     NAND2X1        2  11.8   302   171    4282    (-,-) 
  core/g118990/Z                         -       B->Z   R     NAND3X1        1   7.3   199   203    4486    (-,-) 
  core/g118675/Z                         -       B->Z   R     OR2X1          1   6.8   117   136    4621    (-,-) 
  core/g118369/Z                         -       A->Z   F     NAND2X1        1   6.9   192    76    4697    (-,-) 
  core/g118126/Z                         -       A->Z   R     NAND2X1        1  12.8   231   187    4885    (-,-) 
  core/g117778/Z                         -       B->Z   R     XOR2X1         4  21.1   324   277    5162    (-,-) 
  core/g117579__3680/Z                   -       B->Z   F     NOR2X1         8  38.3   473   323    5484    (-,-) 
  core/g117480__7098/Z                   -       B->Z   R     NOR2X1         6  28.8   471   387    5871    (-,-) 
  core/g117250__2346/Z                   -       A->Z   F     NAND2X1        3  16.6   240   187    6058    (-,-) 
  core/g116937__9945/Z                   -       A->Z   R     NAND3X1        1   6.8   208   158    6216    (-,-) 
  core/g116828__5477/Z                   -       A->Z   F     NAND2X1        1   6.9   110    89    6304    (-,-) 
  core/g116785__8246/Z                   -       A->Z   R     NAND2X1        1   6.8   151   111    6415    (-,-) 
  core/g116760__1881/Z                   -       A->Z   F     NAND2X1        1   7.3   153    84    6500    (-,-) 
  core/g116751__6783/Z                   -       A->Z   R     NAND3X1        1  12.8   272   184    6684    (-,-) 
  core/g116713__1666/Z                   -       B->Z   R     XOR2X1         1   7.3   131   166    6849    (-,-) 
  core/g116657__6783/Z                   -       B->Z   R     OR2X1          1   7.3   125   132    6982    (-,-) 
  core/g116645__5107/Z                   -       A->Z   F     NAND3X1        1   6.4   108    73    7055    (-,-) 
  core/csm_inst_right_reg_reg[21]/D      -       -      F     DFFQSRX1       1     -     -     0    7055    (-,-) 
#-----------------------------------------------------------------------------------------------------------------



Path 11: MET (487 ps) Setup Check with Pin core/csm_inst_right_reg_reg[1]/CLK->D
          Group: C2C
     Startpoint: (R) core/csm_inst_round_counter_reg[0]/CLK
          Clock: (R) clk
       Endpoint: (F) core/csm_inst_right_reg_reg[1]/D
          Clock: (R) clk

                     Capture       Launch     
        Clock Edge:+   10000            0     
       Src Latency:+       0            0     
       Net Latency:+       0 (I)        0 (I) 
           Arrival:=   10000            0     
                                              
             Setup:-     463                  
       Uncertainty:-    2000                  
     Required Time:=    7537                  
      Launch Clock:-       0                  
         Data Path:-    7050                  
             Slack:=     487                  

#-----------------------------------------------------------------------------------------------------------------
#             Timing Point               Flags    Arc   Edge   Cell     Fanout  Load Trans Delay Arrival Instance 
#                                                                               (fF)  (ps)  (ps)   (ps)  Location 
#-----------------------------------------------------------------------------------------------------------------
  core/csm_inst_round_counter_reg[0]/CLK -       -      R     (arrival)    536     -  2000     0       0    (-,-) 
  core/csm_inst_round_counter_reg[0]/Q   -       CLK->Q R     DFFQSRX1      18  93.3  1367   941     941    (-,-) 
  core/g121412/Z                         -       A->Z   R     BUFX1         13  75.8  1116   679    1620    (-,-) 
  core/g121400/Z                         -       A->Z   F     INVX2         29 164.9  1053   867    2487    (-,-) 
  core/g121092/Z                         -       A->Z   R     NOR2X1        19  83.1  1240   898    3385    (-,-) 
  core/g120912/Z                         -       A->Z   R     BUFX1         19  81.4  1196   727    4112    (-,-) 
  core/g120369/Z                         -       A->Z   F     NAND2X1        2  11.8   302   171    4282    (-,-) 
  core/g119087/Z                         -       C->Z   R     NAND3X1        1   7.3   216   223    4506    (-,-) 
  core/g118520/Z                         -       B->Z   F     NOR2X1         1   7.3   126   108    4614    (-,-) 
  core/g118337/Z                         -       B->Z   R     NOR2X1         1   7.2   232   115    4729    (-,-) 
  core/g118102/Z                         -       A->Z   F     NOR2X1         1  12.8   180   165    4893    (-,-) 
  core/g117781/Z                         -       B->Z   R     XOR2X1        12  55.7   825   544    5437    (-,-) 
  core/g117738/Z                         -       A->Z   F     INVX2          1   6.9   165    99    5536    (-,-) 
  core/g117671__2398/Z                   -       A->Z   R     NAND2X1        4  21.1   361   247    5783    (-,-) 
  core/g117594/Z                         -       A->Z   F     INVX2          6  28.6   227   193    5976    (-,-) 
  core/g117404__9945/Z                   -       A->Z   F     AND2X1         1   7.2    86   150    6126    (-,-) 
  core/g117182__5122/Z                   -       A->Z   F     OR2X1          1   6.9    86   132    6258    (-,-) 
  core/g117032__6260/Z                   -       A->Z   R     NAND2X1        1   7.3   158   108    6366    (-,-) 
  core/g116929__7098/Z                   -       A->Z   F     NAND3X1        1   7.3   105    84    6450    (-,-) 
  core/g116818__7482/Z                   -       B->Z   R     NOR2X1         1   7.3   141   110    6559    (-,-) 
  core/g116795__2883/Z                   -       A->Z   F     NAND3X1        1  12.8   143   111    6670    (-,-) 
  core/g116753__1617/Z                   -       B->Z   F     XOR2X1         1   6.9   108   176    6846    (-,-) 
  core/g116723__6783/Z                   -       A->Z   R     NAND2X1        1   7.3   300   115    6961    (-,-) 
  core/g116706__7482/Z                   -       A->Z   F     NAND3X1        1   6.4   123    90    7050    (-,-) 
  core/csm_inst_right_reg_reg[1]/D       -       -      F     DFFQSRX1       1     -     -     0    7050    (-,-) 
#-----------------------------------------------------------------------------------------------------------------



Path 12: MET (515 ps) Setup Check with Pin core/csm_inst_right_reg_reg[19]/CLK->D
          Group: C2C
     Startpoint: (R) core/csm_inst_round_counter_reg[0]/CLK
          Clock: (R) clk
       Endpoint: (F) core/csm_inst_right_reg_reg[19]/D
          Clock: (R) clk

                     Capture       Launch     
        Clock Edge:+   10000            0     
       Src Latency:+       0            0     
       Net Latency:+       0 (I)        0 (I) 
           Arrival:=   10000            0     
                                              
             Setup:-     463                  
       Uncertainty:-    2000                  
     Required Time:=    7537                  
      Launch Clock:-       0                  
         Data Path:-    7022                  
             Slack:=     515                  

#-----------------------------------------------------------------------------------------------------------------
#             Timing Point               Flags    Arc   Edge   Cell     Fanout  Load Trans Delay Arrival Instance 
#                                                                               (fF)  (ps)  (ps)   (ps)  Location 
#-----------------------------------------------------------------------------------------------------------------
  core/csm_inst_round_counter_reg[0]/CLK -       -      R     (arrival)    536     -  2000     0       0    (-,-) 
  core/csm_inst_round_counter_reg[0]/Q   -       CLK->Q R     DFFQSRX1      18  93.3  1367   941     941    (-,-) 
  core/g121412/Z                         -       A->Z   R     BUFX1         13  75.8  1116   679    1620    (-,-) 
  core/g121400/Z                         -       A->Z   F     INVX2         29 164.9  1053   867    2487    (-,-) 
  core/g121092/Z                         -       A->Z   R     NOR2X1        19  83.1  1240   898    3385    (-,-) 
  core/g120912/Z                         -       A->Z   R     BUFX1         19  81.4  1196   727    4112    (-,-) 
  core/g120369/Z                         -       A->Z   F     NAND2X1        2  11.8   302   171    4282    (-,-) 
  core/g119750/Z                         -       B->Z   R     NAND3X1        1   6.8   193   198    4481    (-,-) 
  core/g119181/Z                         -       A->Z   F     NAND2X1        1   7.3   197    91    4572    (-,-) 
  core/g118524/Z                         -       A->Z   R     NAND3X1        1   7.3   192   151    4723    (-,-) 
  core/g118493/Z                         -       B->Z   F     NOR2X1         1  12.8   174   140    4863    (-,-) 
  core/g117912/Z                         -       B->Z   R     XOR2X1         8  46.6   694   468    5331    (-,-) 
  core/g117860/Z                         -       A->Z   F     INVX2          6  29.6   300   240    5570    (-,-) 
  core/g117770/Z                         -       A->Z   R     NOR2X1         6  28.4   445   324    5894    (-,-) 
  core/g117637__2883/Z                   -       A->Z   F     NAND2X1        2  11.9   195   147    6041    (-,-) 
  core/g117431__9315/Z                   -       B->Z   F     OR2X1          1   7.2    88   142    6184    (-,-) 
  core/g117061__4319/Z                   -       C->Z   R     NAND3X1        1   7.2   190   153    6336    (-,-) 
  core/g116827__6417/Z                   -       A->Z   R     OR2X1          1   7.2   123   164    6500    (-,-) 
  core/g116765__9315/Z                   -       A->Z   F     NOR2X1         1  12.8   163   139    6639    (-,-) 
  core/g116734__7482/Z                   -       B->Z   F     XOR2X1         1   6.9    97   182    6821    (-,-) 
  core/g116704__1881/Z                   -       A->Z   R     NAND2X1        1   7.3   300   111    6932    (-,-) 
  core/g116678__6161/Z                   -       A->Z   F     NAND3X1        1   6.4   123    90    7022    (-,-) 
  core/csm_inst_right_reg_reg[19]/D      -       -      F     DFFQSRX1       1     -     -     0    7022    (-,-) 
#-----------------------------------------------------------------------------------------------------------------



Path 13: MET (519 ps) Setup Check with Pin core/csm_inst_right_reg_reg[23]/CLK->D
          Group: C2C
     Startpoint: (R) core/csm_inst_round_counter_reg[0]/CLK
          Clock: (R) clk
       Endpoint: (F) core/csm_inst_right_reg_reg[23]/D
          Clock: (R) clk

                     Capture       Launch     
        Clock Edge:+   10000            0     
       Src Latency:+       0            0     
       Net Latency:+       0 (I)        0 (I) 
           Arrival:=   10000            0     
                                              
             Setup:-     463                  
       Uncertainty:-    2000                  
     Required Time:=    7537                  
      Launch Clock:-       0                  
         Data Path:-    7018                  
             Slack:=     519                  

#-----------------------------------------------------------------------------------------------------------------
#             Timing Point               Flags    Arc   Edge   Cell     Fanout  Load Trans Delay Arrival Instance 
#                                                                               (fF)  (ps)  (ps)   (ps)  Location 
#-----------------------------------------------------------------------------------------------------------------
  core/csm_inst_round_counter_reg[0]/CLK -       -      R     (arrival)    536     -  2000     0       0    (-,-) 
  core/csm_inst_round_counter_reg[0]/Q   -       CLK->Q R     DFFQSRX1      18  93.3  1367   941     941    (-,-) 
  core/g121412/Z                         -       A->Z   R     BUFX1         13  75.8  1116   679    1620    (-,-) 
  core/g121400/Z                         -       A->Z   F     INVX2         29 164.9  1053   867    2487    (-,-) 
  core/g121092/Z                         -       A->Z   R     NOR2X1        19  83.1  1240   898    3385    (-,-) 
  core/g120912/Z                         -       A->Z   R     BUFX1         19  81.4  1196   727    4112    (-,-) 
  core/g120359/Z                         -       A->Z   F     NAND2X1        2  11.8   302   171    4282    (-,-) 
  core/g119317/Z                         -       B->Z   R     NAND3X1        1   7.3   211   203    4486    (-,-) 
  core/g119020/Z                         -       B->Z   F     NOR2X1         1   7.3   130   108    4593    (-,-) 
  core/g118657/Z                         -       B->Z   R     NOR2X1         1   7.3   234   117    4710    (-,-) 
  core/g118481/Z                         -       B->Z   F     NOR2X1         1  12.8   172   148    4858    (-,-) 
  core/g117913/Z                         -       B->Z   R     XOR2X1        10  53.1   788   520    5378    (-,-) 
  core/g117861/Z                         -       A->Z   F     INVX2          4  20.6   262   198    5576    (-,-) 
  core/g117762/Z                         -       B->Z   R     NOR2X1         4  19.3   319   252    5828    (-,-) 
  core/g117622__3680/Z                   -       A->Z   F     NAND2X1        1   7.2   144   100    5928    (-,-) 
  core/g117239__8246/Z                   -       B->Z   R     NAND3X1        1   6.8   187   151    6079    (-,-) 
  core/g116981__2802/Z                   -       A->Z   F     NAND2X1        1   7.3   129    90    6169    (-,-) 
  core/g116939__2346/Z                   -       A->Z   R     NAND3X1        1   7.7   198   134    6303    (-,-) 
  core/g116903/Z                         -       A->Z   F     INVX2          1   7.3    86    73    6376    (-,-) 
  core/g116856__5477/Z                   -       A->Z   R     NAND3X1        1   7.3   193   116    6492    (-,-) 
  core/g116793__9315/Z                   -       B->Z   F     NOR2X1         1  12.8   170   141    6633    (-,-) 
  core/g116757__8246/Z                   -       B->Z   F     XOR2X1         1   6.9    97   185    6817    (-,-) 
  core/g116721__8428/Z                   -       A->Z   R     NAND2X1        1   7.3   300   111    6928    (-,-) 
  core/g116712__2346/Z                   -       A->Z   F     NAND3X1        1   6.4   123    90    7018    (-,-) 
  core/csm_inst_right_reg_reg[23]/D      -       -      F     DFFQSRX1       1     -     -     0    7018    (-,-) 
#-----------------------------------------------------------------------------------------------------------------



Path 14: MET (522 ps) Setup Check with Pin core/csm_inst_right_reg_reg[18]/CLK->D
          Group: C2C
     Startpoint: (R) core/csm_inst_round_counter_reg[0]/CLK
          Clock: (R) clk
       Endpoint: (F) core/csm_inst_right_reg_reg[18]/D
          Clock: (R) clk

                     Capture       Launch     
        Clock Edge:+   10000            0     
       Src Latency:+       0            0     
       Net Latency:+       0 (I)        0 (I) 
           Arrival:=   10000            0     
                                              
             Setup:-     463                  
       Uncertainty:-    2000                  
     Required Time:=    7537                  
      Launch Clock:-       0                  
         Data Path:-    7016                  
             Slack:=     522                  

#-----------------------------------------------------------------------------------------------------------------
#             Timing Point               Flags    Arc   Edge   Cell     Fanout  Load Trans Delay Arrival Instance 
#                                                                               (fF)  (ps)  (ps)   (ps)  Location 
#-----------------------------------------------------------------------------------------------------------------
  core/csm_inst_round_counter_reg[0]/CLK -       -      R     (arrival)    536     -  2000     0       0    (-,-) 
  core/csm_inst_round_counter_reg[0]/Q   -       CLK->Q R     DFFQSRX1      18  93.3  1367   941     941    (-,-) 
  core/g121412/Z                         -       A->Z   R     BUFX1         13  75.8  1116   679    1620    (-,-) 
  core/g121400/Z                         -       A->Z   F     INVX2         29 164.9  1053   867    2487    (-,-) 
  core/g121092/Z                         -       A->Z   R     NOR2X1        19  83.1  1240   898    3385    (-,-) 
  core/g120912/Z                         -       A->Z   R     BUFX1         19  81.4  1196   727    4112    (-,-) 
  core/g120632/Z                         -       A->Z   F     NAND2X1        2  11.8   302   171    4282    (-,-) 
  core/g119274/Z                         -       B->Z   R     NAND3X1        1   7.2   198   202    4485    (-,-) 
  core/g119016/Z                         -       A->Z   F     NOR2X1         1   7.3   128   124    4609    (-,-) 
  core/g118507/Z                         -       B->Z   F     OR2X1          1   7.3    95   130    4739    (-,-) 
  core/g118434/Z                         -       A->Z   R     NAND3X1        1   7.3   198   119    4858    (-,-) 
  core/g118097/Z                         -       B->Z   F     NOR2X1         1  12.8   172   142    5000    (-,-) 
  core/g117779/Z                         -       B->Z   R     XOR2X1         6  28.9   437   322    5322    (-,-) 
  core/g117736/Z                         -       A->Z   F     INVX2          6  28.9   244   206    5528    (-,-) 
  core/g117572__2398/Z                   -       A->Z   R     NAND2X1        6  29.3   471   340    5867    (-,-) 
  core/g117479__8246/Z                   -       B->Z   F     NAND2X1        5  27.0   297   231    6099    (-,-) 
  core/g117372/Z                         -       A->Z   R     INVX2          1   7.3   116   110    6208    (-,-) 
  core/g117232__5526/Z                   -       A->Z   F     NAND3X1        1   7.3   149    77    6285    (-,-) 
  core/g116935__6161/Z                   -       A->Z   R     NAND3X1        1   7.3   192   137    6422    (-,-) 
  core/g116826__7410/Z                   -       B->Z   F     NOR2X1         1   7.2   113   105    6527    (-,-) 
  core/g116764__6161/Z                   -       B->Z   R     NAND3X1        1  12.8   272   190    6717    (-,-) 
  core/g116744__5477/Z                   -       B->Z   F     XOR2X1         1   6.9   108    94    6811    (-,-) 
  core/g116716__5477/Z                   -       A->Z   R     NAND2X1        1   7.3   300   115    6926    (-,-) 
  core/g116670__5122/Z                   -       A->Z   F     NAND3X1        1   6.4   123    90    7016    (-,-) 
  core/csm_inst_right_reg_reg[18]/D      -       -      F     DFFQSRX1       1     -     -     0    7016    (-,-) 
#-----------------------------------------------------------------------------------------------------------------



Path 15: MET (524 ps) Setup Check with Pin core/csm_inst_right_reg_reg[3]/CLK->D
          Group: C2C
     Startpoint: (R) core/csm_inst_round_counter_reg[0]/CLK
          Clock: (R) clk
       Endpoint: (F) core/csm_inst_right_reg_reg[3]/D
          Clock: (R) clk

                     Capture       Launch     
        Clock Edge:+   10000            0     
       Src Latency:+       0            0     
       Net Latency:+       0 (I)        0 (I) 
           Arrival:=   10000            0     
                                              
             Setup:-     463                  
       Uncertainty:-    2000                  
     Required Time:=    7537                  
      Launch Clock:-       0                  
         Data Path:-    7013                  
             Slack:=     524                  

#-----------------------------------------------------------------------------------------------------------------
#             Timing Point               Flags    Arc   Edge   Cell     Fanout  Load Trans Delay Arrival Instance 
#                                                                               (fF)  (ps)  (ps)   (ps)  Location 
#-----------------------------------------------------------------------------------------------------------------
  core/csm_inst_round_counter_reg[0]/CLK -       -      R     (arrival)    536     -  2000     0       0    (-,-) 
  core/csm_inst_round_counter_reg[0]/Q   -       CLK->Q R     DFFQSRX1      18  93.3  1367   941     941    (-,-) 
  core/g121412/Z                         -       A->Z   R     BUFX1         13  75.8  1116   679    1620    (-,-) 
  core/g121400/Z                         -       A->Z   F     INVX2         29 164.9  1053   867    2487    (-,-) 
  core/g121092/Z                         -       A->Z   R     NOR2X1        19  83.1  1240   898    3385    (-,-) 
  core/g120912/Z                         -       A->Z   R     BUFX1         19  81.4  1196   727    4112    (-,-) 
  core/g120169/Z                         -       A->Z   F     NAND2X1        1   7.2   248   116    4228    (-,-) 
  core/g119319/Z                         -       B->Z   R     NAND3X1        1   7.2   209   186    4414    (-,-) 
  core/g119075/Z                         -       A->Z   F     NOR2X1         1   7.3   130   126    4540    (-,-) 
  core/g118680/Z                         -       B->Z   F     OR2X1          1   7.3    96   131    4670    (-,-) 
  core/g118444/Z                         -       A->Z   R     NAND3X1        1   7.3   201   120    4790    (-,-) 
  core/g118127/Z                         -       B->Z   F     NOR2X1         1  12.8   172   142    4932    (-,-) 
  core/g117786/Z                         -       B->Z   R     XOR2X1        11  52.1   773   512    5444    (-,-) 
  core/g117567__2346/Z                   -       B->Z   F     NOR2X1         5  25.3   414   320    5764    (-,-) 
  core/g117492/Z                         -       A->Z   R     INVX2          1   7.2   134   127    5891    (-,-) 
  core/g117358__1881/Z                   -       A->Z   R     OR2X1          3  15.5   242   222    6112    (-,-) 
  core/g117024__2883/Z                   -       A->Z   F     NAND2X1        1   6.9   116    92    6204    (-,-) 
  core/g116909__9945/Z                   -       A->Z   R     NAND2X1        1   6.8   166   113    6317    (-,-) 
  core/g116832__4319/Z                   -       A->Z   F     NAND2X1        1   6.9   101    84    6401    (-,-) 
  core/g116801__2398/Z                   -       A->Z   R     NAND2X1        1   7.2   180   112    6513    (-,-) 
  core/g116748__4319/Z                   -       C->Z   F     NAND3X1        1  12.8   143   120    6632    (-,-) 
  core/g116714__7410/Z                   -       B->Z   F     XOR2X1         1   6.9   108   176    6808    (-,-) 
  core/g116661__1705/Z                   -       A->Z   R     NAND2X1        1   7.3   300   115    6923    (-,-) 
  core/g116644__2398/Z                   -       A->Z   F     NAND3X1        1   6.4   123    90    7013    (-,-) 
  core/csm_inst_right_reg_reg[3]/D       -       -      F     DFFQSRX1       1     -     -     0    7013    (-,-) 
#-----------------------------------------------------------------------------------------------------------------



Path 16: MET (529 ps) Setup Check with Pin core/csm_inst_right_reg_reg[8]/CLK->D
          Group: C2C
     Startpoint: (R) core/csm_inst_round_counter_reg[0]/CLK
          Clock: (R) clk
       Endpoint: (F) core/csm_inst_right_reg_reg[8]/D
          Clock: (R) clk

                     Capture       Launch     
        Clock Edge:+   10000            0     
       Src Latency:+       0            0     
       Net Latency:+       0 (I)        0 (I) 
           Arrival:=   10000            0     
                                              
             Setup:-     463                  
       Uncertainty:-    2000                  
     Required Time:=    7537                  
      Launch Clock:-       0                  
         Data Path:-    7008                  
             Slack:=     529                  

#-----------------------------------------------------------------------------------------------------------------
#             Timing Point               Flags    Arc   Edge   Cell     Fanout  Load Trans Delay Arrival Instance 
#                                                                               (fF)  (ps)  (ps)   (ps)  Location 
#-----------------------------------------------------------------------------------------------------------------
  core/csm_inst_round_counter_reg[0]/CLK -       -      R     (arrival)    536     -  2000     0       0    (-,-) 
  core/csm_inst_round_counter_reg[0]/Q   -       CLK->Q R     DFFQSRX1      18  93.3  1367   941     941    (-,-) 
  core/g121412/Z                         -       A->Z   R     BUFX1         13  75.8  1116   679    1620    (-,-) 
  core/g121400/Z                         -       A->Z   F     INVX2         29 164.9  1053   867    2487    (-,-) 
  core/g121092/Z                         -       A->Z   R     NOR2X1        19  83.1  1240   898    3385    (-,-) 
  core/g120912/Z                         -       A->Z   R     BUFX1         19  81.4  1196   727    4112    (-,-) 
  core/g120638/Z                         -       A->Z   F     NAND2X1        2  11.8   302   171    4282    (-,-) 
  core/g119783/Z                         -       B->Z   R     NAND3X1        1   6.8   215   198    4481    (-,-) 
  core/g119192/Z                         -       A->Z   R     AND2X1         1   7.2   134   126    4607    (-,-) 
  core/g118664/Z                         -       A->Z   F     NOR2X1         1   7.3   116   110    4716    (-,-) 
  core/g118472/Z                         -       A->Z   R     NAND3X1        1  12.8   272   172    4888    (-,-) 
  core/g117900/Z                         -       B->Z   R     XOR2X1         7  34.4   517   389    5277    (-,-) 
  core/g117848/Z                         -       A->Z   F     INVX2          7  33.9   287   240    5517    (-,-) 
  core/g117709__2398/Z                   -       B->Z   R     NOR2X1         5  23.9   384   296    5813    (-,-) 
  core/g117553__2802/Z                   -       B->Z   R     OR2X1          3  17.7   274   238    6051    (-,-) 
  core/g117405__2883/Z                   -       A->Z   F     NAND3X1        1   6.9   123    92    6143    (-,-) 
  core/g117102__5115/Z                   -       A->Z   R     NAND2X1        1   6.8   149   115    6258    (-,-) 
  core/g116964__9315/Z                   -       A->Z   F     NAND2X1        1   7.3   158    84    6342    (-,-) 
  core/g116848__6161/Z                   -       A->Z   R     NAND3X1        1   7.3   193   140    6482    (-,-) 
  core/g116792__6161/Z                   -       B->Z   F     NOR2X1         1  12.8   170   141    6622    (-,-) 
  core/g116756__5122/Z                   -       B->Z   F     XOR2X1         1   6.9    97   185    6807    (-,-) 
  core/g116719__6260/Z                   -       A->Z   R     NAND2X1        1   7.3   300   111    6918    (-,-) 
  core/g116709__9315/Z                   -       A->Z   F     NAND3X1        1   6.4   123    90    7008    (-,-) 
  core/csm_inst_right_reg_reg[8]/D       -       -      F     DFFQSRX1       1     -     -     0    7008    (-,-) 
#-----------------------------------------------------------------------------------------------------------------



Path 17: MET (536 ps) Setup Check with Pin core/csm_inst_right_reg_reg[2]/CLK->D
          Group: C2C
     Startpoint: (R) core/csm_inst_round_counter_reg[0]/CLK
          Clock: (R) clk
       Endpoint: (F) core/csm_inst_right_reg_reg[2]/D
          Clock: (R) clk

                     Capture       Launch     
        Clock Edge:+   10000            0     
       Src Latency:+       0            0     
       Net Latency:+       0 (I)        0 (I) 
           Arrival:=   10000            0     
                                              
             Setup:-     463                  
       Uncertainty:-    2000                  
     Required Time:=    7537                  
      Launch Clock:-       0                  
         Data Path:-    7001                  
             Slack:=     536                  

#-----------------------------------------------------------------------------------------------------------------
#             Timing Point               Flags    Arc   Edge   Cell     Fanout  Load Trans Delay Arrival Instance 
#                                                                               (fF)  (ps)  (ps)   (ps)  Location 
#-----------------------------------------------------------------------------------------------------------------
  core/csm_inst_round_counter_reg[0]/CLK -       -      R     (arrival)    536     -  2000     0       0    (-,-) 
  core/csm_inst_round_counter_reg[0]/Q   -       CLK->Q R     DFFQSRX1      18  93.3  1367   941     941    (-,-) 
  core/g121412/Z                         -       A->Z   R     BUFX1         13  75.8  1116   679    1620    (-,-) 
  core/g121400/Z                         -       A->Z   F     INVX2         29 164.9  1053   867    2487    (-,-) 
  core/g121092/Z                         -       A->Z   R     NOR2X1        19  83.1  1240   898    3385    (-,-) 
  core/g120912/Z                         -       A->Z   R     BUFX1         19  81.4  1196   727    4112    (-,-) 
  core/g120265/Z                         -       A->Z   F     NAND2X1        1   6.9   244   111    4223    (-,-) 
  core/g119919/Z                         -       A->Z   F     AND2X1         1   7.3    86   154    4377    (-,-) 
  core/g119773/Z                         -       A->Z   R     NAND3X1        1   6.8   204   112    4489    (-,-) 
  core/g119206/Z                         -       A->Z   F     NAND2X1        1   7.2   196    91    4580    (-,-) 
  core/g118655/Z                         -       B->Z   R     NAND3X1        1   7.3   192   172    4752    (-,-) 
  core/g118475/Z                         -       B->Z   F     NOR2X1         1  12.8   172   140    4893    (-,-) 
  core/g117898/Z                         -       B->Z   R     XOR2X1         7  41.3   617   424    5316    (-,-) 
  core/g117846/Z                         -       A->Z   F     INVX2          5  25.2   259   207    5523    (-,-) 
  core/g117710__5107/Z                   -       A->Z   R     NOR2X1         5  24.9   392   289    5812    (-,-) 
  core/g117643__2398/Z                   -       A->Z   R     AND2X1         3  16.0   250   204    6016    (-,-) 
  core/g117275__5115/Z                   -       A->Z   R     OR2X1          1   7.3   124   172    6187    (-,-) 
  core/g117227__2398/Z                   -       B->Z   R     OR2X1          1   6.8   118   127    6314    (-,-) 
  core/g116951__3680/Z                   -       A->Z   R     AND2X1         1   7.3   125   121    6435    (-,-) 
  core/g116820__6161/Z                   -       B->Z   F     NOR2X1         1   7.3   126    92    6527    (-,-) 
  core/g116781__1617/Z                   -       A->Z   R     NAND3X1        1  12.8   272   175    6702    (-,-) 
  core/g116742__7410/Z                   -       B->Z   F     XOR2X1         1   6.9   108    94    6796    (-,-) 
  core/g116691__8428/Z                   -       A->Z   R     NAND2X1        1   7.3   300   115    6911    (-,-) 
  core/g116671__8246/Z                   -       A->Z   F     NAND3X1        1   6.4   123    90    7001    (-,-) 
  core/csm_inst_right_reg_reg[2]/D       -       -      F     DFFQSRX1       1     -     -     0    7001    (-,-) 
#-----------------------------------------------------------------------------------------------------------------



Path 18: MET (548 ps) Setup Check with Pin core/csm_inst_right_reg_reg[5]/CLK->D
          Group: C2C
     Startpoint: (R) core/csm_inst_round_counter_reg[0]/CLK
          Clock: (R) clk
       Endpoint: (F) core/csm_inst_right_reg_reg[5]/D
          Clock: (R) clk

                     Capture       Launch     
        Clock Edge:+   10000            0     
       Src Latency:+       0            0     
       Net Latency:+       0 (I)        0 (I) 
           Arrival:=   10000            0     
                                              
             Setup:-     462                  
       Uncertainty:-    2000                  
     Required Time:=    7538                  
      Launch Clock:-       0                  
         Data Path:-    6991                  
             Slack:=     548                  

#-----------------------------------------------------------------------------------------------------------------
#             Timing Point               Flags    Arc   Edge   Cell     Fanout  Load Trans Delay Arrival Instance 
#                                                                               (fF)  (ps)  (ps)   (ps)  Location 
#-----------------------------------------------------------------------------------------------------------------
  core/csm_inst_round_counter_reg[0]/CLK -       -      R     (arrival)    536     -  2000     0       0    (-,-) 
  core/csm_inst_round_counter_reg[0]/Q   -       CLK->Q R     DFFQSRX1      18  93.3  1367   941     941    (-,-) 
  core/g121412/Z                         -       A->Z   R     BUFX1         13  75.8  1116   679    1620    (-,-) 
  core/g121400/Z                         -       A->Z   F     INVX2         29 164.9  1053   867    2487    (-,-) 
  core/g121092/Z                         -       A->Z   R     NOR2X1        19  83.1  1240   898    3385    (-,-) 
  core/g120912/Z                         -       A->Z   R     BUFX1         19  81.4  1196   727    4112    (-,-) 
  core/g120632/Z                         -       A->Z   F     NAND2X1        2  11.8   302   171    4282    (-,-) 
  core/g119293/Z                         -       B->Z   R     NAND3X1        1   7.3   211   203    4486    (-,-) 
  core/g118983/Z                         -       B->Z   F     NOR2X1         1   7.3   128   108    4593    (-,-) 
  core/g118528/Z                         -       B->Z   F     OR2X1          1   6.9    99   128    4721    (-,-) 
  core/g118492/Z                         -       A->Z   R     NAND2X1        1  12.8   231   157    4878    (-,-) 
  core/g117917/Z                         -       B->Z   R     XOR2X1         8  38.4   575   419    5297    (-,-) 
  core/g117865/Z                         -       A->Z   F     INVX2          8  39.7   328   274    5571    (-,-) 
  core/g117560__5115/Z                   -       B->Z   R     NOR2X1         4  19.8   335   275    5845    (-,-) 
  core/g117359__5115/Z                   -       A->Z   F     NAND2X1        4  19.9   237   191    6037    (-,-) 
  core/g116871__7098/Z                   -       B->Z   R     NAND2X1        1   6.8   165   163    6200    (-,-) 
  core/g116816__1881/Z                   -       A->Z   F     NAND2X1        1   7.3   124    87    6286    (-,-) 
  core/g116805__8428/Z                   -       A->Z   R     NAND3X1        1   7.3   193   129    6415    (-,-) 
  core/g116759__6131/Z                   -       B->Z   F     NOR2X1         1   7.3   119   106    6521    (-,-) 
  core/g116750__5526/Z                   -       A->Z   R     NAND3X1        1  12.8   272   173    6694    (-,-) 
  core/g116715__6417/Z                   -       B->Z   F     XOR2X1         1   6.9   108    94    6788    (-,-) 
  core/g116658__3680/Z                   -       A->Z   R     NAND2X1        1   7.3   276   115    6902    (-,-) 
  core/g116647__4319/Z                   -       A->Z   F     NAND3X1        1   6.4   119    88    6991    (-,-) 
  core/csm_inst_right_reg_reg[5]/D       -       -      F     DFFQSRX1       1     -     -     0    6991    (-,-) 
#-----------------------------------------------------------------------------------------------------------------



Path 19: MET (558 ps) Setup Check with Pin core/csm_inst_right_reg_reg[27]/CLK->D
          Group: C2C
     Startpoint: (R) core/csm_inst_round_counter_reg[0]/CLK
          Clock: (R) clk
       Endpoint: (F) core/csm_inst_right_reg_reg[27]/D
          Clock: (R) clk

                     Capture       Launch     
        Clock Edge:+   10000            0     
       Src Latency:+       0            0     
       Net Latency:+       0 (I)        0 (I) 
           Arrival:=   10000            0     
                                              
             Setup:-     463                  
       Uncertainty:-    2000                  
     Required Time:=    7537                  
      Launch Clock:-       0                  
         Data Path:-    6980                  
             Slack:=     558                  

#-----------------------------------------------------------------------------------------------------------------
#             Timing Point               Flags    Arc   Edge   Cell     Fanout  Load Trans Delay Arrival Instance 
#                                                                               (fF)  (ps)  (ps)   (ps)  Location 
#-----------------------------------------------------------------------------------------------------------------
  core/csm_inst_round_counter_reg[0]/CLK -       -      R     (arrival)    536     -  2000     0       0    (-,-) 
  core/csm_inst_round_counter_reg[0]/Q   -       CLK->Q R     DFFQSRX1      18  93.3  1367   941     941    (-,-) 
  core/g121412/Z                         -       A->Z   R     BUFX1         13  75.8  1116   679    1620    (-,-) 
  core/g121400/Z                         -       A->Z   F     INVX2         29 164.9  1053   867    2487    (-,-) 
  core/g121092/Z                         -       A->Z   R     NOR2X1        19  83.1  1240   898    3385    (-,-) 
  core/g120912/Z                         -       A->Z   R     BUFX1         19  81.4  1196   727    4112    (-,-) 
  core/g120632/Z                         -       A->Z   F     NAND2X1        2  11.8   302   171    4282    (-,-) 
  core/g119293/Z                         -       B->Z   R     NAND3X1        1   7.3   211   203    4486    (-,-) 
  core/g118983/Z                         -       B->Z   F     NOR2X1         1   7.3   128   108    4593    (-,-) 
  core/g118528/Z                         -       B->Z   F     OR2X1          1   6.9    99   128    4721    (-,-) 
  core/g118492/Z                         -       A->Z   R     NAND2X1        1  12.8   231   157    4878    (-,-) 
  core/g117917/Z                         -       B->Z   R     XOR2X1         8  38.4   575   419    5297    (-,-) 
  core/g117865/Z                         -       A->Z   F     INVX2          8  39.7   328   274    5571    (-,-) 
  core/g117560__5115/Z                   -       B->Z   R     NOR2X1         4  19.8   335   275    5845    (-,-) 
  core/g117324__2802/Z                   -       B->Z   F     NOR2X1         1   7.3   168   122    5968    (-,-) 
  core/g117121__3680/Z                   -       B->Z   F     OR2X1          1   7.2    88   138    6105    (-,-) 
  core/g116893__3680/Z                   -       B->Z   R     NAND3X1        1   7.7   198   140    6245    (-,-) 
  core/g116862/Z                         -       A->Z   F     INVX2          1   7.2    85    72    6317    (-,-) 
  core/g116784__5122/Z                   -       B->Z   R     NAND3X1        1   7.3   193   136    6453    (-,-) 
  core/g116769__1666/Z                   -       B->Z   F     NOR2X1         1  12.8   170   141    6594    (-,-) 
  core/g116738__9945/Z                   -       B->Z   F     XOR2X1         1   6.9    97   185    6778    (-,-) 
  core/g116686__5477/Z                   -       A->Z   R     NAND2X1        1   7.3   300   111    6890    (-,-) 
  core/g116683__1666/Z                   -       A->Z   F     NAND3X1        1   6.4   123    90    6980    (-,-) 
  core/csm_inst_right_reg_reg[27]/D      -       -      F     DFFQSRX1       1     -     -     0    6980    (-,-) 
#-----------------------------------------------------------------------------------------------------------------



Path 20: MET (564 ps) Setup Check with Pin core/csm_inst_right_reg_reg[17]/CLK->D
          Group: C2C
     Startpoint: (R) core/csm_inst_round_counter_reg[0]/CLK
          Clock: (R) clk
       Endpoint: (F) core/csm_inst_right_reg_reg[17]/D
          Clock: (R) clk

                     Capture       Launch     
        Clock Edge:+   10000            0     
       Src Latency:+       0            0     
       Net Latency:+       0 (I)        0 (I) 
           Arrival:=   10000            0     
                                              
             Setup:-     463                  
       Uncertainty:-    2000                  
     Required Time:=    7537                  
      Launch Clock:-       0                  
         Data Path:-    6974                  
             Slack:=     564                  

#-----------------------------------------------------------------------------------------------------------------
#             Timing Point               Flags    Arc   Edge   Cell     Fanout  Load Trans Delay Arrival Instance 
#                                                                               (fF)  (ps)  (ps)   (ps)  Location 
#-----------------------------------------------------------------------------------------------------------------
  core/csm_inst_round_counter_reg[0]/CLK -       -      R     (arrival)    536     -  2000     0       0    (-,-) 
  core/csm_inst_round_counter_reg[0]/Q   -       CLK->Q R     DFFQSRX1      18  93.3  1367   941     941    (-,-) 
  core/g121412/Z                         -       A->Z   R     BUFX1         13  75.8  1116   679    1620    (-,-) 
  core/g121400/Z                         -       A->Z   F     INVX2         29 164.9  1053   867    2487    (-,-) 
  core/g121092/Z                         -       A->Z   R     NOR2X1        19  83.1  1240   898    3385    (-,-) 
  core/g120912/Z                         -       A->Z   R     BUFX1         19  81.4  1196   727    4112    (-,-) 
  core/g120632/Z                         -       A->Z   F     NAND2X1        2  11.8   302   171    4282    (-,-) 
  core/g119293/Z                         -       B->Z   R     NAND3X1        1   7.3   211   203    4486    (-,-) 
  core/g118983/Z                         -       B->Z   F     NOR2X1         1   7.3   128   108    4593    (-,-) 
  core/g118528/Z                         -       B->Z   F     OR2X1          1   6.9    99   128    4721    (-,-) 
  core/g118492/Z                         -       A->Z   R     NAND2X1        1  12.8   231   157    4878    (-,-) 
  core/g117917/Z                         -       B->Z   R     XOR2X1         8  38.4   575   419    5297    (-,-) 
  core/g117865/Z                         -       A->Z   F     INVX2          8  39.7   328   274    5571    (-,-) 
  core/g117560__5115/Z                   -       B->Z   R     NOR2X1         4  19.8   335   275    5845    (-,-) 
  core/g117359__5115/Z                   -       A->Z   F     NAND2X1        4  19.9   237   191    6037    (-,-) 
  core/g117174__4319/Z                   -       A->Z   F     AND2X1         1   7.3    86   153    6190    (-,-) 
  core/g116977__5526/Z                   -       B->Z   F     OR2X1          1   7.2    88   121    6311    (-,-) 
  core/g116835__6783/Z                   -       B->Z   R     NAND3X1        1   7.3   192   137    6447    (-,-) 
  core/g116763__4733/Z                   -       B->Z   F     NOR2X1         1  12.8   170   140    6588    (-,-) 
  core/g116736__6161/Z                   -       B->Z   F     XOR2X1         1   6.9    97   184    6772    (-,-) 
  core/g116695__1617/Z                   -       A->Z   R     NAND2X1        1   7.3   300   111    6884    (-,-) 
  core/g116676__7482/Z                   -       A->Z   F     NAND3X1        1   6.4   123    90    6974    (-,-) 
  core/csm_inst_right_reg_reg[17]/D      -       -      F     DFFQSRX1       1     -     -     0    6974    (-,-) 
#-----------------------------------------------------------------------------------------------------------------



Path 21: MET (572 ps) Setup Check with Pin core/csm_inst_right_reg_reg[24]/CLK->D
          Group: C2C
     Startpoint: (R) core/csm_inst_round_counter_reg[0]/CLK
          Clock: (R) clk
       Endpoint: (F) core/csm_inst_right_reg_reg[24]/D
          Clock: (R) clk

                     Capture       Launch     
        Clock Edge:+   10000            0     
       Src Latency:+       0            0     
       Net Latency:+       0 (I)        0 (I) 
           Arrival:=   10000            0     
                                              
             Setup:-     460                  
       Uncertainty:-    2000                  
     Required Time:=    7540                  
      Launch Clock:-       0                  
         Data Path:-    6967                  
             Slack:=     572                  

#-----------------------------------------------------------------------------------------------------------------
#             Timing Point               Flags    Arc   Edge   Cell     Fanout  Load Trans Delay Arrival Instance 
#                                                                               (fF)  (ps)  (ps)   (ps)  Location 
#-----------------------------------------------------------------------------------------------------------------
  core/csm_inst_round_counter_reg[0]/CLK -       -      R     (arrival)    536     -  2000     0       0    (-,-) 
  core/csm_inst_round_counter_reg[0]/Q   -       CLK->Q R     DFFQSRX1      18  93.3  1367   941     941    (-,-) 
  core/g121412/Z                         -       A->Z   R     BUFX1         13  75.8  1116   679    1620    (-,-) 
  core/g121400/Z                         -       A->Z   F     INVX2         29 164.9  1053   867    2487    (-,-) 
  core/g121092/Z                         -       A->Z   R     NOR2X1        19  83.1  1240   898    3385    (-,-) 
  core/g120912/Z                         -       A->Z   R     BUFX1         19  81.4  1196   727    4112    (-,-) 
  core/g120637/Z                         -       A->Z   F     NAND2X1        2  11.8   302   171    4282    (-,-) 
  core/g119757/Z                         -       B->Z   R     NAND3X1        1   7.2   198   202    4485    (-,-) 
  core/g119021/Z                         -       A->Z   F     NOR2X1         1   7.3   128   124    4609    (-,-) 
  core/g118633/Z                         -       B->Z   F     OR2X1          1   6.9    99   128    4736    (-,-) 
  core/g118479/Z                         -       A->Z   R     NAND2X1        1  12.8   231   157    4894    (-,-) 
  core/g117899/Z                         -       B->Z   R     XOR2X1         8  39.1   585   425    5318    (-,-) 
  core/g117847/Z                         -       A->Z   F     INVX2          6  29.2   276   224    5543    (-,-) 
  core/g117754/Z                         -       A->Z   R     NOR2X1         3  16.0   277   219    5762    (-,-) 
  core/g117724/Z                         -       A->Z   F     INVX2          1   7.3    98    79    5840    (-,-) 
  core/g117561__7482/Z                   -       B->Z   F     OR2X1          4  21.2   214   205    6045    (-,-) 
  core/g117402__6161/Z                   -       B->Z   F     OR2X1          1   7.2    92   145    6190    (-,-) 
  core/g117211__8246/Z                   -       A->Z   F     OR2X1          1   7.2    89   134    6325    (-,-) 
  core/g116858__5107/Z                   -       B->Z   R     NAND3X1        1   7.2   191   136    6461    (-,-) 
  core/g116767__2883/Z                   -       A->Z   F     NOR2X1         1  12.8   170   156    6617    (-,-) 
  core/g116717__2398/Z                   -       B->Z   R     XOR2X1         1   7.3   133   144    6762    (-,-) 
  core/g116697__1705/Z                   -       B->Z   R     OR2X1          1   7.3   125   133    6894    (-,-) 
  core/g116681__2883/Z                   -       A->Z   F     NAND3X1        1   6.4   114    73    6967    (-,-) 
  core/csm_inst_right_reg_reg[24]/D      -       -      F     DFFQSRX1       1     -     -     0    6967    (-,-) 
#-----------------------------------------------------------------------------------------------------------------



Path 22: MET (575 ps) Setup Check with Pin core/csm_inst_right_reg_reg[29]/CLK->D
          Group: C2C
     Startpoint: (R) core/csm_inst_round_counter_reg[0]/CLK
          Clock: (R) clk
       Endpoint: (F) core/csm_inst_right_reg_reg[29]/D
          Clock: (R) clk

                     Capture       Launch     
        Clock Edge:+   10000            0     
       Src Latency:+       0            0     
       Net Latency:+       0 (I)        0 (I) 
           Arrival:=   10000            0     
                                              
             Setup:-     463                  
       Uncertainty:-    2000                  
     Required Time:=    7537                  
      Launch Clock:-       0                  
         Data Path:-    6962                  
             Slack:=     575                  

#-----------------------------------------------------------------------------------------------------------------
#             Timing Point               Flags    Arc   Edge   Cell     Fanout  Load Trans Delay Arrival Instance 
#                                                                               (fF)  (ps)  (ps)   (ps)  Location 
#-----------------------------------------------------------------------------------------------------------------
  core/csm_inst_round_counter_reg[0]/CLK -       -      R     (arrival)    536     -  2000     0       0    (-,-) 
  core/csm_inst_round_counter_reg[0]/Q   -       CLK->Q R     DFFQSRX1      18  93.3  1367   941     941    (-,-) 
  core/g121412/Z                         -       A->Z   R     BUFX1         13  75.8  1116   679    1620    (-,-) 
  core/g121400/Z                         -       A->Z   F     INVX2         29 164.9  1053   867    2487    (-,-) 
  core/g121092/Z                         -       A->Z   R     NOR2X1        19  83.1  1240   898    3385    (-,-) 
  core/g120912/Z                         -       A->Z   R     BUFX1         19  81.4  1196   727    4112    (-,-) 
  core/g120637/Z                         -       A->Z   F     NAND2X1        2  11.8   302   171    4282    (-,-) 
  core/g119757/Z                         -       B->Z   R     NAND3X1        1   7.2   198   202    4485    (-,-) 
  core/g119021/Z                         -       A->Z   F     NOR2X1         1   7.3   128   124    4609    (-,-) 
  core/g118633/Z                         -       B->Z   F     OR2X1          1   6.9    99   128    4736    (-,-) 
  core/g118479/Z                         -       A->Z   R     NAND2X1        1  12.8   231   157    4894    (-,-) 
  core/g117899/Z                         -       B->Z   R     XOR2X1         8  39.1   585   425    5318    (-,-) 
  core/g117847/Z                         -       A->Z   F     INVX2          6  29.2   276   224    5543    (-,-) 
  core/g117754/Z                         -       A->Z   R     NOR2X1         3  16.0   277   219    5762    (-,-) 
  core/g117724/Z                         -       A->Z   F     INVX2          1   7.3    98    79    5840    (-,-) 
  core/g117561__7482/Z                   -       B->Z   F     OR2X1          4  21.2   214   205    6045    (-,-) 
  core/g116990__4733/Z                   -       A->Z   R     NOR2X1         1   7.2   148   136    6181    (-,-) 
  core/g116868__1705/Z                   -       A->Z   F     NOR2X1         1   7.3   118   113    6294    (-,-) 
  core/g116813__8246/Z                   -       A->Z   R     NAND3X1        1   7.2   190   126    6420    (-,-) 
  core/g116809__1617/Z                   -       A->Z   F     NOR2X1         1  12.8   170   156    6576    (-,-) 
  core/g116758__7098/Z                   -       B->Z   F     XOR2X1         1   6.9    97   185    6761    (-,-) 
  core/g116722__5526/Z                   -       A->Z   R     NAND2X1        1   7.3   300   111    6872    (-,-) 
  core/g116705__5115/Z                   -       A->Z   F     NAND3X1        1   6.4   123    90    6962    (-,-) 
  core/csm_inst_right_reg_reg[29]/D      -       -      F     DFFQSRX1       1     -     -     0    6962    (-,-) 
#-----------------------------------------------------------------------------------------------------------------



Path 23: MET (581 ps) Setup Check with Pin core/csm_inst_right_reg_reg[4]/CLK->D
          Group: C2C
     Startpoint: (R) core/csm_inst_round_counter_reg[0]/CLK
          Clock: (R) clk
       Endpoint: (F) core/csm_inst_right_reg_reg[4]/D
          Clock: (R) clk

                     Capture       Launch     
        Clock Edge:+   10000            0     
       Src Latency:+       0            0     
       Net Latency:+       0 (I)        0 (I) 
           Arrival:=   10000            0     
                                              
             Setup:-     463                  
       Uncertainty:-    2000                  
     Required Time:=    7537                  
      Launch Clock:-       0                  
         Data Path:-    6956                  
             Slack:=     581                  

#-----------------------------------------------------------------------------------------------------------------
#             Timing Point               Flags    Arc   Edge   Cell     Fanout  Load Trans Delay Arrival Instance 
#                                                                               (fF)  (ps)  (ps)   (ps)  Location 
#-----------------------------------------------------------------------------------------------------------------
  core/csm_inst_round_counter_reg[0]/CLK -       -      R     (arrival)    536     -  2000     0       0    (-,-) 
  core/csm_inst_round_counter_reg[0]/Q   -       CLK->Q R     DFFQSRX1      18  93.3  1367   941     941    (-,-) 
  core/g121412/Z                         -       A->Z   R     BUFX1         13  75.8  1116   679    1620    (-,-) 
  core/g121400/Z                         -       A->Z   F     INVX2         29 164.9  1053   867    2487    (-,-) 
  core/g121092/Z                         -       A->Z   R     NOR2X1        19  83.1  1240   898    3385    (-,-) 
  core/g120912/Z                         -       A->Z   R     BUFX1         19  81.4  1196   727    4112    (-,-) 
  core/g120369/Z                         -       A->Z   F     NAND2X1        2  11.8   302   171    4282    (-,-) 
  core/g119750/Z                         -       B->Z   R     NAND3X1        1   6.8   193   198    4481    (-,-) 
  core/g119181/Z                         -       A->Z   F     NAND2X1        1   7.3   197    91    4572    (-,-) 
  core/g118524/Z                         -       A->Z   R     NAND3X1        1   7.3   192   151    4723    (-,-) 
  core/g118493/Z                         -       B->Z   F     NOR2X1         1  12.8   174   140    4863    (-,-) 
  core/g117912/Z                         -       B->Z   R     XOR2X1         8  46.6   694   468    5331    (-,-) 
  core/g117860/Z                         -       A->Z   F     INVX2          6  29.6   300   240    5570    (-,-) 
  core/g117697__5115/Z                   -       B->Z   R     NOR2X1         3  16.1   284   236    5806    (-,-) 
  core/g117519__4319/Z                   -       B->Z   F     NOR2X1         1   7.3   132   116    5922    (-,-) 
  core/g117291__8428/Z                   -       B->Z   F     OR2X1          1   6.9    90   128    6051    (-,-) 
  core/g117096__1705/Z                   -       A->Z   R     NAND2X1        1   6.8   149   105    6156    (-,-) 
  core/g116959__1881/Z                   -       A->Z   F     NAND2X1        1   7.3   152    84    6240    (-,-) 
  core/g116924__1617/Z                   -       A->Z   R     NAND3X1        1   7.3   193   138    6377    (-,-) 
  core/g116815__6131/Z                   -       B->Z   F     NOR2X1         1   7.3   126   106    6483    (-,-) 
  core/g116808__3680/Z                   -       A->Z   R     NAND3X1        1  12.8   272   175    6658    (-,-) 
  core/g116752__3680/Z                   -       B->Z   F     XOR2X1         1   6.9   108    94    6752    (-,-) 
  core/g116730__7098/Z                   -       A->Z   R     NAND2X1        1   7.3   300   115    6866    (-,-) 
  core/g116707__4733/Z                   -       A->Z   F     NAND3X1        1   6.4   123    90    6956    (-,-) 
  core/csm_inst_right_reg_reg[4]/D       -       -      F     DFFQSRX1       1     -     -     0    6956    (-,-) 
#-----------------------------------------------------------------------------------------------------------------



Path 24: MET (583 ps) Setup Check with Pin core/csm_inst_right_reg_reg[20]/CLK->D
          Group: C2C
     Startpoint: (R) core/csm_inst_round_counter_reg[0]/CLK
          Clock: (R) clk
       Endpoint: (F) core/csm_inst_right_reg_reg[20]/D
          Clock: (R) clk

                     Capture       Launch     
        Clock Edge:+   10000            0     
       Src Latency:+       0            0     
       Net Latency:+       0 (I)        0 (I) 
           Arrival:=   10000            0     
                                              
             Setup:-     463                  
       Uncertainty:-    2000                  
     Required Time:=    7537                  
      Launch Clock:-       0                  
         Data Path:-    6954                  
             Slack:=     583                  

#-----------------------------------------------------------------------------------------------------------------
#             Timing Point               Flags    Arc   Edge   Cell     Fanout  Load Trans Delay Arrival Instance 
#                                                                               (fF)  (ps)  (ps)   (ps)  Location 
#-----------------------------------------------------------------------------------------------------------------
  core/csm_inst_round_counter_reg[0]/CLK -       -      R     (arrival)    536     -  2000     0       0    (-,-) 
  core/csm_inst_round_counter_reg[0]/Q   -       CLK->Q R     DFFQSRX1      18  93.3  1367   941     941    (-,-) 
  core/g121412/Z                         -       A->Z   R     BUFX1         13  75.8  1116   679    1620    (-,-) 
  core/g121400/Z                         -       A->Z   F     INVX2         29 164.9  1053   867    2487    (-,-) 
  core/g121092/Z                         -       A->Z   R     NOR2X1        19  83.1  1240   898    3385    (-,-) 
  core/g120912/Z                         -       A->Z   R     BUFX1         19  81.4  1196   727    4112    (-,-) 
  core/g120239/Z                         -       A->Z   F     NAND2X1        1   6.9   244   111    4223    (-,-) 
  core/g119884/Z                         -       A->Z   R     NAND2X1        1   7.3   178   154    4377    (-,-) 
  core/g119733/Z                         -       B->Z   F     NOR2X1         1   7.2   122   102    4479    (-,-) 
  core/g119090/Z                         -       C->Z   R     NAND3X1        1   6.8   185   161    4640    (-,-) 
  core/g118512/Z                         -       A->Z   F     NAND2X1        1   7.3   250    90    4730    (-,-) 
  core/g121582/Z                         -       A->Z   R     NAND3X1        1   7.2   207   164    4894    (-,-) 
  core/g121581/Z                         -       A->Z   R     OR2X1          1  12.8   203   212    5106    (-,-) 
  core/g117914/Z                         -       B->Z   R     XOR2X1         7  34.9   524   388    5495    (-,-) 
  core/g117717__1617/Z                   -       B->Z   F     NOR2X1         7  33.9   395   340    5835    (-,-) 
  core/g117506__4733/Z                   -       A->Z   F     AND2X1         1   7.3    87   182    6016    (-,-) 
  core/g117274__1881/Z                   -       B->Z   F     OR2X1          1   7.3    88   122    6139    (-,-) 
  core/g117022__9315/Z                   -       A->Z   R     NAND3X1        1   7.3   223   117    6256    (-,-) 
  core/g116855__6417/Z                   -       A->Z   F     NAND3X1        1   7.3   117    91    6347    (-,-) 
  core/g116783__1705/Z                   -       B->Z   R     NOR2X1         1   7.3   143   113    6460    (-,-) 
  core/g116778__5526/Z                   -       A->Z   F     NAND3X1        1  12.8   150   111    6571    (-,-) 
  core/g116740__2346/Z                   -       B->Z   F     XOR2X1         1   6.9   108   178    6749    (-,-) 
  core/g116696__2802/Z                   -       A->Z   R     NAND2X1        1   7.3   300   115    6864    (-,-) 
  core/g116679__9315/Z                   -       A->Z   F     NAND3X1        1   6.4   123    90    6954    (-,-) 
  core/csm_inst_right_reg_reg[20]/D      -       -      F     DFFQSRX1       1     -     -     0    6954    (-,-) 
#-----------------------------------------------------------------------------------------------------------------



Path 25: MET (594 ps) Setup Check with Pin core/csm_inst_right_reg_reg[15]/CLK->D
          Group: C2C
     Startpoint: (R) core/csm_inst_round_counter_reg[0]/CLK
          Clock: (R) clk
       Endpoint: (F) core/csm_inst_right_reg_reg[15]/D
          Clock: (R) clk

                     Capture       Launch     
        Clock Edge:+   10000            0     
       Src Latency:+       0            0     
       Net Latency:+       0 (I)        0 (I) 
           Arrival:=   10000            0     
                                              
             Setup:-     463                  
       Uncertainty:-    2000                  
     Required Time:=    7537                  
      Launch Clock:-       0                  
         Data Path:-    6944                  
             Slack:=     594                  

#-----------------------------------------------------------------------------------------------------------------
#             Timing Point               Flags    Arc   Edge   Cell     Fanout  Load Trans Delay Arrival Instance 
#                                                                               (fF)  (ps)  (ps)   (ps)  Location 
#-----------------------------------------------------------------------------------------------------------------
  core/csm_inst_round_counter_reg[0]/CLK -       -      R     (arrival)    536     -  2000     0       0    (-,-) 
  core/csm_inst_round_counter_reg[0]/Q   -       CLK->Q R     DFFQSRX1      18  93.3  1367   941     941    (-,-) 
  core/g121412/Z                         -       A->Z   R     BUFX1         13  75.8  1116   679    1620    (-,-) 
  core/g121400/Z                         -       A->Z   F     INVX2         29 164.9  1053   867    2487    (-,-) 
  core/g121092/Z                         -       A->Z   R     NOR2X1        19  83.1  1240   898    3385    (-,-) 
  core/g120912/Z                         -       A->Z   R     BUFX1         19  81.4  1196   727    4112    (-,-) 
  core/g120369/Z                         -       A->Z   F     NAND2X1        2  11.8   302   171    4282    (-,-) 
  core/g119087/Z                         -       C->Z   R     NAND3X1        1   7.3   216   223    4506    (-,-) 
  core/g118520/Z                         -       B->Z   F     NOR2X1         1   7.3   126   108    4614    (-,-) 
  core/g118337/Z                         -       B->Z   R     NOR2X1         1   7.2   232   115    4729    (-,-) 
  core/g118102/Z                         -       A->Z   F     NOR2X1         1  12.8   180   165    4893    (-,-) 
  core/g117781/Z                         -       B->Z   R     XOR2X1        12  55.7   825   544    5437    (-,-) 
  core/g117738/Z                         -       A->Z   F     INVX2          1   6.9   165    99    5536    (-,-) 
  core/g117671__2398/Z                   -       A->Z   R     NAND2X1        4  21.1   361   247    5783    (-,-) 
  core/g117594/Z                         -       A->Z   F     INVX2          6  28.6   227   193    5976    (-,-) 
  core/g117381__6417/Z                   -       A->Z   R     NAND2X1        1   7.3   159   150    6126    (-,-) 
  core/g117231__8428/Z                   -       A->Z   F     NAND3X1        1   6.9   125    82    6207    (-,-) 
  core/g116948__8428/Z                   -       A->Z   R     NAND2X1        1   6.8   186   116    6323    (-,-) 
  core/g116879__9945/Z                   -       A->Z   R     AND2X1         1   7.2   123   125    6448    (-,-) 
  core/g116790__7482/Z                   -       C->Z   F     NAND3X1        1  12.8   145   114    6562    (-,-) 
  core/g116754__2802/Z                   -       B->Z   F     XOR2X1         1   6.9   108   177    6739    (-,-) 
  core/g116724__3680/Z                   -       A->Z   R     NAND2X1        1   7.3   300   115    6854    (-,-) 
  core/g116710__9945/Z                   -       A->Z   F     NAND3X1        1   6.4   123    90    6944    (-,-) 
  core/csm_inst_right_reg_reg[15]/D      -       -      F     DFFQSRX1       1     -     -     0    6944    (-,-) 
#-----------------------------------------------------------------------------------------------------------------



Path 26: MET (600 ps) Setup Check with Pin core/csm_inst_right_reg_reg[9]/CLK->D
          Group: C2C
     Startpoint: (R) core/csm_inst_round_counter_reg[0]/CLK
          Clock: (R) clk
       Endpoint: (F) core/csm_inst_right_reg_reg[9]/D
          Clock: (R) clk

                     Capture       Launch     
        Clock Edge:+   10000            0     
       Src Latency:+       0            0     
       Net Latency:+       0 (I)        0 (I) 
           Arrival:=   10000            0     
                                              
             Setup:-     463                  
       Uncertainty:-    2000                  
     Required Time:=    7537                  
      Launch Clock:-       0                  
         Data Path:-    6938                  
             Slack:=     600                  

#-----------------------------------------------------------------------------------------------------------------
#             Timing Point               Flags    Arc   Edge   Cell     Fanout  Load Trans Delay Arrival Instance 
#                                                                               (fF)  (ps)  (ps)   (ps)  Location 
#-----------------------------------------------------------------------------------------------------------------
  core/csm_inst_round_counter_reg[0]/CLK -       -      R     (arrival)    536     -  2000     0       0    (-,-) 
  core/csm_inst_round_counter_reg[0]/Q   -       CLK->Q R     DFFQSRX1      18  93.3  1367   941     941    (-,-) 
  core/g121412/Z                         -       A->Z   R     BUFX1         13  75.8  1116   679    1620    (-,-) 
  core/g121400/Z                         -       A->Z   F     INVX2         29 164.9  1053   867    2487    (-,-) 
  core/g121092/Z                         -       A->Z   R     NOR2X1        19  83.1  1240   898    3385    (-,-) 
  core/g120912/Z                         -       A->Z   R     BUFX1         19  81.4  1196   727    4112    (-,-) 
  core/g120369/Z                         -       A->Z   F     NAND2X1        2  11.8   302   171    4282    (-,-) 
  core/g119087/Z                         -       C->Z   R     NAND3X1        1   7.3   216   223    4506    (-,-) 
  core/g118520/Z                         -       B->Z   F     NOR2X1         1   7.3   126   108    4614    (-,-) 
  core/g118337/Z                         -       B->Z   R     NOR2X1         1   7.2   232   115    4729    (-,-) 
  core/g118102/Z                         -       A->Z   F     NOR2X1         1  12.8   180   165    4893    (-,-) 
  core/g117781/Z                         -       B->Z   R     XOR2X1        12  55.7   825   544    5437    (-,-) 
  core/g117738/Z                         -       A->Z   F     INVX2          1   6.9   165    99    5536    (-,-) 
  core/g117671__2398/Z                   -       A->Z   R     NAND2X1        4  21.1   361   247    5783    (-,-) 
  core/g117353__1705/Z                   -       B->Z   F     NOR2X1         2  11.5   274   159    5942    (-,-) 
  core/g117158__5115/Z                   -       B->Z   R     NOR2X1         1   7.3   170   151    6093    (-,-) 
  core/g117015__7098/Z                   -       B->Z   F     NOR2X1         1   7.3   216   101    6194    (-,-) 
  core/g116874__5115/Z                   -       B->Z   F     OR2X1          1   7.3    89   146    6340    (-,-) 
  core/g116821__9315/Z                   -       B->Z   R     NOR2X1         1   7.3   140   105    6446    (-,-) 
  core/g116773__2398/Z                   -       A->Z   F     NAND3X1        1  12.8   145   110    6556    (-,-) 
  core/g116743__6417/Z                   -       B->Z   F     XOR2X1         1   6.9   108   177    6733    (-,-) 
  core/g116692__5526/Z                   -       A->Z   R     NAND2X1        1   7.3   300   115    6848    (-,-) 
  core/g116672__7098/Z                   -       A->Z   F     NAND3X1        1   6.4   123    90    6938    (-,-) 
  core/csm_inst_right_reg_reg[9]/D       -       -      F     DFFQSRX1       1     -     -     0    6938    (-,-) 
#-----------------------------------------------------------------------------------------------------------------



Path 27: MET (602 ps) Setup Check with Pin core/csm_inst_right_reg_reg[11]/CLK->D
          Group: C2C
     Startpoint: (R) core/csm_inst_round_counter_reg[0]/CLK
          Clock: (R) clk
       Endpoint: (F) core/csm_inst_right_reg_reg[11]/D
          Clock: (R) clk

                     Capture       Launch     
        Clock Edge:+   10000            0     
       Src Latency:+       0            0     
       Net Latency:+       0 (I)        0 (I) 
           Arrival:=   10000            0     
                                              
             Setup:-     461                  
       Uncertainty:-    2000                  
     Required Time:=    7539                  
      Launch Clock:-       0                  
         Data Path:-    6937                  
             Slack:=     602                  

#-----------------------------------------------------------------------------------------------------------------
#             Timing Point               Flags    Arc   Edge   Cell     Fanout  Load Trans Delay Arrival Instance 
#                                                                               (fF)  (ps)  (ps)   (ps)  Location 
#-----------------------------------------------------------------------------------------------------------------
  core/csm_inst_round_counter_reg[0]/CLK -       -      R     (arrival)    536     -  2000     0       0    (-,-) 
  core/csm_inst_round_counter_reg[0]/Q   -       CLK->Q R     DFFQSRX1      18  93.3  1367   941     941    (-,-) 
  core/g121412/Z                         -       A->Z   R     BUFX1         13  75.8  1116   679    1620    (-,-) 
  core/g121400/Z                         -       A->Z   F     INVX2         29 164.9  1053   867    2487    (-,-) 
  core/g121092/Z                         -       A->Z   R     NOR2X1        19  83.1  1240   898    3385    (-,-) 
  core/g120912/Z                         -       A->Z   R     BUFX1         19  81.4  1196   727    4112    (-,-) 
  core/g120632/Z                         -       A->Z   F     NAND2X1        2  11.8   302   171    4282    (-,-) 
  core/g119293/Z                         -       B->Z   R     NAND3X1        1   7.3   211   203    4486    (-,-) 
  core/g118983/Z                         -       B->Z   F     NOR2X1         1   7.3   128   108    4593    (-,-) 
  core/g118528/Z                         -       B->Z   F     OR2X1          1   6.9    99   128    4721    (-,-) 
  core/g118492/Z                         -       A->Z   R     NAND2X1        1  12.8   231   157    4878    (-,-) 
  core/g117917/Z                         -       B->Z   R     XOR2X1         8  38.4   575   419    5297    (-,-) 
  core/g117865/Z                         -       A->Z   F     INVX2          8  39.7   328   274    5571    (-,-) 
  core/g117560__5115/Z                   -       B->Z   R     NOR2X1         4  19.8   335   275    5845    (-,-) 
  core/g117359__5115/Z                   -       A->Z   F     NAND2X1        4  19.9   237   191    6037    (-,-) 
  core/g117179__1617/Z                   -       A->Z   R     NAND2X1        1   6.8   152   147    6184    (-,-) 
  core/g117034__8428/Z                   -       A->Z   F     NAND2X1        1   7.2   127    84    6268    (-,-) 
  core/g116839__1705/Z                   -       B->Z   R     NAND3X1        1   7.3   192   150    6417    (-,-) 
  core/g116774__5107/Z                   -       B->Z   F     NOR2X1         1  12.8   166   140    6558    (-,-) 
  core/g116733__5115/Z                   -       B->Z   F     XOR2X1         1   6.9    97   183    6741    (-,-) 
  core/g116703__6131/Z                   -       A->Z   R     NAND2X1        1   6.8   268   107    6848    (-,-) 
  core/g116659__1617/Z                   -       A->Z   F     NAND2X1        1   6.4   116    90    6937    (-,-) 
  core/csm_inst_right_reg_reg[11]/D      -       -      F     DFFQSRX1       1     -     -     0    6937    (-,-) 
#-----------------------------------------------------------------------------------------------------------------



Path 28: MET (624 ps) Setup Check with Pin core/csm_inst_right_reg_reg[30]/CLK->D
          Group: C2C
     Startpoint: (R) core/csm_inst_round_counter_reg[0]/CLK
          Clock: (R) clk
       Endpoint: (F) core/csm_inst_right_reg_reg[30]/D
          Clock: (R) clk

                     Capture       Launch     
        Clock Edge:+   10000            0     
       Src Latency:+       0            0     
       Net Latency:+       0 (I)        0 (I) 
           Arrival:=   10000            0     
                                              
             Setup:-     463                  
       Uncertainty:-    2000                  
     Required Time:=    7537                  
      Launch Clock:-       0                  
         Data Path:-    6913                  
             Slack:=     624                  

#-----------------------------------------------------------------------------------------------------------------
#             Timing Point               Flags    Arc   Edge   Cell     Fanout  Load Trans Delay Arrival Instance 
#                                                                               (fF)  (ps)  (ps)   (ps)  Location 
#-----------------------------------------------------------------------------------------------------------------
  core/csm_inst_round_counter_reg[0]/CLK -       -      R     (arrival)    536     -  2000     0       0    (-,-) 
  core/csm_inst_round_counter_reg[0]/Q   -       CLK->Q R     DFFQSRX1      18  93.3  1367   941     941    (-,-) 
  core/g121412/Z                         -       A->Z   R     BUFX1         13  75.8  1116   679    1620    (-,-) 
  core/g121400/Z                         -       A->Z   F     INVX2         29 164.9  1053   867    2487    (-,-) 
  core/g121092/Z                         -       A->Z   R     NOR2X1        19  83.1  1240   898    3385    (-,-) 
  core/g120912/Z                         -       A->Z   R     BUFX1         19  81.4  1196   727    4112    (-,-) 
  core/g120369/Z                         -       A->Z   F     NAND2X1        2  11.8   302   171    4282    (-,-) 
  core/g119750/Z                         -       B->Z   R     NAND3X1        1   6.8   193   198    4481    (-,-) 
  core/g119181/Z                         -       A->Z   F     NAND2X1        1   7.3   197    91    4572    (-,-) 
  core/g118524/Z                         -       A->Z   R     NAND3X1        1   7.3   192   151    4723    (-,-) 
  core/g118493/Z                         -       B->Z   F     NOR2X1         1  12.8   174   140    4863    (-,-) 
  core/g117912/Z                         -       B->Z   R     XOR2X1         8  46.6   694   468    5331    (-,-) 
  core/g117860/Z                         -       A->Z   F     INVX2          6  29.6   300   240    5570    (-,-) 
  core/g117697__5115/Z                   -       B->Z   R     NOR2X1         3  16.1   284   236    5806    (-,-) 
  core/g117555__5122/Z                   -       B->Z   F     NOR2X1         2  12.4   187   153    5959    (-,-) 
  core/g117487/Z                         -       A->Z   R     INVX2          3  16.6   152   140    6099    (-,-) 
  core/g117453__6131/Z                   -       A->Z   F     NAND3X1        1   7.2   135    82    6181    (-,-) 
  core/g117050__9315/Z                   -       B->Z   R     NAND3X1        1   7.3   192   152    6334    (-,-) 
  core/g116869__5122/Z                   -       B->Z   F     NOR2X1         1   7.3   126   106    6439    (-,-) 
  core/g116861__8428/Z                   -       A->Z   R     NAND3X1        1  12.8   272   175    6614    (-,-) 
  core/g116772__5477/Z                   -       B->Z   F     XOR2X1         1   6.9   108    94    6708    (-,-) 
  core/g116746__5107/Z                   -       A->Z   R     NAND2X1        1   7.3   300   115    6823    (-,-) 
  core/g116725__1617/Z                   -       A->Z   F     NAND3X1        1   6.4   123    90    6913    (-,-) 
  core/csm_inst_right_reg_reg[30]/D      -       -      F     DFFQSRX1       1     -     -     0    6913    (-,-) 
#-----------------------------------------------------------------------------------------------------------------



Path 29: MET (650 ps) Setup Check with Pin core/csm_inst_right_reg_reg[16]/CLK->D
          Group: C2C
     Startpoint: (R) core/csm_inst_round_counter_reg[0]/CLK
          Clock: (R) clk
       Endpoint: (F) core/csm_inst_right_reg_reg[16]/D
          Clock: (R) clk

                     Capture       Launch     
        Clock Edge:+   10000            0     
       Src Latency:+       0            0     
       Net Latency:+       0 (I)        0 (I) 
           Arrival:=   10000            0     
                                              
             Setup:-     460                  
       Uncertainty:-    2000                  
     Required Time:=    7540                  
      Launch Clock:-       0                  
         Data Path:-    6890                  
             Slack:=     650                  

#-----------------------------------------------------------------------------------------------------------------
#             Timing Point               Flags    Arc   Edge   Cell     Fanout  Load Trans Delay Arrival Instance 
#                                                                               (fF)  (ps)  (ps)   (ps)  Location 
#-----------------------------------------------------------------------------------------------------------------
  core/csm_inst_round_counter_reg[0]/CLK -       -      R     (arrival)    536     -  2000     0       0    (-,-) 
  core/csm_inst_round_counter_reg[0]/Q   -       CLK->Q R     DFFQSRX1      18  93.3  1367   941     941    (-,-) 
  core/g121412/Z                         -       A->Z   R     BUFX1         13  75.8  1116   679    1620    (-,-) 
  core/g121400/Z                         -       A->Z   F     INVX2         29 164.9  1053   867    2487    (-,-) 
  core/g121092/Z                         -       A->Z   R     NOR2X1        19  83.1  1240   898    3385    (-,-) 
  core/g120912/Z                         -       A->Z   R     BUFX1         19  81.4  1196   727    4112    (-,-) 
  core/g120638/Z                         -       A->Z   F     NAND2X1        2  11.8   302   171    4282    (-,-) 
  core/g119783/Z                         -       B->Z   R     NAND3X1        1   6.8   215   198    4481    (-,-) 
  core/g119192/Z                         -       A->Z   R     AND2X1         1   7.2   134   126    4607    (-,-) 
  core/g118664/Z                         -       A->Z   F     NOR2X1         1   7.3   116   110    4716    (-,-) 
  core/g118472/Z                         -       A->Z   R     NAND3X1        1  12.8   272   172    4888    (-,-) 
  core/g117900/Z                         -       B->Z   R     XOR2X1         7  34.4   517   389    5277    (-,-) 
  core/g117848/Z                         -       A->Z   F     INVX2          7  33.9   287   240    5517    (-,-) 
  core/g117714__5526/Z                   -       B->Z   R     NOR2X1         5  24.7   394   302    5819    (-,-) 
  core/g117677/Z                         -       A->Z   F     INVX2          2  11.6   144   114    5933    (-,-) 
  core/g117249__2883/Z                   -       B->Z   R     NOR2X1         3  15.1   262   184    6117    (-,-) 
  core/g117025__2346/Z                   -       A->Z   F     NAND2X1        1   7.2   144    96    6213    (-,-) 
  core/g116853__1666/Z                   -       C->Z   R     NAND3X1        1   7.2   191   171    6384    (-,-) 
  core/g116791__4733/Z                   -       A->Z   F     NOR2X1         1  12.8   170   156    6540    (-,-) 
  core/g116745__2398/Z                   -       B->Z   R     XOR2X1         1   7.3   133   144    6684    (-,-) 
  core/g116720__4319/Z                   -       B->Z   R     OR2X1          1   7.3   125   133    6817    (-,-) 
  core/g116711__2883/Z                   -       A->Z   F     NAND3X1        1   6.4   114    73    6890    (-,-) 
  core/csm_inst_right_reg_reg[16]/D      -       -      F     DFFQSRX1       1     -     -     0    6890    (-,-) 
#-----------------------------------------------------------------------------------------------------------------



Path 30: MET (654 ps) Setup Check with Pin core/csm_inst_right_reg_reg[10]/CLK->D
          Group: C2C
     Startpoint: (R) core/csm_inst_round_counter_reg[0]/CLK
          Clock: (R) clk
       Endpoint: (F) core/csm_inst_right_reg_reg[10]/D
          Clock: (R) clk

                     Capture       Launch     
        Clock Edge:+   10000            0     
       Src Latency:+       0            0     
       Net Latency:+       0 (I)        0 (I) 
           Arrival:=   10000            0     
                                              
             Setup:-     463                  
       Uncertainty:-    2000                  
     Required Time:=    7537                  
      Launch Clock:-       0                  
         Data Path:-    6883                  
             Slack:=     654                  

#-----------------------------------------------------------------------------------------------------------------
#             Timing Point               Flags    Arc   Edge   Cell     Fanout  Load Trans Delay Arrival Instance 
#                                                                               (fF)  (ps)  (ps)   (ps)  Location 
#-----------------------------------------------------------------------------------------------------------------
  core/csm_inst_round_counter_reg[0]/CLK -       -      R     (arrival)    536     -  2000     0       0    (-,-) 
  core/csm_inst_round_counter_reg[0]/Q   -       CLK->Q R     DFFQSRX1      18  93.3  1367   941     941    (-,-) 
  core/g121412/Z                         -       A->Z   R     BUFX1         13  75.8  1116   679    1620    (-,-) 
  core/g121400/Z                         -       A->Z   F     INVX2         29 164.9  1053   867    2487    (-,-) 
  core/g121092/Z                         -       A->Z   R     NOR2X1        19  83.1  1240   898    3385    (-,-) 
  core/g120912/Z                         -       A->Z   R     BUFX1         19  81.4  1196   727    4112    (-,-) 
  core/g120239/Z                         -       A->Z   F     NAND2X1        1   6.9   244   111    4223    (-,-) 
  core/g119884/Z                         -       A->Z   R     NAND2X1        1   7.3   178   154    4377    (-,-) 
  core/g119733/Z                         -       B->Z   F     NOR2X1         1   7.2   122   102    4479    (-,-) 
  core/g119090/Z                         -       C->Z   R     NAND3X1        1   6.8   185   161    4640    (-,-) 
  core/g118512/Z                         -       A->Z   F     NAND2X1        1   7.3   250    90    4730    (-,-) 
  core/g121582/Z                         -       A->Z   R     NAND3X1        1   7.2   207   164    4894    (-,-) 
  core/g121581/Z                         -       A->Z   R     OR2X1          1  12.8   203   212    5106    (-,-) 
  core/g117914/Z                         -       B->Z   R     XOR2X1         7  34.9   524   388    5495    (-,-) 
  core/g117717__1617/Z                   -       B->Z   F     NOR2X1         7  33.9   395   340    5835    (-,-) 
  core/g117546__6260/Z                   -       A->Z   F     AND2X1         2  11.5   125   206    6041    (-,-) 
  core/g117103__7482/Z                   -       A->Z   R     NOR2X1         1   7.3   156   123    6164    (-,-) 
  core/g116996__1666/Z                   -       B->Z   F     NOR2X1         1   7.2   137    98    6261    (-,-) 
  core/g116850__9945/Z                   -       A->Z   R     NOR2X1         1   7.2   141   124    6385    (-,-) 
  core/g116761__5115/Z                   -       B->Z   F     NAND3X1        1  12.8   150   115    6500    (-,-) 
  core/g116739__2883/Z                   -       B->Z   F     XOR2X1         1   6.9   108   178    6679    (-,-) 
  core/g116693__6783/Z                   -       A->Z   R     NAND2X1        1   7.3   300   115    6793    (-,-) 
  core/g116673__6131/Z                   -       A->Z   F     NAND3X1        1   6.4   123    90    6883    (-,-) 
  core/csm_inst_right_reg_reg[10]/D      -       -      F     DFFQSRX1       1     -     -     0    6883    (-,-) 
#-----------------------------------------------------------------------------------------------------------------



Path 31: MET (667 ps) Setup Check with Pin core/csm_inst_right_reg_reg[13]/CLK->D
          Group: C2C
     Startpoint: (R) core/csm_inst_round_counter_reg[0]/CLK
          Clock: (R) clk
       Endpoint: (F) core/csm_inst_right_reg_reg[13]/D
          Clock: (R) clk

                     Capture       Launch     
        Clock Edge:+   10000            0     
       Src Latency:+       0            0     
       Net Latency:+       0 (I)        0 (I) 
           Arrival:=   10000            0     
                                              
             Setup:-     463                  
       Uncertainty:-    2000                  
     Required Time:=    7537                  
      Launch Clock:-       0                  
         Data Path:-    6870                  
             Slack:=     667                  

#-----------------------------------------------------------------------------------------------------------------
#             Timing Point               Flags    Arc   Edge   Cell     Fanout  Load Trans Delay Arrival Instance 
#                                                                               (fF)  (ps)  (ps)   (ps)  Location 
#-----------------------------------------------------------------------------------------------------------------
  core/csm_inst_round_counter_reg[0]/CLK -       -      R     (arrival)    536     -  2000     0       0    (-,-) 
  core/csm_inst_round_counter_reg[0]/Q   -       CLK->Q R     DFFQSRX1      18  93.3  1367   941     941    (-,-) 
  core/g121412/Z                         -       A->Z   R     BUFX1         13  75.8  1116   679    1620    (-,-) 
  core/g121400/Z                         -       A->Z   F     INVX2         29 164.9  1053   867    2487    (-,-) 
  core/g121092/Z                         -       A->Z   R     NOR2X1        19  83.1  1240   898    3385    (-,-) 
  core/g120912/Z                         -       A->Z   R     BUFX1         19  81.4  1196   727    4112    (-,-) 
  core/g120637/Z                         -       A->Z   F     NAND2X1        2  11.8   302   171    4282    (-,-) 
  core/g118990/Z                         -       B->Z   R     NAND3X1        1   7.3   199   203    4486    (-,-) 
  core/g118675/Z                         -       B->Z   R     OR2X1          1   6.8   117   136    4621    (-,-) 
  core/g118369/Z                         -       A->Z   F     NAND2X1        1   6.9   192    76    4697    (-,-) 
  core/g118126/Z                         -       A->Z   R     NAND2X1        1  12.8   231   187    4885    (-,-) 
  core/g117778/Z                         -       B->Z   R     XOR2X1         4  21.1   324   277    5162    (-,-) 
  core/g117579__3680/Z                   -       B->Z   F     NOR2X1         8  38.3   473   323    5484    (-,-) 
  core/g117480__7098/Z                   -       B->Z   R     NOR2X1         6  28.8   471   387    5871    (-,-) 
  core/g117250__2346/Z                   -       A->Z   F     NAND2X1        3  16.6   240   187    6058    (-,-) 
  core/g117031__5107/Z                   -       B->Z   F     OR2X1          1   7.2    90   149    6206    (-,-) 
  core/g116833__8428/Z                   -       B->Z   R     NAND3X1        1   7.3   193   137    6344    (-,-) 
  core/g116762__7482/Z                   -       B->Z   F     NOR2X1         1  12.8   170   141    6485    (-,-) 
  core/g116735__4733/Z                   -       B->Z   F     XOR2X1         1   6.9    97   184    6669    (-,-) 
  core/g116694__3680/Z                   -       A->Z   R     NAND2X1        1   7.3   300   111    6780    (-,-) 
  core/g116675__5115/Z                   -       A->Z   F     NAND3X1        1   6.4   123    90    6870    (-,-) 
  core/csm_inst_right_reg_reg[13]/D      -       -      F     DFFQSRX1       1     -     -     0    6870    (-,-) 
#-----------------------------------------------------------------------------------------------------------------



Path 32: MET (683 ps) Setup Check with Pin core/csm_inst_right_reg_reg[28]/CLK->D
          Group: C2C
     Startpoint: (R) core/csm_inst_round_counter_reg[0]/CLK
          Clock: (R) clk
       Endpoint: (F) core/csm_inst_right_reg_reg[28]/D
          Clock: (R) clk

                     Capture       Launch     
        Clock Edge:+   10000            0     
       Src Latency:+       0            0     
       Net Latency:+       0 (I)        0 (I) 
           Arrival:=   10000            0     
                                              
             Setup:-     463                  
       Uncertainty:-    2000                  
     Required Time:=    7537                  
      Launch Clock:-       0                  
         Data Path:-    6854                  
             Slack:=     683                  

#-----------------------------------------------------------------------------------------------------------------
#             Timing Point               Flags    Arc   Edge   Cell     Fanout  Load Trans Delay Arrival Instance 
#                                                                               (fF)  (ps)  (ps)   (ps)  Location 
#-----------------------------------------------------------------------------------------------------------------
  core/csm_inst_round_counter_reg[0]/CLK -       -      R     (arrival)    536     -  2000     0       0    (-,-) 
  core/csm_inst_round_counter_reg[0]/Q   -       CLK->Q R     DFFQSRX1      18  93.3  1367   941     941    (-,-) 
  core/g121412/Z                         -       A->Z   R     BUFX1         13  75.8  1116   679    1620    (-,-) 
  core/g121400/Z                         -       A->Z   F     INVX2         29 164.9  1053   867    2487    (-,-) 
  core/g121092/Z                         -       A->Z   R     NOR2X1        19  83.1  1240   898    3385    (-,-) 
  core/g120912/Z                         -       A->Z   R     BUFX1         19  81.4  1196   727    4112    (-,-) 
  core/g120169/Z                         -       A->Z   F     NAND2X1        1   7.2   248   116    4228    (-,-) 
  core/g119319/Z                         -       B->Z   R     NAND3X1        1   7.2   209   186    4414    (-,-) 
  core/g119075/Z                         -       A->Z   F     NOR2X1         1   7.3   130   126    4540    (-,-) 
  core/g118680/Z                         -       B->Z   F     OR2X1          1   7.3    96   131    4670    (-,-) 
  core/g118444/Z                         -       A->Z   R     NAND3X1        1   7.3   201   120    4790    (-,-) 
  core/g118127/Z                         -       B->Z   F     NOR2X1         1  12.8   172   142    4932    (-,-) 
  core/g117786/Z                         -       B->Z   R     XOR2X1        11  52.1   773   512    5444    (-,-) 
  core/g117567__2346/Z                   -       B->Z   F     NOR2X1         5  25.3   414   320    5764    (-,-) 
  core/g117243__5115/Z                   -       A->Z   R     NAND3X1        1   6.8   198   202    5965    (-,-) 
  core/g116986__6131/Z                   -       B->Z   F     NAND2X1        1   6.9   101    85    6050    (-,-) 
  core/g116892__6783/Z                   -       A->Z   R     NAND2X1        1   7.3   182   112    6163    (-,-) 
  core/g116842__7098/Z                   -       A->Z   F     NAND3X1        1   7.3   110    88    6250    (-,-) 
  core/g116797__1666/Z                   -       B->Z   R     NOR2X1         1   7.3   146   111    6361    (-,-) 
  core/g116779__6783/Z                   -       A->Z   F     NAND3X1        1  12.8   144   112    6473    (-,-) 
  core/g116731__6131/Z                   -       B->Z   F     XOR2X1         1   6.9   108   176    6649    (-,-) 
  core/g116685__6417/Z                   -       A->Z   R     NAND2X1        1   7.3   300   115    6764    (-,-) 
  core/g116684__7410/Z                   -       A->Z   F     NAND3X1        1   6.4   123    90    6854    (-,-) 
  core/csm_inst_right_reg_reg[28]/D      -       -      F     DFFQSRX1       1     -     -     0    6854    (-,-) 
#-----------------------------------------------------------------------------------------------------------------



Path 33: MET (3649 ps) Setup Check with Pin core/csm_inst_round_counter_reg[3]/CLK->D
          Group: C2C
     Startpoint: (R) core/csm_inst_round_counter_reg[0]/CLK
          Clock: (R) clk
       Endpoint: (F) core/csm_inst_round_counter_reg[3]/D
          Clock: (R) clk

                     Capture       Launch     
        Clock Edge:+   10000            0     
       Src Latency:+       0            0     
       Net Latency:+       0 (I)        0 (I) 
           Arrival:=   10000            0     
                                              
             Setup:-     462                  
       Uncertainty:-    2000                  
     Required Time:=    7538                  
      Launch Clock:-       0                  
         Data Path:-    3888                  
             Slack:=    3649                  

#-----------------------------------------------------------------------------------------------------------------
#             Timing Point               Flags    Arc   Edge   Cell     Fanout  Load Trans Delay Arrival Instance 
#                                                                               (fF)  (ps)  (ps)   (ps)  Location 
#-----------------------------------------------------------------------------------------------------------------
  core/csm_inst_round_counter_reg[0]/CLK -       -      R     (arrival)    536     -  2000     0       0    (-,-) 
  core/csm_inst_round_counter_reg[0]/Q   -       CLK->Q R     DFFQSRX1      18  93.3  1367   941     941    (-,-) 
  core/g121412/Z                         -       A->Z   R     BUFX1         13  75.8  1116   679    1620    (-,-) 
  core/g121400/Z                         -       A->Z   F     INVX2         29 164.9  1053   867    2487    (-,-) 
  core/g121092/Z                         -       A->Z   R     NOR2X1        19  83.1  1240   898    3385    (-,-) 
  core/g120913/Z                         -       A->Z   F     INVX2          2  11.9   252   149    3534    (-,-) 
  core/g120284/Z                         -       A->Z   F     OR2X1          1   7.3    90   155    3689    (-,-) 
  core/g119945/Z                         -       A->Z   R     NAND3X1        1   6.8   293   113    3802    (-,-) 
  core/g119602/Z                         -       B->Z   F     NAND2X1        1   6.4   122    86    3888    (-,-) 
  core/csm_inst_round_counter_reg[3]/D   -       -      F     DFFQSRX1       1     -     -     0    3888    (-,-) 
#-----------------------------------------------------------------------------------------------------------------



Path 34: MET (3957 ps) Setup Check with Pin core/csm_inst_left_reg_reg[30]/CLK->D
          Group: C2C
     Startpoint: (R) core/csm_inst_state_reg[1]/CLK
          Clock: (R) clk
       Endpoint: (F) core/csm_inst_left_reg_reg[30]/D
          Clock: (R) clk

                     Capture       Launch     
        Clock Edge:+   10000            0     
       Src Latency:+       0            0     
       Net Latency:+       0 (I)        0 (I) 
           Arrival:=   10000            0     
                                              
             Setup:-     463                  
       Uncertainty:-    2000                  
     Required Time:=    7537                  
      Launch Clock:-       0                  
         Data Path:-    3580                  
             Slack:=    3957                  

#-----------------------------------------------------------------------------------------------------------
#          Timing Point            Flags    Arc   Edge   Cell     Fanout  Load Trans Delay Arrival Instance 
#                                                                         (fF)  (ps)  (ps)   (ps)  Location 
#-----------------------------------------------------------------------------------------------------------
  core/csm_inst_state_reg[1]/CLK   -       -      R     (arrival)    536     -  2000     0       0    (-,-) 
  core/csm_inst_state_reg[1]/Q     -       CLK->Q R     DFFQSRX1       2  12.4   198   278     278    (-,-) 
  core/g121280/Z                   -       A->Z   F     INVX2          2  11.8   108    94     372    (-,-) 
  core/g121179/Z                   -       A->Z   R     NOR2X1         2  11.9   216   157     529    (-,-) 
  core/g121098/Z                   -       A->Z   F     INVX2          3  16.6   135   119     648    (-,-) 
  core/g121096/Z                   -       B->Z   R     NOR2X1        20  88.5  1286   772    1420    (-,-) 
  core/g120646/Z                   -       B->Z   F     NOR2X1        16  71.4   867   730    2150    (-,-) 
  core/drc_bufs121518/Z            -       A->Z   R     INVX2          2  11.5   229   218    2368    (-,-) 
  core/drc_bufs121515/Z            -       A->Z   F     INVX2         49 211.1  1226   790    3158    (-,-) 
  core/g119848/Z                   -       A->Z   R     NAND2X1        1   7.3   302   332    3490    (-,-) 
  core/g119761/Z                   -       A->Z   F     NAND3X1        1   6.4   123    90    3580    (-,-) 
  core/csm_inst_left_reg_reg[30]/D -       -      F     DFFQSRX1       1     -     -     0    3580    (-,-) 
#-----------------------------------------------------------------------------------------------------------



Path 35: MET (3957 ps) Setup Check with Pin core/csm_inst_left_reg_reg[29]/CLK->D
          Group: C2C
     Startpoint: (R) core/csm_inst_state_reg[1]/CLK
          Clock: (R) clk
       Endpoint: (F) core/csm_inst_left_reg_reg[29]/D
          Clock: (R) clk

                     Capture       Launch     
        Clock Edge:+   10000            0     
       Src Latency:+       0            0     
       Net Latency:+       0 (I)        0 (I) 
           Arrival:=   10000            0     
                                              
             Setup:-     463                  
       Uncertainty:-    2000                  
     Required Time:=    7537                  
      Launch Clock:-       0                  
         Data Path:-    3580                  
             Slack:=    3957                  

#-----------------------------------------------------------------------------------------------------------
#          Timing Point            Flags    Arc   Edge   Cell     Fanout  Load Trans Delay Arrival Instance 
#                                                                         (fF)  (ps)  (ps)   (ps)  Location 
#-----------------------------------------------------------------------------------------------------------
  core/csm_inst_state_reg[1]/CLK   -       -      R     (arrival)    536     -  2000     0       0    (-,-) 
  core/csm_inst_state_reg[1]/Q     -       CLK->Q R     DFFQSRX1       2  12.4   198   278     278    (-,-) 
  core/g121280/Z                   -       A->Z   F     INVX2          2  11.8   108    94     372    (-,-) 
  core/g121179/Z                   -       A->Z   R     NOR2X1         2  11.9   216   157     529    (-,-) 
  core/g121098/Z                   -       A->Z   F     INVX2          3  16.6   135   119     648    (-,-) 
  core/g121096/Z                   -       B->Z   R     NOR2X1        20  88.5  1286   772    1420    (-,-) 
  core/g120646/Z                   -       B->Z   F     NOR2X1        16  71.4   867   730    2150    (-,-) 
  core/drc_bufs121518/Z            -       A->Z   R     INVX2          2  11.5   229   218    2368    (-,-) 
  core/drc_bufs121515/Z            -       A->Z   F     INVX2         49 211.1  1226   790    3158    (-,-) 
  core/g119869/Z                   -       A->Z   R     NAND2X1        1   7.3   302   332    3490    (-,-) 
  core/g119784/Z                   -       A->Z   F     NAND3X1        1   6.4   123    90    3580    (-,-) 
  core/csm_inst_left_reg_reg[29]/D -       -      F     DFFQSRX1       1     -     -     0    3580    (-,-) 
#-----------------------------------------------------------------------------------------------------------



Path 36: MET (3957 ps) Setup Check with Pin core/csm_inst_left_reg_reg[28]/CLK->D
          Group: C2C
     Startpoint: (R) core/csm_inst_state_reg[1]/CLK
          Clock: (R) clk
       Endpoint: (F) core/csm_inst_left_reg_reg[28]/D
          Clock: (R) clk

                     Capture       Launch     
        Clock Edge:+   10000            0     
       Src Latency:+       0            0     
       Net Latency:+       0 (I)        0 (I) 
           Arrival:=   10000            0     
                                              
             Setup:-     463                  
       Uncertainty:-    2000                  
     Required Time:=    7537                  
      Launch Clock:-       0                  
         Data Path:-    3580                  
             Slack:=    3957                  

#-----------------------------------------------------------------------------------------------------------
#          Timing Point            Flags    Arc   Edge   Cell     Fanout  Load Trans Delay Arrival Instance 
#                                                                         (fF)  (ps)  (ps)   (ps)  Location 
#-----------------------------------------------------------------------------------------------------------
  core/csm_inst_state_reg[1]/CLK   -       -      R     (arrival)    536     -  2000     0       0    (-,-) 
  core/csm_inst_state_reg[1]/Q     -       CLK->Q R     DFFQSRX1       2  12.4   198   278     278    (-,-) 
  core/g121280/Z                   -       A->Z   F     INVX2          2  11.8   108    94     372    (-,-) 
  core/g121179/Z                   -       A->Z   R     NOR2X1         2  11.9   216   157     529    (-,-) 
  core/g121098/Z                   -       A->Z   F     INVX2          3  16.6   135   119     648    (-,-) 
  core/g121096/Z                   -       B->Z   R     NOR2X1        20  88.5  1286   772    1420    (-,-) 
  core/g120646/Z                   -       B->Z   F     NOR2X1        16  71.4   867   730    2150    (-,-) 
  core/drc_bufs121518/Z            -       A->Z   R     INVX2          2  11.5   229   218    2368    (-,-) 
  core/drc_bufs121515/Z            -       A->Z   F     INVX2         49 211.1  1226   790    3158    (-,-) 
  core/g119838/Z                   -       A->Z   R     NAND2X1        1   7.3   302   332    3490    (-,-) 
  core/g119740/Z                   -       A->Z   F     NAND3X1        1   6.4   123    90    3580    (-,-) 
  core/csm_inst_left_reg_reg[28]/D -       -      F     DFFQSRX1       1     -     -     0    3580    (-,-) 
#-----------------------------------------------------------------------------------------------------------



Path 37: MET (3957 ps) Setup Check with Pin core/csm_inst_left_reg_reg[27]/CLK->D
          Group: C2C
     Startpoint: (R) core/csm_inst_state_reg[1]/CLK
          Clock: (R) clk
       Endpoint: (F) core/csm_inst_left_reg_reg[27]/D
          Clock: (R) clk

                     Capture       Launch     
        Clock Edge:+   10000            0     
       Src Latency:+       0            0     
       Net Latency:+       0 (I)        0 (I) 
           Arrival:=   10000            0     
                                              
             Setup:-     463                  
       Uncertainty:-    2000                  
     Required Time:=    7537                  
      Launch Clock:-       0                  
         Data Path:-    3580                  
             Slack:=    3957                  

#-----------------------------------------------------------------------------------------------------------
#          Timing Point            Flags    Arc   Edge   Cell     Fanout  Load Trans Delay Arrival Instance 
#                                                                         (fF)  (ps)  (ps)   (ps)  Location 
#-----------------------------------------------------------------------------------------------------------
  core/csm_inst_state_reg[1]/CLK   -       -      R     (arrival)    536     -  2000     0       0    (-,-) 
  core/csm_inst_state_reg[1]/Q     -       CLK->Q R     DFFQSRX1       2  12.4   198   278     278    (-,-) 
  core/g121280/Z                   -       A->Z   F     INVX2          2  11.8   108    94     372    (-,-) 
  core/g121179/Z                   -       A->Z   R     NOR2X1         2  11.9   216   157     529    (-,-) 
  core/g121098/Z                   -       A->Z   F     INVX2          3  16.6   135   119     648    (-,-) 
  core/g121096/Z                   -       B->Z   R     NOR2X1        20  88.5  1286   772    1420    (-,-) 
  core/g120646/Z                   -       B->Z   F     NOR2X1        16  71.4   867   730    2150    (-,-) 
  core/drc_bufs121518/Z            -       A->Z   R     INVX2          2  11.5   229   218    2368    (-,-) 
  core/drc_bufs121515/Z            -       A->Z   F     INVX2         49 211.1  1226   790    3158    (-,-) 
  core/g119832/Z                   -       A->Z   R     NAND2X1        1   7.3   302   332    3490    (-,-) 
  core/g119768/Z                   -       A->Z   F     NAND3X1        1   6.4   123    90    3580    (-,-) 
  core/csm_inst_left_reg_reg[27]/D -       -      F     DFFQSRX1       1     -     -     0    3580    (-,-) 
#-----------------------------------------------------------------------------------------------------------



Path 38: MET (3957 ps) Setup Check with Pin core/csm_inst_left_reg_reg[26]/CLK->D
          Group: C2C
     Startpoint: (R) core/csm_inst_state_reg[1]/CLK
          Clock: (R) clk
       Endpoint: (F) core/csm_inst_left_reg_reg[26]/D
          Clock: (R) clk

                     Capture       Launch     
        Clock Edge:+   10000            0     
       Src Latency:+       0            0     
       Net Latency:+       0 (I)        0 (I) 
           Arrival:=   10000            0     
                                              
             Setup:-     463                  
       Uncertainty:-    2000                  
     Required Time:=    7537                  
      Launch Clock:-       0                  
         Data Path:-    3580                  
             Slack:=    3957                  

#-----------------------------------------------------------------------------------------------------------
#          Timing Point            Flags    Arc   Edge   Cell     Fanout  Load Trans Delay Arrival Instance 
#                                                                         (fF)  (ps)  (ps)   (ps)  Location 
#-----------------------------------------------------------------------------------------------------------
  core/csm_inst_state_reg[1]/CLK   -       -      R     (arrival)    536     -  2000     0       0    (-,-) 
  core/csm_inst_state_reg[1]/Q     -       CLK->Q R     DFFQSRX1       2  12.4   198   278     278    (-,-) 
  core/g121280/Z                   -       A->Z   F     INVX2          2  11.8   108    94     372    (-,-) 
  core/g121179/Z                   -       A->Z   R     NOR2X1         2  11.9   216   157     529    (-,-) 
  core/g121098/Z                   -       A->Z   F     INVX2          3  16.6   135   119     648    (-,-) 
  core/g121096/Z                   -       B->Z   R     NOR2X1        20  88.5  1286   772    1420    (-,-) 
  core/g120646/Z                   -       B->Z   F     NOR2X1        16  71.4   867   730    2150    (-,-) 
  core/drc_bufs121518/Z            -       A->Z   R     INVX2          2  11.5   229   218    2368    (-,-) 
  core/drc_bufs121515/Z            -       A->Z   F     INVX2         49 211.1  1226   790    3158    (-,-) 
  core/g119821/Z                   -       A->Z   R     NAND2X1        1   7.3   302   332    3490    (-,-) 
  core/g119737/Z                   -       A->Z   F     NAND3X1        1   6.4   123    90    3580    (-,-) 
  core/csm_inst_left_reg_reg[26]/D -       -      F     DFFQSRX1       1     -     -     0    3580    (-,-) 
#-----------------------------------------------------------------------------------------------------------



Path 39: MET (3957 ps) Setup Check with Pin core/csm_inst_left_reg_reg[25]/CLK->D
          Group: C2C
     Startpoint: (R) core/csm_inst_state_reg[1]/CLK
          Clock: (R) clk
       Endpoint: (F) core/csm_inst_left_reg_reg[25]/D
          Clock: (R) clk

                     Capture       Launch     
        Clock Edge:+   10000            0     
       Src Latency:+       0            0     
       Net Latency:+       0 (I)        0 (I) 
           Arrival:=   10000            0     
                                              
             Setup:-     463                  
       Uncertainty:-    2000                  
     Required Time:=    7537                  
      Launch Clock:-       0                  
         Data Path:-    3580                  
             Slack:=    3957                  

#-----------------------------------------------------------------------------------------------------------
#          Timing Point            Flags    Arc   Edge   Cell     Fanout  Load Trans Delay Arrival Instance 
#                                                                         (fF)  (ps)  (ps)   (ps)  Location 
#-----------------------------------------------------------------------------------------------------------
  core/csm_inst_state_reg[1]/CLK   -       -      R     (arrival)    536     -  2000     0       0    (-,-) 
  core/csm_inst_state_reg[1]/Q     -       CLK->Q R     DFFQSRX1       2  12.4   198   278     278    (-,-) 
  core/g121280/Z                   -       A->Z   F     INVX2          2  11.8   108    94     372    (-,-) 
  core/g121179/Z                   -       A->Z   R     NOR2X1         2  11.9   216   157     529    (-,-) 
  core/g121098/Z                   -       A->Z   F     INVX2          3  16.6   135   119     648    (-,-) 
  core/g121096/Z                   -       B->Z   R     NOR2X1        20  88.5  1286   772    1420    (-,-) 
  core/g120646/Z                   -       B->Z   F     NOR2X1        16  71.4   867   730    2150    (-,-) 
  core/drc_bufs121518/Z            -       A->Z   R     INVX2          2  11.5   229   218    2368    (-,-) 
  core/drc_bufs121515/Z            -       A->Z   F     INVX2         49 211.1  1226   790    3158    (-,-) 
  core/g119820/Z                   -       A->Z   R     NAND2X1        1   7.3   302   332    3490    (-,-) 
  core/g119734/Z                   -       A->Z   F     NAND3X1        1   6.4   123    90    3580    (-,-) 
  core/csm_inst_left_reg_reg[25]/D -       -      F     DFFQSRX1       1     -     -     0    3580    (-,-) 
#-----------------------------------------------------------------------------------------------------------



Path 40: MET (3957 ps) Setup Check with Pin core/csm_inst_left_reg_reg[24]/CLK->D
          Group: C2C
     Startpoint: (R) core/csm_inst_state_reg[1]/CLK
          Clock: (R) clk
       Endpoint: (F) core/csm_inst_left_reg_reg[24]/D
          Clock: (R) clk

                     Capture       Launch     
        Clock Edge:+   10000            0     
       Src Latency:+       0            0     
       Net Latency:+       0 (I)        0 (I) 
           Arrival:=   10000            0     
                                              
             Setup:-     463                  
       Uncertainty:-    2000                  
     Required Time:=    7537                  
      Launch Clock:-       0                  
         Data Path:-    3580                  
             Slack:=    3957                  

#-----------------------------------------------------------------------------------------------------------
#          Timing Point            Flags    Arc   Edge   Cell     Fanout  Load Trans Delay Arrival Instance 
#                                                                         (fF)  (ps)  (ps)   (ps)  Location 
#-----------------------------------------------------------------------------------------------------------
  core/csm_inst_state_reg[1]/CLK   -       -      R     (arrival)    536     -  2000     0       0    (-,-) 
  core/csm_inst_state_reg[1]/Q     -       CLK->Q R     DFFQSRX1       2  12.4   198   278     278    (-,-) 
  core/g121280/Z                   -       A->Z   F     INVX2          2  11.8   108    94     372    (-,-) 
  core/g121179/Z                   -       A->Z   R     NOR2X1         2  11.9   216   157     529    (-,-) 
  core/g121098/Z                   -       A->Z   F     INVX2          3  16.6   135   119     648    (-,-) 
  core/g121096/Z                   -       B->Z   R     NOR2X1        20  88.5  1286   772    1420    (-,-) 
  core/g120646/Z                   -       B->Z   F     NOR2X1        16  71.4   867   730    2150    (-,-) 
  core/drc_bufs121518/Z            -       A->Z   R     INVX2          2  11.5   229   218    2368    (-,-) 
  core/drc_bufs121515/Z            -       A->Z   F     INVX2         49 211.1  1226   790    3158    (-,-) 
  core/g119830/Z                   -       A->Z   R     NAND2X1        1   7.3   302   332    3490    (-,-) 
  core/g119730/Z                   -       A->Z   F     NAND3X1        1   6.4   123    90    3580    (-,-) 
  core/csm_inst_left_reg_reg[24]/D -       -      F     DFFQSRX1       1     -     -     0    3580    (-,-) 
#-----------------------------------------------------------------------------------------------------------



Path 41: MET (3957 ps) Setup Check with Pin core/csm_inst_left_reg_reg[23]/CLK->D
          Group: C2C
     Startpoint: (R) core/csm_inst_state_reg[1]/CLK
          Clock: (R) clk
       Endpoint: (F) core/csm_inst_left_reg_reg[23]/D
          Clock: (R) clk

                     Capture       Launch     
        Clock Edge:+   10000            0     
       Src Latency:+       0            0     
       Net Latency:+       0 (I)        0 (I) 
           Arrival:=   10000            0     
                                              
             Setup:-     463                  
       Uncertainty:-    2000                  
     Required Time:=    7537                  
      Launch Clock:-       0                  
         Data Path:-    3580                  
             Slack:=    3957                  

#-----------------------------------------------------------------------------------------------------------
#          Timing Point            Flags    Arc   Edge   Cell     Fanout  Load Trans Delay Arrival Instance 
#                                                                         (fF)  (ps)  (ps)   (ps)  Location 
#-----------------------------------------------------------------------------------------------------------
  core/csm_inst_state_reg[1]/CLK   -       -      R     (arrival)    536     -  2000     0       0    (-,-) 
  core/csm_inst_state_reg[1]/Q     -       CLK->Q R     DFFQSRX1       2  12.4   198   278     278    (-,-) 
  core/g121280/Z                   -       A->Z   F     INVX2          2  11.8   108    94     372    (-,-) 
  core/g121179/Z                   -       A->Z   R     NOR2X1         2  11.9   216   157     529    (-,-) 
  core/g121098/Z                   -       A->Z   F     INVX2          3  16.6   135   119     648    (-,-) 
  core/g121096/Z                   -       B->Z   R     NOR2X1        20  88.5  1286   772    1420    (-,-) 
  core/g120646/Z                   -       B->Z   F     NOR2X1        16  71.4   867   730    2150    (-,-) 
  core/drc_bufs121518/Z            -       A->Z   R     INVX2          2  11.5   229   218    2368    (-,-) 
  core/drc_bufs121515/Z            -       A->Z   F     INVX2         49 211.1  1226   790    3158    (-,-) 
  core/g119818/Z                   -       A->Z   R     NAND2X1        1   7.3   302   332    3490    (-,-) 
  core/g119725/Z                   -       A->Z   F     NAND3X1        1   6.4   123    90    3580    (-,-) 
  core/csm_inst_left_reg_reg[23]/D -       -      F     DFFQSRX1       1     -     -     0    3580    (-,-) 
#-----------------------------------------------------------------------------------------------------------



Path 42: MET (3957 ps) Setup Check with Pin core/csm_inst_left_reg_reg[22]/CLK->D
          Group: C2C
     Startpoint: (R) core/csm_inst_state_reg[1]/CLK
          Clock: (R) clk
       Endpoint: (F) core/csm_inst_left_reg_reg[22]/D
          Clock: (R) clk

                     Capture       Launch     
        Clock Edge:+   10000            0     
       Src Latency:+       0            0     
       Net Latency:+       0 (I)        0 (I) 
           Arrival:=   10000            0     
                                              
             Setup:-     463                  
       Uncertainty:-    2000                  
     Required Time:=    7537                  
      Launch Clock:-       0                  
         Data Path:-    3580                  
             Slack:=    3957                  

#-----------------------------------------------------------------------------------------------------------
#          Timing Point            Flags    Arc   Edge   Cell     Fanout  Load Trans Delay Arrival Instance 
#                                                                         (fF)  (ps)  (ps)   (ps)  Location 
#-----------------------------------------------------------------------------------------------------------
  core/csm_inst_state_reg[1]/CLK   -       -      R     (arrival)    536     -  2000     0       0    (-,-) 
  core/csm_inst_state_reg[1]/Q     -       CLK->Q R     DFFQSRX1       2  12.4   198   278     278    (-,-) 
  core/g121280/Z                   -       A->Z   F     INVX2          2  11.8   108    94     372    (-,-) 
  core/g121179/Z                   -       A->Z   R     NOR2X1         2  11.9   216   157     529    (-,-) 
  core/g121098/Z                   -       A->Z   F     INVX2          3  16.6   135   119     648    (-,-) 
  core/g121096/Z                   -       B->Z   R     NOR2X1        20  88.5  1286   772    1420    (-,-) 
  core/g120646/Z                   -       B->Z   F     NOR2X1        16  71.4   867   730    2150    (-,-) 
  core/drc_bufs121518/Z            -       A->Z   R     INVX2          2  11.5   229   218    2368    (-,-) 
  core/drc_bufs121515/Z            -       A->Z   F     INVX2         49 211.1  1226   790    3158    (-,-) 
  core/g119874/Z                   -       A->Z   R     NAND2X1        1   7.3   302   332    3490    (-,-) 
  core/g119729/Z                   -       A->Z   F     NAND3X1        1   6.4   123    90    3580    (-,-) 
  core/csm_inst_left_reg_reg[22]/D -       -      F     DFFQSRX1       1     -     -     0    3580    (-,-) 
#-----------------------------------------------------------------------------------------------------------



Path 43: MET (3957 ps) Setup Check with Pin core/csm_inst_left_reg_reg[19]/CLK->D
          Group: C2C
     Startpoint: (R) core/csm_inst_state_reg[1]/CLK
          Clock: (R) clk
       Endpoint: (F) core/csm_inst_left_reg_reg[19]/D
          Clock: (R) clk

                     Capture       Launch     
        Clock Edge:+   10000            0     
       Src Latency:+       0            0     
       Net Latency:+       0 (I)        0 (I) 
           Arrival:=   10000            0     
                                              
             Setup:-     463                  
       Uncertainty:-    2000                  
     Required Time:=    7537                  
      Launch Clock:-       0                  
         Data Path:-    3580                  
             Slack:=    3957                  

#-----------------------------------------------------------------------------------------------------------
#          Timing Point            Flags    Arc   Edge   Cell     Fanout  Load Trans Delay Arrival Instance 
#                                                                         (fF)  (ps)  (ps)   (ps)  Location 
#-----------------------------------------------------------------------------------------------------------
  core/csm_inst_state_reg[1]/CLK   -       -      R     (arrival)    536     -  2000     0       0    (-,-) 
  core/csm_inst_state_reg[1]/Q     -       CLK->Q R     DFFQSRX1       2  12.4   198   278     278    (-,-) 
  core/g121280/Z                   -       A->Z   F     INVX2          2  11.8   108    94     372    (-,-) 
  core/g121179/Z                   -       A->Z   R     NOR2X1         2  11.9   216   157     529    (-,-) 
  core/g121098/Z                   -       A->Z   F     INVX2          3  16.6   135   119     648    (-,-) 
  core/g121096/Z                   -       B->Z   R     NOR2X1        20  88.5  1286   772    1420    (-,-) 
  core/g120646/Z                   -       B->Z   F     NOR2X1        16  71.4   867   730    2150    (-,-) 
  core/drc_bufs121518/Z            -       A->Z   R     INVX2          2  11.5   229   218    2368    (-,-) 
  core/drc_bufs121515/Z            -       A->Z   F     INVX2         49 211.1  1226   790    3158    (-,-) 
  core/g119857/Z                   -       A->Z   R     NAND2X1        1   7.3   302   332    3490    (-,-) 
  core/g119774/Z                   -       A->Z   F     NAND3X1        1   6.4   123    90    3580    (-,-) 
  core/csm_inst_left_reg_reg[19]/D -       -      F     DFFQSRX1       1     -     -     0    3580    (-,-) 
#-----------------------------------------------------------------------------------------------------------



Path 44: MET (3957 ps) Setup Check with Pin core/csm_inst_left_reg_reg[18]/CLK->D
          Group: C2C
     Startpoint: (R) core/csm_inst_state_reg[1]/CLK
          Clock: (R) clk
       Endpoint: (F) core/csm_inst_left_reg_reg[18]/D
          Clock: (R) clk

                     Capture       Launch     
        Clock Edge:+   10000            0     
       Src Latency:+       0            0     
       Net Latency:+       0 (I)        0 (I) 
           Arrival:=   10000            0     
                                              
             Setup:-     463                  
       Uncertainty:-    2000                  
     Required Time:=    7537                  
      Launch Clock:-       0                  
         Data Path:-    3580                  
             Slack:=    3957                  

#-----------------------------------------------------------------------------------------------------------
#          Timing Point            Flags    Arc   Edge   Cell     Fanout  Load Trans Delay Arrival Instance 
#                                                                         (fF)  (ps)  (ps)   (ps)  Location 
#-----------------------------------------------------------------------------------------------------------
  core/csm_inst_state_reg[1]/CLK   -       -      R     (arrival)    536     -  2000     0       0    (-,-) 
  core/csm_inst_state_reg[1]/Q     -       CLK->Q R     DFFQSRX1       2  12.4   198   278     278    (-,-) 
  core/g121280/Z                   -       A->Z   F     INVX2          2  11.8   108    94     372    (-,-) 
  core/g121179/Z                   -       A->Z   R     NOR2X1         2  11.9   216   157     529    (-,-) 
  core/g121098/Z                   -       A->Z   F     INVX2          3  16.6   135   119     648    (-,-) 
  core/g121096/Z                   -       B->Z   R     NOR2X1        20  88.5  1286   772    1420    (-,-) 
  core/g120646/Z                   -       B->Z   F     NOR2X1        16  71.4   867   730    2150    (-,-) 
  core/drc_bufs121518/Z            -       A->Z   R     INVX2          2  11.5   229   218    2368    (-,-) 
  core/drc_bufs121515/Z            -       A->Z   F     INVX2         49 211.1  1226   790    3158    (-,-) 
  core/g119852/Z                   -       A->Z   R     NAND2X1        1   7.3   302   332    3490    (-,-) 
  core/g119767/Z                   -       A->Z   F     NAND3X1        1   6.4   123    90    3580    (-,-) 
  core/csm_inst_left_reg_reg[18]/D -       -      F     DFFQSRX1       1     -     -     0    3580    (-,-) 
#-----------------------------------------------------------------------------------------------------------



Path 45: MET (3957 ps) Setup Check with Pin core/csm_inst_left_reg_reg[17]/CLK->D
          Group: C2C
     Startpoint: (R) core/csm_inst_state_reg[1]/CLK
          Clock: (R) clk
       Endpoint: (F) core/csm_inst_left_reg_reg[17]/D
          Clock: (R) clk

                     Capture       Launch     
        Clock Edge:+   10000            0     
       Src Latency:+       0            0     
       Net Latency:+       0 (I)        0 (I) 
           Arrival:=   10000            0     
                                              
             Setup:-     463                  
       Uncertainty:-    2000                  
     Required Time:=    7537                  
      Launch Clock:-       0                  
         Data Path:-    3580                  
             Slack:=    3957                  

#-----------------------------------------------------------------------------------------------------------
#          Timing Point            Flags    Arc   Edge   Cell     Fanout  Load Trans Delay Arrival Instance 
#                                                                         (fF)  (ps)  (ps)   (ps)  Location 
#-----------------------------------------------------------------------------------------------------------
  core/csm_inst_state_reg[1]/CLK   -       -      R     (arrival)    536     -  2000     0       0    (-,-) 
  core/csm_inst_state_reg[1]/Q     -       CLK->Q R     DFFQSRX1       2  12.4   198   278     278    (-,-) 
  core/g121280/Z                   -       A->Z   F     INVX2          2  11.8   108    94     372    (-,-) 
  core/g121179/Z                   -       A->Z   R     NOR2X1         2  11.9   216   157     529    (-,-) 
  core/g121098/Z                   -       A->Z   F     INVX2          3  16.6   135   119     648    (-,-) 
  core/g121096/Z                   -       B->Z   R     NOR2X1        20  88.5  1286   772    1420    (-,-) 
  core/g120646/Z                   -       B->Z   F     NOR2X1        16  71.4   867   730    2150    (-,-) 
  core/drc_bufs121518/Z            -       A->Z   R     INVX2          2  11.5   229   218    2368    (-,-) 
  core/drc_bufs121515/Z            -       A->Z   F     INVX2         49 211.1  1226   790    3158    (-,-) 
  core/g119845/Z                   -       A->Z   R     NAND2X1        1   7.3   302   332    3490    (-,-) 
  core/g119763/Z                   -       A->Z   F     NAND3X1        1   6.4   123    90    3580    (-,-) 
  core/csm_inst_left_reg_reg[17]/D -       -      F     DFFQSRX1       1     -     -     0    3580    (-,-) 
#-----------------------------------------------------------------------------------------------------------



Path 46: MET (3957 ps) Setup Check with Pin core/csm_inst_left_reg_reg[16]/CLK->D
          Group: C2C
     Startpoint: (R) core/csm_inst_state_reg[1]/CLK
          Clock: (R) clk
       Endpoint: (F) core/csm_inst_left_reg_reg[16]/D
          Clock: (R) clk

                     Capture       Launch     
        Clock Edge:+   10000            0     
       Src Latency:+       0            0     
       Net Latency:+       0 (I)        0 (I) 
           Arrival:=   10000            0     
                                              
             Setup:-     463                  
       Uncertainty:-    2000                  
     Required Time:=    7537                  
      Launch Clock:-       0                  
         Data Path:-    3580                  
             Slack:=    3957                  

#-----------------------------------------------------------------------------------------------------------
#          Timing Point            Flags    Arc   Edge   Cell     Fanout  Load Trans Delay Arrival Instance 
#                                                                         (fF)  (ps)  (ps)   (ps)  Location 
#-----------------------------------------------------------------------------------------------------------
  core/csm_inst_state_reg[1]/CLK   -       -      R     (arrival)    536     -  2000     0       0    (-,-) 
  core/csm_inst_state_reg[1]/Q     -       CLK->Q R     DFFQSRX1       2  12.4   198   278     278    (-,-) 
  core/g121280/Z                   -       A->Z   F     INVX2          2  11.8   108    94     372    (-,-) 
  core/g121179/Z                   -       A->Z   R     NOR2X1         2  11.9   216   157     529    (-,-) 
  core/g121098/Z                   -       A->Z   F     INVX2          3  16.6   135   119     648    (-,-) 
  core/g121096/Z                   -       B->Z   R     NOR2X1        20  88.5  1286   772    1420    (-,-) 
  core/g120646/Z                   -       B->Z   F     NOR2X1        16  71.4   867   730    2150    (-,-) 
  core/drc_bufs121518/Z            -       A->Z   R     INVX2          2  11.5   229   218    2368    (-,-) 
  core/drc_bufs121515/Z            -       A->Z   F     INVX2         49 211.1  1226   790    3158    (-,-) 
  core/g119835/Z                   -       A->Z   R     NAND2X1        1   7.3   302   332    3490    (-,-) 
  core/g119760/Z                   -       A->Z   F     NAND3X1        1   6.4   123    90    3580    (-,-) 
  core/csm_inst_left_reg_reg[16]/D -       -      F     DFFQSRX1       1     -     -     0    3580    (-,-) 
#-----------------------------------------------------------------------------------------------------------



Path 47: MET (3957 ps) Setup Check with Pin core/csm_inst_left_reg_reg[14]/CLK->D
          Group: C2C
     Startpoint: (R) core/csm_inst_state_reg[1]/CLK
          Clock: (R) clk
       Endpoint: (F) core/csm_inst_left_reg_reg[14]/D
          Clock: (R) clk

                     Capture       Launch     
        Clock Edge:+   10000            0     
       Src Latency:+       0            0     
       Net Latency:+       0 (I)        0 (I) 
           Arrival:=   10000            0     
                                              
             Setup:-     463                  
       Uncertainty:-    2000                  
     Required Time:=    7537                  
      Launch Clock:-       0                  
         Data Path:-    3580                  
             Slack:=    3957                  

#-----------------------------------------------------------------------------------------------------------
#          Timing Point            Flags    Arc   Edge   Cell     Fanout  Load Trans Delay Arrival Instance 
#                                                                         (fF)  (ps)  (ps)   (ps)  Location 
#-----------------------------------------------------------------------------------------------------------
  core/csm_inst_state_reg[1]/CLK   -       -      R     (arrival)    536     -  2000     0       0    (-,-) 
  core/csm_inst_state_reg[1]/Q     -       CLK->Q R     DFFQSRX1       2  12.4   198   278     278    (-,-) 
  core/g121280/Z                   -       A->Z   F     INVX2          2  11.8   108    94     372    (-,-) 
  core/g121179/Z                   -       A->Z   R     NOR2X1         2  11.9   216   157     529    (-,-) 
  core/g121098/Z                   -       A->Z   F     INVX2          3  16.6   135   119     648    (-,-) 
  core/g121096/Z                   -       B->Z   R     NOR2X1        20  88.5  1286   772    1420    (-,-) 
  core/g120646/Z                   -       B->Z   F     NOR2X1        16  71.4   867   730    2150    (-,-) 
  core/drc_bufs121518/Z            -       A->Z   R     INVX2          2  11.5   229   218    2368    (-,-) 
  core/drc_bufs121515/Z            -       A->Z   F     INVX2         49 211.1  1226   790    3158    (-,-) 
  core/g119837/Z                   -       A->Z   R     NAND2X1        1   7.3   302   332    3490    (-,-) 
  core/g119748/Z                   -       A->Z   F     NAND3X1        1   6.4   123    90    3580    (-,-) 
  core/csm_inst_left_reg_reg[14]/D -       -      F     DFFQSRX1       1     -     -     0    3580    (-,-) 
#-----------------------------------------------------------------------------------------------------------



Path 48: MET (3957 ps) Setup Check with Pin core/csm_inst_left_reg_reg[13]/CLK->D
          Group: C2C
     Startpoint: (R) core/csm_inst_state_reg[1]/CLK
          Clock: (R) clk
       Endpoint: (F) core/csm_inst_left_reg_reg[13]/D
          Clock: (R) clk

                     Capture       Launch     
        Clock Edge:+   10000            0     
       Src Latency:+       0            0     
       Net Latency:+       0 (I)        0 (I) 
           Arrival:=   10000            0     
                                              
             Setup:-     463                  
       Uncertainty:-    2000                  
     Required Time:=    7537                  
      Launch Clock:-       0                  
         Data Path:-    3580                  
             Slack:=    3957                  

#-----------------------------------------------------------------------------------------------------------
#          Timing Point            Flags    Arc   Edge   Cell     Fanout  Load Trans Delay Arrival Instance 
#                                                                         (fF)  (ps)  (ps)   (ps)  Location 
#-----------------------------------------------------------------------------------------------------------
  core/csm_inst_state_reg[1]/CLK   -       -      R     (arrival)    536     -  2000     0       0    (-,-) 
  core/csm_inst_state_reg[1]/Q     -       CLK->Q R     DFFQSRX1       2  12.4   198   278     278    (-,-) 
  core/g121280/Z                   -       A->Z   F     INVX2          2  11.8   108    94     372    (-,-) 
  core/g121179/Z                   -       A->Z   R     NOR2X1         2  11.9   216   157     529    (-,-) 
  core/g121098/Z                   -       A->Z   F     INVX2          3  16.6   135   119     648    (-,-) 
  core/g121096/Z                   -       B->Z   R     NOR2X1        20  88.5  1286   772    1420    (-,-) 
  core/g120646/Z                   -       B->Z   F     NOR2X1        16  71.4   867   730    2150    (-,-) 
  core/drc_bufs121518/Z            -       A->Z   R     INVX2          2  11.5   229   218    2368    (-,-) 
  core/drc_bufs121515/Z            -       A->Z   F     INVX2         49 211.1  1226   790    3158    (-,-) 
  core/g119847/Z                   -       A->Z   R     NAND2X1        1   7.3   302   332    3490    (-,-) 
  core/g119728/Z                   -       A->Z   F     NAND3X1        1   6.4   123    90    3580    (-,-) 
  core/csm_inst_left_reg_reg[13]/D -       -      F     DFFQSRX1       1     -     -     0    3580    (-,-) 
#-----------------------------------------------------------------------------------------------------------



Path 49: MET (3957 ps) Setup Check with Pin core/csm_inst_left_reg_reg[11]/CLK->D
          Group: C2C
     Startpoint: (R) core/csm_inst_state_reg[1]/CLK
          Clock: (R) clk
       Endpoint: (F) core/csm_inst_left_reg_reg[11]/D
          Clock: (R) clk

                     Capture       Launch     
        Clock Edge:+   10000            0     
       Src Latency:+       0            0     
       Net Latency:+       0 (I)        0 (I) 
           Arrival:=   10000            0     
                                              
             Setup:-     463                  
       Uncertainty:-    2000                  
     Required Time:=    7537                  
      Launch Clock:-       0                  
         Data Path:-    3580                  
             Slack:=    3957                  

#-----------------------------------------------------------------------------------------------------------
#          Timing Point            Flags    Arc   Edge   Cell     Fanout  Load Trans Delay Arrival Instance 
#                                                                         (fF)  (ps)  (ps)   (ps)  Location 
#-----------------------------------------------------------------------------------------------------------
  core/csm_inst_state_reg[1]/CLK   -       -      R     (arrival)    536     -  2000     0       0    (-,-) 
  core/csm_inst_state_reg[1]/Q     -       CLK->Q R     DFFQSRX1       2  12.4   198   278     278    (-,-) 
  core/g121280/Z                   -       A->Z   F     INVX2          2  11.8   108    94     372    (-,-) 
  core/g121179/Z                   -       A->Z   R     NOR2X1         2  11.9   216   157     529    (-,-) 
  core/g121098/Z                   -       A->Z   F     INVX2          3  16.6   135   119     648    (-,-) 
  core/g121096/Z                   -       B->Z   R     NOR2X1        20  88.5  1286   772    1420    (-,-) 
  core/g120646/Z                   -       B->Z   F     NOR2X1        16  71.4   867   730    2150    (-,-) 
  core/drc_bufs121518/Z            -       A->Z   R     INVX2          2  11.5   229   218    2368    (-,-) 
  core/drc_bufs121515/Z            -       A->Z   F     INVX2         49 211.1  1226   790    3158    (-,-) 
  core/g119823/Z                   -       A->Z   R     NAND2X1        1   7.3   302   332    3490    (-,-) 
  core/g119762/Z                   -       A->Z   F     NAND3X1        1   6.4   123    90    3580    (-,-) 
  core/csm_inst_left_reg_reg[11]/D -       -      F     DFFQSRX1       1     -     -     0    3580    (-,-) 
#-----------------------------------------------------------------------------------------------------------



Path 50: MET (3957 ps) Setup Check with Pin core/csm_inst_left_reg_reg[10]/CLK->D
          Group: C2C
     Startpoint: (R) core/csm_inst_state_reg[1]/CLK
          Clock: (R) clk
       Endpoint: (F) core/csm_inst_left_reg_reg[10]/D
          Clock: (R) clk

                     Capture       Launch     
        Clock Edge:+   10000            0     
       Src Latency:+       0            0     
       Net Latency:+       0 (I)        0 (I) 
           Arrival:=   10000            0     
                                              
             Setup:-     463                  
       Uncertainty:-    2000                  
     Required Time:=    7537                  
      Launch Clock:-       0                  
         Data Path:-    3580                  
             Slack:=    3957                  

#-----------------------------------------------------------------------------------------------------------
#          Timing Point            Flags    Arc   Edge   Cell     Fanout  Load Trans Delay Arrival Instance 
#                                                                         (fF)  (ps)  (ps)   (ps)  Location 
#-----------------------------------------------------------------------------------------------------------
  core/csm_inst_state_reg[1]/CLK   -       -      R     (arrival)    536     -  2000     0       0    (-,-) 
  core/csm_inst_state_reg[1]/Q     -       CLK->Q R     DFFQSRX1       2  12.4   198   278     278    (-,-) 
  core/g121280/Z                   -       A->Z   F     INVX2          2  11.8   108    94     372    (-,-) 
  core/g121179/Z                   -       A->Z   R     NOR2X1         2  11.9   216   157     529    (-,-) 
  core/g121098/Z                   -       A->Z   F     INVX2          3  16.6   135   119     648    (-,-) 
  core/g121096/Z                   -       B->Z   R     NOR2X1        20  88.5  1286   772    1420    (-,-) 
  core/g120646/Z                   -       B->Z   F     NOR2X1        16  71.4   867   730    2150    (-,-) 
  core/drc_bufs121518/Z            -       A->Z   R     INVX2          2  11.5   229   218    2368    (-,-) 
  core/drc_bufs121515/Z            -       A->Z   F     INVX2         49 211.1  1226   790    3158    (-,-) 
  core/g119859/Z                   -       A->Z   R     NAND2X1        1   7.3   302   332    3490    (-,-) 
  core/g119736/Z                   -       A->Z   F     NAND3X1        1   6.4   123    90    3580    (-,-) 
  core/csm_inst_left_reg_reg[10]/D -       -      F     DFFQSRX1       1     -     -     0    3580    (-,-) 
#-----------------------------------------------------------------------------------------------------------

