============================================================
  Generated by:           Genus(TM) Synthesis Solution 21.15-s080_1
  Generated on:           Nov 30 2025  08:32:14 pm
  Module:                 top_pad
  Operating conditions:   PVT_1P8V_25C 
  Interconnect mode:      global
  Area mode:              timing library
============================================================


Path 1: MET (3617 ps) Setup Check with Pin core/csm_inst_right_reg_reg[5]/clk->d
          Group: C2C
     Startpoint: (R) core/csm_inst_round_counter_reg[3]/clk
          Clock: (R) clk
       Endpoint: (R) core/csm_inst_right_reg_reg[5]/d
          Clock: (R) clk

                     Capture       Launch     
        Clock Edge:+   10000            0     
       Src Latency:+       0            0     
       Net Latency:+       0 (I)        0 (I) 
           Arrival:=   10000            0     
                                              
             Setup:-      75                  
       Uncertainty:-    2000                  
     Required Time:=    7925                  
      Launch Clock:-       0                  
         Data Path:-    4307                  
             Slack:=    3617                  

#--------------------------------------------------------------------------------------------------------------------------
#             Timing Point               Flags    Arc    Edge       Cell         Fanout  Load Trans Delay Arrival Instance 
#                                                                                        (fF)  (ps)  (ps)   (ps)  Location 
#--------------------------------------------------------------------------------------------------------------------------
  core/csm_inst_round_counter_reg[3]/clk -       -       R     (arrival)            536     -  2000     0       0    (-,-) 
  core/csm_inst_round_counter_reg[3]/q   (u)     clk->q  R     unmapped_d_flop      122 488.0     0   552     552    (-,-) 
  core/g55475/z                          (u)     in_0->z R     unmapped_complex2      3  12.0     0   189     742    (-,-) 
  core/g21030/z                          (u)     in_1->z F     unmapped_nand2         4  16.0     0   211     953    (-,-) 
  core/g77581/z                          (u)     in_1->z R     unmapped_nand2         1   4.0     0   122    1075    (-,-) 
  core/g77146/z                          (u)     in_1->z F     unmapped_nand2         2   8.0     0   166    1241    (-,-) 
  core/g66493/z                          (u)     in_1->z R     unmapped_complex2      1   4.0     0   122    1364    (-,-) 
  core/g75869/z                          (u)     in_1->z F     unmapped_nand2         1   4.0     0   122    1486    (-,-) 
  core/g75556/z                          (u)     in_0->z F     unmapped_complex2      1   4.0     0   122    1608    (-,-) 
  core/g75427/z                          (u)     in_1->z F     unmapped_or2           1   4.0     0   122    1730    (-,-) 
  core/g75366/z                          (u)     in_0->z R     unmapped_nand2         1   4.0     0   122    1852    (-,-) 
  core/g78964/z                          (u)     in_0->z F     unmapped_complex2      2   8.0     0   166    2018    (-,-) 
  core/g75170/z                          (u)     in_0->z R     unmapped_nand2         1   4.0     0   122    2140    (-,-) 
  core/g75171/z                          (u)     in_1->z F     unmapped_nand2        13  52.0     0   271    2411    (-,-) 
  core/g6911/z                           (u)     in_0->z R     unmapped_nand2         7  28.0     0   240    2652    (-,-) 
  core/g74913/z                          (u)     in_1->z F     unmapped_nand2         5  20.0     0   224    2876    (-,-) 
  core/g74520/z                          (u)     in_1->z F     unmapped_or2           2   8.0     0   166    3042    (-,-) 
  core/g74478/z                          (u)     in_1->z R     unmapped_nand2         1   4.0     0   122    3164    (-,-) 
  core/g79207/z                          (u)     in_0->z F     unmapped_complex2      1   4.0     0   122    3286    (-,-) 
  core/g74187/z                          (u)     in_1->z F     unmapped_complex2      1   4.0     0   122    3408    (-,-) 
  core/g79253/z                          (u)     in_0->z R     unmapped_complex2      1   4.0     0   122    3530    (-,-) 
  core/g74102/z                          (u)     in_1->z R     unmapped_complex2      1   4.0     0   122    3652    (-,-) 
  core/g74057/z                          (u)     in_1->z R     unmapped_or2           2   8.0     0   166    3818    (-,-) 
  core/g74003/z                          (u)     in_1->z F     unmapped_complex2      1   4.0     0   122    3941    (-,-) 
  core/g74004/z                          (u)     in_1->z R     unmapped_nand2         1   4.0     0   122    4063    (-,-) 
  core/g79293/z                          (u)     in_0->z F     unmapped_complex2      1   4.0     0   122    4185    (-,-) 
  core/g73955/z                          (u)     in_1->z R     unmapped_complex2      1   4.0     0   122    4307    (-,-) 
  core/csm_inst_right_reg_reg[5]/d       -       -       R     unmapped_d_flop        1     -     -     0    4307    (-,-) 
#--------------------------------------------------------------------------------------------------------------------------

(u) : Net has unmapped pin(s).



Path 2: MET (3671 ps) Setup Check with Pin core/csm_inst_right_reg_reg[21]/clk->d
          Group: C2C
     Startpoint: (R) core/csm_inst_round_counter_reg[0]/clk
          Clock: (R) clk
       Endpoint: (R) core/csm_inst_right_reg_reg[21]/d
          Clock: (R) clk

                     Capture       Launch     
        Clock Edge:+   10000            0     
       Src Latency:+       0            0     
       Net Latency:+       0 (I)        0 (I) 
           Arrival:=   10000            0     
                                              
             Setup:-      75                  
       Uncertainty:-    2000                  
     Required Time:=    7925                  
      Launch Clock:-       0                  
         Data Path:-    4254                  
             Slack:=    3671                  

#--------------------------------------------------------------------------------------------------------------------------
#             Timing Point               Flags    Arc    Edge       Cell         Fanout  Load Trans Delay Arrival Instance 
#                                                                                        (fF)  (ps)  (ps)   (ps)  Location 
#--------------------------------------------------------------------------------------------------------------------------
  core/csm_inst_round_counter_reg[0]/clk -       -       R     (arrival)            536     -  2000     0       0    (-,-) 
  core/csm_inst_round_counter_reg[0]/q   (u)     clk->q  F     unmapped_d_flop      169 676.0     0   600     600    (-,-) 
  core/g78648/z                          (u)     in_0->z R     unmapped_nand2        11  44.0     0   262     862    (-,-) 
  core/g78597/z                          (u)     in_0->z R     unmapped_or2          34 136.0     0   321    1183    (-,-) 
  core/g78048/z                          (u)     in_1->z F     unmapped_nand2        13  52.0     0   271    1454    (-,-) 
  core/g77147/z                          (u)     in_1->z R     unmapped_nand2         1   4.0     0   122    1576    (-,-) 
  core/g76022/z                          (u)     in_1->z F     unmapped_nand2         1   4.0     0   122    1698    (-,-) 
  core/g75862/z                          (u)     in_0->z R     unmapped_nand2         1   4.0     0   122    1820    (-,-) 
  core/g75598/z                          (u)     in_0->z F     unmapped_complex2      1   4.0     0   122    1943    (-,-) 
  core/g75314/z                          (u)     in_0->z F     unmapped_or2           2   8.0     0   166    2109    (-,-) 
  core/g75197/z                          (u)     in_1->z R     unmapped_complex2      1   4.0     0   122    2231    (-,-) 
  core/g75198/z                          (u)     in_1->z F     unmapped_nand2        18  72.0     0   289    2520    (-,-) 
  core/g74936/z                          (u)     in_0->z R     unmapped_nand2         5  20.0     0   224    2744    (-,-) 
  core/g74787/z                          (u)     in_1->z F     unmapped_nand2         1   4.0     0   122    2866    (-,-) 
  core/g79129/z                          (u)     in_0->z R     unmapped_complex2      1   4.0     0   122    2988    (-,-) 
  core/g74417/z                          (u)     in_1->z F     unmapped_nand2         1   4.0     0   122    3110    (-,-) 
  core/g74276/z                          (u)     in_0->z F     unmapped_complex2      1   4.0     0   122    3233    (-,-) 
  core/g74195/z                          (u)     in_1->z R     unmapped_nand2         1   4.0     0   122    3355    (-,-) 
  core/g74162/z                          (u)     in_0->z F     unmapped_nand2         1   4.0     0   122    3477    (-,-) 
  core/g74131/z                          (u)     in_1->z R     unmapped_nand2         1   4.0     0   122    3599    (-,-) 
  core/g79264/z                          (u)     in_0->z F     unmapped_complex2      2   8.0     0   166    3765    (-,-) 
  core/g74008/z                          (u)     in_1->z F     unmapped_or2           1   4.0     0   122    3888    (-,-) 
  core/g74009/z                          (u)     in_1->z R     unmapped_nand2         1   4.0     0   122    4010    (-,-) 
  core/g79294/z                          (u)     in_0->z F     unmapped_complex2      1   4.0     0   122    4132    (-,-) 
  core/g73956/z                          (u)     in_1->z R     unmapped_complex2      1   4.0     0   122    4254    (-,-) 
  core/csm_inst_right_reg_reg[21]/d      -       -       R     unmapped_d_flop        1     -     -     0    4254    (-,-) 
#--------------------------------------------------------------------------------------------------------------------------

(u) : Net has unmapped pin(s).



Path 3: MET (3720 ps) Setup Check with Pin core/csm_inst_right_reg_reg[12]/clk->d
          Group: C2C
     Startpoint: (R) core/csm_inst_round_counter_reg[0]/clk
          Clock: (R) clk
       Endpoint: (R) core/csm_inst_right_reg_reg[12]/d
          Clock: (R) clk

                     Capture       Launch     
        Clock Edge:+   10000            0     
       Src Latency:+       0            0     
       Net Latency:+       0 (I)        0 (I) 
           Arrival:=   10000            0     
                                              
             Setup:-      75                  
       Uncertainty:-    2000                  
     Required Time:=    7925                  
      Launch Clock:-       0                  
         Data Path:-    4204                  
             Slack:=    3720                  

#--------------------------------------------------------------------------------------------------------------------------
#             Timing Point               Flags    Arc    Edge       Cell         Fanout  Load Trans Delay Arrival Instance 
#                                                                                        (fF)  (ps)  (ps)   (ps)  Location 
#--------------------------------------------------------------------------------------------------------------------------
  core/csm_inst_round_counter_reg[0]/clk -       -       R     (arrival)            536     -  2000     0       0    (-,-) 
  core/csm_inst_round_counter_reg[0]/q   (u)     clk->q  R     unmapped_d_flop      169 676.0     0   600     600    (-,-) 
  core/g78648/z                          (u)     in_0->z F     unmapped_nand2        11  44.0     0   262     862    (-,-) 
  core/g78597/z                          (u)     in_0->z F     unmapped_or2          34 136.0     0   321    1183    (-,-) 
  core/g78048/z                          (u)     in_1->z R     unmapped_nand2        13  52.0     0   271    1454    (-,-) 
  core/g78749/z                          (u)     in_1->z F     unmapped_complex2      1   4.0     0   122    1576    (-,-) 
  core/g75814/z                          (u)     in_1->z R     unmapped_complex2      1   4.0     0   122    1698    (-,-) 
  core/g75493/z                          (u)     in_0->z R     unmapped_or2           1   4.0     0   122    1820    (-,-) 
  core/g75346/z                          (u)     in_1->z R     unmapped_complex2      2   8.0     0   166    1986    (-,-) 
  core/g78957/z                          (u)     in_1->z R     unmapped_complex2      1   4.0     0   122    2109    (-,-) 
  core/g75332/z                          (u)     in_1->z F     unmapped_nand2        16  64.0     0   285    2394    (-,-) 
  core/g78997/z                          (u)     in_1->z R     unmapped_complex2      6  24.0     0   233    2627    (-,-) 
  core/g57721/z                          (u)     in_1->z R     unmapped_complex2      3  12.0     0   189    2816    (-,-) 
  core/g74726/z                          (u)     in_1->z R     unmapped_or2           1   4.0     0   122    2938    (-,-) 
  core/g74662/z                          (u)     in_0->z F     unmapped_nand2         1   4.0     0   122    3061    (-,-) 
  core/g79183/z                          (u)     in_0->z F     unmapped_complex2      1   4.0     0   122    3183    (-,-) 
  core/g74326/z                          (u)     in_1->z R     unmapped_nand2         1   4.0     0   122    3305    (-,-) 
  core/g74224/z                          (u)     in_1->z F     unmapped_nand2         1   4.0     0   122    3427    (-,-) 
  core/g74143/z                          (u)     in_0->z F     unmapped_or2           1   4.0     0   122    3549    (-,-) 
  core/g74090/z                          (u)     in_0->z F     unmapped_or2           2   8.0     0   166    3715    (-,-) 
  core/g74039/z                          (u)     in_1->z F     unmapped_or2           1   4.0     0   122    3838    (-,-) 
  core/g74040/z                          (u)     in_1->z R     unmapped_nand2         1   4.0     0   122    3960    (-,-) 
  core/g79279/z                          (u)     in_0->z F     unmapped_complex2      1   4.0     0   122    4082    (-,-) 
  core/g73963/z                          (u)     in_1->z R     unmapped_complex2      1   4.0     0   122    4204    (-,-) 
  core/csm_inst_right_reg_reg[12]/d      -       -       R     unmapped_d_flop        1     -     -     0    4204    (-,-) 
#--------------------------------------------------------------------------------------------------------------------------

(u) : Net has unmapped pin(s).



Path 4: MET (3726 ps) Setup Check with Pin core/csm_inst_right_reg_reg[3]/clk->d
          Group: C2C
     Startpoint: (R) core/csm_inst_round_counter_reg[0]/clk
          Clock: (R) clk
       Endpoint: (R) core/csm_inst_right_reg_reg[3]/d
          Clock: (R) clk

                     Capture       Launch     
        Clock Edge:+   10000            0     
       Src Latency:+       0            0     
       Net Latency:+       0 (I)        0 (I) 
           Arrival:=   10000            0     
                                              
             Setup:-      75                  
       Uncertainty:-    2000                  
     Required Time:=    7925                  
      Launch Clock:-       0                  
         Data Path:-    4199                  
             Slack:=    3726                  

#--------------------------------------------------------------------------------------------------------------------------
#             Timing Point               Flags    Arc    Edge       Cell         Fanout  Load Trans Delay Arrival Instance 
#                                                                                        (fF)  (ps)  (ps)   (ps)  Location 
#--------------------------------------------------------------------------------------------------------------------------
  core/csm_inst_round_counter_reg[0]/clk -       -       R     (arrival)            536     -  2000     0       0    (-,-) 
  core/csm_inst_round_counter_reg[0]/q   (u)     clk->q  R     unmapped_d_flop      169 676.0     0   600     600    (-,-) 
  core/g78648/z                          (u)     in_0->z F     unmapped_nand2        11  44.0     0   262     862    (-,-) 
  core/g78597/z                          (u)     in_0->z F     unmapped_or2          34 136.0     0   321    1183    (-,-) 
  core/g78048/z                          (u)     in_1->z R     unmapped_nand2        13  52.0     0   271    1454    (-,-) 
  core/g77147/z                          (u)     in_1->z F     unmapped_nand2         1   4.0     0   122    1576    (-,-) 
  core/g76022/z                          (u)     in_1->z R     unmapped_nand2         1   4.0     0   122    1698    (-,-) 
  core/g75862/z                          (u)     in_0->z F     unmapped_nand2         1   4.0     0   122    1820    (-,-) 
  core/g75598/z                          (u)     in_0->z R     unmapped_complex2      1   4.0     0   122    1943    (-,-) 
  core/g75314/z                          (u)     in_0->z R     unmapped_or2           2   8.0     0   166    2109    (-,-) 
  core/g75197/z                          (u)     in_1->z F     unmapped_complex2      1   4.0     0   122    2231    (-,-) 
  core/g75198/z                          (u)     in_1->z R     unmapped_nand2        18  72.0     0   289    2520    (-,-) 
  core/g74936/z                          (u)     in_0->z F     unmapped_nand2         5  20.0     0   224    2744    (-,-) 
  core/g74870/z                          (u)     in_0->z F     unmapped_or2           3  12.0     0   189    2933    (-,-) 
  core/g74630/z                          (u)     in_1->z F     unmapped_or2           1   4.0     0   122    3056    (-,-) 
  core/g74386/z                          (u)     in_1->z R     unmapped_nand2         1   4.0     0   122    3178    (-,-) 
  core/g74336/z                          (u)     in_1->z R     unmapped_complex2      1   4.0     0   122    3300    (-,-) 
  core/g74156/z                          (u)     in_1->z R     unmapped_or2           1   4.0     0   122    3422    (-,-) 
  core/g74118/z                          (u)     in_1->z R     unmapped_or2           1   4.0     0   122    3544    (-,-) 
  core/g79265/z                          (u)     in_0->z R     unmapped_complex2      2   8.0     0   166    3710    (-,-) 
  core/g74012/z                          (u)     in_1->z F     unmapped_complex2      1   4.0     0   122    3832    (-,-) 
  core/g74013/z                          (u)     in_1->z R     unmapped_nand2         1   4.0     0   122    3955    (-,-) 
  core/g79295/z                          (u)     in_0->z F     unmapped_complex2      1   4.0     0   122    4077    (-,-) 
  core/g73957/z                          (u)     in_1->z R     unmapped_complex2      1   4.0     0   122    4199    (-,-) 
  core/csm_inst_right_reg_reg[3]/d       -       -       R     unmapped_d_flop        1     -     -     0    4199    (-,-) 
#--------------------------------------------------------------------------------------------------------------------------

(u) : Net has unmapped pin(s).



Path 5: MET (3735 ps) Setup Check with Pin core/csm_inst_right_reg_reg[18]/clk->d
          Group: C2C
     Startpoint: (R) core/csm_inst_round_counter_reg[0]/clk
          Clock: (R) clk
       Endpoint: (R) core/csm_inst_right_reg_reg[18]/d
          Clock: (R) clk

                     Capture       Launch     
        Clock Edge:+   10000            0     
       Src Latency:+       0            0     
       Net Latency:+       0 (I)        0 (I) 
           Arrival:=   10000            0     
                                              
             Setup:-      75                  
       Uncertainty:-    2000                  
     Required Time:=    7925                  
      Launch Clock:-       0                  
         Data Path:-    4190                  
             Slack:=    3735                  

#--------------------------------------------------------------------------------------------------------------------------
#             Timing Point               Flags    Arc    Edge       Cell         Fanout  Load Trans Delay Arrival Instance 
#                                                                                        (fF)  (ps)  (ps)   (ps)  Location 
#--------------------------------------------------------------------------------------------------------------------------
  core/csm_inst_round_counter_reg[0]/clk -       -       R     (arrival)            536     -  2000     0       0    (-,-) 
  core/csm_inst_round_counter_reg[0]/q   (u)     clk->q  R     unmapped_d_flop      169 676.0     0   600     600    (-,-) 
  core/g78648/z                          (u)     in_0->z F     unmapped_nand2        11  44.0     0   262     862    (-,-) 
  core/g78597/z                          (u)     in_0->z F     unmapped_or2          34 136.0     0   321    1183    (-,-) 
  core/g78048/z                          (u)     in_1->z R     unmapped_nand2        13  52.0     0   271    1454    (-,-) 
  core/g77269/z                          (u)     in_1->z F     unmapped_nand2         1   4.0     0   122    1576    (-,-) 
  core/g75934/z                          (u)     in_1->z R     unmapped_nand2         1   4.0     0   122    1698    (-,-) 
  core/g75926/z                          (u)     in_0->z F     unmapped_nand2         1   4.0     0   122    1820    (-,-) 
  core/g75481/z                          (u)     in_0->z R     unmapped_complex2      1   4.0     0   122    1943    (-,-) 
  core/g75367/z                          (u)     in_0->z R     unmapped_or2           2   8.0     0   166    2109    (-,-) 
  core/g75334/z                          (u)     in_1->z R     unmapped_or2           1   4.0     0   122    2231    (-,-) 
  core/g75335/z                          (u)     in_1->z F     unmapped_nand2        13  52.0     0   271    2502    (-,-) 
  core/g57390/z                          (u)     in_1->z F     unmapped_or2           3  12.0     0   189    2691    (-,-) 
  core/g75071/z                          (u)     in_0->z F     unmapped_or2           6  24.0     0   233    2924    (-,-) 
  core/g74759/z                          (u)     in_1->z F     unmapped_or2           1   4.0     0   122    3046    (-,-) 
  core/g74393/z                          (u)     in_1->z R     unmapped_nand2         1   4.0     0   122    3169    (-,-) 
  core/g79211/z                          (u)     in_0->z R     unmapped_complex2      1   4.0     0   122    3291    (-,-) 
  core/g74209/z                          (u)     in_1->z R     unmapped_complex2      1   4.0     0   122    3413    (-,-) 
  core/g79256/z                          (u)     in_0->z R     unmapped_complex2      1   4.0     0   122    3535    (-,-) 
  core/g74119/z                          (u)     in_1->z R     unmapped_or2           2   8.0     0   166    3701    (-,-) 
  core/g74063/z                          (u)     in_1->z F     unmapped_complex2      1   4.0     0   122    3824    (-,-) 
  core/g74064/z                          (u)     in_1->z R     unmapped_nand2         1   4.0     0   122    3946    (-,-) 
  core/g79275/z                          (u)     in_0->z F     unmapped_complex2      1   4.0     0   122    4068    (-,-) 
  core/g73959/z                          (u)     in_1->z R     unmapped_complex2      1   4.0     0   122    4190    (-,-) 
  core/csm_inst_right_reg_reg[18]/d      -       -       R     unmapped_d_flop        1     -     -     0    4190    (-,-) 
#--------------------------------------------------------------------------------------------------------------------------

(u) : Net has unmapped pin(s).



Path 6: MET (3758 ps) Setup Check with Pin core/csm_inst_right_reg_reg[17]/clk->d
          Group: C2C
     Startpoint: (R) core/csm_inst_round_counter_reg[0]/clk
          Clock: (R) clk
       Endpoint: (R) core/csm_inst_right_reg_reg[17]/d
          Clock: (R) clk

                     Capture       Launch     
        Clock Edge:+   10000            0     
       Src Latency:+       0            0     
       Net Latency:+       0 (I)        0 (I) 
           Arrival:=   10000            0     
                                              
             Setup:-      75                  
       Uncertainty:-    2000                  
     Required Time:=    7925                  
      Launch Clock:-       0                  
         Data Path:-    4167                  
             Slack:=    3758                  

#--------------------------------------------------------------------------------------------------------------------------
#             Timing Point               Flags    Arc    Edge       Cell         Fanout  Load Trans Delay Arrival Instance 
#                                                                                        (fF)  (ps)  (ps)   (ps)  Location 
#--------------------------------------------------------------------------------------------------------------------------
  core/csm_inst_round_counter_reg[0]/clk -       -       R     (arrival)            536     -  2000     0       0    (-,-) 
  core/csm_inst_round_counter_reg[0]/q   (u)     clk->q  F     unmapped_d_flop      169 676.0     0   600     600    (-,-) 
  core/g78648/z                          (u)     in_0->z R     unmapped_nand2        11  44.0     0   262     862    (-,-) 
  core/g78597/z                          (u)     in_0->z R     unmapped_or2          34 136.0     0   321    1183    (-,-) 
  core/g78048/z                          (u)     in_1->z F     unmapped_nand2        13  52.0     0   271    1454    (-,-) 
  core/g76653/z                          (u)     in_1->z R     unmapped_nand2         1   4.0     0   122    1576    (-,-) 
  core/g76587/z                          (u)     in_1->z F     unmapped_nand2         1   4.0     0   122    1698    (-,-) 
  core/g75631/z                          (u)     in_0->z R     unmapped_nand2         1   4.0     0   122    1820    (-,-) 
  core/g75489/z                          (u)     in_0->z F     unmapped_complex2      1   4.0     0   122    1943    (-,-) 
  core/g75336/z                          (u)     in_1->z F     unmapped_or2           2   8.0     0   166    2109    (-,-) 
  core/g75216/z                          (u)     in_1->z R     unmapped_complex2      1   4.0     0   122    2231    (-,-) 
  core/g75217/z                          (u)     in_1->z F     unmapped_nand2        10  40.0     0   257    2488    (-,-) 
  core/g75083/z                          (u)     in_0->z R     unmapped_complex2      5  20.0     0   224    2712    (-,-) 
  core/g79090/z                          (u)     in_0->z R     unmapped_complex2      3  12.0     0   189    2901    (-,-) 
  core/g74683/z                          (u)     in_1->z F     unmapped_complex2      1   4.0     0   122    3023    (-,-) 
  core/g74346/z                          (u)     in_0->z R     unmapped_complex2      1   4.0     0   122    3145    (-,-) 
  core/g74246/z                          (u)     in_0->z F     unmapped_nand2         1   4.0     0   122    3268    (-,-) 
  core/g74235/z                          (u)     in_1->z R     unmapped_nand2         1   4.0     0   122    3390    (-,-) 
  core/g74135/z                          (u)     in_1->z F     unmapped_nand2         1   4.0     0   122    3512    (-,-) 
  core/g74085/z                          (u)     in_1->z F     unmapped_or2           2   8.0     0   166    3678    (-,-) 
  core/g74042/z                          (u)     in_1->z F     unmapped_or2           1   4.0     0   122    3800    (-,-) 
  core/g74043/z                          (u)     in_1->z R     unmapped_nand2         1   4.0     0   122    3922    (-,-) 
  core/g79277/z                          (u)     in_0->z F     unmapped_complex2      1   4.0     0   122    4045    (-,-) 
  core/g73961/z                          (u)     in_1->z R     unmapped_complex2      1   4.0     0   122    4167    (-,-) 
  core/csm_inst_right_reg_reg[17]/d      -       -       R     unmapped_d_flop        1     -     -     0    4167    (-,-) 
#--------------------------------------------------------------------------------------------------------------------------

(u) : Net has unmapped pin(s).



Path 7: MET (3762 ps) Setup Check with Pin core/csm_inst_right_reg_reg[19]/clk->d
          Group: C2C
     Startpoint: (R) core/csm_inst_round_counter_reg[0]/clk
          Clock: (R) clk
       Endpoint: (R) core/csm_inst_right_reg_reg[19]/d
          Clock: (R) clk

                     Capture       Launch     
        Clock Edge:+   10000            0     
       Src Latency:+       0            0     
       Net Latency:+       0 (I)        0 (I) 
           Arrival:=   10000            0     
                                              
             Setup:-      75                  
       Uncertainty:-    2000                  
     Required Time:=    7925                  
      Launch Clock:-       0                  
         Data Path:-    4162                  
             Slack:=    3762                  

#--------------------------------------------------------------------------------------------------------------------------
#             Timing Point               Flags    Arc    Edge       Cell         Fanout  Load Trans Delay Arrival Instance 
#                                                                                        (fF)  (ps)  (ps)   (ps)  Location 
#--------------------------------------------------------------------------------------------------------------------------
  core/csm_inst_round_counter_reg[0]/clk -       -       R     (arrival)            536     -  2000     0       0    (-,-) 
  core/csm_inst_round_counter_reg[0]/q   (u)     clk->q  F     unmapped_d_flop      169 676.0     0   600     600    (-,-) 
  core/g78648/z                          (u)     in_0->z R     unmapped_nand2        11  44.0     0   262     862    (-,-) 
  core/g78597/z                          (u)     in_0->z R     unmapped_or2          34 136.0     0   321    1183    (-,-) 
  core/g78048/z                          (u)     in_1->z F     unmapped_nand2        13  52.0     0   271    1454    (-,-) 
  core/g76772/z                          (u)     in_1->z R     unmapped_nand2         1   4.0     0   122    1576    (-,-) 
  core/g76522/z                          (u)     in_1->z F     unmapped_nand2         1   4.0     0   122    1698    (-,-) 
  core/g75650/z                          (u)     in_0->z R     unmapped_nand2         1   4.0     0   122    1820    (-,-) 
  core/g75605/z                          (u)     in_0->z F     unmapped_complex2      1   4.0     0   122    1943    (-,-) 
  core/g75388/z                          (u)     in_0->z F     unmapped_or2           2   8.0     0   166    2109    (-,-) 
  core/g75274/z                          (u)     in_1->z R     unmapped_complex2      1   4.0     0   122    2231    (-,-) 
  core/g75275/z                          (u)     in_1->z F     unmapped_nand2         9  36.0     0   252    2483    (-,-) 
  core/g79023/z                          (u)     in_1->z R     unmapped_complex2      8  32.0     0   248    2731    (-,-) 
  core/g75011/z                          (u)     in_1->z R     unmapped_or2           2   8.0     0   166    2897    (-,-) 
  core/g74612/z                          (u)     in_0->z F     unmapped_nand2         1   4.0     0   122    3019    (-,-) 
  core/g79189/z                          (u)     in_0->z F     unmapped_complex2      1   4.0     0   122    3141    (-,-) 
  core/g74311/z                          (u)     in_0->z R     unmapped_nand2         1   4.0     0   122    3263    (-,-) 
  core/g74223/z                          (u)     in_1->z F     unmapped_nand2         1   4.0     0   122    3385    (-,-) 
  core/g79261/z                          (u)     in_0->z F     unmapped_complex2      1   4.0     0   122    3508    (-,-) 
  core/g74116/z                          (u)     in_0->z F     unmapped_or2           2   8.0     0   166    3674    (-,-) 
  core/g74071/z                          (u)     in_1->z F     unmapped_or2           1   4.0     0   122    3796    (-,-) 
  core/g74072/z                          (u)     in_1->z R     unmapped_nand2         1   4.0     0   122    3918    (-,-) 
  core/g79284/z                          (u)     in_0->z F     unmapped_complex2      1   4.0     0   122    4040    (-,-) 
  core/g73971/z                          (u)     in_1->z R     unmapped_complex2      1   4.0     0   122    4162    (-,-) 
  core/csm_inst_right_reg_reg[19]/d      -       -       R     unmapped_d_flop        1     -     -     0    4162    (-,-) 
#--------------------------------------------------------------------------------------------------------------------------

(u) : Net has unmapped pin(s).



Path 8: MET (3766 ps) Setup Check with Pin core/csm_inst_right_reg_reg[20]/clk->d
          Group: C2C
     Startpoint: (R) core/csm_inst_round_counter_reg[0]/clk
          Clock: (R) clk
       Endpoint: (R) core/csm_inst_right_reg_reg[20]/d
          Clock: (R) clk

                     Capture       Launch     
        Clock Edge:+   10000            0     
       Src Latency:+       0            0     
       Net Latency:+       0 (I)        0 (I) 
           Arrival:=   10000            0     
                                              
             Setup:-      75                  
       Uncertainty:-    2000                  
     Required Time:=    7925                  
      Launch Clock:-       0                  
         Data Path:-    4158                  
             Slack:=    3766                  

#--------------------------------------------------------------------------------------------------------------------------
#             Timing Point               Flags    Arc    Edge       Cell         Fanout  Load Trans Delay Arrival Instance 
#                                                                                        (fF)  (ps)  (ps)   (ps)  Location 
#--------------------------------------------------------------------------------------------------------------------------
  core/csm_inst_round_counter_reg[0]/clk -       -       R     (arrival)            536     -  2000     0       0    (-,-) 
  core/csm_inst_round_counter_reg[0]/q   (u)     clk->q  R     unmapped_d_flop      169 676.0     0   600     600    (-,-) 
  core/g21785/z                          (u)     in_0->z F     unmapped_nand2         7  28.0     0   240     840    (-,-) 
  core/g78601/z                          (u)     in_0->z F     unmapped_complex2      1   4.0     0   122     962    (-,-) 
  core/g78240/z                          (u)     in_0->z R     unmapped_nand2         1   4.0     0   122    1085    (-,-) 
  core/g78728/z                          (u)     in_0->z R     unmapped_complex2      1   4.0     0   122    1207    (-,-) 
  core/g75974/z                          (u)     in_1->z R     unmapped_complex2      2   8.0     0   166    1373    (-,-) 
  core/g78830/z                          (u)     in_0->z F     unmapped_complex2      1   4.0     0   122    1495    (-,-) 
  core/g75566/z                          (u)     in_0->z R     unmapped_nand2         1   4.0     0   122    1617    (-,-) 
  core/g75417/z                          (u)     in_1->z R     unmapped_or2           1   4.0     0   122    1740    (-,-) 
  core/g75358/z                          (u)     in_0->z R     unmapped_or2           1   4.0     0   122    1862    (-,-) 
  core/g78953/z                          (u)     in_0->z R     unmapped_complex2      2   8.0     0   166    2028    (-,-) 
  core/g75213/z                          (u)     in_1->z F     unmapped_complex2      1   4.0     0   122    2150    (-,-) 
  core/g75214/z                          (u)     in_1->z R     unmapped_nand2        12  48.0     0   266    2416    (-,-) 
  core/g79032/z                          (u)     in_0->z F     unmapped_complex2      8  32.0     0   248    2664    (-,-) 
  core/g5363/z                           (u)     in_0->z R     unmapped_nand2         7  28.0     0   240    2904    (-,-) 
  core/g3761/z                           (u)     in_1->z F     unmapped_nand2         3  12.0     0   189    3093    (-,-) 
  core/g74345/z                          (u)     in_0->z R     unmapped_nand2         2   8.0     0   166    3259    (-,-) 
  core/g73892/z                          (u)     in_1->z F     unmapped_complex2      1   4.0     0   122    3382    (-,-) 
  core/g74221/z                          (u)     in_0->z R     unmapped_nand2         1   4.0     0   122    3504    (-,-) 
  core/g74109/z                          (u)     in_1->z R     unmapped_or2           2   8.0     0   166    3670    (-,-) 
  core/g74035/z                          (u)     in_1->z F     unmapped_complex2      1   4.0     0   122    3792    (-,-) 
  core/g74036/z                          (u)     in_1->z R     unmapped_nand2         1   4.0     0   122    3914    (-,-) 
  core/g79276/z                          (u)     in_0->z F     unmapped_complex2      1   4.0     0   122    4036    (-,-) 
  core/g73960/z                          (u)     in_1->z R     unmapped_complex2      1   4.0     0   122    4158    (-,-) 
  core/csm_inst_right_reg_reg[20]/d      -       -       R     unmapped_d_flop        1     -     -     0    4158    (-,-) 
#--------------------------------------------------------------------------------------------------------------------------

(u) : Net has unmapped pin(s).



Path 9: MET (3766 ps) Setup Check with Pin core/csm_inst_right_reg_reg[10]/clk->d
          Group: C2C
     Startpoint: (R) core/csm_inst_round_counter_reg[0]/clk
          Clock: (R) clk
       Endpoint: (R) core/csm_inst_right_reg_reg[10]/d
          Clock: (R) clk

                     Capture       Launch     
        Clock Edge:+   10000            0     
       Src Latency:+       0            0     
       Net Latency:+       0 (I)        0 (I) 
           Arrival:=   10000            0     
                                              
             Setup:-      75                  
       Uncertainty:-    2000                  
     Required Time:=    7925                  
      Launch Clock:-       0                  
         Data Path:-    4158                  
             Slack:=    3766                  

#--------------------------------------------------------------------------------------------------------------------------
#             Timing Point               Flags    Arc    Edge       Cell         Fanout  Load Trans Delay Arrival Instance 
#                                                                                        (fF)  (ps)  (ps)   (ps)  Location 
#--------------------------------------------------------------------------------------------------------------------------
  core/csm_inst_round_counter_reg[0]/clk -       -       R     (arrival)            536     -  2000     0       0    (-,-) 
  core/csm_inst_round_counter_reg[0]/q   (u)     clk->q  F     unmapped_d_flop      169 676.0     0   600     600    (-,-) 
  core/g21785/z                          (u)     in_0->z R     unmapped_nand2         7  28.0     0   240     840    (-,-) 
  core/g78601/z                          (u)     in_0->z R     unmapped_complex2      1   4.0     0   122     962    (-,-) 
  core/g78240/z                          (u)     in_0->z F     unmapped_nand2         1   4.0     0   122    1085    (-,-) 
  core/g78728/z                          (u)     in_0->z F     unmapped_complex2      1   4.0     0   122    1207    (-,-) 
  core/g75974/z                          (u)     in_1->z F     unmapped_complex2      2   8.0     0   166    1373    (-,-) 
  core/g78830/z                          (u)     in_0->z R     unmapped_complex2      1   4.0     0   122    1495    (-,-) 
  core/g75566/z                          (u)     in_0->z F     unmapped_nand2         1   4.0     0   122    1617    (-,-) 
  core/g75417/z                          (u)     in_1->z F     unmapped_or2           1   4.0     0   122    1740    (-,-) 
  core/g75358/z                          (u)     in_0->z F     unmapped_or2           1   4.0     0   122    1862    (-,-) 
  core/g78953/z                          (u)     in_0->z F     unmapped_complex2      2   8.0     0   166    2028    (-,-) 
  core/g75213/z                          (u)     in_1->z R     unmapped_complex2      1   4.0     0   122    2150    (-,-) 
  core/g75214/z                          (u)     in_1->z F     unmapped_nand2        12  48.0     0   266    2416    (-,-) 
  core/g79032/z                          (u)     in_0->z R     unmapped_complex2      8  32.0     0   248    2664    (-,-) 
  core/g5363/z                           (u)     in_0->z F     unmapped_nand2         7  28.0     0   240    2904    (-,-) 
  core/g3761/z                           (u)     in_1->z R     unmapped_nand2         3  12.0     0   189    3093    (-,-) 
  core/g74345/z                          (u)     in_0->z F     unmapped_nand2         2   8.0     0   166    3259    (-,-) 
  core/g79223/z                          (u)     in_0->z R     unmapped_complex2      1   4.0     0   122    3382    (-,-) 
  core/g79247/z                          (u)     in_1->z F     unmapped_complex2      1   4.0     0   122    3504    (-,-) 
  core/g74098/z                          (u)     in_1->z R     unmapped_complex2      2   8.0     0   166    3670    (-,-) 
  core/g74075/z                          (u)     in_1->z F     unmapped_complex2      1   4.0     0   122    3792    (-,-) 
  core/g74076/z                          (u)     in_1->z R     unmapped_nand2         1   4.0     0   122    3914    (-,-) 
  core/g79286/z                          (u)     in_0->z F     unmapped_complex2      1   4.0     0   122    4036    (-,-) 
  core/g73975/z                          (u)     in_1->z R     unmapped_complex2      1   4.0     0   122    4158    (-,-) 
  core/csm_inst_right_reg_reg[10]/d      -       -       R     unmapped_d_flop        1     -     -     0    4158    (-,-) 
#--------------------------------------------------------------------------------------------------------------------------

(u) : Net has unmapped pin(s).



Path 10: MET (3794 ps) Setup Check with Pin core/csm_inst_right_reg_reg[27]/clk->d
          Group: C2C
     Startpoint: (R) core/csm_inst_round_counter_reg[0]/clk
          Clock: (R) clk
       Endpoint: (R) core/csm_inst_right_reg_reg[27]/d
          Clock: (R) clk

                     Capture       Launch     
        Clock Edge:+   10000            0     
       Src Latency:+       0            0     
       Net Latency:+       0 (I)        0 (I) 
           Arrival:=   10000            0     
                                              
             Setup:-      75                  
       Uncertainty:-    2000                  
     Required Time:=    7925                  
      Launch Clock:-       0                  
         Data Path:-    4131                  
             Slack:=    3794                  

#--------------------------------------------------------------------------------------------------------------------------
#             Timing Point               Flags    Arc    Edge       Cell         Fanout  Load Trans Delay Arrival Instance 
#                                                                                        (fF)  (ps)  (ps)   (ps)  Location 
#--------------------------------------------------------------------------------------------------------------------------
  core/csm_inst_round_counter_reg[0]/clk -       -       R     (arrival)            536     -  2000     0       0    (-,-) 
  core/csm_inst_round_counter_reg[0]/q   (u)     clk->q  F     unmapped_d_flop      169 676.0     0   600     600    (-,-) 
  core/g78648/z                          (u)     in_0->z R     unmapped_nand2        11  44.0     0   262     862    (-,-) 
  core/g78597/z                          (u)     in_0->z R     unmapped_or2          34 136.0     0   321    1183    (-,-) 
  core/g78048/z                          (u)     in_1->z F     unmapped_nand2        13  52.0     0   271    1454    (-,-) 
  core/g76653/z                          (u)     in_1->z R     unmapped_nand2         1   4.0     0   122    1576    (-,-) 
  core/g76587/z                          (u)     in_1->z F     unmapped_nand2         1   4.0     0   122    1698    (-,-) 
  core/g75631/z                          (u)     in_0->z R     unmapped_nand2         1   4.0     0   122    1820    (-,-) 
  core/g75489/z                          (u)     in_0->z F     unmapped_complex2      1   4.0     0   122    1943    (-,-) 
  core/g75336/z                          (u)     in_1->z F     unmapped_or2           2   8.0     0   166    2109    (-,-) 
  core/g75216/z                          (u)     in_1->z R     unmapped_complex2      1   4.0     0   122    2231    (-,-) 
  core/g75217/z                          (u)     in_1->z F     unmapped_nand2        10  40.0     0   257    2488    (-,-) 
  core/g75051/z                          (u)     in_1->z R     unmapped_complex2      4  16.0     0   211    2699    (-,-) 
  core/g74857/z                          (u)     in_1->z R     unmapped_or2           2   8.0     0   166    2865    (-,-) 
  core/g74553/z                          (u)     in_1->z F     unmapped_nand2         1   4.0     0   122    2987    (-,-) 
  core/g74453/z                          (u)     in_0->z R     unmapped_nand2         1   4.0     0   122    3109    (-,-) 
  core/g74314/z                          (u)     in_0->z F     unmapped_complex2      1   4.0     0   122    3232    (-,-) 
  core/g79242/z                          (u)     in_0->z F     unmapped_complex2      1   4.0     0   122    3354    (-,-) 
  core/g74170/z                          (u)     in_1->z F     unmapped_or2           1   4.0     0   122    3476    (-,-) 
  core/g74094/z                          (u)     in_0->z F     unmapped_or2           2   8.0     0   166    3642    (-,-) 
  core/g74046/z                          (u)     in_1->z F     unmapped_or2           1   4.0     0   122    3764    (-,-) 
  core/g74047/z                          (u)     in_1->z R     unmapped_nand2         1   4.0     0   122    3886    (-,-) 
  core/g79278/z                          (u)     in_0->z F     unmapped_complex2      1   4.0     0   122    4009    (-,-) 
  core/g73962/z                          (u)     in_1->z R     unmapped_complex2      1   4.0     0   122    4131    (-,-) 
  core/csm_inst_right_reg_reg[27]/d      -       -       R     unmapped_d_flop        1     -     -     0    4131    (-,-) 
#--------------------------------------------------------------------------------------------------------------------------

(u) : Net has unmapped pin(s).



Path 11: MET (3801 ps) Setup Check with Pin core/csm_inst_right_reg_reg[23]/clk->d
          Group: C2C
     Startpoint: (R) core/csm_inst_round_counter_reg[3]/clk
          Clock: (R) clk
       Endpoint: (R) core/csm_inst_right_reg_reg[23]/d
          Clock: (R) clk

                     Capture       Launch     
        Clock Edge:+   10000            0     
       Src Latency:+       0            0     
       Net Latency:+       0 (I)        0 (I) 
           Arrival:=   10000            0     
                                              
             Setup:-      75                  
       Uncertainty:-    2000                  
     Required Time:=    7925                  
      Launch Clock:-       0                  
         Data Path:-    4124                  
             Slack:=    3801                  

#--------------------------------------------------------------------------------------------------------------------------
#             Timing Point               Flags    Arc    Edge       Cell         Fanout  Load Trans Delay Arrival Instance 
#                                                                                        (fF)  (ps)  (ps)   (ps)  Location 
#--------------------------------------------------------------------------------------------------------------------------
  core/csm_inst_round_counter_reg[3]/clk -       -       R     (arrival)            536     -  2000     0       0    (-,-) 
  core/csm_inst_round_counter_reg[3]/q   (u)     clk->q  F     unmapped_d_flop      122 488.0     0   552     552    (-,-) 
  core/g55521/z                          (u)     in_0->z F     unmapped_complex2      3  12.0     0   189     742    (-,-) 
  core/g20740/z                          (u)     in_1->z R     unmapped_nand2         3  12.0     0   189     931    (-,-) 
  core/g78286/z                          (u)     in_1->z F     unmapped_nand2         1   4.0     0   122    1054    (-,-) 
  core/g77404/z                          (u)     in_1->z R     unmapped_nand2         2   8.0     0   166    1220    (-,-) 
  core/g63740/z                          (u)     in_1->z F     unmapped_complex2      1   4.0     0   122    1342    (-,-) 
  core/g75923/z                          (u)     in_1->z R     unmapped_nand2         1   4.0     0   122    1464    (-,-) 
  core/g75487/z                          (u)     in_1->z R     unmapped_or2           1   4.0     0   122    1586    (-,-) 
  core/g75405/z                          (u)     in_1->z R     unmapped_or2           1   4.0     0   122    1708    (-,-) 
  core/g75350/z                          (u)     in_1->z F     unmapped_complex2      1   4.0     0   122    1830    (-,-) 
  core/g78979/z                          (u)     in_0->z R     unmapped_complex2      2   8.0     0   166    1996    (-,-) 
  core/g75175/z                          (u)     in_1->z R     unmapped_or2           1   4.0     0   122    2119    (-,-) 
  core/g75176/z                          (u)     in_1->z F     unmapped_nand2        11  44.0     0   262    2380    (-,-) 
  core/g74951/z                          (u)     in_0->z F     unmapped_complex2      1   4.0     0   122    2502    (-,-) 
  core/g74952/z                          (u)     in_1->z R     unmapped_nand2         6  24.0     0   233    2736    (-,-) 
  core/g79124/z                          (u)     in_0->z R     unmapped_complex2      1   4.0     0   122    2858    (-,-) 
  core/g74558/z                          (u)     in_1->z F     unmapped_nand2         1   4.0     0   122    2980    (-,-) 
  core/g79218/z                          (u)     in_0->z R     unmapped_complex2      1   4.0     0   122    3102    (-,-) 
  core/g74241/z                          (u)     in_0->z F     unmapped_nand2         1   4.0     0   122    3224    (-,-) 
  core/g74177/z                          (u)     in_0->z R     unmapped_nand2         1   4.0     0   122    3347    (-,-) 
  core/g79263/z                          (u)     in_0->z F     unmapped_complex2      1   4.0     0   122    3469    (-,-) 
  core/g74103/z                          (u)     in_0->z F     unmapped_or2           2   8.0     0   166    3635    (-,-) 
  core/g74079/z                          (u)     in_1->z F     unmapped_or2           1   4.0     0   122    3757    (-,-) 
  core/g74080/z                          (u)     in_1->z R     unmapped_nand2         1   4.0     0   122    3879    (-,-) 
  core/g79297/z                          (u)     in_0->z F     unmapped_complex2      1   4.0     0   122    4001    (-,-) 
  core/g73969/z                          (u)     in_1->z R     unmapped_complex2      1   4.0     0   122    4124    (-,-) 
  core/csm_inst_right_reg_reg[23]/d      -       -       R     unmapped_d_flop        1     -     -     0    4124    (-,-) 
#--------------------------------------------------------------------------------------------------------------------------

(u) : Net has unmapped pin(s).



Path 12: MET (3808 ps) Setup Check with Pin core/csm_inst_right_reg_reg[24]/clk->d
          Group: C2C
     Startpoint: (R) core/csm_inst_round_counter_reg[0]/clk
          Clock: (R) clk
       Endpoint: (R) core/csm_inst_right_reg_reg[24]/d
          Clock: (R) clk

                     Capture       Launch     
        Clock Edge:+   10000            0     
       Src Latency:+       0            0     
       Net Latency:+       0 (I)        0 (I) 
           Arrival:=   10000            0     
                                              
             Setup:-      75                  
       Uncertainty:-    2000                  
     Required Time:=    7925                  
      Launch Clock:-       0                  
         Data Path:-    4117                  
             Slack:=    3808                  

#--------------------------------------------------------------------------------------------------------------------------
#             Timing Point               Flags    Arc    Edge       Cell         Fanout  Load Trans Delay Arrival Instance 
#                                                                                        (fF)  (ps)  (ps)   (ps)  Location 
#--------------------------------------------------------------------------------------------------------------------------
  core/csm_inst_round_counter_reg[0]/clk -       -       R     (arrival)            536     -  2000     0       0    (-,-) 
  core/csm_inst_round_counter_reg[0]/q   (u)     clk->q  F     unmapped_d_flop      169 676.0     0   600     600    (-,-) 
  core/g78648/z                          (u)     in_0->z R     unmapped_nand2        11  44.0     0   262     862    (-,-) 
  core/g78597/z                          (u)     in_0->z R     unmapped_or2          34 136.0     0   321    1183    (-,-) 
  core/g78048/z                          (u)     in_1->z F     unmapped_nand2        13  52.0     0   271    1454    (-,-) 
  core/g76621/z                          (u)     in_1->z R     unmapped_nand2         1   4.0     0   122    1576    (-,-) 
  core/g76601/z                          (u)     in_1->z F     unmapped_nand2         1   4.0     0   122    1698    (-,-) 
  core/g75621/z                          (u)     in_0->z R     unmapped_nand2         1   4.0     0   122    1820    (-,-) 
  core/g75580/z                          (u)     in_0->z F     unmapped_complex2      1   4.0     0   122    1943    (-,-) 
  core/g75310/z                          (u)     in_0->z F     unmapped_or2           2   8.0     0   166    2109    (-,-) 
  core/g78994/z                          (u)     in_1->z F     unmapped_complex2      1   4.0     0   122    2231    (-,-) 
  core/g75189/z                          (u)     in_1->z R     unmapped_nand2        10  40.0     0   257    2488    (-,-) 
  core/g57312/z                          (u)     in_0->z R     unmapped_or2           9  36.0     0   252    2740    (-,-) 
  core/g74898/z                          (u)     in_1->z F     unmapped_nand2         6  24.0     0   233    2973    (-,-) 
  core/g74645/z                          (u)     in_0->z F     unmapped_or2           1   4.0     0   122    3095    (-,-) 
  core/g74371/z                          (u)     in_0->z R     unmapped_nand2         1   4.0     0   122    3218    (-,-) 
  core/g74263/z                          (u)     in_1->z F     unmapped_nand2         1   4.0     0   122    3340    (-,-) 
  core/g74218/z                          (u)     in_1->z R     unmapped_complex2      1   4.0     0   122    3462    (-,-) 
  core/g74108/z                          (u)     in_1->z R     unmapped_or2           2   8.0     0   166    3628    (-,-) 
  core/g74068/z                          (u)     in_1->z F     unmapped_complex2      1   4.0     0   122    3750    (-,-) 
  core/g74069/z                          (u)     in_1->z R     unmapped_nand2         1   4.0     0   122    3872    (-,-) 
  core/g79288/z                          (u)     in_0->z F     unmapped_complex2      1   4.0     0   122    3994    (-,-) 
  core/g73977/z                          (u)     in_1->z R     unmapped_complex2      1   4.0     0   122    4117    (-,-) 
  core/csm_inst_right_reg_reg[24]/d      -       -       R     unmapped_d_flop        1     -     -     0    4117    (-,-) 
#--------------------------------------------------------------------------------------------------------------------------

(u) : Net has unmapped pin(s).



Path 13: MET (3808 ps) Setup Check with Pin core/csm_inst_right_reg_reg[7]/clk->d
          Group: C2C
     Startpoint: (R) core/csm_inst_round_counter_reg[0]/clk
          Clock: (R) clk
       Endpoint: (R) core/csm_inst_right_reg_reg[7]/d
          Clock: (R) clk

                     Capture       Launch     
        Clock Edge:+   10000            0     
       Src Latency:+       0            0     
       Net Latency:+       0 (I)        0 (I) 
           Arrival:=   10000            0     
                                              
             Setup:-      75                  
       Uncertainty:-    2000                  
     Required Time:=    7925                  
      Launch Clock:-       0                  
         Data Path:-    4117                  
             Slack:=    3808                  

#--------------------------------------------------------------------------------------------------------------------------
#             Timing Point               Flags    Arc    Edge       Cell         Fanout  Load Trans Delay Arrival Instance 
#                                                                                        (fF)  (ps)  (ps)   (ps)  Location 
#--------------------------------------------------------------------------------------------------------------------------
  core/csm_inst_round_counter_reg[0]/clk -       -       R     (arrival)            536     -  2000     0       0    (-,-) 
  core/csm_inst_round_counter_reg[0]/q   (u)     clk->q  R     unmapped_d_flop      169 676.0     0   600     600    (-,-) 
  core/g78648/z                          (u)     in_0->z F     unmapped_nand2        11  44.0     0   262     862    (-,-) 
  core/g78597/z                          (u)     in_0->z F     unmapped_or2          34 136.0     0   321    1183    (-,-) 
  core/g78048/z                          (u)     in_1->z R     unmapped_nand2        13  52.0     0   271    1454    (-,-) 
  core/g76621/z                          (u)     in_1->z F     unmapped_nand2         1   4.0     0   122    1576    (-,-) 
  core/g76601/z                          (u)     in_1->z R     unmapped_nand2         1   4.0     0   122    1698    (-,-) 
  core/g75621/z                          (u)     in_0->z F     unmapped_nand2         1   4.0     0   122    1820    (-,-) 
  core/g75580/z                          (u)     in_0->z R     unmapped_complex2      1   4.0     0   122    1943    (-,-) 
  core/g75310/z                          (u)     in_0->z R     unmapped_or2           2   8.0     0   166    2109    (-,-) 
  core/g78994/z                          (u)     in_1->z R     unmapped_complex2      1   4.0     0   122    2231    (-,-) 
  core/g75189/z                          (u)     in_1->z F     unmapped_nand2        10  40.0     0   257    2488    (-,-) 
  core/g57312/z                          (u)     in_0->z F     unmapped_or2           9  36.0     0   252    2740    (-,-) 
  core/g74898/z                          (u)     in_1->z R     unmapped_nand2         6  24.0     0   233    2973    (-,-) 
  core/g74550/z                          (u)     in_0->z F     unmapped_complex2      1   4.0     0   122    3095    (-,-) 
  core/g74456/z                          (u)     in_1->z R     unmapped_nand2         1   4.0     0   122    3218    (-,-) 
  core/g79219/z                          (u)     in_0->z F     unmapped_complex2      1   4.0     0   122    3340    (-,-) 
  core/g79260/z                          (u)     in_1->z R     unmapped_complex2      1   4.0     0   122    3462    (-,-) 
  core/g74117/z                          (u)     in_1->z R     unmapped_or2           2   8.0     0   166    3628    (-,-) 
  core/g74082/z                          (u)     in_1->z F     unmapped_complex2      1   4.0     0   122    3750    (-,-) 
  core/g74083/z                          (u)     in_1->z R     unmapped_nand2         1   4.0     0   122    3872    (-,-) 
  core/g79283/z                          (u)     in_0->z F     unmapped_complex2      1   4.0     0   122    3994    (-,-) 
  core/g73970/z                          (u)     in_1->z R     unmapped_complex2      1   4.0     0   122    4117    (-,-) 
  core/csm_inst_right_reg_reg[7]/d       -       -       R     unmapped_d_flop        1     -     -     0    4117    (-,-) 
#--------------------------------------------------------------------------------------------------------------------------

(u) : Net has unmapped pin(s).



Path 14: MET (3811 ps) Setup Check with Pin core/csm_inst_right_reg_reg[8]/clk->d
          Group: C2C
     Startpoint: (R) core/csm_inst_round_counter_reg[0]/clk
          Clock: (R) clk
       Endpoint: (R) core/csm_inst_right_reg_reg[8]/d
          Clock: (R) clk

                     Capture       Launch     
        Clock Edge:+   10000            0     
       Src Latency:+       0            0     
       Net Latency:+       0 (I)        0 (I) 
           Arrival:=   10000            0     
                                              
             Setup:-      75                  
       Uncertainty:-    2000                  
     Required Time:=    7925                  
      Launch Clock:-       0                  
         Data Path:-    4114                  
             Slack:=    3811                  

#--------------------------------------------------------------------------------------------------------------------------
#             Timing Point               Flags    Arc    Edge       Cell         Fanout  Load Trans Delay Arrival Instance 
#                                                                                        (fF)  (ps)  (ps)   (ps)  Location 
#--------------------------------------------------------------------------------------------------------------------------
  core/csm_inst_round_counter_reg[0]/clk -       -       R     (arrival)            536     -  2000     0       0    (-,-) 
  core/csm_inst_round_counter_reg[0]/q   (u)     clk->q  F     unmapped_d_flop      169 676.0     0   600     600    (-,-) 
  core/g78648/z                          (u)     in_0->z R     unmapped_nand2        11  44.0     0   262     862    (-,-) 
  core/g78597/z                          (u)     in_0->z R     unmapped_or2          34 136.0     0   321    1183    (-,-) 
  core/g78048/z                          (u)     in_1->z F     unmapped_nand2        13  52.0     0   271    1454    (-,-) 
  core/g76930/z                          (u)     in_1->z R     unmapped_nand2         1   4.0     0   122    1576    (-,-) 
  core/g76184/z                          (u)     in_1->z F     unmapped_nand2         1   4.0     0   122    1698    (-,-) 
  core/g75796/z                          (u)     in_0->z R     unmapped_nand2         1   4.0     0   122    1820    (-,-) 
  core/g75474/z                          (u)     in_0->z F     unmapped_complex2      1   4.0     0   122    1943    (-,-) 
  core/g75395/z                          (u)     in_0->z F     unmapped_or2           2   8.0     0   166    2109    (-,-) 
  core/g78968/z                          (u)     in_1->z F     unmapped_complex2      1   4.0     0   122    2231    (-,-) 
  core/g75342/z                          (u)     in_1->z R     unmapped_nand2        13  52.0     0   271    2502    (-,-) 
  core/g75205/z                          (u)     in_1->z R     unmapped_or2           5  20.0     0   224    2726    (-,-) 
  core/g75080/z                          (u)     in_0->z R     unmapped_or2           1   4.0     0   122    2848    (-,-) 
  core/g79126/z                          (u)     in_0->z R     unmapped_complex2      1   4.0     0   122    2970    (-,-) 
  core/g74410/z                          (u)     in_1->z F     unmapped_nand2         1   4.0     0   122    3092    (-,-) 
  core/g79205/z                          (u)     in_0->z F     unmapped_complex2      1   4.0     0   122    3214    (-,-) 
  core/g74216/z                          (u)     in_1->z F     unmapped_complex2      1   4.0     0   122    3337    (-,-) 
  core/g74104/z                          (u)     in_0->z F     unmapped_complex2      1   4.0     0   122    3459    (-,-) 
  core/g74061/z                          (u)     in_1->z F     unmapped_or2           2   8.0     0   166    3625    (-,-) 
  core/g74015/z                          (u)     in_1->z F     unmapped_or2           1   4.0     0   122    3747    (-,-) 
  core/g74016/z                          (u)     in_1->z R     unmapped_nand2         1   4.0     0   122    3869    (-,-) 
  core/g79292/z                          (u)     in_0->z F     unmapped_complex2      1   4.0     0   122    3991    (-,-) 
  core/g73954/z                          (u)     in_1->z R     unmapped_complex2      1   4.0     0   122    4114    (-,-) 
  core/csm_inst_right_reg_reg[8]/d       -       -       R     unmapped_d_flop        1     -     -     0    4114    (-,-) 
#--------------------------------------------------------------------------------------------------------------------------

(u) : Net has unmapped pin(s).



Path 15: MET (3811 ps) Setup Check with Pin core/csm_inst_right_reg_reg[2]/clk->d
          Group: C2C
     Startpoint: (R) core/csm_inst_round_counter_reg[0]/clk
          Clock: (R) clk
       Endpoint: (R) core/csm_inst_right_reg_reg[2]/d
          Clock: (R) clk

                     Capture       Launch     
        Clock Edge:+   10000            0     
       Src Latency:+       0            0     
       Net Latency:+       0 (I)        0 (I) 
           Arrival:=   10000            0     
                                              
             Setup:-      75                  
       Uncertainty:-    2000                  
     Required Time:=    7925                  
      Launch Clock:-       0                  
         Data Path:-    4114                  
             Slack:=    3811                  

#--------------------------------------------------------------------------------------------------------------------------
#             Timing Point               Flags    Arc    Edge       Cell         Fanout  Load Trans Delay Arrival Instance 
#                                                                                        (fF)  (ps)  (ps)   (ps)  Location 
#--------------------------------------------------------------------------------------------------------------------------
  core/csm_inst_round_counter_reg[0]/clk -       -       R     (arrival)            536     -  2000     0       0    (-,-) 
  core/csm_inst_round_counter_reg[0]/q   (u)     clk->q  R     unmapped_d_flop      169 676.0     0   600     600    (-,-) 
  core/g78648/z                          (u)     in_0->z F     unmapped_nand2        11  44.0     0   262     862    (-,-) 
  core/g78597/z                          (u)     in_0->z F     unmapped_or2          34 136.0     0   321    1183    (-,-) 
  core/g78048/z                          (u)     in_1->z R     unmapped_nand2        13  52.0     0   271    1454    (-,-) 
  core/g76930/z                          (u)     in_1->z F     unmapped_nand2         1   4.0     0   122    1576    (-,-) 
  core/g76184/z                          (u)     in_1->z R     unmapped_nand2         1   4.0     0   122    1698    (-,-) 
  core/g75796/z                          (u)     in_0->z F     unmapped_nand2         1   4.0     0   122    1820    (-,-) 
  core/g75474/z                          (u)     in_0->z R     unmapped_complex2      1   4.0     0   122    1943    (-,-) 
  core/g75395/z                          (u)     in_0->z R     unmapped_or2           2   8.0     0   166    2109    (-,-) 
  core/g78968/z                          (u)     in_1->z R     unmapped_complex2      1   4.0     0   122    2231    (-,-) 
  core/g75342/z                          (u)     in_1->z F     unmapped_nand2        13  52.0     0   271    2502    (-,-) 
  core/g75205/z                          (u)     in_1->z F     unmapped_or2           5  20.0     0   224    2726    (-,-) 
  core/g74893/z                          (u)     in_0->z R     unmapped_nand2         1   4.0     0   122    2848    (-,-) 
  core/g74459/z                          (u)     in_0->z F     unmapped_complex2      1   4.0     0   122    2970    (-,-) 
  core/g74312/z                          (u)     in_0->z R     unmapped_nand2         1   4.0     0   122    3092    (-,-) 
  core/g79240/z                          (u)     in_0->z R     unmapped_complex2      1   4.0     0   122    3214    (-,-) 
  core/g74172/z                          (u)     in_1->z F     unmapped_complex2      1   4.0     0   122    3337    (-,-) 
  core/g74120/z                          (u)     in_1->z R     unmapped_nand2         1   4.0     0   122    3459    (-,-) 
  core/g74051/z                          (u)     in_1->z R     unmapped_or2           2   8.0     0   166    3625    (-,-) 
  core/g74018/z                          (u)     in_1->z F     unmapped_complex2      1   4.0     0   122    3747    (-,-) 
  core/g74019/z                          (u)     in_1->z R     unmapped_nand2         1   4.0     0   122    3869    (-,-) 
  core/g79296/z                          (u)     in_0->z F     unmapped_complex2      1   4.0     0   122    3991    (-,-) 
  core/g73958/z                          (u)     in_1->z R     unmapped_complex2      1   4.0     0   122    4114    (-,-) 
  core/csm_inst_right_reg_reg[2]/d       -       -       R     unmapped_d_flop        1     -     -     0    4114    (-,-) 
#--------------------------------------------------------------------------------------------------------------------------

(u) : Net has unmapped pin(s).



Path 16: MET (3831 ps) Setup Check with Pin core/csm_inst_right_reg_reg[6]/clk->d
          Group: C2C
     Startpoint: (R) core/csm_inst_round_counter_reg[0]/clk
          Clock: (R) clk
       Endpoint: (R) core/csm_inst_right_reg_reg[6]/d
          Clock: (R) clk

                     Capture       Launch     
        Clock Edge:+   10000            0     
       Src Latency:+       0            0     
       Net Latency:+       0 (I)        0 (I) 
           Arrival:=   10000            0     
                                              
             Setup:-      75                  
       Uncertainty:-    2000                  
     Required Time:=    7925                  
      Launch Clock:-       0                  
         Data Path:-    4093                  
             Slack:=    3831                  

#--------------------------------------------------------------------------------------------------------------------------
#             Timing Point               Flags    Arc    Edge       Cell         Fanout  Load Trans Delay Arrival Instance 
#                                                                                        (fF)  (ps)  (ps)   (ps)  Location 
#--------------------------------------------------------------------------------------------------------------------------
  core/csm_inst_round_counter_reg[0]/clk -       -       R     (arrival)            536     -  2000     0       0    (-,-) 
  core/csm_inst_round_counter_reg[0]/q   (u)     clk->q  R     unmapped_d_flop      169 676.0     0   600     600    (-,-) 
  core/g78648/z                          (u)     in_0->z F     unmapped_nand2        11  44.0     0   262     862    (-,-) 
  core/g78597/z                          (u)     in_0->z F     unmapped_or2          34 136.0     0   321    1183    (-,-) 
  core/g78048/z                          (u)     in_1->z R     unmapped_nand2        13  52.0     0   271    1454    (-,-) 
  core/g78749/z                          (u)     in_1->z F     unmapped_complex2      1   4.0     0   122    1576    (-,-) 
  core/g75814/z                          (u)     in_1->z R     unmapped_complex2      1   4.0     0   122    1698    (-,-) 
  core/g75493/z                          (u)     in_0->z R     unmapped_or2           1   4.0     0   122    1820    (-,-) 
  core/g75346/z                          (u)     in_1->z R     unmapped_complex2      2   8.0     0   166    1986    (-,-) 
  core/g78957/z                          (u)     in_1->z R     unmapped_complex2      1   4.0     0   122    2109    (-,-) 
  core/g75332/z                          (u)     in_1->z F     unmapped_nand2        16  64.0     0   285    2394    (-,-) 
  core/g79029/z                          (u)     in_1->z F     unmapped_complex2      1   4.0     0   122    2516    (-,-) 
  core/g75194/z                          (u)     in_1->z R     unmapped_nand2         3  12.0     0   189    2705    (-,-) 
  core/g75036/z                          (u)     in_1->z F     unmapped_nand2         1   4.0     0   122    2828    (-,-) 
  core/g74701/z                          (u)     in_1->z F     unmapped_or2           1   4.0     0   122    2950    (-,-) 
  core/g74652/z                          (u)     in_0->z R     unmapped_nand2         1   4.0     0   122    3072    (-,-) 
  core/g79229/z                          (u)     in_0->z R     unmapped_complex2      1   4.0     0   122    3194    (-,-) 
  core/g74273/z                          (u)     in_1->z R     unmapped_complex2      1   4.0     0   122    3316    (-,-) 
  core/g74230/z                          (u)     in_1->z R     unmapped_or2           1   4.0     0   122    3438    (-,-) 
  core/g74138/z                          (u)     in_0->z R     unmapped_or2           2   8.0     0   166    3604    (-,-) 
  core/g74122/z                          (u)     in_1->z F     unmapped_complex2      1   4.0     0   122    3727    (-,-) 
  core/g74123/z                          (u)     in_1->z R     unmapped_nand2         1   4.0     0   122    3849    (-,-) 
  core/g79291/z                          (u)     in_0->z F     unmapped_complex2      1   4.0     0   122    3971    (-,-) 
  core/g73989/z                          (u)     in_1->z R     unmapped_complex2      1   4.0     0   122    4093    (-,-) 
  core/csm_inst_right_reg_reg[6]/d       -       -       R     unmapped_d_flop        1     -     -     0    4093    (-,-) 
#--------------------------------------------------------------------------------------------------------------------------

(u) : Net has unmapped pin(s).



Path 17: MET (3834 ps) Setup Check with Pin core/csm_inst_right_reg_reg[13]/clk->d
          Group: C2C
     Startpoint: (R) core/csm_inst_round_counter_reg[0]/clk
          Clock: (R) clk
       Endpoint: (R) core/csm_inst_right_reg_reg[13]/d
          Clock: (R) clk

                     Capture       Launch     
        Clock Edge:+   10000            0     
       Src Latency:+       0            0     
       Net Latency:+       0 (I)        0 (I) 
           Arrival:=   10000            0     
                                              
             Setup:-      75                  
       Uncertainty:-    2000                  
     Required Time:=    7925                  
      Launch Clock:-       0                  
         Data Path:-    4091                  
             Slack:=    3834                  

#--------------------------------------------------------------------------------------------------------------------------
#             Timing Point               Flags    Arc    Edge       Cell         Fanout  Load Trans Delay Arrival Instance 
#                                                                                        (fF)  (ps)  (ps)   (ps)  Location 
#--------------------------------------------------------------------------------------------------------------------------
  core/csm_inst_round_counter_reg[0]/clk -       -       R     (arrival)            536     -  2000     0       0    (-,-) 
  core/csm_inst_round_counter_reg[0]/q   (u)     clk->q  F     unmapped_d_flop      169 676.0     0   600     600    (-,-) 
  core/g78639/z                          (u)     in_0->z R     unmapped_complex2      5  20.0     0   224     824    (-,-) 
  core/g78660/z                          (u)     in_1->z F     unmapped_complex2      1   4.0     0   122     946    (-,-) 
  core/g78397/z                          (u)     in_1->z R     unmapped_complex2      1   4.0     0   122    1068    (-,-) 
  core/g78723/z                          (u)     in_0->z R     unmapped_complex2      1   4.0     0   122    1190    (-,-) 
  core/g78740/z                          (u)     in_1->z F     unmapped_complex2      2   8.0     0   166    1356    (-,-) 
  core/g75891/z                          (u)     in_1->z R     unmapped_complex2      1   4.0     0   122    1479    (-,-) 
  core/g75480/z                          (u)     in_0->z F     unmapped_complex2      1   4.0     0   122    1601    (-,-) 
  core/g75432/z                          (u)     in_1->z F     unmapped_or2           1   4.0     0   122    1723    (-,-) 
  core/g75372/z                          (u)     in_1->z R     unmapped_nand2         1   4.0     0   122    1845    (-,-) 
  core/g75254/z                          (u)     in_0->z F     unmapped_complex2      2   8.0     0   166    2011    (-,-) 
  core/g75219/z                          (u)     in_1->z R     unmapped_complex2      1   4.0     0   122    2133    (-,-) 
  core/g75220/z                          (u)     in_1->z F     unmapped_nand2        11  44.0     0   262    2395    (-,-) 
  core/g57366/z                          (u)     in_0->z F     unmapped_complex2      9  36.0     0   252    2647    (-,-) 
  core/g74856/z                          (u)     in_1->z R     unmapped_nand2         6  24.0     0   233    2880    (-,-) 
  core/g79122/z                          (u)     in_0->z R     unmapped_complex2      3  12.0     0   189    3070    (-,-) 
  core/g74438/z                          (u)     in_1->z R     unmapped_or2           1   4.0     0   122    3192    (-,-) 
  core/g74270/z                          (u)     in_1->z F     unmapped_nand2         1   4.0     0   122    3314    (-,-) 
  core/g79251/z                          (u)     in_0->z F     unmapped_complex2      1   4.0     0   122    3436    (-,-) 
  core/g74155/z                          (u)     in_1->z F     unmapped_or2           2   8.0     0   166    3602    (-,-) 
  core/g74087/z                          (u)     in_1->z F     unmapped_or2           1   4.0     0   122    3724    (-,-) 
  core/g74088/z                          (u)     in_1->z R     unmapped_nand2         1   4.0     0   122    3847    (-,-) 
  core/g79273/z                          (u)     in_0->z F     unmapped_complex2      1   4.0     0   122    3969    (-,-) 
  core/g74005/z                          (u)     in_1->z R     unmapped_complex2      1   4.0     0   122    4091    (-,-) 
  core/csm_inst_right_reg_reg[13]/d      -       -       R     unmapped_d_flop        1     -     -     0    4091    (-,-) 
#--------------------------------------------------------------------------------------------------------------------------

(u) : Net has unmapped pin(s).



Path 18: MET (3842 ps) Setup Check with Pin core/csm_inst_right_reg_reg[11]/clk->d
          Group: C2C
     Startpoint: (R) core/csm_inst_round_counter_reg[0]/clk
          Clock: (R) clk
       Endpoint: (R) core/csm_inst_right_reg_reg[11]/d
          Clock: (R) clk

                     Capture       Launch     
        Clock Edge:+   10000            0     
       Src Latency:+       0            0     
       Net Latency:+       0 (I)        0 (I) 
           Arrival:=   10000            0     
                                              
             Setup:-      75                  
       Uncertainty:-    2000                  
     Required Time:=    7925                  
      Launch Clock:-       0                  
         Data Path:-    4082                  
             Slack:=    3842                  

#--------------------------------------------------------------------------------------------------------------------------
#             Timing Point               Flags    Arc    Edge       Cell         Fanout  Load Trans Delay Arrival Instance 
#                                                                                        (fF)  (ps)  (ps)   (ps)  Location 
#--------------------------------------------------------------------------------------------------------------------------
  core/csm_inst_round_counter_reg[0]/clk -       -       R     (arrival)            536     -  2000     0       0    (-,-) 
  core/csm_inst_round_counter_reg[0]/q   (u)     clk->q  R     unmapped_d_flop      169 676.0     0   600     600    (-,-) 
  core/g55474/z                          (u)     in_0->z R     unmapped_or2          11  44.0     0   262     862    (-,-) 
  core/g78611/z                          (u)     in_1->z R     unmapped_complex2      7  28.0     0   240    1102    (-,-) 
  core/g78706/z                          (u)     in_1->z F     unmapped_complex2      1   4.0     0   122    1224    (-,-) 
  core/g77383/z                          (u)     in_1->z R     unmapped_complex2      1   4.0     0   122    1346    (-,-) 
  core/g78799/z                          (u)     in_0->z R     unmapped_complex2      1   4.0     0   122    1468    (-,-) 
  core/g78850/z                          (u)     in_1->z F     unmapped_complex2      1   4.0     0   122    1591    (-,-) 
  core/g75507/z                          (u)     in_1->z F     unmapped_or2           1   4.0     0   122    1713    (-,-) 
  core/g75418/z                          (u)     in_1->z R     unmapped_complex2      1   4.0     0   122    1835    (-,-) 
  core/g78946/z                          (u)     in_0->z F     unmapped_complex2      2   8.0     0   166    2001    (-,-) 
  core/g75289/z                          (u)     in_1->z F     unmapped_or2           1   4.0     0   122    2123    (-,-) 
  core/g75290/z                          (u)     in_1->z R     unmapped_nand2        13  52.0     0   271    2394    (-,-) 
  core/g79012/z                          (u)     in_1->z R     unmapped_complex2      6  24.0     0   233    2627    (-,-) 
  core/g75022/z                          (u)     in_1->z R     unmapped_or2           3  12.0     0   189    2817    (-,-) 
  core/g74536/z                          (u)     in_0->z F     unmapped_nand2         1   4.0     0   122    2939    (-,-) 
  core/g74469/z                          (u)     in_0->z R     unmapped_nand2         1   4.0     0   122    3061    (-,-) 
  core/g74323/z                          (u)     in_1->z F     unmapped_nand2         1   4.0     0   122    3183    (-,-) 
  core/g79246/z                          (u)     in_0->z R     unmapped_complex2      1   4.0     0   122    3306    (-,-) 
  core/g74159/z                          (u)     in_1->z F     unmapped_nand2         1   4.0     0   122    3428    (-,-) 
  core/g74110/z                          (u)     in_1->z F     unmapped_or2           2   8.0     0   166    3594    (-,-) 
  core/g74032/z                          (u)     in_1->z F     unmapped_or2           1   4.0     0   122    3716    (-,-) 
  core/g74033/z                          (u)     in_1->z R     unmapped_nand2         1   4.0     0   122    3838    (-,-) 
  core/g79285/z                          (u)     in_0->z F     unmapped_complex2      1   4.0     0   122    3960    (-,-) 
  core/g73972/z                          (u)     in_0->z R     unmapped_nand2         1   4.0     0   122    4082    (-,-) 
  core/csm_inst_right_reg_reg[11]/d      -       -       R     unmapped_d_flop        1     -     -     0    4082    (-,-) 
#--------------------------------------------------------------------------------------------------------------------------

(u) : Net has unmapped pin(s).



Path 19: MET (3843 ps) Setup Check with Pin core/csm_inst_right_reg_reg[31]/clk->d
          Group: C2C
     Startpoint: (R) core/csm_inst_round_counter_reg[0]/clk
          Clock: (R) clk
       Endpoint: (R) core/csm_inst_right_reg_reg[31]/d
          Clock: (R) clk

                     Capture       Launch     
        Clock Edge:+   10000            0     
       Src Latency:+       0            0     
       Net Latency:+       0 (I)        0 (I) 
           Arrival:=   10000            0     
                                              
             Setup:-      75                  
       Uncertainty:-    2000                  
     Required Time:=    7925                  
      Launch Clock:-       0                  
         Data Path:-    4082                  
             Slack:=    3843                  

#--------------------------------------------------------------------------------------------------------------------------
#             Timing Point               Flags    Arc    Edge       Cell         Fanout  Load Trans Delay Arrival Instance 
#                                                                                        (fF)  (ps)  (ps)   (ps)  Location 
#--------------------------------------------------------------------------------------------------------------------------
  core/csm_inst_round_counter_reg[0]/clk -       -       R     (arrival)            536     -  2000     0       0    (-,-) 
  core/csm_inst_round_counter_reg[0]/q   (u)     clk->q  R     unmapped_d_flop      169 676.0     0   600     600    (-,-) 
  core/g78648/z                          (u)     in_0->z F     unmapped_nand2        11  44.0     0   262     862    (-,-) 
  core/g78597/z                          (u)     in_0->z F     unmapped_or2          34 136.0     0   321    1183    (-,-) 
  core/g78048/z                          (u)     in_1->z R     unmapped_nand2        13  52.0     0   271    1454    (-,-) 
  core/g78749/z                          (u)     in_1->z F     unmapped_complex2      1   4.0     0   122    1576    (-,-) 
  core/g75814/z                          (u)     in_1->z R     unmapped_complex2      1   4.0     0   122    1698    (-,-) 
  core/g75493/z                          (u)     in_0->z R     unmapped_or2           1   4.0     0   122    1820    (-,-) 
  core/g75346/z                          (u)     in_1->z R     unmapped_complex2      2   8.0     0   166    1986    (-,-) 
  core/g78957/z                          (u)     in_1->z R     unmapped_complex2      1   4.0     0   122    2109    (-,-) 
  core/g75332/z                          (u)     in_1->z F     unmapped_nand2        16  64.0     0   285    2394    (-,-) 
  core/g78997/z                          (u)     in_1->z R     unmapped_complex2      6  24.0     0   233    2627    (-,-) 
  core/g57721/z                          (u)     in_1->z R     unmapped_complex2      3  12.0     0   189    2816    (-,-) 
  core/g74839/z                          (u)     in_0->z R     unmapped_or2           1   4.0     0   122    2938    (-,-) 
  core/g74538/z                          (u)     in_0->z F     unmapped_nand2         1   4.0     0   122    3061    (-,-) 
  core/g79169/z                          (u)     in_0->z F     unmapped_complex2      1   4.0     0   122    3183    (-,-) 
  core/g74280/z                          (u)     in_0->z R     unmapped_nand2         1   4.0     0   122    3305    (-,-) 
  core/g74180/z                          (u)     in_0->z F     unmapped_complex2      1   4.0     0   122    3427    (-,-) 
  core/g74171/z                          (u)     in_1->z F     unmapped_or2           2   8.0     0   166    3593    (-,-) 
  core/g74128/z                          (u)     in_1->z F     unmapped_or2           1   4.0     0   122    3715    (-,-) 
  core/g74129/z                          (u)     in_1->z R     unmapped_nand2         1   4.0     0   122    3838    (-,-) 
  core/g79267/z                          (u)     in_0->z F     unmapped_complex2      1   4.0     0   122    3960    (-,-) 
  core/g73983/z                          (u)     in_1->z R     unmapped_complex2      1   4.0     0   122    4082    (-,-) 
  core/csm_inst_right_reg_reg[31]/d      -       -       R     unmapped_d_flop        1     -     -     0    4082    (-,-) 
#--------------------------------------------------------------------------------------------------------------------------

(u) : Net has unmapped pin(s).



Path 20: MET (3844 ps) Setup Check with Pin core/csm_inst_right_reg_reg[25]/clk->d
          Group: C2C
     Startpoint: (R) core/csm_inst_round_counter_reg[0]/clk
          Clock: (R) clk
       Endpoint: (R) core/csm_inst_right_reg_reg[25]/d
          Clock: (R) clk

                     Capture       Launch     
        Clock Edge:+   10000            0     
       Src Latency:+       0            0     
       Net Latency:+       0 (I)        0 (I) 
           Arrival:=   10000            0     
                                              
             Setup:-      75                  
       Uncertainty:-    2000                  
     Required Time:=    7925                  
      Launch Clock:-       0                  
         Data Path:-    4080                  
             Slack:=    3844                  

#--------------------------------------------------------------------------------------------------------------------------
#             Timing Point               Flags    Arc    Edge       Cell         Fanout  Load Trans Delay Arrival Instance 
#                                                                                        (fF)  (ps)  (ps)   (ps)  Location 
#--------------------------------------------------------------------------------------------------------------------------
  core/csm_inst_round_counter_reg[0]/clk -       -       R     (arrival)            536     -  2000     0       0    (-,-) 
  core/csm_inst_round_counter_reg[0]/q   (u)     clk->q  F     unmapped_d_flop      169 676.0     0   600     600    (-,-) 
  core/g78648/z                          (u)     in_0->z R     unmapped_nand2        11  44.0     0   262     862    (-,-) 
  core/g78583/z                          (u)     in_1->z R     unmapped_or2          16  64.0     0   285    1147    (-,-) 
  core/g67205/z                          (u)     in_1->z R     unmapped_complex2      1   4.0     0   122    1269    (-,-) 
  core/g77340/z                          (u)     in_1->z F     unmapped_nand2         1   4.0     0   122    1391    (-,-) 
  core/g75867/z                          (u)     in_0->z F     unmapped_complex2      1   4.0     0   122    1513    (-,-) 
  core/g75572/z                          (u)     in_0->z F     unmapped_complex2      1   4.0     0   122    1635    (-,-) 
  core/g78935/z                          (u)     in_0->z F     unmapped_complex2      1   4.0     0   122    1758    (-,-) 
  core/g78949/z                          (u)     in_1->z F     unmapped_complex2      2   8.0     0   166    1924    (-,-) 
  core/g75259/z                          (u)     in_1->z F     unmapped_or2           1   4.0     0   122    2046    (-,-) 
  core/g75260/z                          (u)     in_1->z R     unmapped_nand2        19  76.0     0   291    2337    (-,-) 
  core/g75143/z                          (u)     in_1->z R     unmapped_or2           1   4.0     0   122    2459    (-,-) 
  core/g75075/z                          (u)     in_1->z R     unmapped_or2           2   8.0     0   166    2625    (-,-) 
  core/g79102/z                          (u)     in_0->z R     unmapped_complex2      3  12.0     0   189    2815    (-,-) 
  core/g74647/z                          (u)     in_1->z R     unmapped_complex2      1   4.0     0   122    2937    (-,-) 
  core/g74359/z                          (u)     in_1->z F     unmapped_nand2         1   4.0     0   122    3059    (-,-) 
  core/g79226/z                          (u)     in_0->z F     unmapped_complex2      1   4.0     0   122    3181    (-,-) 
  core/g74232/z                          (u)     in_1->z R     unmapped_nand2         1   4.0     0   122    3304    (-,-) 
  core/g74137/z                          (u)     in_1->z F     unmapped_nand2         1   4.0     0   122    3426    (-,-) 
  core/g74089/z                          (u)     in_1->z F     unmapped_or2           2   8.0     0   166    3592    (-,-) 
  core/g74049/z                          (u)     in_1->z F     unmapped_or2           1   4.0     0   122    3714    (-,-) 
  core/g74050/z                          (u)     in_1->z R     unmapped_nand2         1   4.0     0   122    3836    (-,-) 
  core/g79289/z                          (u)     in_0->z F     unmapped_complex2      1   4.0     0   122    3958    (-,-) 
  core/g73978/z                          (u)     in_1->z R     unmapped_complex2      1   4.0     0   122    4080    (-,-) 
  core/csm_inst_right_reg_reg[25]/d      -       -       R     unmapped_d_flop        1     -     -     0    4080    (-,-) 
#--------------------------------------------------------------------------------------------------------------------------

(u) : Net has unmapped pin(s).



Path 21: MET (3848 ps) Setup Check with Pin core/csm_inst_right_reg_reg[28]/clk->d
          Group: C2C
     Startpoint: (R) core/csm_inst_round_counter_reg[0]/clk
          Clock: (R) clk
       Endpoint: (R) core/csm_inst_right_reg_reg[28]/d
          Clock: (R) clk

                     Capture       Launch     
        Clock Edge:+   10000            0     
       Src Latency:+       0            0     
       Net Latency:+       0 (I)        0 (I) 
           Arrival:=   10000            0     
                                              
             Setup:-      75                  
       Uncertainty:-    2000                  
     Required Time:=    7925                  
      Launch Clock:-       0                  
         Data Path:-    4077                  
             Slack:=    3848                  

#--------------------------------------------------------------------------------------------------------------------------
#             Timing Point               Flags    Arc    Edge       Cell         Fanout  Load Trans Delay Arrival Instance 
#                                                                                        (fF)  (ps)  (ps)   (ps)  Location 
#--------------------------------------------------------------------------------------------------------------------------
  core/csm_inst_round_counter_reg[0]/clk -       -       R     (arrival)            536     -  2000     0       0    (-,-) 
  core/csm_inst_round_counter_reg[0]/q   (u)     clk->q  R     unmapped_d_flop      169 676.0     0   600     600    (-,-) 
  core/g78648/z                          (u)     in_0->z F     unmapped_nand2        11  44.0     0   262     862    (-,-) 
  core/g78597/z                          (u)     in_0->z F     unmapped_or2          34 136.0     0   321    1183    (-,-) 
  core/g78048/z                          (u)     in_1->z R     unmapped_nand2        13  52.0     0   271    1454    (-,-) 
  core/g77147/z                          (u)     in_1->z F     unmapped_nand2         1   4.0     0   122    1576    (-,-) 
  core/g76022/z                          (u)     in_1->z R     unmapped_nand2         1   4.0     0   122    1698    (-,-) 
  core/g75862/z                          (u)     in_0->z F     unmapped_nand2         1   4.0     0   122    1820    (-,-) 
  core/g75598/z                          (u)     in_0->z R     unmapped_complex2      1   4.0     0   122    1943    (-,-) 
  core/g75314/z                          (u)     in_0->z R     unmapped_or2           2   8.0     0   166    2109    (-,-) 
  core/g75197/z                          (u)     in_1->z F     unmapped_complex2      1   4.0     0   122    2231    (-,-) 
  core/g75198/z                          (u)     in_1->z R     unmapped_nand2        18  72.0     0   289    2520    (-,-) 
  core/g74936/z                          (u)     in_0->z F     unmapped_nand2         5  20.0     0   224    2744    (-,-) 
  core/g74870/z                          (u)     in_0->z F     unmapped_or2           3  12.0     0   189    2933    (-,-) 
  core/g79140/z                          (u)     in_0->z F     unmapped_complex2      1   4.0     0   122    3056    (-,-) 
  core/g74342/z                          (u)     in_1->z R     unmapped_nand2         1   4.0     0   122    3178    (-,-) 
  core/g74185/z                          (u)     in_0->z R     unmapped_complex2      1   4.0     0   122    3300    (-,-) 
  core/g79259/z                          (u)     in_0->z R     unmapped_complex2      1   4.0     0   122    3422    (-,-) 
  core/g74114/z                          (u)     in_1->z R     unmapped_or2           2   8.0     0   166    3588    (-,-) 
  core/g74026/z                          (u)     in_1->z F     unmapped_complex2      1   4.0     0   122    3710    (-,-) 
  core/g74027/z                          (u)     in_1->z R     unmapped_nand2         1   4.0     0   122    3832    (-,-) 
  core/g79280/z                          (u)     in_0->z F     unmapped_complex2      1   4.0     0   122    3955    (-,-) 
  core/g73965/z                          (u)     in_1->z R     unmapped_complex2      1   4.0     0   122    4077    (-,-) 
  core/csm_inst_right_reg_reg[28]/d      -       -       R     unmapped_d_flop        1     -     -     0    4077    (-,-) 
#--------------------------------------------------------------------------------------------------------------------------

(u) : Net has unmapped pin(s).



Path 22: MET (3853 ps) Setup Check with Pin core/csm_inst_right_reg_reg[9]/clk->d
          Group: C2C
     Startpoint: (R) core/csm_inst_round_counter_reg[0]/clk
          Clock: (R) clk
       Endpoint: (R) core/csm_inst_right_reg_reg[9]/d
          Clock: (R) clk

                     Capture       Launch     
        Clock Edge:+   10000            0     
       Src Latency:+       0            0     
       Net Latency:+       0 (I)        0 (I) 
           Arrival:=   10000            0     
                                              
             Setup:-      75                  
       Uncertainty:-    2000                  
     Required Time:=    7925                  
      Launch Clock:-       0                  
         Data Path:-    4071                  
             Slack:=    3853                  

#--------------------------------------------------------------------------------------------------------------------------
#             Timing Point               Flags    Arc    Edge       Cell         Fanout  Load Trans Delay Arrival Instance 
#                                                                                        (fF)  (ps)  (ps)   (ps)  Location 
#--------------------------------------------------------------------------------------------------------------------------
  core/csm_inst_round_counter_reg[0]/clk -       -       R     (arrival)            536     -  2000     0       0    (-,-) 
  core/csm_inst_round_counter_reg[0]/q   (u)     clk->q  F     unmapped_d_flop      169 676.0     0   600     600    (-,-) 
  core/g78650/z                          (u)     in_0->z R     unmapped_complex2     10  40.0     0   257     857    (-,-) 
  core/g78565/z                          (u)     in_1->z R     unmapped_complex2      8  32.0     0   248    1104    (-,-) 
  core/g78390/z                          (u)     in_1->z R     unmapped_complex2      1   4.0     0   122    1227    (-,-) 
  core/g77397/z                          (u)     in_0->z F     unmapped_nand2         1   4.0     0   122    1349    (-,-) 
  core/g78810/z                          (u)     in_0->z F     unmapped_complex2      1   4.0     0   122    1471    (-,-) 
  core/g75630/z                          (u)     in_1->z F     unmapped_or2           1   4.0     0   122    1593    (-,-) 
  core/g75563/z                          (u)     in_1->z F     unmapped_or2           1   4.0     0   122    1715    (-,-) 
  core/g75398/z                          (u)     in_1->z R     unmapped_complex2      1   4.0     0   122    1838    (-,-) 
  core/g75347/z                          (u)     in_0->z F     unmapped_complex2      2   8.0     0   166    2004    (-,-) 
  core/g78978/z                          (u)     in_1->z F     unmapped_complex2      1   4.0     0   122    2126    (-,-) 
  core/g75231/z                          (u)     in_1->z R     unmapped_nand2        12  48.0     0   266    2392    (-,-) 
  core/g79035/z                          (u)     in_1->z F     unmapped_complex2      8  32.0     0   248    2640    (-,-) 
  core/g65334/z                          (u)     in_1->z R     unmapped_nand2         2   8.0     0   166    2806    (-,-) 
  core/g74590/z                          (u)     in_0->z F     unmapped_nand2         1   4.0     0   122    2928    (-,-) 
  core/g74421/z                          (u)     in_1->z R     unmapped_nand2         1   4.0     0   122    3050    (-,-) 
  core/g79216/z                          (u)     in_0->z R     unmapped_complex2      1   4.0     0   122    3172    (-,-) 
  core/g74211/z                          (u)     in_1->z F     unmapped_complex2      1   4.0     0   122    3294    (-,-) 
  core/g74153/z                          (u)     in_1->z R     unmapped_nand2         1   4.0     0   122    3416    (-,-) 
  core/g74115/z                          (u)     in_1->z R     unmapped_or2           2   8.0     0   166    3582    (-,-) 
  core/g74059/z                          (u)     in_1->z F     unmapped_complex2      1   4.0     0   122    3705    (-,-) 
  core/g74060/z                          (u)     in_1->z R     unmapped_nand2         1   4.0     0   122    3827    (-,-) 
  core/g79282/z                          (u)     in_0->z F     unmapped_complex2      1   4.0     0   122    3949    (-,-) 
  core/g73967/z                          (u)     in_1->z R     unmapped_complex2      1   4.0     0   122    4071    (-,-) 
  core/csm_inst_right_reg_reg[9]/d       -       -       R     unmapped_d_flop        1     -     -     0    4071    (-,-) 
#--------------------------------------------------------------------------------------------------------------------------

(u) : Net has unmapped pin(s).



Path 23: MET (3856 ps) Setup Check with Pin core/csm_inst_right_reg_reg[26]/clk->d
          Group: C2C
     Startpoint: (R) core/csm_inst_round_counter_reg[3]/clk
          Clock: (R) clk
       Endpoint: (R) core/csm_inst_right_reg_reg[26]/d
          Clock: (R) clk

                     Capture       Launch     
        Clock Edge:+   10000            0     
       Src Latency:+       0            0     
       Net Latency:+       0 (I)        0 (I) 
           Arrival:=   10000            0     
                                              
             Setup:-      75                  
       Uncertainty:-    2000                  
     Required Time:=    7925                  
      Launch Clock:-       0                  
         Data Path:-    4068                  
             Slack:=    3856                  

#--------------------------------------------------------------------------------------------------------------------------
#             Timing Point               Flags    Arc    Edge       Cell         Fanout  Load Trans Delay Arrival Instance 
#                                                                                        (fF)  (ps)  (ps)   (ps)  Location 
#--------------------------------------------------------------------------------------------------------------------------
  core/csm_inst_round_counter_reg[3]/clk -       -       R     (arrival)            536     -  2000     0       0    (-,-) 
  core/csm_inst_round_counter_reg[3]/q   (u)     clk->q  F     unmapped_d_flop      122 488.0     0   552     552    (-,-) 
  core/g55519/z                          (u)     in_0->z F     unmapped_complex2      3  12.0     0   189     742    (-,-) 
  core/g20252/z                          (u)     in_1->z R     unmapped_nand2         3  12.0     0   189     931    (-,-) 
  core/g77982/z                          (u)     in_0->z R     unmapped_complex2      1   4.0     0   122    1054    (-,-) 
  core/g76838/z                          (u)     in_1->z F     unmapped_nand2         1   4.0     0   122    1176    (-,-) 
  core/g78822/z                          (u)     in_0->z F     unmapped_complex2      1   4.0     0   122    1298    (-,-) 
  core/g75659/z                          (u)     in_1->z R     unmapped_complex2      1   4.0     0   122    1420    (-,-) 
  core/g78863/z                          (u)     in_0->z F     unmapped_complex2      1   4.0     0   122    1542    (-,-) 
  core/g75449/z                          (u)     in_0->z R     unmapped_nand2         1   4.0     0   122    1664    (-,-) 
  core/g75390/z                          (u)     in_0->z F     unmapped_nand2         1   4.0     0   122    1787    (-,-) 
  core/g78982/z                          (u)     in_0->z R     unmapped_complex2      1   4.0     0   122    1909    (-,-) 
  core/g75180/z                          (u)     in_1->z R     unmapped_complex2      2   8.0     0   166    2075    (-,-) 
  core/g75047/z                          (u)     in_1->z R     unmapped_or2           1   4.0     0   122    2197    (-,-) 
  core/g75048/z                          (u)     in_1->z F     unmapped_nand2        13  52.0     0   271    2468    (-,-) 
  core/g79076/z                          (u)     in_0->z F     unmapped_complex2      6  24.0     0   233    2701    (-,-) 
  core/g74584/z                          (u)     in_0->z R     unmapped_nand2         5  20.0     0   224    2925    (-,-) 
  core/g74481/z                          (u)     in_0->z F     unmapped_complex2      1   4.0     0   122    3047    (-,-) 
  core/g74317/z                          (u)     in_1->z R     unmapped_nand2         1   4.0     0   122    3169    (-,-) 
  core/g74191/z                          (u)     in_1->z R     unmapped_complex2      1   4.0     0   122    3292    (-,-) 
  core/g74165/z                          (u)     in_0->z R     unmapped_or2           1   4.0     0   122    3414    (-,-) 
  core/g74084/z                          (u)     in_1->z R     unmapped_or2           2   8.0     0   166    3580    (-,-) 
  core/g74023/z                          (u)     in_1->z F     unmapped_complex2      1   4.0     0   122    3702    (-,-) 
  core/g74024/z                          (u)     in_1->z R     unmapped_nand2         1   4.0     0   122    3824    (-,-) 
  core/g79281/z                          (u)     in_0->z F     unmapped_complex2      1   4.0     0   122    3946    (-,-) 
  core/g73966/z                          (u)     in_1->z R     unmapped_complex2      1   4.0     0   122    4068    (-,-) 
  core/csm_inst_right_reg_reg[26]/d      -       -       R     unmapped_d_flop        1     -     -     0    4068    (-,-) 
#--------------------------------------------------------------------------------------------------------------------------

(u) : Net has unmapped pin(s).



Path 24: MET (3866 ps) Setup Check with Pin core/csm_inst_right_reg_reg[22]/clk->d
          Group: C2C
     Startpoint: (R) core/csm_inst_round_counter_reg[0]/clk
          Clock: (R) clk
       Endpoint: (R) core/csm_inst_right_reg_reg[22]/d
          Clock: (R) clk

                     Capture       Launch     
        Clock Edge:+   10000            0     
       Src Latency:+       0            0     
       Net Latency:+       0 (I)        0 (I) 
           Arrival:=   10000            0     
                                              
             Setup:-      75                  
       Uncertainty:-    2000                  
     Required Time:=    7925                  
      Launch Clock:-       0                  
         Data Path:-    4059                  
             Slack:=    3866                  

#--------------------------------------------------------------------------------------------------------------------------
#             Timing Point               Flags    Arc    Edge       Cell         Fanout  Load Trans Delay Arrival Instance 
#                                                                                        (fF)  (ps)  (ps)   (ps)  Location 
#--------------------------------------------------------------------------------------------------------------------------
  core/csm_inst_round_counter_reg[0]/clk -       -       R     (arrival)            536     -  2000     0       0    (-,-) 
  core/csm_inst_round_counter_reg[0]/q   (u)     clk->q  R     unmapped_d_flop      169 676.0     0   600     600    (-,-) 
  core/g78648/z                          (u)     in_0->z F     unmapped_nand2        11  44.0     0   262     862    (-,-) 
  core/g78597/z                          (u)     in_0->z F     unmapped_or2          34 136.0     0   321    1183    (-,-) 
  core/g78048/z                          (u)     in_1->z R     unmapped_nand2        13  52.0     0   271    1454    (-,-) 
  core/g78749/z                          (u)     in_1->z F     unmapped_complex2      1   4.0     0   122    1576    (-,-) 
  core/g75814/z                          (u)     in_1->z R     unmapped_complex2      1   4.0     0   122    1698    (-,-) 
  core/g75493/z                          (u)     in_0->z R     unmapped_or2           1   4.0     0   122    1820    (-,-) 
  core/g75346/z                          (u)     in_1->z R     unmapped_complex2      2   8.0     0   166    1986    (-,-) 
  core/g78957/z                          (u)     in_1->z R     unmapped_complex2      1   4.0     0   122    2109    (-,-) 
  core/g75332/z                          (u)     in_1->z F     unmapped_nand2        16  64.0     0   285    2394    (-,-) 
  core/g79000/z                          (u)     in_1->z R     unmapped_complex2      6  24.0     0   233    2627    (-,-) 
  core/g65382/z                          (u)     in_1->z R     unmapped_or2           2   8.0     0   166    2793    (-,-) 
  core/g74890/z                          (u)     in_1->z F     unmapped_nand2         1   4.0     0   122    2915    (-,-) 
  core/g79163/z                          (u)     in_0->z R     unmapped_complex2      1   4.0     0   122    3037    (-,-) 
  core/g74489/z                          (u)     in_0->z F     unmapped_nand2         1   4.0     0   122    3159    (-,-) 
  core/g79231/z                          (u)     in_0->z F     unmapped_complex2      1   4.0     0   122    3282    (-,-) 
  core/g74198/z                          (u)     in_1->z F     unmapped_complex2      1   4.0     0   122    3404    (-,-) 
  core/g74160/z                          (u)     in_1->z F     unmapped_or2           2   8.0     0   166    3570    (-,-) 
  core/g74100/z                          (u)     in_1->z F     unmapped_or2           1   4.0     0   122    3692    (-,-) 
  core/g74101/z                          (u)     in_1->z R     unmapped_nand2         1   4.0     0   122    3814    (-,-) 
  core/g79270/z                          (u)     in_0->z F     unmapped_complex2      1   4.0     0   122    3936    (-,-) 
  core/g73996/z                          (u)     in_1->z R     unmapped_complex2      1   4.0     0   122    4059    (-,-) 
  core/csm_inst_right_reg_reg[22]/d      -       -       R     unmapped_d_flop        1     -     -     0    4059    (-,-) 
#--------------------------------------------------------------------------------------------------------------------------

(u) : Net has unmapped pin(s).



Path 25: MET (3877 ps) Setup Check with Pin core/csm_inst_right_reg_reg[0]/clk->d
          Group: C2C
     Startpoint: (R) core/csm_inst_round_counter_reg[0]/clk
          Clock: (R) clk
       Endpoint: (R) core/csm_inst_right_reg_reg[0]/d
          Clock: (R) clk

                     Capture       Launch     
        Clock Edge:+   10000            0     
       Src Latency:+       0            0     
       Net Latency:+       0 (I)        0 (I) 
           Arrival:=   10000            0     
                                              
             Setup:-      75                  
       Uncertainty:-    2000                  
     Required Time:=    7925                  
      Launch Clock:-       0                  
         Data Path:-    4048                  
             Slack:=    3877                  

#--------------------------------------------------------------------------------------------------------------------------
#             Timing Point               Flags    Arc    Edge       Cell         Fanout  Load Trans Delay Arrival Instance 
#                                                                                        (fF)  (ps)  (ps)   (ps)  Location 
#--------------------------------------------------------------------------------------------------------------------------
  core/csm_inst_round_counter_reg[0]/clk -       -       R     (arrival)            536     -  2000     0       0    (-,-) 
  core/csm_inst_round_counter_reg[0]/q   (u)     clk->q  R     unmapped_d_flop      169 676.0     0   600     600    (-,-) 
  core/g21785/z                          (u)     in_0->z F     unmapped_nand2         7  28.0     0   240     840    (-,-) 
  core/g78601/z                          (u)     in_0->z F     unmapped_complex2      1   4.0     0   122     962    (-,-) 
  core/g78240/z                          (u)     in_0->z R     unmapped_nand2         1   4.0     0   122    1085    (-,-) 
  core/g78728/z                          (u)     in_0->z R     unmapped_complex2      1   4.0     0   122    1207    (-,-) 
  core/g75974/z                          (u)     in_1->z R     unmapped_complex2      2   8.0     0   166    1373    (-,-) 
  core/g78830/z                          (u)     in_0->z F     unmapped_complex2      1   4.0     0   122    1495    (-,-) 
  core/g75566/z                          (u)     in_0->z R     unmapped_nand2         1   4.0     0   122    1617    (-,-) 
  core/g75417/z                          (u)     in_1->z R     unmapped_or2           1   4.0     0   122    1740    (-,-) 
  core/g75358/z                          (u)     in_0->z R     unmapped_or2           1   4.0     0   122    1862    (-,-) 
  core/g78953/z                          (u)     in_0->z R     unmapped_complex2      2   8.0     0   166    2028    (-,-) 
  core/g75213/z                          (u)     in_1->z F     unmapped_complex2      1   4.0     0   122    2150    (-,-) 
  core/g75214/z                          (u)     in_1->z R     unmapped_nand2        12  48.0     0   266    2416    (-,-) 
  core/g79032/z                          (u)     in_0->z F     unmapped_complex2      8  32.0     0   248    2664    (-,-) 
  core/g5363/z                           (u)     in_0->z R     unmapped_nand2         7  28.0     0   240    2904    (-,-) 
  core/g65297/z                          (u)     in_0->z R     unmapped_or2           1   4.0     0   122    3026    (-,-) 
  core/g74372/z                          (u)     in_1->z F     unmapped_nand2         1   4.0     0   122    3148    (-,-) 
  core/g74302/z                          (u)     in_0->z R     unmapped_complex2      1   4.0     0   122    3270    (-,-) 
  core/g74227/z                          (u)     in_1->z F     unmapped_complex2      1   4.0     0   122    3393    (-,-) 
  core/g74140/z                          (u)     in_1->z F     unmapped_or2           2   8.0     0   166    3559    (-,-) 
  core/g74096/z                          (u)     in_1->z F     unmapped_or2           1   4.0     0   122    3681    (-,-) 
  core/g74097/z                          (u)     in_1->z R     unmapped_nand2         1   4.0     0   122    3803    (-,-) 
  core/g79269/z                          (u)     in_0->z F     unmapped_complex2      1   4.0     0   122    3925    (-,-) 
  core/g73994/z                          (u)     in_1->z R     unmapped_complex2      1   4.0     0   122    4048    (-,-) 
  core/csm_inst_right_reg_reg[0]/d       -       -       R     unmapped_d_flop        1     -     -     0    4048    (-,-) 
#--------------------------------------------------------------------------------------------------------------------------

(u) : Net has unmapped pin(s).



Path 26: MET (3880 ps) Setup Check with Pin core/csm_inst_right_reg_reg[29]/clk->d
          Group: C2C
     Startpoint: (R) core/csm_inst_round_counter_reg[0]/clk
          Clock: (R) clk
       Endpoint: (R) core/csm_inst_right_reg_reg[29]/d
          Clock: (R) clk

                     Capture       Launch     
        Clock Edge:+   10000            0     
       Src Latency:+       0            0     
       Net Latency:+       0 (I)        0 (I) 
           Arrival:=   10000            0     
                                              
             Setup:-      75                  
       Uncertainty:-    2000                  
     Required Time:=    7925                  
      Launch Clock:-       0                  
         Data Path:-    4044                  
             Slack:=    3880                  

#--------------------------------------------------------------------------------------------------------------------------
#             Timing Point               Flags    Arc    Edge       Cell         Fanout  Load Trans Delay Arrival Instance 
#                                                                                        (fF)  (ps)  (ps)   (ps)  Location 
#--------------------------------------------------------------------------------------------------------------------------
  core/csm_inst_round_counter_reg[0]/clk -       -       R     (arrival)            536     -  2000     0       0    (-,-) 
  core/csm_inst_round_counter_reg[0]/q   (u)     clk->q  R     unmapped_d_flop      169 676.0     0   600     600    (-,-) 
  core/g78648/z                          (u)     in_0->z F     unmapped_nand2        11  44.0     0   262     862    (-,-) 
  core/g78597/z                          (u)     in_0->z F     unmapped_or2          34 136.0     0   321    1183    (-,-) 
  core/g78048/z                          (u)     in_1->z R     unmapped_nand2        13  52.0     0   271    1454    (-,-) 
  core/g77269/z                          (u)     in_1->z F     unmapped_nand2         1   4.0     0   122    1576    (-,-) 
  core/g75934/z                          (u)     in_1->z R     unmapped_nand2         1   4.0     0   122    1698    (-,-) 
  core/g75926/z                          (u)     in_0->z F     unmapped_nand2         1   4.0     0   122    1820    (-,-) 
  core/g75481/z                          (u)     in_0->z R     unmapped_complex2      1   4.0     0   122    1943    (-,-) 
  core/g75367/z                          (u)     in_0->z R     unmapped_or2           2   8.0     0   166    2109    (-,-) 
  core/g75334/z                          (u)     in_1->z R     unmapped_or2           1   4.0     0   122    2231    (-,-) 
  core/g75335/z                          (u)     in_1->z F     unmapped_nand2        13  52.0     0   271    2502    (-,-) 
  core/g6566/z                           (u)     in_1->z R     unmapped_nand2         6  24.0     0   233    2735    (-,-) 
  core/g74766/z                          (u)     in_0->z R     unmapped_or2           2   8.0     0   166    2901    (-,-) 
  core/g74591/z                          (u)     in_1->z F     unmapped_nand2         1   4.0     0   122    3023    (-,-) 
  core/g74420/z                          (u)     in_1->z F     unmapped_or2           1   4.0     0   122    3145    (-,-) 
  core/g74240/z                          (u)     in_1->z R     unmapped_complex2      1   4.0     0   122    3268    (-,-) 
  core/g74188/z                          (u)     in_0->z F     unmapped_complex2      1   4.0     0   122    3390    (-,-) 
  core/g74173/z                          (u)     in_0->z F     unmapped_or2           2   8.0     0   166    3556    (-,-) 
  core/g74112/z                          (u)     in_1->z F     unmapped_or2           1   4.0     0   122    3678    (-,-) 
  core/g74113/z                          (u)     in_1->z R     unmapped_nand2         1   4.0     0   122    3800    (-,-) 
  core/g79271/z                          (u)     in_0->z F     unmapped_complex2      1   4.0     0   122    3922    (-,-) 
  core/g73998/z                          (u)     in_1->z R     unmapped_complex2      1   4.0     0   122    4044    (-,-) 
  core/csm_inst_right_reg_reg[29]/d      -       -       R     unmapped_d_flop        1     -     -     0    4044    (-,-) 
#--------------------------------------------------------------------------------------------------------------------------

(u) : Net has unmapped pin(s).



Path 27: MET (3884 ps) Setup Check with Pin core/csm_inst_right_reg_reg[30]/clk->d
          Group: C2C
     Startpoint: (R) core/csm_inst_round_counter_reg[0]/clk
          Clock: (R) clk
       Endpoint: (R) core/csm_inst_right_reg_reg[30]/d
          Clock: (R) clk

                     Capture       Launch     
        Clock Edge:+   10000            0     
       Src Latency:+       0            0     
       Net Latency:+       0 (I)        0 (I) 
           Arrival:=   10000            0     
                                              
             Setup:-      75                  
       Uncertainty:-    2000                  
     Required Time:=    7925                  
      Launch Clock:-       0                  
         Data Path:-    4040                  
             Slack:=    3884                  

#--------------------------------------------------------------------------------------------------------------------------
#             Timing Point               Flags    Arc    Edge       Cell         Fanout  Load Trans Delay Arrival Instance 
#                                                                                        (fF)  (ps)  (ps)   (ps)  Location 
#--------------------------------------------------------------------------------------------------------------------------
  core/csm_inst_round_counter_reg[0]/clk -       -       R     (arrival)            536     -  2000     0       0    (-,-) 
  core/csm_inst_round_counter_reg[0]/q   (u)     clk->q  R     unmapped_d_flop      169 676.0     0   600     600    (-,-) 
  core/g78648/z                          (u)     in_0->z F     unmapped_nand2        11  44.0     0   262     862    (-,-) 
  core/g78597/z                          (u)     in_0->z F     unmapped_or2          34 136.0     0   321    1183    (-,-) 
  core/g78048/z                          (u)     in_1->z R     unmapped_nand2        13  52.0     0   271    1454    (-,-) 
  core/g76772/z                          (u)     in_1->z F     unmapped_nand2         1   4.0     0   122    1576    (-,-) 
  core/g76522/z                          (u)     in_1->z R     unmapped_nand2         1   4.0     0   122    1698    (-,-) 
  core/g75650/z                          (u)     in_0->z F     unmapped_nand2         1   4.0     0   122    1820    (-,-) 
  core/g75605/z                          (u)     in_0->z R     unmapped_complex2      1   4.0     0   122    1943    (-,-) 
  core/g75388/z                          (u)     in_0->z R     unmapped_or2           2   8.0     0   166    2109    (-,-) 
  core/g75274/z                          (u)     in_1->z F     unmapped_complex2      1   4.0     0   122    2231    (-,-) 
  core/g75275/z                          (u)     in_1->z R     unmapped_nand2         9  36.0     0   252    2483    (-,-) 
  core/g79023/z                          (u)     in_1->z F     unmapped_complex2      8  32.0     0   248    2731    (-,-) 
  core/g75011/z                          (u)     in_1->z F     unmapped_or2           2   8.0     0   166    2897    (-,-) 
  core/g74732/z                          (u)     in_1->z R     unmapped_nand2         1   4.0     0   122    3019    (-,-) 
  core/g79168/z                          (u)     in_0->z F     unmapped_complex2      1   4.0     0   122    3141    (-,-) 
  core/g74381/z                          (u)     in_1->z R     unmapped_nand2         1   4.0     0   122    3263    (-,-) 
  core/g74303/z                          (u)     in_1->z R     unmapped_or2           1   4.0     0   122    3385    (-,-) 
  core/g74222/z                          (u)     in_1->z R     unmapped_or2           2   8.0     0   166    3551    (-,-) 
  core/g74146/z                          (u)     in_1->z F     unmapped_complex2      1   4.0     0   122    3674    (-,-) 
  core/g74147/z                          (u)     in_1->z R     unmapped_nand2         1   4.0     0   122    3796    (-,-) 
  core/g79274/z                          (u)     in_0->z F     unmapped_complex2      1   4.0     0   122    3918    (-,-) 
  core/g74037/z                          (u)     in_1->z R     unmapped_complex2      1   4.0     0   122    4040    (-,-) 
  core/csm_inst_right_reg_reg[30]/d      -       -       R     unmapped_d_flop        1     -     -     0    4040    (-,-) 
#--------------------------------------------------------------------------------------------------------------------------

(u) : Net has unmapped pin(s).



Path 28: MET (3912 ps) Setup Check with Pin core/csm_inst_right_reg_reg[16]/clk->d
          Group: C2C
     Startpoint: (R) core/csm_inst_round_counter_reg[3]/clk
          Clock: (R) clk
       Endpoint: (R) core/csm_inst_right_reg_reg[16]/d
          Clock: (R) clk

                     Capture       Launch     
        Clock Edge:+   10000            0     
       Src Latency:+       0            0     
       Net Latency:+       0 (I)        0 (I) 
           Arrival:=   10000            0     
                                              
             Setup:-      75                  
       Uncertainty:-    2000                  
     Required Time:=    7925                  
      Launch Clock:-       0                  
         Data Path:-    4012                  
             Slack:=    3912                  

#--------------------------------------------------------------------------------------------------------------------------
#             Timing Point               Flags    Arc    Edge       Cell         Fanout  Load Trans Delay Arrival Instance 
#                                                                                        (fF)  (ps)  (ps)   (ps)  Location 
#--------------------------------------------------------------------------------------------------------------------------
  core/csm_inst_round_counter_reg[3]/clk -       -       R     (arrival)            536     -  2000     0       0    (-,-) 
  core/csm_inst_round_counter_reg[3]/q   (u)     clk->q  R     unmapped_d_flop      122 488.0     0   552     552    (-,-) 
  core/g55519/z                          (u)     in_0->z R     unmapped_complex2      3  12.0     0   189     742    (-,-) 
  core/g20252/z                          (u)     in_1->z F     unmapped_nand2         3  12.0     0   189     931    (-,-) 
  core/g77982/z                          (u)     in_0->z F     unmapped_complex2      1   4.0     0   122    1054    (-,-) 
  core/g76838/z                          (u)     in_1->z R     unmapped_nand2         1   4.0     0   122    1176    (-,-) 
  core/g78822/z                          (u)     in_0->z R     unmapped_complex2      1   4.0     0   122    1298    (-,-) 
  core/g75659/z                          (u)     in_1->z F     unmapped_complex2      1   4.0     0   122    1420    (-,-) 
  core/g78863/z                          (u)     in_0->z R     unmapped_complex2      1   4.0     0   122    1542    (-,-) 
  core/g75449/z                          (u)     in_0->z F     unmapped_nand2         1   4.0     0   122    1664    (-,-) 
  core/g75390/z                          (u)     in_0->z R     unmapped_nand2         1   4.0     0   122    1787    (-,-) 
  core/g78982/z                          (u)     in_0->z F     unmapped_complex2      1   4.0     0   122    1909    (-,-) 
  core/g75180/z                          (u)     in_1->z F     unmapped_complex2      2   8.0     0   166    2075    (-,-) 
  core/g75047/z                          (u)     in_1->z F     unmapped_or2           1   4.0     0   122    2197    (-,-) 
  core/g75048/z                          (u)     in_1->z R     unmapped_nand2        13  52.0     0   271    2468    (-,-) 
  core/g74824/z                          (u)     in_0->z R     unmapped_complex2      1   4.0     0   122    2590    (-,-) 
  core/g74825/z                          (u)     in_1->z F     unmapped_nand2         4  16.0     0   211    2801    (-,-) 
  core/g74588/z                          (u)     in_0->z F     unmapped_or2           3  12.0     0   189    2991    (-,-) 
  core/g74422/z                          (u)     in_1->z F     unmapped_or2           1   4.0     0   122    3113    (-,-) 
  core/g74199/z                          (u)     in_0->z R     unmapped_nand2         1   4.0     0   122    3235    (-,-) 
  core/g74163/z                          (u)     in_1->z R     unmapped_or2           1   4.0     0   122    3357    (-,-) 
  core/g74133/z                          (u)     in_1->z R     unmapped_or2           2   8.0     0   166    3523    (-,-) 
  core/g74055/z                          (u)     in_1->z F     unmapped_complex2      1   4.0     0   122    3646    (-,-) 
  core/g74056/z                          (u)     in_1->z R     unmapped_nand2         1   4.0     0   122    3768    (-,-) 
  core/g79287/z                          (u)     in_0->z F     unmapped_complex2      1   4.0     0   122    3890    (-,-) 
  core/g73976/z                          (u)     in_1->z R     unmapped_complex2      1   4.0     0   122    4012    (-,-) 
  core/csm_inst_right_reg_reg[16]/d      -       -       R     unmapped_d_flop        1     -     -     0    4012    (-,-) 
#--------------------------------------------------------------------------------------------------------------------------

(u) : Net has unmapped pin(s).



Path 29: MET (3923 ps) Setup Check with Pin core/csm_inst_right_reg_reg[1]/clk->d
          Group: C2C
     Startpoint: (R) core/csm_inst_round_counter_reg[3]/clk
          Clock: (R) clk
       Endpoint: (R) core/csm_inst_right_reg_reg[1]/d
          Clock: (R) clk

                     Capture       Launch     
        Clock Edge:+   10000            0     
       Src Latency:+       0            0     
       Net Latency:+       0 (I)        0 (I) 
           Arrival:=   10000            0     
                                              
             Setup:-      75                  
       Uncertainty:-    2000                  
     Required Time:=    7925                  
      Launch Clock:-       0                  
         Data Path:-    4001                  
             Slack:=    3923                  

#--------------------------------------------------------------------------------------------------------------------------
#             Timing Point               Flags    Arc    Edge       Cell         Fanout  Load Trans Delay Arrival Instance 
#                                                                                        (fF)  (ps)  (ps)   (ps)  Location 
#--------------------------------------------------------------------------------------------------------------------------
  core/csm_inst_round_counter_reg[3]/clk -       -       R     (arrival)            536     -  2000     0       0    (-,-) 
  core/csm_inst_round_counter_reg[3]/q   (u)     clk->q  F     unmapped_d_flop      122 488.0     0   552     552    (-,-) 
  core/g55521/z                          (u)     in_0->z F     unmapped_complex2      3  12.0     0   189     742    (-,-) 
  core/g20740/z                          (u)     in_1->z R     unmapped_nand2         3  12.0     0   189     931    (-,-) 
  core/g78286/z                          (u)     in_1->z F     unmapped_nand2         1   4.0     0   122    1054    (-,-) 
  core/g77404/z                          (u)     in_1->z R     unmapped_nand2         2   8.0     0   166    1220    (-,-) 
  core/g63740/z                          (u)     in_1->z F     unmapped_complex2      1   4.0     0   122    1342    (-,-) 
  core/g75923/z                          (u)     in_1->z R     unmapped_nand2         1   4.0     0   122    1464    (-,-) 
  core/g75487/z                          (u)     in_1->z R     unmapped_or2           1   4.0     0   122    1586    (-,-) 
  core/g75405/z                          (u)     in_1->z R     unmapped_or2           1   4.0     0   122    1708    (-,-) 
  core/g75350/z                          (u)     in_1->z F     unmapped_complex2      1   4.0     0   122    1830    (-,-) 
  core/g78979/z                          (u)     in_0->z R     unmapped_complex2      2   8.0     0   166    1996    (-,-) 
  core/g75175/z                          (u)     in_1->z R     unmapped_or2           1   4.0     0   122    2119    (-,-) 
  core/g75176/z                          (u)     in_1->z F     unmapped_nand2        11  44.0     0   262    2380    (-,-) 
  core/g74951/z                          (u)     in_0->z F     unmapped_complex2      1   4.0     0   122    2502    (-,-) 
  core/g74952/z                          (u)     in_1->z R     unmapped_nand2         6  24.0     0   233    2736    (-,-) 
  core/g79156/z                          (u)     in_0->z F     unmapped_complex2      1   4.0     0   122    2858    (-,-) 
  core/g74530/z                          (u)     in_1->z F     unmapped_or2           1   4.0     0   122    2980    (-,-) 
  core/g74486/z                          (u)     in_1->z R     unmapped_nand2         1   4.0     0   122    3102    (-,-) 
  core/g74288/z                          (u)     in_0->z R     unmapped_or2           1   4.0     0   122    3224    (-,-) 
  core/g74196/z                          (u)     in_1->z R     unmapped_or2           1   4.0     0   122    3347    (-,-) 
  core/g74164/z                          (u)     in_1->z R     unmapped_or2           2   8.0     0   166    3513    (-,-) 
  core/g74125/z                          (u)     in_1->z F     unmapped_complex2      1   4.0     0   122    3635    (-,-) 
  core/g74126/z                          (u)     in_1->z R     unmapped_nand2         1   4.0     0   122    3757    (-,-) 
  core/g79290/z                          (u)     in_0->z F     unmapped_complex2      1   4.0     0   122    3879    (-,-) 
  core/g73987/z                          (u)     in_1->z R     unmapped_complex2      1   4.0     0   122    4001    (-,-) 
  core/csm_inst_right_reg_reg[1]/d       -       -       R     unmapped_d_flop        1     -     -     0    4001    (-,-) 
#--------------------------------------------------------------------------------------------------------------------------

(u) : Net has unmapped pin(s).



Path 30: MET (3928 ps) Setup Check with Pin core/csm_inst_right_reg_reg[14]/clk->d
          Group: C2C
     Startpoint: (R) core/csm_inst_round_counter_reg[0]/clk
          Clock: (R) clk
       Endpoint: (R) core/csm_inst_right_reg_reg[14]/d
          Clock: (R) clk

                     Capture       Launch     
        Clock Edge:+   10000            0     
       Src Latency:+       0            0     
       Net Latency:+       0 (I)        0 (I) 
           Arrival:=   10000            0     
                                              
             Setup:-      75                  
       Uncertainty:-    2000                  
     Required Time:=    7925                  
      Launch Clock:-       0                  
         Data Path:-    3996                  
             Slack:=    3928                  

#--------------------------------------------------------------------------------------------------------------------------
#             Timing Point               Flags    Arc    Edge       Cell         Fanout  Load Trans Delay Arrival Instance 
#                                                                                        (fF)  (ps)  (ps)   (ps)  Location 
#--------------------------------------------------------------------------------------------------------------------------
  core/csm_inst_round_counter_reg[0]/clk -       -       R     (arrival)            536     -  2000     0       0    (-,-) 
  core/csm_inst_round_counter_reg[0]/q   (u)     clk->q  F     unmapped_d_flop      169 676.0     0   600     600    (-,-) 
  core/g78648/z                          (u)     in_0->z R     unmapped_nand2        11  44.0     0   262     862    (-,-) 
  core/g78597/z                          (u)     in_0->z R     unmapped_or2          34 136.0     0   321    1183    (-,-) 
  core/g78048/z                          (u)     in_1->z F     unmapped_nand2        13  52.0     0   271    1454    (-,-) 
  core/g76772/z                          (u)     in_1->z R     unmapped_nand2         1   4.0     0   122    1576    (-,-) 
  core/g76522/z                          (u)     in_1->z F     unmapped_nand2         1   4.0     0   122    1698    (-,-) 
  core/g75650/z                          (u)     in_0->z R     unmapped_nand2         1   4.0     0   122    1820    (-,-) 
  core/g75605/z                          (u)     in_0->z F     unmapped_complex2      1   4.0     0   122    1943    (-,-) 
  core/g75388/z                          (u)     in_0->z F     unmapped_or2           2   8.0     0   166    2109    (-,-) 
  core/g75274/z                          (u)     in_1->z R     unmapped_complex2      1   4.0     0   122    2231    (-,-) 
  core/g75275/z                          (u)     in_1->z F     unmapped_nand2         9  36.0     0   252    2483    (-,-) 
  core/g79002/z                          (u)     in_1->z F     unmapped_complex2      8  32.0     0   248    2731    (-,-) 
  core/g79075/z                          (u)     in_0->z R     unmapped_complex2      1   4.0     0   122    2853    (-,-) 
  core/g74703/z                          (u)     in_1->z F     unmapped_nand2         1   4.0     0   122    2975    (-,-) 
  core/g74635/z                          (u)     in_0->z R     unmapped_complex2      1   4.0     0   122    3097    (-,-) 
  core/g74373/z                          (u)     in_0->z F     unmapped_complex2      1   4.0     0   122    3219    (-,-) 
  core/g74267/z                          (u)     in_1->z F     unmapped_or2           1   4.0     0   122    3342    (-,-) 
  core/g74219/z                          (u)     in_1->z F     unmapped_or2           2   8.0     0   166    3508    (-,-) 
  core/g74149/z                          (u)     in_1->z F     unmapped_or2           1   4.0     0   122    3630    (-,-) 
  core/g74150/z                          (u)     in_1->z R     unmapped_nand2         1   4.0     0   122    3752    (-,-) 
  core/g79266/z                          (u)     in_0->z F     unmapped_complex2      1   4.0     0   122    3874    (-,-) 
  core/g74052/z                          (u)     in_1->z R     unmapped_complex2      1   4.0     0   122    3996    (-,-) 
  core/csm_inst_right_reg_reg[14]/d      -       -       R     unmapped_d_flop        1     -     -     0    3996    (-,-) 
#--------------------------------------------------------------------------------------------------------------------------

(u) : Net has unmapped pin(s).



Path 31: MET (3928 ps) Setup Check with Pin core/csm_inst_right_reg_reg[4]/clk->d
          Group: C2C
     Startpoint: (R) core/csm_inst_round_counter_reg[0]/clk
          Clock: (R) clk
       Endpoint: (R) core/csm_inst_right_reg_reg[4]/d
          Clock: (R) clk

                     Capture       Launch     
        Clock Edge:+   10000            0     
       Src Latency:+       0            0     
       Net Latency:+       0 (I)        0 (I) 
           Arrival:=   10000            0     
                                              
             Setup:-      75                  
       Uncertainty:-    2000                  
     Required Time:=    7925                  
      Launch Clock:-       0                  
         Data Path:-    3996                  
             Slack:=    3928                  

#--------------------------------------------------------------------------------------------------------------------------
#             Timing Point               Flags    Arc    Edge       Cell         Fanout  Load Trans Delay Arrival Instance 
#                                                                                        (fF)  (ps)  (ps)   (ps)  Location 
#--------------------------------------------------------------------------------------------------------------------------
  core/csm_inst_round_counter_reg[0]/clk -       -       R     (arrival)            536     -  2000     0       0    (-,-) 
  core/csm_inst_round_counter_reg[0]/q   (u)     clk->q  F     unmapped_d_flop      169 676.0     0   600     600    (-,-) 
  core/g78648/z                          (u)     in_0->z R     unmapped_nand2        11  44.0     0   262     862    (-,-) 
  core/g78597/z                          (u)     in_0->z R     unmapped_or2          34 136.0     0   321    1183    (-,-) 
  core/g78048/z                          (u)     in_1->z F     unmapped_nand2        13  52.0     0   271    1454    (-,-) 
  core/g76772/z                          (u)     in_1->z R     unmapped_nand2         1   4.0     0   122    1576    (-,-) 
  core/g76522/z                          (u)     in_1->z F     unmapped_nand2         1   4.0     0   122    1698    (-,-) 
  core/g75650/z                          (u)     in_0->z R     unmapped_nand2         1   4.0     0   122    1820    (-,-) 
  core/g75605/z                          (u)     in_0->z F     unmapped_complex2      1   4.0     0   122    1943    (-,-) 
  core/g75388/z                          (u)     in_0->z F     unmapped_or2           2   8.0     0   166    2109    (-,-) 
  core/g75274/z                          (u)     in_1->z R     unmapped_complex2      1   4.0     0   122    2231    (-,-) 
  core/g75275/z                          (u)     in_1->z F     unmapped_nand2         9  36.0     0   252    2483    (-,-) 
  core/g79023/z                          (u)     in_1->z R     unmapped_complex2      8  32.0     0   248    2731    (-,-) 
  core/g74770/z                          (u)     in_0->z F     unmapped_nand2         1   4.0     0   122    2853    (-,-) 
  core/g74607/z                          (u)     in_0->z R     unmapped_nand2         1   4.0     0   122    2975    (-,-) 
  core/g79201/z                          (u)     in_0->z F     unmapped_complex2      1   4.0     0   122    3097    (-,-) 
  core/g79234/z                          (u)     in_1->z R     unmapped_complex2      1   4.0     0   122    3219    (-,-) 
  core/g74202/z                          (u)     in_1->z R     unmapped_or2           1   4.0     0   122    3342    (-,-) 
  core/g74161/z                          (u)     in_1->z R     unmapped_or2           2   8.0     0   166    3508    (-,-) 
  core/g74092/z                          (u)     in_1->z F     unmapped_complex2      1   4.0     0   122    3630    (-,-) 
  core/g74093/z                          (u)     in_1->z R     unmapped_nand2         1   4.0     0   122    3752    (-,-) 
  core/g79272/z                          (u)     in_0->z F     unmapped_complex2      1   4.0     0   122    3874    (-,-) 
  core/g74000/z                          (u)     in_1->z R     unmapped_complex2      1   4.0     0   122    3996    (-,-) 
  core/csm_inst_right_reg_reg[4]/d       -       -       R     unmapped_d_flop        1     -     -     0    3996    (-,-) 
#--------------------------------------------------------------------------------------------------------------------------

(u) : Net has unmapped pin(s).



Path 32: MET (3954 ps) Setup Check with Pin core/csm_inst_right_reg_reg[15]/clk->d
          Group: C2C
     Startpoint: (R) core/csm_inst_round_counter_reg[0]/clk
          Clock: (R) clk
       Endpoint: (R) core/csm_inst_right_reg_reg[15]/d
          Clock: (R) clk

                     Capture       Launch     
        Clock Edge:+   10000            0     
       Src Latency:+       0            0     
       Net Latency:+       0 (I)        0 (I) 
           Arrival:=   10000            0     
                                              
             Setup:-      75                  
       Uncertainty:-    2000                  
     Required Time:=    7925                  
      Launch Clock:-       0                  
         Data Path:-    3971                  
             Slack:=    3954                  

#--------------------------------------------------------------------------------------------------------------------------
#             Timing Point               Flags    Arc    Edge       Cell         Fanout  Load Trans Delay Arrival Instance 
#                                                                                        (fF)  (ps)  (ps)   (ps)  Location 
#--------------------------------------------------------------------------------------------------------------------------
  core/csm_inst_round_counter_reg[0]/clk -       -       R     (arrival)            536     -  2000     0       0    (-,-) 
  core/csm_inst_round_counter_reg[0]/q   (u)     clk->q  F     unmapped_d_flop      169 676.0     0   600     600    (-,-) 
  core/g78650/z                          (u)     in_0->z R     unmapped_complex2     10  40.0     0   257     857    (-,-) 
  core/g78565/z                          (u)     in_1->z R     unmapped_complex2      8  32.0     0   248    1104    (-,-) 
  core/g78390/z                          (u)     in_1->z R     unmapped_complex2      1   4.0     0   122    1227    (-,-) 
  core/g77397/z                          (u)     in_0->z F     unmapped_nand2         1   4.0     0   122    1349    (-,-) 
  core/g78810/z                          (u)     in_0->z F     unmapped_complex2      1   4.0     0   122    1471    (-,-) 
  core/g75630/z                          (u)     in_1->z F     unmapped_or2           1   4.0     0   122    1593    (-,-) 
  core/g75563/z                          (u)     in_1->z F     unmapped_or2           1   4.0     0   122    1715    (-,-) 
  core/g75398/z                          (u)     in_1->z R     unmapped_complex2      1   4.0     0   122    1838    (-,-) 
  core/g75347/z                          (u)     in_0->z F     unmapped_complex2      2   8.0     0   166    2004    (-,-) 
  core/g78978/z                          (u)     in_1->z F     unmapped_complex2      1   4.0     0   122    2126    (-,-) 
  core/g75231/z                          (u)     in_1->z R     unmapped_nand2        12  48.0     0   266    2392    (-,-) 
  core/g75097/z                          (u)     in_1->z F     unmapped_nand2         5  20.0     0   224    2616    (-,-) 
  core/g74884/z                          (u)     in_1->z F     unmapped_or2           4  16.0     0   211    2827    (-,-) 
  core/g79160/z                          (u)     in_0->z F     unmapped_complex2      1   4.0     0   122    2949    (-,-) 
  core/g79196/z                          (u)     in_1->z R     unmapped_complex2      1   4.0     0   122    3071    (-,-) 
  core/g74290/z                          (u)     in_1->z F     unmapped_complex2      1   4.0     0   122    3194    (-,-) 
  core/g79250/z                          (u)     in_1->z R     unmapped_complex2      1   4.0     0   122    3316    (-,-) 
  core/g74139/z                          (u)     in_1->z R     unmapped_or2           2   8.0     0   166    3482    (-,-) 
  core/g74106/z                          (u)     in_1->z F     unmapped_complex2      1   4.0     0   122    3604    (-,-) 
  core/g74107/z                          (u)     in_1->z R     unmapped_nand2         1   4.0     0   122    3726    (-,-) 
  core/g79268/z                          (u)     in_0->z F     unmapped_complex2      1   4.0     0   122    3848    (-,-) 
  core/g73991/z                          (u)     in_1->z R     unmapped_complex2      1   4.0     0   122    3971    (-,-) 
  core/csm_inst_right_reg_reg[15]/d      -       -       R     unmapped_d_flop        1     -     -     0    3971    (-,-) 
#--------------------------------------------------------------------------------------------------------------------------

(u) : Net has unmapped pin(s).



Path 33: MET (6122 ps) Setup Check with Pin core/spi_inst_bit_count_reg[6]/clk->d
          Group: C2C
     Startpoint: (R) core/spi_inst_bit_count_reg[0]/clk
          Clock: (R) clk
       Endpoint: (R) core/spi_inst_bit_count_reg[6]/d
          Clock: (R) clk

                     Capture       Launch     
        Clock Edge:+   10000            0     
       Src Latency:+       0            0     
       Net Latency:+       0 (I)        0 (I) 
           Arrival:=   10000            0     
                                              
             Setup:-      75                  
       Uncertainty:-    2000                  
     Required Time:=    7925                  
      Launch Clock:-       0                  
         Data Path:-    1803                  
             Slack:=    6122                  

#---------------------------------------------------------------------------------------------------------------------
#           Timing Point             Flags    Arc    Edge       Cell         Fanout Load Trans Delay Arrival Instance 
#                                                                                   (fF)  (ps)  (ps)   (ps)  Location 
#---------------------------------------------------------------------------------------------------------------------
  core/spi_inst_bit_count_reg[0]/clk -       -       R     (arrival)            536    -  2000     0       0    (-,-) 
  core/spi_inst_bit_count_reg[0]/q   (u)     clk->q  F     unmapped_d_flop        6 24.0     0   370     370    (-,-) 
  core/g78630/z                      (u)     in_1->z R     unmapped_nand2         2  8.0     0   166     536    (-,-) 
  core/g78666/z                      (u)     in_1->z R     unmapped_complex2      4 16.0     0   211     747    (-,-) 
  core/g77780/z                      (u)     in_1->z R     unmapped_complex2      2  8.0     0   166     913    (-,-) 
  core/g78734/z                      (u)     in_1->z R     unmapped_complex2      4 16.0     0   211    1124    (-,-) 
  core/g76395/z                      (u)     in_1->z F     unmapped_nand2         1  4.0     0   122    1247    (-,-) 
  core/g75704/z                      (u)     in_1->z R     unmapped_nand2         3 12.0     0   189    1436    (-,-) 
  core/g75599/z                      (u)     in_0->z R     unmapped_complex2      1  4.0     0   122    1558    (-,-) 
  core/g75404/z                      (u)     in_0->z F     unmapped_nand2         1  4.0     0   122    1680    (-,-) 
  core/g75349/z                      (u)     in_1->z R     unmapped_nand2         1  4.0     0   122    1803    (-,-) 
  core/spi_inst_bit_count_reg[6]/d   -       -       R     unmapped_d_flop        1    -     -     0    1803    (-,-) 
#---------------------------------------------------------------------------------------------------------------------

(u) : Net has unmapped pin(s).



Path 34: MET (6244 ps) Setup Check with Pin core/spi_inst_bit_count_reg[5]/clk->d
          Group: C2C
     Startpoint: (R) core/spi_inst_bit_count_reg[0]/clk
          Clock: (R) clk
       Endpoint: (R) core/spi_inst_bit_count_reg[5]/d
          Clock: (R) clk

                     Capture       Launch     
        Clock Edge:+   10000            0     
       Src Latency:+       0            0     
       Net Latency:+       0 (I)        0 (I) 
           Arrival:=   10000            0     
                                              
             Setup:-      75                  
       Uncertainty:-    2000                  
     Required Time:=    7925                  
      Launch Clock:-       0                  
         Data Path:-    1680                  
             Slack:=    6244                  

#---------------------------------------------------------------------------------------------------------------------
#           Timing Point             Flags    Arc    Edge       Cell         Fanout Load Trans Delay Arrival Instance 
#                                                                                   (fF)  (ps)  (ps)   (ps)  Location 
#---------------------------------------------------------------------------------------------------------------------
  core/spi_inst_bit_count_reg[0]/clk -       -       R     (arrival)            536    -  2000     0       0    (-,-) 
  core/spi_inst_bit_count_reg[0]/q   (u)     clk->q  F     unmapped_d_flop        6 24.0     0   370     370    (-,-) 
  core/g78630/z                      (u)     in_1->z R     unmapped_nand2         2  8.0     0   166     536    (-,-) 
  core/g78666/z                      (u)     in_1->z R     unmapped_complex2      4 16.0     0   211     747    (-,-) 
  core/g77780/z                      (u)     in_1->z R     unmapped_complex2      2  8.0     0   166     913    (-,-) 
  core/g78734/z                      (u)     in_1->z R     unmapped_complex2      4 16.0     0   211    1124    (-,-) 
  core/g76395/z                      (u)     in_1->z F     unmapped_nand2         1  4.0     0   122    1247    (-,-) 
  core/g75704/z                      (u)     in_1->z R     unmapped_nand2         3 12.0     0   189    1436    (-,-) 
  core/g75594/z                      (u)     in_1->z F     unmapped_nand2         1  4.0     0   122    1558    (-,-) 
  core/g75401/z                      (u)     in_1->z R     unmapped_nand2         1  4.0     0   122    1680    (-,-) 
  core/spi_inst_bit_count_reg[5]/d   -       -       R     unmapped_d_flop        1    -     -     0    1680    (-,-) 
#---------------------------------------------------------------------------------------------------------------------

(u) : Net has unmapped pin(s).



Path 35: MET (6244 ps) Setup Check with Pin core/spi_inst_bit_count_reg[4]/clk->d
          Group: C2C
     Startpoint: (R) core/spi_inst_bit_count_reg[0]/clk
          Clock: (R) clk
       Endpoint: (R) core/spi_inst_bit_count_reg[4]/d
          Clock: (R) clk

                     Capture       Launch     
        Clock Edge:+   10000            0     
       Src Latency:+       0            0     
       Net Latency:+       0 (I)        0 (I) 
           Arrival:=   10000            0     
                                              
             Setup:-      75                  
       Uncertainty:-    2000                  
     Required Time:=    7925                  
      Launch Clock:-       0                  
         Data Path:-    1680                  
             Slack:=    6244                  

#---------------------------------------------------------------------------------------------------------------------
#           Timing Point             Flags    Arc    Edge       Cell         Fanout Load Trans Delay Arrival Instance 
#                                                                                   (fF)  (ps)  (ps)   (ps)  Location 
#---------------------------------------------------------------------------------------------------------------------
  core/spi_inst_bit_count_reg[0]/clk -       -       R     (arrival)            536    -  2000     0       0    (-,-) 
  core/spi_inst_bit_count_reg[0]/q   (u)     clk->q  F     unmapped_d_flop        6 24.0     0   370     370    (-,-) 
  core/g78630/z                      (u)     in_1->z R     unmapped_nand2         2  8.0     0   166     536    (-,-) 
  core/g78666/z                      (u)     in_1->z R     unmapped_complex2      4 16.0     0   211     747    (-,-) 
  core/g77780/z                      (u)     in_1->z R     unmapped_complex2      2  8.0     0   166     913    (-,-) 
  core/g78734/z                      (u)     in_1->z R     unmapped_complex2      4 16.0     0   211    1124    (-,-) 
  core/g76395/z                      (u)     in_1->z F     unmapped_nand2         1  4.0     0   122    1247    (-,-) 
  core/g75704/z                      (u)     in_1->z R     unmapped_nand2         3 12.0     0   189    1436    (-,-) 
  core/g75595/z                      (u)     in_1->z F     unmapped_nand2         1  4.0     0   122    1558    (-,-) 
  core/g75402/z                      (u)     in_0->z R     unmapped_nand2         1  4.0     0   122    1680    (-,-) 
  core/spi_inst_bit_count_reg[4]/d   -       -       R     unmapped_d_flop        1    -     -     0    1680    (-,-) 
#---------------------------------------------------------------------------------------------------------------------

(u) : Net has unmapped pin(s).



Path 36: MET (6373 ps) Setup Check with Pin core/spi_tx_data_reg[63]/clk->d
          Group: C2C
     Startpoint: (R) core/transaction_state_reg[0]/clk
          Clock: (R) clk
       Endpoint: (R) core/spi_tx_data_reg[63]/d
          Clock: (R) clk

                     Capture       Launch     
        Clock Edge:+   10000            0     
       Src Latency:+       0            0     
       Net Latency:+       0 (I)        0 (I) 
           Arrival:=   10000            0     
                                              
             Setup:-      75                  
       Uncertainty:-    2000                  
     Required Time:=    7925                  
      Launch Clock:-       0                  
         Data Path:-    1551                  
             Slack:=    6373                  

#---------------------------------------------------------------------------------------------------------------------
#           Timing Point            Flags    Arc    Edge       Cell         Fanout  Load Trans Delay Arrival Instance 
#                                                                                   (fF)  (ps)  (ps)   (ps)  Location 
#---------------------------------------------------------------------------------------------------------------------
  core/transaction_state_reg[0]/clk -       -       R     (arrival)            536     -  2000     0       0    (-,-) 
  core/transaction_state_reg[0]/q   (u)     clk->q  R     unmapped_d_flop        4  16.0     0   348     348    (-,-) 
  core/g63546/z                     (u)     in_1->z R     unmapped_complex2      3  12.0     0   189     538    (-,-) 
  core/g78418/z                     (u)     in_0->z R     unmapped_or2         113 452.0     0   407     945    (-,-) 
  core/g78716/z                     (u)     in_0->z F     unmapped_complex2     64 256.0     0   362    1307    (-,-) 
  core/g77043/z                     (u)     in_1->z F     unmapped_complex2      1   4.0     0   122    1429    (-,-) 
  core/g76087/z                     (u)     in_1->z R     unmapped_nand2         1   4.0     0   122    1551    (-,-) 
  core/spi_tx_data_reg[63]/d        -       -       R     unmapped_d_flop        1     -     -     0    1551    (-,-) 
#---------------------------------------------------------------------------------------------------------------------

(u) : Net has unmapped pin(s).



Path 37: MET (6373 ps) Setup Check with Pin core/spi_tx_data_reg[62]/clk->d
          Group: C2C
     Startpoint: (R) core/transaction_state_reg[0]/clk
          Clock: (R) clk
       Endpoint: (R) core/spi_tx_data_reg[62]/d
          Clock: (R) clk

                     Capture       Launch     
        Clock Edge:+   10000            0     
       Src Latency:+       0            0     
       Net Latency:+       0 (I)        0 (I) 
           Arrival:=   10000            0     
                                              
             Setup:-      75                  
       Uncertainty:-    2000                  
     Required Time:=    7925                  
      Launch Clock:-       0                  
         Data Path:-    1551                  
             Slack:=    6373                  

#---------------------------------------------------------------------------------------------------------------------
#           Timing Point            Flags    Arc    Edge       Cell         Fanout  Load Trans Delay Arrival Instance 
#                                                                                   (fF)  (ps)  (ps)   (ps)  Location 
#---------------------------------------------------------------------------------------------------------------------
  core/transaction_state_reg[0]/clk -       -       R     (arrival)            536     -  2000     0       0    (-,-) 
  core/transaction_state_reg[0]/q   (u)     clk->q  R     unmapped_d_flop        4  16.0     0   348     348    (-,-) 
  core/g63546/z                     (u)     in_1->z R     unmapped_complex2      3  12.0     0   189     538    (-,-) 
  core/g78418/z                     (u)     in_0->z R     unmapped_or2         113 452.0     0   407     945    (-,-) 
  core/g78716/z                     (u)     in_0->z F     unmapped_complex2     64 256.0     0   362    1307    (-,-) 
  core/g77046/z                     (u)     in_1->z F     unmapped_complex2      1   4.0     0   122    1429    (-,-) 
  core/g76084/z                     (u)     in_1->z R     unmapped_nand2         1   4.0     0   122    1551    (-,-) 
  core/spi_tx_data_reg[62]/d        -       -       R     unmapped_d_flop        1     -     -     0    1551    (-,-) 
#---------------------------------------------------------------------------------------------------------------------

(u) : Net has unmapped pin(s).



Path 38: MET (6373 ps) Setup Check with Pin core/spi_tx_data_reg[61]/clk->d
          Group: C2C
     Startpoint: (R) core/transaction_state_reg[0]/clk
          Clock: (R) clk
       Endpoint: (R) core/spi_tx_data_reg[61]/d
          Clock: (R) clk

                     Capture       Launch     
        Clock Edge:+   10000            0     
       Src Latency:+       0            0     
       Net Latency:+       0 (I)        0 (I) 
           Arrival:=   10000            0     
                                              
             Setup:-      75                  
       Uncertainty:-    2000                  
     Required Time:=    7925                  
      Launch Clock:-       0                  
         Data Path:-    1551                  
             Slack:=    6373                  

#---------------------------------------------------------------------------------------------------------------------
#           Timing Point            Flags    Arc    Edge       Cell         Fanout  Load Trans Delay Arrival Instance 
#                                                                                   (fF)  (ps)  (ps)   (ps)  Location 
#---------------------------------------------------------------------------------------------------------------------
  core/transaction_state_reg[0]/clk -       -       R     (arrival)            536     -  2000     0       0    (-,-) 
  core/transaction_state_reg[0]/q   (u)     clk->q  R     unmapped_d_flop        4  16.0     0   348     348    (-,-) 
  core/g63546/z                     (u)     in_1->z R     unmapped_complex2      3  12.0     0   189     538    (-,-) 
  core/g78418/z                     (u)     in_0->z R     unmapped_or2         113 452.0     0   407     945    (-,-) 
  core/g78716/z                     (u)     in_0->z F     unmapped_complex2     64 256.0     0   362    1307    (-,-) 
  core/g77049/z                     (u)     in_1->z F     unmapped_complex2      1   4.0     0   122    1429    (-,-) 
  core/g76081/z                     (u)     in_1->z R     unmapped_nand2         1   4.0     0   122    1551    (-,-) 
  core/spi_tx_data_reg[61]/d        -       -       R     unmapped_d_flop        1     -     -     0    1551    (-,-) 
#---------------------------------------------------------------------------------------------------------------------

(u) : Net has unmapped pin(s).



Path 39: MET (6373 ps) Setup Check with Pin core/spi_tx_data_reg[60]/clk->d
          Group: C2C
     Startpoint: (R) core/transaction_state_reg[0]/clk
          Clock: (R) clk
       Endpoint: (R) core/spi_tx_data_reg[60]/d
          Clock: (R) clk

                     Capture       Launch     
        Clock Edge:+   10000            0     
       Src Latency:+       0            0     
       Net Latency:+       0 (I)        0 (I) 
           Arrival:=   10000            0     
                                              
             Setup:-      75                  
       Uncertainty:-    2000                  
     Required Time:=    7925                  
      Launch Clock:-       0                  
         Data Path:-    1551                  
             Slack:=    6373                  

#---------------------------------------------------------------------------------------------------------------------
#           Timing Point            Flags    Arc    Edge       Cell         Fanout  Load Trans Delay Arrival Instance 
#                                                                                   (fF)  (ps)  (ps)   (ps)  Location 
#---------------------------------------------------------------------------------------------------------------------
  core/transaction_state_reg[0]/clk -       -       R     (arrival)            536     -  2000     0       0    (-,-) 
  core/transaction_state_reg[0]/q   (u)     clk->q  R     unmapped_d_flop        4  16.0     0   348     348    (-,-) 
  core/g63546/z                     (u)     in_1->z R     unmapped_complex2      3  12.0     0   189     538    (-,-) 
  core/g78418/z                     (u)     in_0->z R     unmapped_or2         113 452.0     0   407     945    (-,-) 
  core/g78716/z                     (u)     in_0->z F     unmapped_complex2     64 256.0     0   362    1307    (-,-) 
  core/g76860/z                     (u)     in_1->z F     unmapped_complex2      1   4.0     0   122    1429    (-,-) 
  core/g76363/z                     (u)     in_1->z R     unmapped_nand2         1   4.0     0   122    1551    (-,-) 
  core/spi_tx_data_reg[60]/d        -       -       R     unmapped_d_flop        1     -     -     0    1551    (-,-) 
#---------------------------------------------------------------------------------------------------------------------

(u) : Net has unmapped pin(s).



Path 40: MET (6373 ps) Setup Check with Pin core/spi_tx_data_reg[59]/clk->d
          Group: C2C
     Startpoint: (R) core/transaction_state_reg[0]/clk
          Clock: (R) clk
       Endpoint: (R) core/spi_tx_data_reg[59]/d
          Clock: (R) clk

                     Capture       Launch     
        Clock Edge:+   10000            0     
       Src Latency:+       0            0     
       Net Latency:+       0 (I)        0 (I) 
           Arrival:=   10000            0     
                                              
             Setup:-      75                  
       Uncertainty:-    2000                  
     Required Time:=    7925                  
      Launch Clock:-       0                  
         Data Path:-    1551                  
             Slack:=    6373                  

#---------------------------------------------------------------------------------------------------------------------
#           Timing Point            Flags    Arc    Edge       Cell         Fanout  Load Trans Delay Arrival Instance 
#                                                                                   (fF)  (ps)  (ps)   (ps)  Location 
#---------------------------------------------------------------------------------------------------------------------
  core/transaction_state_reg[0]/clk -       -       R     (arrival)            536     -  2000     0       0    (-,-) 
  core/transaction_state_reg[0]/q   (u)     clk->q  R     unmapped_d_flop        4  16.0     0   348     348    (-,-) 
  core/g63546/z                     (u)     in_1->z R     unmapped_complex2      3  12.0     0   189     538    (-,-) 
  core/g78418/z                     (u)     in_0->z R     unmapped_or2         113 452.0     0   407     945    (-,-) 
  core/g78716/z                     (u)     in_0->z F     unmapped_complex2     64 256.0     0   362    1307    (-,-) 
  core/g76866/z                     (u)     in_1->z F     unmapped_complex2      1   4.0     0   122    1429    (-,-) 
  core/g76323/z                     (u)     in_1->z R     unmapped_nand2         1   4.0     0   122    1551    (-,-) 
  core/spi_tx_data_reg[59]/d        -       -       R     unmapped_d_flop        1     -     -     0    1551    (-,-) 
#---------------------------------------------------------------------------------------------------------------------

(u) : Net has unmapped pin(s).



Path 41: MET (6373 ps) Setup Check with Pin core/spi_tx_data_reg[58]/clk->d
          Group: C2C
     Startpoint: (R) core/transaction_state_reg[0]/clk
          Clock: (R) clk
       Endpoint: (R) core/spi_tx_data_reg[58]/d
          Clock: (R) clk

                     Capture       Launch     
        Clock Edge:+   10000            0     
       Src Latency:+       0            0     
       Net Latency:+       0 (I)        0 (I) 
           Arrival:=   10000            0     
                                              
             Setup:-      75                  
       Uncertainty:-    2000                  
     Required Time:=    7925                  
      Launch Clock:-       0                  
         Data Path:-    1551                  
             Slack:=    6373                  

#---------------------------------------------------------------------------------------------------------------------
#           Timing Point            Flags    Arc    Edge       Cell         Fanout  Load Trans Delay Arrival Instance 
#                                                                                   (fF)  (ps)  (ps)   (ps)  Location 
#---------------------------------------------------------------------------------------------------------------------
  core/transaction_state_reg[0]/clk -       -       R     (arrival)            536     -  2000     0       0    (-,-) 
  core/transaction_state_reg[0]/q   (u)     clk->q  R     unmapped_d_flop        4  16.0     0   348     348    (-,-) 
  core/g63546/z                     (u)     in_1->z R     unmapped_complex2      3  12.0     0   189     538    (-,-) 
  core/g78418/z                     (u)     in_0->z R     unmapped_or2         113 452.0     0   407     945    (-,-) 
  core/g78716/z                     (u)     in_0->z F     unmapped_complex2     64 256.0     0   362    1307    (-,-) 
  core/g76869/z                     (u)     in_1->z F     unmapped_complex2      1   4.0     0   122    1429    (-,-) 
  core/g76303/z                     (u)     in_1->z R     unmapped_nand2         1   4.0     0   122    1551    (-,-) 
  core/spi_tx_data_reg[58]/d        -       -       R     unmapped_d_flop        1     -     -     0    1551    (-,-) 
#---------------------------------------------------------------------------------------------------------------------

(u) : Net has unmapped pin(s).



Path 42: MET (6373 ps) Setup Check with Pin core/spi_tx_data_reg[57]/clk->d
          Group: C2C
     Startpoint: (R) core/transaction_state_reg[0]/clk
          Clock: (R) clk
       Endpoint: (R) core/spi_tx_data_reg[57]/d
          Clock: (R) clk

                     Capture       Launch     
        Clock Edge:+   10000            0     
       Src Latency:+       0            0     
       Net Latency:+       0 (I)        0 (I) 
           Arrival:=   10000            0     
                                              
             Setup:-      75                  
       Uncertainty:-    2000                  
     Required Time:=    7925                  
      Launch Clock:-       0                  
         Data Path:-    1551                  
             Slack:=    6373                  

#---------------------------------------------------------------------------------------------------------------------
#           Timing Point            Flags    Arc    Edge       Cell         Fanout  Load Trans Delay Arrival Instance 
#                                                                                   (fF)  (ps)  (ps)   (ps)  Location 
#---------------------------------------------------------------------------------------------------------------------
  core/transaction_state_reg[0]/clk -       -       R     (arrival)            536     -  2000     0       0    (-,-) 
  core/transaction_state_reg[0]/q   (u)     clk->q  R     unmapped_d_flop        4  16.0     0   348     348    (-,-) 
  core/g63546/z                     (u)     in_1->z R     unmapped_complex2      3  12.0     0   189     538    (-,-) 
  core/g78418/z                     (u)     in_0->z R     unmapped_or2         113 452.0     0   407     945    (-,-) 
  core/g78716/z                     (u)     in_0->z F     unmapped_complex2     64 256.0     0   362    1307    (-,-) 
  core/g76872/z                     (u)     in_1->z F     unmapped_complex2      1   4.0     0   122    1429    (-,-) 
  core/g76295/z                     (u)     in_1->z R     unmapped_nand2         1   4.0     0   122    1551    (-,-) 
  core/spi_tx_data_reg[57]/d        -       -       R     unmapped_d_flop        1     -     -     0    1551    (-,-) 
#---------------------------------------------------------------------------------------------------------------------

(u) : Net has unmapped pin(s).



Path 43: MET (6373 ps) Setup Check with Pin core/spi_tx_data_reg[56]/clk->d
          Group: C2C
     Startpoint: (R) core/transaction_state_reg[0]/clk
          Clock: (R) clk
       Endpoint: (R) core/spi_tx_data_reg[56]/d
          Clock: (R) clk

                     Capture       Launch     
        Clock Edge:+   10000            0     
       Src Latency:+       0            0     
       Net Latency:+       0 (I)        0 (I) 
           Arrival:=   10000            0     
                                              
             Setup:-      75                  
       Uncertainty:-    2000                  
     Required Time:=    7925                  
      Launch Clock:-       0                  
         Data Path:-    1551                  
             Slack:=    6373                  

#---------------------------------------------------------------------------------------------------------------------
#           Timing Point            Flags    Arc    Edge       Cell         Fanout  Load Trans Delay Arrival Instance 
#                                                                                   (fF)  (ps)  (ps)   (ps)  Location 
#---------------------------------------------------------------------------------------------------------------------
  core/transaction_state_reg[0]/clk -       -       R     (arrival)            536     -  2000     0       0    (-,-) 
  core/transaction_state_reg[0]/q   (u)     clk->q  R     unmapped_d_flop        4  16.0     0   348     348    (-,-) 
  core/g63546/z                     (u)     in_1->z R     unmapped_complex2      3  12.0     0   189     538    (-,-) 
  core/g78418/z                     (u)     in_0->z R     unmapped_or2         113 452.0     0   407     945    (-,-) 
  core/g78716/z                     (u)     in_0->z F     unmapped_complex2     64 256.0     0   362    1307    (-,-) 
  core/g76863/z                     (u)     in_1->z F     unmapped_complex2      1   4.0     0   122    1429    (-,-) 
  core/g76331/z                     (u)     in_1->z R     unmapped_nand2         1   4.0     0   122    1551    (-,-) 
  core/spi_tx_data_reg[56]/d        -       -       R     unmapped_d_flop        1     -     -     0    1551    (-,-) 
#---------------------------------------------------------------------------------------------------------------------

(u) : Net has unmapped pin(s).



Path 44: MET (6373 ps) Setup Check with Pin core/spi_tx_data_reg[55]/clk->d
          Group: C2C
     Startpoint: (R) core/transaction_state_reg[0]/clk
          Clock: (R) clk
       Endpoint: (R) core/spi_tx_data_reg[55]/d
          Clock: (R) clk

                     Capture       Launch     
        Clock Edge:+   10000            0     
       Src Latency:+       0            0     
       Net Latency:+       0 (I)        0 (I) 
           Arrival:=   10000            0     
                                              
             Setup:-      75                  
       Uncertainty:-    2000                  
     Required Time:=    7925                  
      Launch Clock:-       0                  
         Data Path:-    1551                  
             Slack:=    6373                  

#---------------------------------------------------------------------------------------------------------------------
#           Timing Point            Flags    Arc    Edge       Cell         Fanout  Load Trans Delay Arrival Instance 
#                                                                                   (fF)  (ps)  (ps)   (ps)  Location 
#---------------------------------------------------------------------------------------------------------------------
  core/transaction_state_reg[0]/clk -       -       R     (arrival)            536     -  2000     0       0    (-,-) 
  core/transaction_state_reg[0]/q   (u)     clk->q  R     unmapped_d_flop        4  16.0     0   348     348    (-,-) 
  core/g63546/z                     (u)     in_1->z R     unmapped_complex2      3  12.0     0   189     538    (-,-) 
  core/g78418/z                     (u)     in_0->z R     unmapped_or2         113 452.0     0   407     945    (-,-) 
  core/g78716/z                     (u)     in_0->z F     unmapped_complex2     64 256.0     0   362    1307    (-,-) 
  core/g76875/z                     (u)     in_1->z F     unmapped_complex2      1   4.0     0   122    1429    (-,-) 
  core/g76267/z                     (u)     in_1->z R     unmapped_nand2         1   4.0     0   122    1551    (-,-) 
  core/spi_tx_data_reg[55]/d        -       -       R     unmapped_d_flop        1     -     -     0    1551    (-,-) 
#---------------------------------------------------------------------------------------------------------------------

(u) : Net has unmapped pin(s).



Path 45: MET (6373 ps) Setup Check with Pin core/spi_tx_data_reg[54]/clk->d
          Group: C2C
     Startpoint: (R) core/transaction_state_reg[0]/clk
          Clock: (R) clk
       Endpoint: (R) core/spi_tx_data_reg[54]/d
          Clock: (R) clk

                     Capture       Launch     
        Clock Edge:+   10000            0     
       Src Latency:+       0            0     
       Net Latency:+       0 (I)        0 (I) 
           Arrival:=   10000            0     
                                              
             Setup:-      75                  
       Uncertainty:-    2000                  
     Required Time:=    7925                  
      Launch Clock:-       0                  
         Data Path:-    1551                  
             Slack:=    6373                  

#---------------------------------------------------------------------------------------------------------------------
#           Timing Point            Flags    Arc    Edge       Cell         Fanout  Load Trans Delay Arrival Instance 
#                                                                                   (fF)  (ps)  (ps)   (ps)  Location 
#---------------------------------------------------------------------------------------------------------------------
  core/transaction_state_reg[0]/clk -       -       R     (arrival)            536     -  2000     0       0    (-,-) 
  core/transaction_state_reg[0]/q   (u)     clk->q  R     unmapped_d_flop        4  16.0     0   348     348    (-,-) 
  core/g63546/z                     (u)     in_1->z R     unmapped_complex2      3  12.0     0   189     538    (-,-) 
  core/g78418/z                     (u)     in_0->z R     unmapped_or2         113 452.0     0   407     945    (-,-) 
  core/g78716/z                     (u)     in_0->z F     unmapped_complex2     64 256.0     0   362    1307    (-,-) 
  core/g76878/z                     (u)     in_1->z F     unmapped_complex2      1   4.0     0   122    1429    (-,-) 
  core/g76259/z                     (u)     in_1->z R     unmapped_nand2         1   4.0     0   122    1551    (-,-) 
  core/spi_tx_data_reg[54]/d        -       -       R     unmapped_d_flop        1     -     -     0    1551    (-,-) 
#---------------------------------------------------------------------------------------------------------------------

(u) : Net has unmapped pin(s).



Path 46: MET (6373 ps) Setup Check with Pin core/spi_tx_data_reg[53]/clk->d
          Group: C2C
     Startpoint: (R) core/transaction_state_reg[0]/clk
          Clock: (R) clk
       Endpoint: (R) core/spi_tx_data_reg[53]/d
          Clock: (R) clk

                     Capture       Launch     
        Clock Edge:+   10000            0     
       Src Latency:+       0            0     
       Net Latency:+       0 (I)        0 (I) 
           Arrival:=   10000            0     
                                              
             Setup:-      75                  
       Uncertainty:-    2000                  
     Required Time:=    7925                  
      Launch Clock:-       0                  
         Data Path:-    1551                  
             Slack:=    6373                  

#---------------------------------------------------------------------------------------------------------------------
#           Timing Point            Flags    Arc    Edge       Cell         Fanout  Load Trans Delay Arrival Instance 
#                                                                                   (fF)  (ps)  (ps)   (ps)  Location 
#---------------------------------------------------------------------------------------------------------------------
  core/transaction_state_reg[0]/clk -       -       R     (arrival)            536     -  2000     0       0    (-,-) 
  core/transaction_state_reg[0]/q   (u)     clk->q  R     unmapped_d_flop        4  16.0     0   348     348    (-,-) 
  core/g63546/z                     (u)     in_1->z R     unmapped_complex2      3  12.0     0   189     538    (-,-) 
  core/g78418/z                     (u)     in_0->z R     unmapped_or2         113 452.0     0   407     945    (-,-) 
  core/g78716/z                     (u)     in_0->z F     unmapped_complex2     64 256.0     0   362    1307    (-,-) 
  core/g76881/z                     (u)     in_1->z F     unmapped_complex2      1   4.0     0   122    1429    (-,-) 
  core/g76239/z                     (u)     in_1->z R     unmapped_nand2         1   4.0     0   122    1551    (-,-) 
  core/spi_tx_data_reg[53]/d        -       -       R     unmapped_d_flop        1     -     -     0    1551    (-,-) 
#---------------------------------------------------------------------------------------------------------------------

(u) : Net has unmapped pin(s).



Path 47: MET (6373 ps) Setup Check with Pin core/spi_tx_data_reg[52]/clk->d
          Group: C2C
     Startpoint: (R) core/transaction_state_reg[0]/clk
          Clock: (R) clk
       Endpoint: (R) core/spi_tx_data_reg[52]/d
          Clock: (R) clk

                     Capture       Launch     
        Clock Edge:+   10000            0     
       Src Latency:+       0            0     
       Net Latency:+       0 (I)        0 (I) 
           Arrival:=   10000            0     
                                              
             Setup:-      75                  
       Uncertainty:-    2000                  
     Required Time:=    7925                  
      Launch Clock:-       0                  
         Data Path:-    1551                  
             Slack:=    6373                  

#---------------------------------------------------------------------------------------------------------------------
#           Timing Point            Flags    Arc    Edge       Cell         Fanout  Load Trans Delay Arrival Instance 
#                                                                                   (fF)  (ps)  (ps)   (ps)  Location 
#---------------------------------------------------------------------------------------------------------------------
  core/transaction_state_reg[0]/clk -       -       R     (arrival)            536     -  2000     0       0    (-,-) 
  core/transaction_state_reg[0]/q   (u)     clk->q  R     unmapped_d_flop        4  16.0     0   348     348    (-,-) 
  core/g63546/z                     (u)     in_1->z R     unmapped_complex2      3  12.0     0   189     538    (-,-) 
  core/g78418/z                     (u)     in_0->z R     unmapped_or2         113 452.0     0   407     945    (-,-) 
  core/g78716/z                     (u)     in_0->z F     unmapped_complex2     64 256.0     0   362    1307    (-,-) 
  core/g76884/z                     (u)     in_1->z F     unmapped_complex2      1   4.0     0   122    1429    (-,-) 
  core/g76227/z                     (u)     in_1->z R     unmapped_nand2         1   4.0     0   122    1551    (-,-) 
  core/spi_tx_data_reg[52]/d        -       -       R     unmapped_d_flop        1     -     -     0    1551    (-,-) 
#---------------------------------------------------------------------------------------------------------------------

(u) : Net has unmapped pin(s).



Path 48: MET (6373 ps) Setup Check with Pin core/spi_tx_data_reg[51]/clk->d
          Group: C2C
     Startpoint: (R) core/transaction_state_reg[0]/clk
          Clock: (R) clk
       Endpoint: (R) core/spi_tx_data_reg[51]/d
          Clock: (R) clk

                     Capture       Launch     
        Clock Edge:+   10000            0     
       Src Latency:+       0            0     
       Net Latency:+       0 (I)        0 (I) 
           Arrival:=   10000            0     
                                              
             Setup:-      75                  
       Uncertainty:-    2000                  
     Required Time:=    7925                  
      Launch Clock:-       0                  
         Data Path:-    1551                  
             Slack:=    6373                  

#---------------------------------------------------------------------------------------------------------------------
#           Timing Point            Flags    Arc    Edge       Cell         Fanout  Load Trans Delay Arrival Instance 
#                                                                                   (fF)  (ps)  (ps)   (ps)  Location 
#---------------------------------------------------------------------------------------------------------------------
  core/transaction_state_reg[0]/clk -       -       R     (arrival)            536     -  2000     0       0    (-,-) 
  core/transaction_state_reg[0]/q   (u)     clk->q  R     unmapped_d_flop        4  16.0     0   348     348    (-,-) 
  core/g63546/z                     (u)     in_1->z R     unmapped_complex2      3  12.0     0   189     538    (-,-) 
  core/g78418/z                     (u)     in_0->z R     unmapped_or2         113 452.0     0   407     945    (-,-) 
  core/g78716/z                     (u)     in_0->z F     unmapped_complex2     64 256.0     0   362    1307    (-,-) 
  core/g76887/z                     (u)     in_1->z F     unmapped_complex2      1   4.0     0   122    1429    (-,-) 
  core/g76224/z                     (u)     in_1->z R     unmapped_nand2         1   4.0     0   122    1551    (-,-) 
  core/spi_tx_data_reg[51]/d        -       -       R     unmapped_d_flop        1     -     -     0    1551    (-,-) 
#---------------------------------------------------------------------------------------------------------------------

(u) : Net has unmapped pin(s).



Path 49: MET (6373 ps) Setup Check with Pin core/spi_tx_data_reg[50]/clk->d
          Group: C2C
     Startpoint: (R) core/transaction_state_reg[0]/clk
          Clock: (R) clk
       Endpoint: (R) core/spi_tx_data_reg[50]/d
          Clock: (R) clk

                     Capture       Launch     
        Clock Edge:+   10000            0     
       Src Latency:+       0            0     
       Net Latency:+       0 (I)        0 (I) 
           Arrival:=   10000            0     
                                              
             Setup:-      75                  
       Uncertainty:-    2000                  
     Required Time:=    7925                  
      Launch Clock:-       0                  
         Data Path:-    1551                  
             Slack:=    6373                  

#---------------------------------------------------------------------------------------------------------------------
#           Timing Point            Flags    Arc    Edge       Cell         Fanout  Load Trans Delay Arrival Instance 
#                                                                                   (fF)  (ps)  (ps)   (ps)  Location 
#---------------------------------------------------------------------------------------------------------------------
  core/transaction_state_reg[0]/clk -       -       R     (arrival)            536     -  2000     0       0    (-,-) 
  core/transaction_state_reg[0]/q   (u)     clk->q  R     unmapped_d_flop        4  16.0     0   348     348    (-,-) 
  core/g63546/z                     (u)     in_1->z R     unmapped_complex2      3  12.0     0   189     538    (-,-) 
  core/g78418/z                     (u)     in_0->z R     unmapped_or2         113 452.0     0   407     945    (-,-) 
  core/g78716/z                     (u)     in_0->z F     unmapped_complex2     64 256.0     0   362    1307    (-,-) 
  core/g76890/z                     (u)     in_1->z F     unmapped_complex2      1   4.0     0   122    1429    (-,-) 
  core/g76218/z                     (u)     in_1->z R     unmapped_nand2         1   4.0     0   122    1551    (-,-) 
  core/spi_tx_data_reg[50]/d        -       -       R     unmapped_d_flop        1     -     -     0    1551    (-,-) 
#---------------------------------------------------------------------------------------------------------------------

(u) : Net has unmapped pin(s).



Path 50: MET (6373 ps) Setup Check with Pin core/spi_tx_data_reg[49]/clk->d
          Group: C2C
     Startpoint: (R) core/transaction_state_reg[0]/clk
          Clock: (R) clk
       Endpoint: (R) core/spi_tx_data_reg[49]/d
          Clock: (R) clk

                     Capture       Launch     
        Clock Edge:+   10000            0     
       Src Latency:+       0            0     
       Net Latency:+       0 (I)        0 (I) 
           Arrival:=   10000            0     
                                              
             Setup:-      75                  
       Uncertainty:-    2000                  
     Required Time:=    7925                  
      Launch Clock:-       0                  
         Data Path:-    1551                  
             Slack:=    6373                  

#---------------------------------------------------------------------------------------------------------------------
#           Timing Point            Flags    Arc    Edge       Cell         Fanout  Load Trans Delay Arrival Instance 
#                                                                                   (fF)  (ps)  (ps)   (ps)  Location 
#---------------------------------------------------------------------------------------------------------------------
  core/transaction_state_reg[0]/clk -       -       R     (arrival)            536     -  2000     0       0    (-,-) 
  core/transaction_state_reg[0]/q   (u)     clk->q  R     unmapped_d_flop        4  16.0     0   348     348    (-,-) 
  core/g63546/z                     (u)     in_1->z R     unmapped_complex2      3  12.0     0   189     538    (-,-) 
  core/g78418/z                     (u)     in_0->z R     unmapped_or2         113 452.0     0   407     945    (-,-) 
  core/g78716/z                     (u)     in_0->z F     unmapped_complex2     64 256.0     0   362    1307    (-,-) 
  core/g76893/z                     (u)     in_1->z F     unmapped_complex2      1   4.0     0   122    1429    (-,-) 
  core/g76215/z                     (u)     in_1->z R     unmapped_nand2         1   4.0     0   122    1551    (-,-) 
  core/spi_tx_data_reg[49]/d        -       -       R     unmapped_d_flop        1     -     -     0    1551    (-,-) 
#---------------------------------------------------------------------------------------------------------------------

(u) : Net has unmapped pin(s).

