============================================================
  Generated by:           Genus(TM) Synthesis Solution 21.15-s080_1
  Generated on:           Nov 30 2025  04:09:22 pm
  Module:                 TopModule
  Operating conditions:   PVT_1P8V_25C 
  Interconnect mode:      global
  Area mode:              timing library
============================================================


Path 1: VIOLATED (-1692 ps) Setup Check with Pin csm_inst_right_reg_reg[0]/CLK->D
          Group: C2C
     Startpoint: (R) csm_inst_round_counter_reg[3]/CLK
          Clock: (R) clk
       Endpoint: (F) csm_inst_right_reg_reg[0]/D
          Clock: (R) clk

                     Capture       Launch     
        Clock Edge:+    1000            0     
       Src Latency:+       0            0     
       Net Latency:+       0 (I)        0 (I) 
           Arrival:=    1000            0     
                                              
             Setup:-     209                  
     Required Time:=     791                  
      Launch Clock:-       0                  
         Data Path:-    2483                  
             Slack:=   -1692                  

#-----------------------------------------------------------------------------------------------------------
#           Timing Point            Flags    Arc   Edge   Cell     Fanout Load Trans Delay Arrival Instance 
#                                                                         (fF)  (ps)  (ps)   (ps)  Location 
#-----------------------------------------------------------------------------------------------------------
  csm_inst_round_counter_reg[3]/CLK -       -      R     (arrival)    335    -     0     0       0    (-,-) 
  csm_inst_round_counter_reg[3]/Q   -       CLK->Q R     DFFQSRX1       1  8.1   136   193     193    (-,-) 
  g554/Z                            -       A->Z   F     INVX4          1 22.9    95    86     279    (-,-) 
  fopt146456/Z                      -       A->Z   R     INVX16         6 87.5    94    82     361    (-,-) 
  fopt146457/Z                      -       A->Z   F     INVX16        10 71.9    72    68     429    (-,-) 
  g147835/Z                         -       A->Z   R     NAND2X1        3 11.1   207   135     564    (-,-) 
  g147837/Z                         -       B->Z   F     NAND2X1        4 13.5   159   125     688    (-,-) 
  g147840/Z                         -       B->Z   F     MUX2X1         2  8.2    81   208     897    (-,-) 
  g141177/Z                         -       A->Z   R     NAND2X1        1  4.8   115    86     982    (-,-) 
  g141176/Z                         -       A->Z   R     AND2X1         1  5.3    95   104    1086    (-,-) 
  g141175/Z                         -       A->Z   F     NAND3X1        1  4.9    74    61    1147    (-,-) 
  g141248/Z                         -       A->Z   R     NAND2X1        1  4.8   114    83    1230    (-,-) 
  g141247/Z                         -       A->Z   F     NAND2X1        1  6.5    86    73    1303    (-,-) 
  g132301/Z                         -       A->Z   R     XOR2X1         1  8.1   149   173    1476    (-,-) 
  fopt137983/Z                      -       A->Z   F     INVX4          2 11.4    68    61    1537    (-,-) 
  fopt137979/Z                      -       A->Z   R     INVX4          5 20.3    89    74    1610    (-,-) 
  fopt137978/Z                      -       A->Z   F     INVX4          5 18.0    71    67    1678    (-,-) 
  g131688/Z                         -       B->Z   F     AND2X1         1  5.2    66   118    1796    (-,-) 
  g141752/Z                         -       A->Z   F     OR2X1          1  4.9    66   115    1911    (-,-) 
  g141751/Z                         -       A->Z   R     NAND2X1        1  4.8   114    81    1992    (-,-) 
  g141750/Z                         -       A->Z   F     NAND2X1        1  4.9    78    63    2055    (-,-) 
  g130661__2398/Z                   -       A->Z   R     NAND2X1        1  5.3   121    89    2144    (-,-) 
  g48/Z                             -       A->Z   F     NAND3X1        2  8.1   103    82    2226    (-,-) 
  g130449__5477/Z                   -       B->Z   F     OR2X1          1  4.9    66   110    2336    (-,-) 
  g130384__9945/Z                   -       A->Z   R     NAND2X1        1  5.3   129    85    2421    (-,-) 
  g130338__4319/Z                   -       A->Z   F     NAND3X1        1  4.4    78    62    2483    (-,-) 
  csm_inst_right_reg_reg[0]/D       -       -      F     DFFQSRX1       1    -     -     0    2483    (-,-) 
#-----------------------------------------------------------------------------------------------------------



Path 2: VIOLATED (-1692 ps) Setup Check with Pin csm_inst_right_reg_reg[19]/CLK->D
          Group: C2C
     Startpoint: (R) csm_inst_round_counter_reg[3]/CLK
          Clock: (R) clk
       Endpoint: (R) csm_inst_right_reg_reg[19]/D
          Clock: (R) clk

                     Capture       Launch     
        Clock Edge:+    1000            0     
       Src Latency:+       0            0     
       Net Latency:+       0 (I)        0 (I) 
           Arrival:=    1000            0     
                                              
             Setup:-     205                  
     Required Time:=     795                  
      Launch Clock:-       0                  
         Data Path:-    2487                  
             Slack:=   -1692                  

#-----------------------------------------------------------------------------------------------------------
#           Timing Point            Flags    Arc   Edge   Cell     Fanout Load Trans Delay Arrival Instance 
#                                                                         (fF)  (ps)  (ps)   (ps)  Location 
#-----------------------------------------------------------------------------------------------------------
  csm_inst_round_counter_reg[3]/CLK -       -      R     (arrival)    335    -     0     0       0    (-,-) 
  csm_inst_round_counter_reg[3]/Q   -       CLK->Q R     DFFQSRX1       1  8.1   136   193     193    (-,-) 
  g554/Z                            -       A->Z   F     INVX4          1 22.9    95    86     279    (-,-) 
  fopt146456/Z                      -       A->Z   R     INVX16         6 87.5    94    82     361    (-,-) 
  fopt146455/Z                      -       A->Z   F     INVX32         7 99.7    59    56     416    (-,-) 
  g146454/Z                         -       A->Z   R     INVX32        13 80.1    52    47     463    (-,-) 
  fopt143891/Z                      -       A->Z   F     INVX4          3 11.4    48    45     508    (-,-) 
  g142897/Z                         -       A->Z   R     NAND2X1        3 11.1   207   128     636    (-,-) 
  g141714/Z                         -       A->Z   F     NAND2X1        3 11.1   141   116     752    (-,-) 
  g140089/Z                         -       A->Z   F     MUX2X1         2  8.2    81   205     956    (-,-) 
  g133403/Z                         -       A->Z   R     NAND2X1        1  5.2   121    89    1045    (-,-) 
  g133088/Z                         -       B->Z   F     NAND3X1        1  4.9    77    70    1116    (-,-) 
  g132898/Z                         -       A->Z   R     NAND2X1        1  5.3   122    88    1204    (-,-) 
  g132616/Z                         -       A->Z   F     NAND3X1        2 11.4   129    99    1304    (-,-) 
  g144978/Z                         -       S->Z   R     MUX2X1         3 14.4   229   248    1552    (-,-) 
  g139919/Z                         -       B->Z   R     AND2X1         4 14.3   225   188    1739    (-,-) 
  g141402/Z                         -       A->Z   F     NAND2X1        1  8.1   123   100    1839    (-,-) 
  fopt140567/Z                      -       A->Z   R     INVX4          3 14.4    80    74    1913    (-,-) 
  fopt140571/Z                      -       A->Z   F     INVX4          1  4.9    37    36    1949    (-,-) 
  g140570/Z                         -       A->Z   R     NAND2X1        1  4.8   114    72    2021    (-,-) 
  g130658__7410/Z                   -       A->Z   F     NAND2X1        1  4.9    74    63    2084    (-,-) 
  g142198/Z                         -       A->Z   R     NAND2X1        1  5.3   121    88    2171    (-,-) 
  g142196/Z                         -       B->Z   F     NOR2X1         2  9.0   134   101    2273    (-,-) 
  g130461/Z                         -       A->Z   R     INVX2          1  4.8    70    66    2338    (-,-) 
  g142748/Z                         -       A->Z   F     NAND2X1        1  5.3    78    58    2397    (-,-) 
  g142747/Z                         -       A->Z   R     NAND3X1        1  4.4   148    90    2487    (-,-) 
  csm_inst_right_reg_reg[19]/D      -       -      R     DFFQSRX1       1    -     -     0    2487    (-,-) 
#-----------------------------------------------------------------------------------------------------------



Path 3: VIOLATED (-1692 ps) Setup Check with Pin csm_inst_right_reg_reg[5]/CLK->D
          Group: C2C
     Startpoint: (R) csm_inst_round_counter_reg[3]/CLK
          Clock: (R) clk
       Endpoint: (F) csm_inst_right_reg_reg[5]/D
          Clock: (R) clk

                     Capture       Launch     
        Clock Edge:+    1000            0     
       Src Latency:+       0            0     
       Net Latency:+       0 (I)        0 (I) 
           Arrival:=    1000            0     
                                              
             Setup:-     205                  
     Required Time:=     795                  
      Launch Clock:-       0                  
         Data Path:-    2486                  
             Slack:=   -1692                  

#-----------------------------------------------------------------------------------------------------------
#           Timing Point            Flags    Arc   Edge   Cell     Fanout Load Trans Delay Arrival Instance 
#                                                                         (fF)  (ps)  (ps)   (ps)  Location 
#-----------------------------------------------------------------------------------------------------------
  csm_inst_round_counter_reg[3]/CLK -       -      R     (arrival)    335    -     0     0       0    (-,-) 
  csm_inst_round_counter_reg[3]/Q   -       CLK->Q R     DFFQSRX1       1  8.1   136   193     193    (-,-) 
  g554/Z                            -       A->Z   F     INVX4          1 22.9    95    86     279    (-,-) 
  fopt146456/Z                      -       A->Z   R     INVX16         6 87.5    94    82     361    (-,-) 
  fopt146455/Z                      -       A->Z   F     INVX32         7 99.7    59    56     416    (-,-) 
  g146454/Z                         -       A->Z   R     INVX32        13 80.1    52    47     463    (-,-) 
  fopt145227/Z                      -       A->Z   F     INVX8          7 24.5    51    46     510    (-,-) 
  g142837/Z                         -       A->Z   R     NAND2X1        3 10.7   201   125     635    (-,-) 
  g141163/Z                         -       B->Z   F     NAND2X1        3 11.4   144   112     747    (-,-) 
  g141456/Z                         -       A->Z   R     NAND2X1        1  4.8   116   104     850    (-,-) 
  g141455/Z                         -       A->Z   F     NAND2X1        2  8.2   100    84     934    (-,-) 
  g141454/Z                         -       A->Z   R     NAND2X1        1  5.2   121    94    1028    (-,-) 
  g141448/Z                         -       C->Z   F     NAND3X1        1  4.9    77    73    1102    (-,-) 
  g132926/Z                         -       A->Z   R     NAND2X1        1  4.8   115    84    1186    (-,-) 
  g136994/Z                         -       A->Z   F     NAND2X1        1  6.5    87    73    1259    (-,-) 
  g144355/Z                         -       A->Z   R     XOR2X1         2 10.9   179   196    1455    (-,-) 
  g147859/Z                         -       A->Z   F     INVX4          5 18.4    94    84    1539    (-,-) 
  g144359/Z                         -       A->Z   R     INVX2          5 18.3   152   118    1657    (-,-) 
  g145666/Z                         -       B->Z   F     NOR2X1         2 11.3   145   122    1779    (-,-) 
  g145665/Z                         -       A->Z   R     INVX4          3 11.1    75    70    1849    (-,-) 
  g145667/Z                         -       B->Z   F     NAND2X1        1  4.9    74    60    1909    (-,-) 
  g142572/Z                         -       A->Z   R     NAND2X1        1  4.8   114    83    1993    (-,-) 
  g142571/Z                         -       A->Z   F     NAND2X1        1  4.9    74    63    2056    (-,-) 
  g141181/Z                         -       A->Z   R     NAND2X1        2  8.5   168   114    2170    (-,-) 
  g70/Z                             -       A->Z   F     NAND2X1        1  4.9    86    70    2240    (-,-) 
  g142585/Z                         -       A->Z   R     NAND2X1        1  4.8   124    87    2327    (-,-) 
  g25/Z                             -       A->Z   R     AND2X1         1  4.8    88   101    2427    (-,-) 
  g130326__6161/Z                   -       B->Z   F     NAND2X1        1  4.4    66    59    2486    (-,-) 
  csm_inst_right_reg_reg[5]/D       -       -      F     DFFQSRX1       1    -     -     0    2486    (-,-) 
#-----------------------------------------------------------------------------------------------------------



Path 4: VIOLATED (-1692 ps) Setup Check with Pin csm_inst_right_reg_reg[2]/CLK->D
          Group: C2C
     Startpoint: (R) csm_inst_round_counter_reg[3]/CLK
          Clock: (R) clk
       Endpoint: (F) csm_inst_right_reg_reg[2]/D
          Clock: (R) clk

                     Capture       Launch     
        Clock Edge:+    1000            0     
       Src Latency:+       0            0     
       Net Latency:+       0 (I)        0 (I) 
           Arrival:=    1000            0     
                                              
             Setup:-     208                  
     Required Time:=     792                  
      Launch Clock:-       0                  
         Data Path:-    2483                  
             Slack:=   -1692                  

#-----------------------------------------------------------------------------------------------------------
#           Timing Point            Flags    Arc   Edge   Cell     Fanout Load Trans Delay Arrival Instance 
#                                                                         (fF)  (ps)  (ps)   (ps)  Location 
#-----------------------------------------------------------------------------------------------------------
  csm_inst_round_counter_reg[3]/CLK -       -      R     (arrival)    335    -     0     0       0    (-,-) 
  csm_inst_round_counter_reg[3]/Q   -       CLK->Q F     DFFQSRX1       1  8.1    94   163     163    (-,-) 
  g554/Z                            -       A->Z   R     INVX4          1 22.9   101    86     249    (-,-) 
  fopt146456/Z                      -       A->Z   F     INVX16         6 87.6    85    77     326    (-,-) 
  fopt138946/Z                      -       A->Z   R     INVX1          3 11.1   177   131     457    (-,-) 
  g140050/Z                         -       A->Z   F     NAND2X1        3 11.2   136   113     569    (-,-) 
  g145995/Z                         -       B->Z   R     NAND2X1        4 14.3   253   195     764    (-,-) 
  g143869/Z                         -       A->Z   R     MUX2X1         2  8.0   137   162     926    (-,-) 
  g254/Z                            -       A->Z   F     NAND2X1        1  4.9    79    66     992    (-,-) 
  g252/Z                            -       A->Z   F     AND2X1         1  4.8    62   103    1096    (-,-) 
  g251/Z                            -       B->Z   R     NAND2X1        1  5.3   121    97    1192    (-,-) 
  g140399/Z                         -       B->Z   F     NOR2X1         1  6.5   114    86    1278    (-,-) 
  g182/Z                            -       S->Z   R     MUX2X1         1  8.1   138   192    1470    (-,-) 
  fopt147181/Z                      -       A->Z   F     INVX4          4 23.0    96    86    1556    (-,-) 
  g147879/Z                         -       B->Z   R     NAND2X1        1  8.1   162   131    1687    (-,-) 
  g147878/Z                         -       A->Z   F     INVX4          7 25.9   109    97    1784    (-,-) 
  g147883/Z                         -       A->Z   F     BUFX1          1  5.2    64   101    1886    (-,-) 
  g130839__147882/Z                 -       B->Z   R     NAND3X1        1  4.8   154   108    1994    (-,-) 
  g130606__5526/Z                   -       B->Z   R     AND2X1         1  4.8    88   106    2100    (-,-) 
  g141761/Z                         -       B->Z   R     AND2X1         2  8.5   141   133    2233    (-,-) 
  g644/Z                            -       B->Z   F     NOR2X1         1  5.2   111    81    2314    (-,-) 
  g641/Z                            -       A->Z   R     NOR2X1         1  5.2   115   103    2416    (-,-) 
  g640/Z                            -       B->Z   F     NAND3X1        1  4.4    75    67    2483    (-,-) 
  csm_inst_right_reg_reg[2]/D       -       -      F     DFFQSRX1       1    -     -     0    2483    (-,-) 
#-----------------------------------------------------------------------------------------------------------



Path 5: VIOLATED (-1691 ps) Setup Check with Pin csm_inst_right_reg_reg[25]/CLK->D
          Group: C2C
     Startpoint: (R) csm_inst_round_counter_reg[3]/CLK
          Clock: (R) clk
       Endpoint: (R) csm_inst_right_reg_reg[25]/D
          Clock: (R) clk

                     Capture       Launch     
        Clock Edge:+    1000            0     
       Src Latency:+       0            0     
       Net Latency:+       0 (I)        0 (I) 
           Arrival:=    1000            0     
                                              
             Setup:-     205                  
     Required Time:=     795                  
      Launch Clock:-       0                  
         Data Path:-    2486                  
             Slack:=   -1691                  

#-----------------------------------------------------------------------------------------------------------
#           Timing Point            Flags    Arc   Edge   Cell     Fanout Load Trans Delay Arrival Instance 
#                                                                         (fF)  (ps)  (ps)   (ps)  Location 
#-----------------------------------------------------------------------------------------------------------
  csm_inst_round_counter_reg[3]/CLK -       -      R     (arrival)    335    -     0     0       0    (-,-) 
  csm_inst_round_counter_reg[3]/Q   -       CLK->Q F     DFFQSRX1       1  8.1    94   163     163    (-,-) 
  g554/Z                            -       A->Z   R     INVX4          1 22.9   101    86     249    (-,-) 
  fopt146456/Z                      -       A->Z   F     INVX16         6 87.6    85    77     326    (-,-) 
  fopt146455/Z                      -       A->Z   R     INVX32         7 99.2    64    59     385    (-,-) 
  fopt147887/Z                      -       A->Z   F     INVX32        17 74.6    45    43     428    (-,-) 
  fopt147889/Z                      -       A->Z   R     INVX16        11 36.0    46    41     469    (-,-) 
  g147897/Z                         -       A->Z   R     BUFX1          1  4.8    87    84     554    (-,-) 
  g136490_dup147896/Z               -       A->Z   F     NAND2X1        1  4.8    85    59     612    (-,-) 
  g137917/Z                         -       B->Z   R     NAND2X1        3 12.0   218   159     771    (-,-) 
  g135021/Z                         -       A->Z   F     INVX2          1  5.2    76    62     833    (-,-) 
  g134807/Z                         -       A->Z   R     NOR2X1         1  5.2   109    97     930    (-,-) 
  g133996/Z                         -       A->Z   F     NOR2X1         1  5.3    94    91    1021    (-,-) 
  g133717/Z                         -       A->Z   R     NAND3X1        1  5.2   161   101    1122    (-,-) 
  g24/Z                             -       A->Z   F     NOR2X1         1  4.8   100    99    1222    (-,-) 
  g141247/Z                         -       B->Z   R     NAND2X1        1  6.5   140   119    1340    (-,-) 
  g132301/Z                         -       A->Z   F     XOR2X1         1  8.1   124   108    1448    (-,-) 
  fopt137983/Z                      -       A->Z   R     INVX4          2 11.3    71    66    1514    (-,-) 
  fopt137979/Z                      -       A->Z   F     INVX4          5 20.5    76    67    1582    (-,-) 
  fopt137978/Z                      -       A->Z   R     INVX4          5 17.9    81    71    1652    (-,-) 
  g131730/Z                         -       A->Z   R     AND2X1         3 12.0   191   157    1809    (-,-) 
  g131340__143234/Z                 -       B->Z   F     NAND2X1        1  4.9    81    71    1880    (-,-) 
  g143233/Z                         -       A->Z   F     AND2X1         1  5.3    67   106    1986    (-,-) 
  g130689__143232/Z                 -       A->Z   R     NAND3X1        1  4.8   154    90    2076    (-,-) 
  g2408/Z                           -       A->Z   F     NAND2X1        2  8.0   107    90    2166    (-,-) 
  g2402/Z                           -       B->Z   R     NAND3X1        1  4.8   156   122    2288    (-,-) 
  g2401/Z                           -       A->Z   F     NAND2X1        1  5.2    85    70    2358    (-,-) 
  g141264/Z                         -       C->Z   R     NAND3X1        1  4.4   148   128    2486    (-,-) 
  csm_inst_right_reg_reg[25]/D      -       -      R     DFFQSRX1       1    -     -     0    2486    (-,-) 
#-----------------------------------------------------------------------------------------------------------



Path 6: VIOLATED (-1691 ps) Setup Check with Pin csm_inst_right_reg_reg[20]/CLK->D
          Group: C2C
     Startpoint: (R) csm_inst_mode_reg/CLK
          Clock: (R) clk
       Endpoint: (R) csm_inst_right_reg_reg[20]/D
          Clock: (R) clk

                     Capture       Launch     
        Clock Edge:+    1000            0     
       Src Latency:+       0            0     
       Net Latency:+       0 (I)        0 (I) 
           Arrival:=    1000            0     
                                              
             Setup:-     205                  
     Required Time:=     795                  
      Launch Clock:-       0                  
         Data Path:-    2486                  
             Slack:=   -1691                  

#------------------------------------------------------------------------------------------------------
#        Timing Point          Flags    Arc   Edge   Cell     Fanout Load Trans Delay Arrival Instance 
#                                                                    (fF)  (ps)  (ps)   (ps)  Location 
#------------------------------------------------------------------------------------------------------
  csm_inst_mode_reg/CLK        -       -      R     (arrival)    335    -     0     0       0    (-,-) 
  csm_inst_mode_reg/Q          -       CLK->Q R     DFFQSRX1       2 11.3   182   219     219    (-,-) 
  fopt147996/Z                 -       A->Z   F     INVX4          6 20.3   100    89     308    (-,-) 
  fopt147216/Z                 -       A->Z   F     BUFX1          4 15.1   154   156     464    (-,-) 
  g147215/Z                    -       B->Z   R     NAND2X1        2  9.4   185   161     625    (-,-) 
  g146267/Z                    -       B->Z   F     NOR2X1         3 14.8   178   152     776    (-,-) 
  g3/Z                         -       A->Z   R     INVX4          1 22.9   119   108     885    (-,-) 
  g145755/Z                    -       A->Z   F     INVX16        20 65.0    74    68     953    (-,-) 
  g133408/Z                    -       B->Z   R     NAND2X1        1  4.8   114    96    1049    (-,-) 
  g141018/Z                    -       A->Z   F     NAND2X1        1  5.2    76    65    1114    (-,-) 
  g141017/Z                    -       A->Z   R     NOR2X1         1  4.8   104    94    1208    (-,-) 
  g36/Z                        -       B->Z   F     NAND2X1        1  6.5    86    73    1280    (-,-) 
  g34/Z                        -       S->Z   R     MUX2X1         1 13.0   209   226    1507    (-,-) 
  g145708/Z                    -       A->Z   F     INVX8          5 25.2    82    71    1578    (-,-) 
  g138789/Z                    -       B->Z   F     AND2X1         3 10.7   115   154    1732    (-,-) 
  g138791/Z                    -       A->Z   F     BUFX1          2  8.1    89   120    1852    (-,-) 
  g131154__138790/Z            -       A->Z   R     NAND2X1        1  4.8   114    88    1940    (-,-) 
  g130884__9315/Z              -       A->Z   F     NAND2X1        1  4.9    78    63    2003    (-,-) 
  g130748__2398/Z              -       A->Z   R     NAND2X1        2  8.0   162   111    2114    (-,-) 
  g144989/Z                    -       A->Z   R     AND2X1         1  5.2    94   107    2221    (-,-) 
  g144987/Z                    -       B->Z   F     NAND3X1        1  5.3    82    70    2291    (-,-) 
  g142323/Z                    -       B->Z   F     OR2X1          1  5.3    69   108    2399    (-,-) 
  g130303__8428/Z              -       A->Z   R     NAND3X1        1  4.4   148    87    2486    (-,-) 
  csm_inst_right_reg_reg[20]/D -       -      R     DFFQSRX1       1    -     -     0    2486    (-,-) 
#------------------------------------------------------------------------------------------------------



Path 7: VIOLATED (-1691 ps) Setup Check with Pin csm_inst_right_reg_reg[28]/CLK->D
          Group: C2C
     Startpoint: (R) csm_inst_round_counter_reg[3]/CLK
          Clock: (R) clk
       Endpoint: (R) csm_inst_right_reg_reg[28]/D
          Clock: (R) clk

                     Capture       Launch     
        Clock Edge:+    1000            0     
       Src Latency:+       0            0     
       Net Latency:+       0 (I)        0 (I) 
           Arrival:=    1000            0     
                                              
             Setup:-     205                  
     Required Time:=     795                  
      Launch Clock:-       0                  
         Data Path:-    2486                  
             Slack:=   -1691                  

#-----------------------------------------------------------------------------------------------------------
#           Timing Point            Flags    Arc   Edge   Cell     Fanout Load Trans Delay Arrival Instance 
#                                                                         (fF)  (ps)  (ps)   (ps)  Location 
#-----------------------------------------------------------------------------------------------------------
  csm_inst_round_counter_reg[3]/CLK -       -      R     (arrival)    335    -     0     0       0    (-,-) 
  csm_inst_round_counter_reg[3]/Q   -       CLK->Q R     DFFQSRX1       1  8.1   136   193     193    (-,-) 
  g554/Z                            -       A->Z   F     INVX4          1 22.9    95    86     279    (-,-) 
  fopt146456/Z                      -       A->Z   R     INVX16         6 87.5    94    82     361    (-,-) 
  fopt146455/Z                      -       A->Z   F     INVX32         7 99.7    59    56     416    (-,-) 
  g146454/Z                         -       A->Z   R     INVX32        13 80.1    52    47     463    (-,-) 
  g143890/Z                         -       A->Z   F     NAND2X1        3 11.3   130    86     549    (-,-) 
  g139894/Z                         -       A->Z   R     NAND2X1        4 14.3   253   180     729    (-,-) 
  g136152/Z                         -       A->Z   R     MUX2X1         2  8.0   137   162     892    (-,-) 
  g133525/Z                         -       A->Z   F     NAND2X1        1  5.3    82    69     960    (-,-) 
  g133334/Z                         -       A->Z   R     NAND3X1        1  5.2   161    98    1058    (-,-) 
  g133078/Z                         -       A->Z   F     NOR2X1         1  5.3   104   103    1161    (-,-) 
  g132883/Z                         -       B->Z   R     NOR2X1         1  5.3   115    93    1254    (-,-) 
  g144747/Z                         -       B->Z   F     NOR2X1         1  6.5   114    84    1338    (-,-) 
  g144746/Z                         -       A->Z   R     XOR2X1         1  8.1   140   180    1518    (-,-) 
  fopt37/Z                          -       A->Z   F     INVX4          3 19.4    87    79    1597    (-,-) 
  g142320/Z                         -       A->Z   R     NAND2X1        1  8.1   161   115    1712    (-,-) 
  g142319/Z                         -       A->Z   F     INVX4          4 19.5    93    83    1795    (-,-) 
  fopt136045/Z                      -       A->Z   R     INVX4          3 14.8    75    68    1864    (-,-) 
  fopt136044/Z                      -       A->Z   F     INVX4          4 15.4    62    58    1922    (-,-) 
  g131221__8428/Z                   -       A->Z   R     NAND2X1        1  5.2   122    83    2005    (-,-) 
  g130801__1666/Z                   -       B->Z   F     NAND3X1        1  4.9    79    70    2075    (-,-) 
  g130600__5477/Z                   -       A->Z   R     NAND2X1        2  8.4   167   115    2190    (-,-) 
  g208/Z                            -       A->Z   R     AND2X1         1  5.3    96   108    2298    (-,-) 
  g142742/Z                         -       A->Z   F     NAND3X1        1  5.2    79    62    2360    (-,-) 
  g142739/Z                         -       C->Z   R     NAND3X1        1  4.4   148   126    2486    (-,-) 
  csm_inst_right_reg_reg[28]/D      -       -      R     DFFQSRX1       1    -     -     0    2486    (-,-) 
#-----------------------------------------------------------------------------------------------------------



Path 8: VIOLATED (-1691 ps) Setup Check with Pin csm_inst_right_reg_reg[16]/CLK->D
          Group: C2C
     Startpoint: (R) csm_inst_round_counter_reg[3]/CLK
          Clock: (R) clk
       Endpoint: (F) csm_inst_right_reg_reg[16]/D
          Clock: (R) clk

                     Capture       Launch     
        Clock Edge:+    1000            0     
       Src Latency:+       0            0     
       Net Latency:+       0 (I)        0 (I) 
           Arrival:=    1000            0     
                                              
             Setup:-     209                  
     Required Time:=     791                  
      Launch Clock:-       0                  
         Data Path:-    2482                  
             Slack:=   -1691                  

#-----------------------------------------------------------------------------------------------------------
#           Timing Point            Flags    Arc   Edge   Cell     Fanout Load Trans Delay Arrival Instance 
#                                                                         (fF)  (ps)  (ps)   (ps)  Location 
#-----------------------------------------------------------------------------------------------------------
  csm_inst_round_counter_reg[3]/CLK -       -      R     (arrival)    335    -     0     0       0    (-,-) 
  csm_inst_round_counter_reg[3]/Q   -       CLK->Q R     DFFQSRX1       1  8.1   136   193     193    (-,-) 
  g554/Z                            -       A->Z   F     INVX4          1 22.9    95    86     279    (-,-) 
  fopt146456/Z                      -       A->Z   R     INVX16         6 87.5    94    82     361    (-,-) 
  fopt146457/Z                      -       A->Z   F     INVX16        10 71.9    72    68     429    (-,-) 
  fopt146466/Z                      -       A->Z   R     INVX32        26 83.8    56    52     480    (-,-) 
  g146489/Z                         -       A->Z   F     NAND2X1        3 10.9   127    85     565    (-,-) 
  g145255/Z                         -       A->Z   R     NAND2X1        4 14.3   253   179     744    (-,-) 
  g145265/Z                         -       A->Z   R     MUX2X1         2  8.0   137   162     906    (-,-) 
  g242/Z                            -       A->Z   F     NAND2X1        1  5.2    82    68     974    (-,-) 
  g140609/Z                         -       B->Z   R     NAND3X1        2  8.0   202   140    1115    (-,-) 
  g822/Z                            -       A->Z   F     NAND2X1        1  4.9    92    73    1188    (-,-) 
  g819/Z                            -       A->Z   F     AND2X1         1  5.2    66   109    1297    (-,-) 
  g817/Z                            -       B->Z   R     NAND3X1        1  8.1   204   137    1433    (-,-) 
  g33/Z                             -       A->Z   F     INVX4          4 22.5   109    97    1530    (-,-) 
  g140164/Z                         -       A->Z   R     INVX8          7 28.3    75    69    1599    (-,-) 
  g143972/Z                         -       A->Z   F     NAND2X1        2  7.6    88    72    1671    (-,-) 
  g141565/Z                         -       B->Z   R     NAND2X1        4 17.3   295   204    1875    (-,-) 
  g140523/Z                         -       S->Z   F     MUX2X1         1  5.3    66   164    2039    (-,-) 
  g130705__140847/Z                 -       A->Z   R     NAND3X1        2  8.0   202   116    2155    (-,-) 
  g140414/Z                         -       A->Z   R     AND2X1         1  5.2    95   109    2264    (-,-) 
  g140412/Z                         -       B->Z   F     NAND3X1        1  4.9    77    68    2332    (-,-) 
  g140411/Z                         -       A->Z   R     NAND2X1        1  5.3   126    88    2420    (-,-) 
  g130318__5122/Z                   -       A->Z   F     NAND3X1        1  4.4    79    62    2482    (-,-) 
  csm_inst_right_reg_reg[16]/D      -       -      F     DFFQSRX1       1    -     -     0    2482    (-,-) 
#-----------------------------------------------------------------------------------------------------------



Path 9: VIOLATED (-1691 ps) Setup Check with Pin csm_inst_right_reg_reg[29]/CLK->D
          Group: C2C
     Startpoint: (R) csm_inst_round_counter_reg[3]/CLK
          Clock: (R) clk
       Endpoint: (R) csm_inst_right_reg_reg[29]/D
          Clock: (R) clk

                     Capture       Launch     
        Clock Edge:+    1000            0     
       Src Latency:+       0            0     
       Net Latency:+       0 (I)        0 (I) 
           Arrival:=    1000            0     
                                              
             Setup:-     205                  
     Required Time:=     795                  
      Launch Clock:-       0                  
         Data Path:-    2486                  
             Slack:=   -1691                  

#-----------------------------------------------------------------------------------------------------------
#           Timing Point            Flags    Arc   Edge   Cell     Fanout Load Trans Delay Arrival Instance 
#                                                                         (fF)  (ps)  (ps)   (ps)  Location 
#-----------------------------------------------------------------------------------------------------------
  csm_inst_round_counter_reg[3]/CLK -       -      R     (arrival)    335    -     0     0       0    (-,-) 
  csm_inst_round_counter_reg[3]/Q   -       CLK->Q R     DFFQSRX1       1  8.1   136   193     193    (-,-) 
  g554/Z                            -       A->Z   F     INVX4          1 22.9    95    86     279    (-,-) 
  fopt146456/Z                      -       A->Z   R     INVX16         6 87.5    94    82     361    (-,-) 
  fopt146455/Z                      -       A->Z   F     INVX32         7 99.7    59    56     416    (-,-) 
  g146454/Z                         -       A->Z   R     INVX32        13 80.1    52    47     463    (-,-) 
  fopt145227/Z                      -       A->Z   F     INVX8          7 24.5    51    46     510    (-,-) 
  g147810/Z                         -       A->Z   R     NAND2X1        4 13.9   247   151     661    (-,-) 
  g147813/Z                         -       A->Z   F     NAND2X1        4 14.3   174   142     803    (-,-) 
  g147817/Z                         -       A->Z   F     MUX2X1         2  8.2    82   211    1013    (-,-) 
  g140619/Z                         -       A->Z   R     NAND2X1        1  5.3   121    90    1103    (-,-) 
  g133076/Z                         -       A->Z   F     NAND3X1        1  4.9    79    64    1167    (-,-) 
  g132911/Z                         -       A->Z   R     NAND2X1        1  4.8   115    85    1252    (-,-) 
  g132861/Z                         -       B->Z   F     NAND2X1        1  6.5    84    74    1326    (-,-) 
  g147867/Z                         -       A->Z   F     XOR2X1         1  8.1   124   137    1463    (-,-) 
  g147979/Z                         -       A->Z   R     INVX4          3 18.9    95    85    1548    (-,-) 
  g147981/Z                         -       A->Z   F     INVX8          8 28.4    64    60    1608    (-,-) 
  g147980/Z                         -       B->Z   R     NAND2X1        1  8.1   161   120    1728    (-,-) 
  g145807/Z                         -       A->Z   F     INVX4          6 20.8    96    86    1814    (-,-) 
  g64/Z                             -       B->Z   R     NOR2X1         2  8.9   163   120    1934    (-,-) 
  g145810/Z                         -       A->Z   F     INVX2          3 11.3    98    86    2021    (-,-) 
  g145811/Z                         -       A->Z   R     NAND2X1        1  5.3   121    95    2115    (-,-) 
  g141880/Z                         -       A->Z   F     NAND3X1        2  8.5   110    84    2200    (-,-) 
  g145570/Z                         -       B->Z   R     NAND3X1        1  4.8   155   123    2323    (-,-) 
  g130346__5122/Z                   -       A->Z   F     NAND2X1        1  5.3    86    71    2394    (-,-) 
  g130317__1705/Z                   -       A->Z   R     NAND3X1        1  4.4   148    92    2486    (-,-) 
  csm_inst_right_reg_reg[29]/D      -       -      R     DFFQSRX1       1    -     -     0    2486    (-,-) 
#-----------------------------------------------------------------------------------------------------------



Path 10: VIOLATED (-1691 ps) Setup Check with Pin csm_inst_right_reg_reg[10]/CLK->D
          Group: C2C
     Startpoint: (R) csm_inst_round_counter_reg[3]/CLK
          Clock: (R) clk
       Endpoint: (F) csm_inst_right_reg_reg[10]/D
          Clock: (R) clk

                     Capture       Launch     
        Clock Edge:+    1000            0     
       Src Latency:+       0            0     
       Net Latency:+       0 (I)        0 (I) 
           Arrival:=    1000            0     
                                              
             Setup:-     209                  
     Required Time:=     791                  
      Launch Clock:-       0                  
         Data Path:-    2482                  
             Slack:=   -1691                  

#-----------------------------------------------------------------------------------------------------------
#           Timing Point            Flags    Arc   Edge   Cell     Fanout Load Trans Delay Arrival Instance 
#                                                                         (fF)  (ps)  (ps)   (ps)  Location 
#-----------------------------------------------------------------------------------------------------------
  csm_inst_round_counter_reg[3]/CLK -       -      R     (arrival)    335    -     0     0       0    (-,-) 
  csm_inst_round_counter_reg[3]/Q   -       CLK->Q F     DFFQSRX1       1  8.1    94   163     163    (-,-) 
  g554/Z                            -       A->Z   R     INVX4          1 22.9   101    86     249    (-,-) 
  fopt146456/Z                      -       A->Z   F     INVX16         6 87.6    85    77     326    (-,-) 
  fopt138946/Z                      -       A->Z   R     INVX1          3 11.1   177   131     457    (-,-) 
  g138948/Z                         -       A->Z   F     NAND2X1        3 10.9   134   111     568    (-,-) 
  g138950/Z                         -       A->Z   F     BUFX1          1  4.9    61   104     672    (-,-) 
  g145917/Z                         -       A->Z   R     NAND2X1        2  7.6   156   103     775    (-,-) 
  g144857/Z                         -       A->Z   R     BUFX1          2  8.0   133   122     897    (-,-) 
  g134534/Z                         -       A->Z   F     NAND2X1        1  5.2    81    68     964    (-,-) 
  g141019/Z                         -       C->Z   R     NAND3X1        1  5.3   162   134    1099    (-,-) 
  g141017/Z                         -       B->Z   F     NOR2X1         1  4.8    92    81    1180    (-,-) 
  g36/Z                             -       B->Z   R     NAND2X1        1  6.5   139   116    1296    (-,-) 
  g34/Z                             -       S->Z   F     MUX2X1         1 13.0   107   200    1496    (-,-) 
  g145708/Z                         -       A->Z   R     INVX8          5 25.2    70    65    1561    (-,-) 
  g68/Z                             -       A->Z   F     INVX8          9 32.3    64    59    1620    (-,-) 
  g141754/Z                         -       A->Z   R     NAND2X1        1  8.1   163   108    1728    (-,-) 
  g141753/Z                         -       A->Z   F     INVX4          5 18.0    89    80    1808    (-,-) 
  g140645/Z                         -       A->Z   R     NAND2X1        1  4.8   114    88    1896    (-,-) 
  g141687/Z                         -       A->Z   F     NAND2X1        2  8.2   100    83    1979    (-,-) 
  g141686/Z                         -       A->Z   R     NAND2X1        1  4.8   120    91    2070    (-,-) 
  g141685/Z                         -       A->Z   R     AND2X1         1  4.8    89   100    2170    (-,-) 
  g140490/Z                         -       A->Z   R     AND2X1         1  4.8    88    98    2268    (-,-) 
  g140488/Z                         -       B->Z   F     NAND2X1        1  4.9    83    62    2330    (-,-) 
  g130388__7410/Z                   -       A->Z   R     NAND2X1        1  5.3   129    90    2420    (-,-) 
  g130343__1617/Z                   -       A->Z   F     NAND3X1        1  4.4    77    62    2482    (-,-) 
  csm_inst_right_reg_reg[10]/D      -       -      F     DFFQSRX1       1    -     -     0    2482    (-,-) 
#-----------------------------------------------------------------------------------------------------------



Path 11: VIOLATED (-1691 ps) Setup Check with Pin csm_inst_right_reg_reg[13]/CLK->D
          Group: C2C
     Startpoint: (R) csm_inst_round_counter_reg[3]/CLK
          Clock: (R) clk
       Endpoint: (R) csm_inst_right_reg_reg[13]/D
          Clock: (R) clk

                     Capture       Launch     
        Clock Edge:+    1000            0     
       Src Latency:+       0            0     
       Net Latency:+       0 (I)        0 (I) 
           Arrival:=    1000            0     
                                              
             Setup:-     205                  
     Required Time:=     795                  
      Launch Clock:-       0                  
         Data Path:-    2486                  
             Slack:=   -1691                  

#-----------------------------------------------------------------------------------------------------------
#           Timing Point            Flags    Arc   Edge   Cell     Fanout Load Trans Delay Arrival Instance 
#                                                                         (fF)  (ps)  (ps)   (ps)  Location 
#-----------------------------------------------------------------------------------------------------------
  csm_inst_round_counter_reg[3]/CLK -       -      R     (arrival)    335    -     0     0       0    (-,-) 
  csm_inst_round_counter_reg[3]/Q   -       CLK->Q R     DFFQSRX1       1  8.1   136   193     193    (-,-) 
  g554/Z                            -       A->Z   F     INVX4          1 22.9    95    86     279    (-,-) 
  fopt146456/Z                      -       A->Z   R     INVX16         6 87.5    94    82     361    (-,-) 
  fopt146455/Z                      -       A->Z   F     INVX32         7 99.7    59    56     416    (-,-) 
  g146454/Z                         -       A->Z   R     INVX32        13 80.1    52    47     463    (-,-) 
  fopt143892/Z                      -       A->Z   F     INVX8          5 17.9    41    40     503    (-,-) 
  g145322/Z                         -       A->Z   R     NAND2X1        3 11.1   208   126     629    (-,-) 
  g145325/Z                         -       A->Z   F     NAND2X1        3 10.7   139   114     743    (-,-) 
  g145324/Z                         -       B->Z   F     MUX2X1         2  8.2    82   205     947    (-,-) 
  g141769/Z                         -       A->Z   R     NAND2X1        1  5.2   120    89    1036    (-,-) 
  g141764/Z                         -       B->Z   F     NAND3X1        1  4.9    79    70    1107    (-,-) 
  g132887/Z                         -       A->Z   R     NAND2X1        1  5.3   121    89    1196    (-,-) 
  g140918/Z                         -       A->Z   F     NAND3X1        1  6.5    91    73    1269    (-,-) 
  g132284/Z                         -       A->Z   R     XOR2X1         1  8.1   138   174    1443    (-,-) 
  g147843/Z                         -       A->Z   F     INVX4          5 20.7    90    81    1524    (-,-) 
  g147846/Z                         -       B->Z   R     NAND2X1        3 14.0   247   177    1702    (-,-) 
  g147848/Z                         -       A->Z   F     INVX4          6 21.6   115   100    1801    (-,-) 
  g131380/Z                         -       A->Z   R     NAND2X1        3 11.5   211   152    1953    (-,-) 
  g130828__2346/Z                   -       B->Z   F     NAND3X1        1  4.9    90    78    2031    (-,-) 
  g141201/Z                         -       A->Z   R     NAND2X1        2  8.5   167   119    2150    (-,-) 
  g152/Z                            -       A->Z   F     NAND2X1        1  5.3    89    73    2222    (-,-) 
  g148/Z                            -       B->Z   R     NOR2X1         1  5.3   112    89    2311    (-,-) 
  g145109/Z                         -       A->Z   F     NAND3X1        1  5.2    80    64    2376    (-,-) 
  g145108/Z                         -       B->Z   R     NAND3X1        1  4.4   148   110    2486    (-,-) 
  csm_inst_right_reg_reg[13]/D      -       -      R     DFFQSRX1       1    -     -     0    2486    (-,-) 
#-----------------------------------------------------------------------------------------------------------



Path 12: VIOLATED (-1690 ps) Setup Check with Pin csm_inst_right_reg_reg[9]/CLK->D
          Group: C2C
     Startpoint: (R) csm_inst_round_counter_reg[3]/CLK
          Clock: (R) clk
       Endpoint: (R) csm_inst_right_reg_reg[9]/D
          Clock: (R) clk

                     Capture       Launch     
        Clock Edge:+    1000            0     
       Src Latency:+       0            0     
       Net Latency:+       0 (I)        0 (I) 
           Arrival:=    1000            0     
                                              
             Setup:-     205                  
     Required Time:=     795                  
      Launch Clock:-       0                  
         Data Path:-    2486                  
             Slack:=   -1690                  

#-----------------------------------------------------------------------------------------------------------
#           Timing Point            Flags    Arc   Edge   Cell     Fanout Load Trans Delay Arrival Instance 
#                                                                         (fF)  (ps)  (ps)   (ps)  Location 
#-----------------------------------------------------------------------------------------------------------
  csm_inst_round_counter_reg[3]/CLK -       -      R     (arrival)    335    -     0     0       0    (-,-) 
  csm_inst_round_counter_reg[3]/Q   -       CLK->Q R     DFFQSRX1       1  8.1   136   193     193    (-,-) 
  g554/Z                            -       A->Z   F     INVX4          1 22.9    95    86     279    (-,-) 
  fopt146456/Z                      -       A->Z   R     INVX16         6 87.5    94    82     361    (-,-) 
  fopt146455/Z                      -       A->Z   F     INVX32         7 99.7    59    56     416    (-,-) 
  g146454/Z                         -       A->Z   R     INVX32        13 80.1    52    47     463    (-,-) 
  g262/Z                            -       A->Z   F     NAND2X1        3 11.3   130    86     549    (-,-) 
  g145829/Z                         -       B->Z   R     NAND2X1        2  7.6   158   138     687    (-,-) 
  g141480/Z                         -       A->Z   F     NAND2X1        1  4.9    84    69     756    (-,-) 
  g141478/Z                         -       A->Z   R     NAND2X1        2  8.0   160   113     869    (-,-) 
  g142596/Z                         -       A->Z   R     AND2X1         1  5.3    96   108     976    (-,-) 
  g142594/Z                         -       B->Z   F     NOR2X1         1  5.3    96    73    1050    (-,-) 
  g40/Z                             -       A->Z   R     NAND3X1        1  4.8   154    99    1148    (-,-) 
  g145057/Z                         -       A->Z   F     NAND2X1        1  4.9    83    68    1216    (-,-) 
  g145056/Z                         -       A->Z   R     NAND2X1        1  6.5   139   100    1317    (-,-) 
  g136074/Z                         -       A->Z   F     XOR2X1         1  8.1   124   108    1424    (-,-) 
  g141309/Z                         -       A->Z   R     INVX4          4 22.5   106    93    1518    (-,-) 
  g141311/Z                         -       A->Z   F     INVX8          5 18.0    53    50    1568    (-,-) 
  g141316/Z                         -       B->Z   R     NAND2X1        1  8.1   162   117    1685    (-,-) 
  fopt142283/Z                      -       A->Z   F     INVX4          3 14.1    78    70    1754    (-,-) 
  fopt142281/Z                      -       A->Z   R     INVX4          2 11.8    63    58    1812    (-,-) 
  fopt142278/Z                      -       A->Z   F     INVX4          5 18.1    68    61    1873    (-,-) 
  g132/Z                            -       A->Z   R     NAND3X1        1  4.8   154    90    1963    (-,-) 
  g145535/Z                         -       A->Z   F     NAND2X1        2  9.0   115    95    2058    (-,-) 
  g144913/Z                         -       B->Z   R     NOR2X1         1  5.2   115    95    2153    (-,-) 
  g145822/Z                         -       B->Z   F     NAND3X1        1  4.8    77    69    2222    (-,-) 
  g145821/Z                         -       A->Z   F     MUX2X1         1  5.3    65   177    2400    (-,-) 
  g145820/Z                         -       A->Z   R     NAND3X1        1  4.4   148    86    2486    (-,-) 
  csm_inst_right_reg_reg[9]/D       -       -      R     DFFQSRX1       1    -     -     0    2486    (-,-) 
#-----------------------------------------------------------------------------------------------------------



Path 13: VIOLATED (-1690 ps) Setup Check with Pin csm_inst_right_reg_reg[1]/CLK->D
          Group: C2C
     Startpoint: (R) csm_inst_round_counter_reg[3]/CLK
          Clock: (R) clk
       Endpoint: (F) csm_inst_right_reg_reg[1]/D
          Clock: (R) clk

                     Capture       Launch     
        Clock Edge:+    1000            0     
       Src Latency:+       0            0     
       Net Latency:+       0 (I)        0 (I) 
           Arrival:=    1000            0     
                                              
             Setup:-     209                  
     Required Time:=     791                  
      Launch Clock:-       0                  
         Data Path:-    2481                  
             Slack:=   -1690                  

#-----------------------------------------------------------------------------------------------------------
#           Timing Point            Flags    Arc   Edge   Cell     Fanout Load Trans Delay Arrival Instance 
#                                                                         (fF)  (ps)  (ps)   (ps)  Location 
#-----------------------------------------------------------------------------------------------------------
  csm_inst_round_counter_reg[3]/CLK -       -      R     (arrival)    335    -     0     0       0    (-,-) 
  csm_inst_round_counter_reg[3]/Q   -       CLK->Q R     DFFQSRX1       1  8.1   136   193     193    (-,-) 
  g554/Z                            -       A->Z   F     INVX4          1 22.9    95    86     279    (-,-) 
  fopt146456/Z                      -       A->Z   R     INVX16         6 87.5    94    82     361    (-,-) 
  fopt146455/Z                      -       A->Z   F     INVX32         7 99.7    59    56     416    (-,-) 
  g146454/Z                         -       A->Z   R     INVX32        13 80.1    52    47     463    (-,-) 
  g262/Z                            -       A->Z   F     NAND2X1        3 11.3   130    86     549    (-,-) 
  g145829/Z                         -       B->Z   R     NAND2X1        2  7.6   158   138     687    (-,-) 
  g141480/Z                         -       A->Z   F     NAND2X1        1  4.9    84    69     756    (-,-) 
  g141478/Z                         -       A->Z   R     NAND2X1        2  8.0   160   113     869    (-,-) 
  g142596/Z                         -       A->Z   R     AND2X1         1  5.3    96   108     976    (-,-) 
  g142594/Z                         -       B->Z   F     NOR2X1         1  5.3    96    73    1050    (-,-) 
  g40/Z                             -       A->Z   R     NAND3X1        1  4.8   154    99    1148    (-,-) 
  g145057/Z                         -       A->Z   F     NAND2X1        1  4.9    83    68    1216    (-,-) 
  g145056/Z                         -       A->Z   R     NAND2X1        1  6.5   139   100    1317    (-,-) 
  g136074/Z                         -       A->Z   F     XOR2X1         1  8.1   124   108    1424    (-,-) 
  g141309/Z                         -       A->Z   R     INVX4          4 22.5   106    93    1518    (-,-) 
  g141311/Z                         -       A->Z   F     INVX8          5 18.0    53    50    1568    (-,-) 
  g141316/Z                         -       B->Z   R     NAND2X1        1  8.1   162   117    1685    (-,-) 
  fopt142283/Z                      -       A->Z   F     INVX4          3 14.1    78    70    1754    (-,-) 
  fopt142281/Z                      -       A->Z   R     INVX4          2 11.8    63    58    1812    (-,-) 
  fopt142278/Z                      -       A->Z   F     INVX4          5 18.1    68    61    1873    (-,-) 
  g131100__138749/Z                 -       A->Z   F     MUX2X1         1  4.9    63   173    2046    (-,-) 
  g130735__1881/Z                   -       A->Z   R     NAND2X1        1  5.3   122    84    2130    (-,-) 
  g130704__146129/Z                 -       A->Z   F     NAND3X1        2  8.6   107    85    2215    (-,-) 
  g130517__5526/Z                   -       A->Z   R     NAND2X1        1  4.8   123    93    2308    (-,-) 
  g130476__2346/Z                   -       A->Z   R     AND2X1         1  5.2    94   104    2412    (-,-) 
  g130324__7482/Z                   -       C->Z   F     NAND3X1        1  4.4    79    69    2481    (-,-) 
  csm_inst_right_reg_reg[1]/D       -       -      F     DFFQSRX1       1    -     -     0    2481    (-,-) 
#-----------------------------------------------------------------------------------------------------------



Path 14: VIOLATED (-1690 ps) Setup Check with Pin csm_inst_right_reg_reg[22]/CLK->D
          Group: C2C
     Startpoint: (R) csm_inst_round_counter_reg[3]/CLK
          Clock: (R) clk
       Endpoint: (R) csm_inst_right_reg_reg[22]/D
          Clock: (R) clk

                     Capture       Launch     
        Clock Edge:+    1000            0     
       Src Latency:+       0            0     
       Net Latency:+       0 (I)        0 (I) 
           Arrival:=    1000            0     
                                              
             Setup:-     205                  
     Required Time:=     795                  
      Launch Clock:-       0                  
         Data Path:-    2485                  
             Slack:=   -1690                  

#-----------------------------------------------------------------------------------------------------------
#           Timing Point            Flags    Arc   Edge   Cell     Fanout Load Trans Delay Arrival Instance 
#                                                                         (fF)  (ps)  (ps)   (ps)  Location 
#-----------------------------------------------------------------------------------------------------------
  csm_inst_round_counter_reg[3]/CLK -       -      R     (arrival)    335    -     0     0       0    (-,-) 
  csm_inst_round_counter_reg[3]/Q   -       CLK->Q R     DFFQSRX1       1  8.1   136   193     193    (-,-) 
  g554/Z                            -       A->Z   F     INVX4          1 22.9    95    86     279    (-,-) 
  fopt146456/Z                      -       A->Z   R     INVX16         6 87.5    94    82     361    (-,-) 
  fopt146455/Z                      -       A->Z   F     INVX32         7 99.7    59    56     416    (-,-) 
  fopt147887/Z                      -       A->Z   R     INVX32        17 73.1    49    45     462    (-,-) 
  fopt147889/Z                      -       A->Z   F     INVX16        11 37.0    42    40     501    (-,-) 
  g147892/Z                         -       A->Z   R     NAND2X1        3 11.1   207   126     627    (-,-) 
  g111/Z                            -       A->Z   F     NAND2X1        5 18.6   197   161     788    (-,-) 
  g137123/Z                         -       A->Z   R     NAND2X1        1  4.8   120   118     906    (-,-) 
  g144741/Z                         -       B->Z   F     NAND2X1        1  5.2    79    67     973    (-,-) 
  g144740/Z                         -       A->Z   R     NOR2X1         1  5.3   118    98    1071    (-,-) 
  g140385/Z                         -       A->Z   F     NAND3X1        1  4.9    79    64    1135    (-,-) 
  g140384/Z                         -       A->Z   R     NAND2X1        1  4.8   114    85    1220    (-,-) 
  g136082/Z                         -       A->Z   F     NAND2X1        1  6.5    86    73    1292    (-,-) 
  g136081/Z                         -       A->Z   R     XOR2X1         1  8.1   149   173    1465    (-,-) 
  g146007/Z                         -       A->Z   F     INVX4          3 19.3    89    80    1546    (-,-) 
  g146010/Z                         -       A->Z   R     INVX8         10 42.3    92    80    1626    (-,-) 
  g147852/Z                         -       A->Z   F     NAND2X1        1  5.2    72    62    1687    (-,-) 
  g147851/Z                         -       A->Z   R     NOR2X1         5 17.4   281   195    1882    (-,-) 
  g147850/Z                         -       A->Z   F     NAND2X1        1  4.8   104    77    1959    (-,-) 
  g11/Z                             -       B->Z   R     NAND2X1        2  8.5   169   136    2096    (-,-) 
  g130531__6161/Z                   -       A->Z   F     NAND3X1        1  5.3    91    73    2168    (-,-) 
  g130485__8428/Z                   -       A->Z   R     NAND3X1        1  5.3   162   101    2270    (-,-) 
  g472/Z                            -       B->Z   F     NOR2X1         1  5.2    94    84    2354    (-,-) 
  g464/Z                            -       C->Z   R     NAND3X1        1  4.4   149   131    2485    (-,-) 
  csm_inst_right_reg_reg[22]/D      -       -      R     DFFQSRX1       1    -     -     0    2485    (-,-) 
#-----------------------------------------------------------------------------------------------------------



Path 15: VIOLATED (-1690 ps) Setup Check with Pin csm_inst_right_reg_reg[6]/CLK->D
          Group: C2C
     Startpoint: (R) csm_inst_round_counter_reg[0]/CLK
          Clock: (R) clk
       Endpoint: (F) csm_inst_right_reg_reg[6]/D
          Clock: (R) clk

                     Capture       Launch     
        Clock Edge:+    1000            0     
       Src Latency:+       0            0     
       Net Latency:+       0 (I)        0 (I) 
           Arrival:=    1000            0     
                                              
             Setup:-     207                  
     Required Time:=     793                  
      Launch Clock:-       0                  
         Data Path:-    2483                  
             Slack:=   -1690                  

#-----------------------------------------------------------------------------------------------------------
#           Timing Point            Flags    Arc   Edge   Cell     Fanout Load Trans Delay Arrival Instance 
#                                                                         (fF)  (ps)  (ps)   (ps)  Location 
#-----------------------------------------------------------------------------------------------------------
  csm_inst_round_counter_reg[0]/CLK -       -      R     (arrival)    335    -     0     0       0    (-,-) 
  csm_inst_round_counter_reg[0]/Q   -       CLK->Q F     DFFQSRX1       1  8.1    94   163     163    (-,-) 
  fopt156/Z                         -       A->Z   R     INVX4          9 33.5   137   109     272    (-,-) 
  fopt146540/Z                      -       A->Z   F     INVX4          6 29.8   113   100     372    (-,-) 
  g144079/Z                         -       A->Z   R     NOR2X1         1 13.0   220   167     538    (-,-) 
  g135088/Z                         -       A->Z   F     INVX8          3 47.7   116   102     641    (-,-) 
  g135083/Z                         -       A->Z   R     INVX16        14 45.9    68    63     704    (-,-) 
  g134997/Z                         -       A->Z   R     AND2X1         2  9.0   148   130     834    (-,-) 
  g136938/Z                         -       B->Z   F     NOR2X1         1  4.8    91    79     913    (-,-) 
  g136936/Z                         -       B->Z   F     AND2X1         1  5.3    67   125    1038    (-,-) 
  g136935/Z                         -       A->Z   R     NAND3X1        1  4.8   154    90    1128    (-,-) 
  g136934/Z                         -       B->Z   F     NAND2X1        1  4.9    75    68    1195    (-,-) 
  g141419/Z                         -       A->Z   F     AND2X1         1  6.5    77   112    1307    (-,-) 
  g145/Z                            -       A->Z   R     XOR2X1         1  8.1   137   170    1478    (-,-) 
  g144/Z                            -       A->Z   F     INVX4          7 32.8   121   106    1584    (-,-) 
  g144854/Z                         -       A->Z   R     NAND2X1        2  7.2   148   118    1702    (-,-) 
  fopt85/Z                          -       A->Z   F     INVX1          2  8.2   106    92    1793    (-,-) 
  g140033/Z                         -       A->Z   R     NAND2X1        1  4.8   116    93    1886    (-,-) 
  g131032__6417/Z                   -       A->Z   F     NAND2X1        1  4.9    75    63    1949    (-,-) 
  g130779__4319/Z                   -       A->Z   R     NAND2X1        2  8.5   168   114    2064    (-,-) 
  g140914/Z                         -       A->Z   R     AND2X1         1  5.3    96   108    2172    (-,-) 
  g141702/Z                         -       A->Z   F     NAND3X1        1  4.9    90    61    2233    (-,-) 
  g141701/Z                         -       A->Z   R     NAND2X1        1  4.8   115    88    2321    (-,-) 
  g145575/Z                         -       A->Z   R     AND2X1         1  5.3    95   104    2425    (-,-) 
  g145574/Z                         -       A->Z   F     NAND3X1        1  4.4    73    58    2483    (-,-) 
  csm_inst_right_reg_reg[6]/D       -       -      F     DFFQSRX1       1    -     -     0    2483    (-,-) 
#-----------------------------------------------------------------------------------------------------------



Path 16: VIOLATED (-1690 ps) Setup Check with Pin csm_inst_right_reg_reg[18]/CLK->D
          Group: C2C
     Startpoint: (R) csm_inst_round_counter_reg[3]/CLK
          Clock: (R) clk
       Endpoint: (R) csm_inst_right_reg_reg[18]/D
          Clock: (R) clk

                     Capture       Launch     
        Clock Edge:+    1000            0     
       Src Latency:+       0            0     
       Net Latency:+       0 (I)        0 (I) 
           Arrival:=    1000            0     
                                              
             Setup:-     205                  
     Required Time:=     795                  
      Launch Clock:-       0                  
         Data Path:-    2485                  
             Slack:=   -1690                  

#-----------------------------------------------------------------------------------------------------------
#           Timing Point            Flags    Arc   Edge   Cell     Fanout Load Trans Delay Arrival Instance 
#                                                                         (fF)  (ps)  (ps)   (ps)  Location 
#-----------------------------------------------------------------------------------------------------------
  csm_inst_round_counter_reg[3]/CLK -       -      R     (arrival)    335    -     0     0       0    (-,-) 
  csm_inst_round_counter_reg[3]/Q   -       CLK->Q R     DFFQSRX1       1  8.1   136   193     193    (-,-) 
  g554/Z                            -       A->Z   F     INVX4          1 22.9    95    86     279    (-,-) 
  fopt146456/Z                      -       A->Z   R     INVX16         6 87.5    94    82     361    (-,-) 
  fopt146455/Z                      -       A->Z   F     INVX32         7 99.7    59    56     416    (-,-) 
  g146454/Z                         -       A->Z   R     INVX32        13 80.1    52    47     463    (-,-) 
  fopt145227/Z                      -       A->Z   F     INVX8          7 24.5    51    46     510    (-,-) 
  g142837/Z                         -       A->Z   R     NAND2X1        3 10.7   201   125     635    (-,-) 
  g138944/Z                         -       A->Z   R     BUFX1          1  4.8    88    99     733    (-,-) 
  g138943/Z                         -       A->Z   F     NAND2X1        2  7.6   104    75     808    (-,-) 
  g134304/Z                         -       B->Z   F     MUX2X1         2  8.2    82   198    1007    (-,-) 
  g133517/Z                         -       A->Z   R     NAND2X1        2  8.5   171   116    1123    (-,-) 
  g727/Z                            -       A->Z   F     NAND3X1        1  5.7   101    76    1198    (-,-) 
  g726/Z                            -       A->Z   R     INVX2          1  5.3    66    62    1260    (-,-) 
  g722/Z                            -       A->Z   F     NAND3X1        1  5.2    79    57    1317    (-,-) 
  g721/Z                            -       B->Z   R     NAND3X1        1  8.1   204   140    1458    (-,-) 
  fopt141661/Z                      -       A->Z   F     INVX4          5 22.2   108    96    1553    (-,-) 
  fopt141665/Z                      -       A->Z   R     INVX4          2  8.0    58    55    1608    (-,-) 
  g141670/Z                         -       A->Z   F     NAND2X1        1  4.8    67    53    1661    (-,-) 
  g147873/Z                         -       B->Z   R     NAND2X1        1  8.1   161   121    1782    (-,-) 
  g147872/Z                         -       A->Z   F     INVX4          3 14.1    78    70    1852    (-,-) 
  g147876/Z                         -       A->Z   R     INVX4          4 14.3    71    64    1916    (-,-) 
  g136446/Z                         -       A->Z   F     NAND2X1        1  4.9    66    56    1972    (-,-) 
  g130747__136445/Z                 -       A->Z   R     NAND2X1        1  4.8   117    81    2053    (-,-) 
  g142285/Z                         -       A->Z   F     NAND2X1        1  4.9    75    63    2116    (-,-) 
  g142284/Z                         -       A->Z   R     NAND2X1        2  7.6   154   107    2223    (-,-) 
  g130463__1705/Z                   -       A->Z   F     NAND2X1        1  4.9    83    68    2291    (-,-) 
  g142799/Z                         -       A->Z   F     AND2X1         1  5.3    67   107    2398    (-,-) 
  g142798/Z                         -       A->Z   R     NAND3X1        1  4.4   148    86    2485    (-,-) 
  csm_inst_right_reg_reg[18]/D      -       -      R     DFFQSRX1       1    -     -     0    2485    (-,-) 
#-----------------------------------------------------------------------------------------------------------



Path 17: VIOLATED (-1689 ps) Setup Check with Pin csm_inst_right_reg_reg[11]/CLK->D
          Group: C2C
     Startpoint: (R) csm_inst_round_counter_reg[3]/CLK
          Clock: (R) clk
       Endpoint: (R) csm_inst_right_reg_reg[11]/D
          Clock: (R) clk

                     Capture       Launch     
        Clock Edge:+    1000            0     
       Src Latency:+       0            0     
       Net Latency:+       0 (I)        0 (I) 
           Arrival:=    1000            0     
                                              
             Setup:-     205                  
     Required Time:=     795                  
      Launch Clock:-       0                  
         Data Path:-    2484                  
             Slack:=   -1689                  

#-----------------------------------------------------------------------------------------------------------
#           Timing Point            Flags    Arc   Edge   Cell     Fanout Load Trans Delay Arrival Instance 
#                                                                         (fF)  (ps)  (ps)   (ps)  Location 
#-----------------------------------------------------------------------------------------------------------
  csm_inst_round_counter_reg[3]/CLK -       -      R     (arrival)    335    -     0     0       0    (-,-) 
  csm_inst_round_counter_reg[3]/Q   -       CLK->Q R     DFFQSRX1       1  8.1   136   193     193    (-,-) 
  g554/Z                            -       A->Z   F     INVX4          1 22.9    95    86     279    (-,-) 
  fopt146456/Z                      -       A->Z   R     INVX16         6 87.5    94    82     361    (-,-) 
  fopt146455/Z                      -       A->Z   F     INVX32         7 99.7    59    56     416    (-,-) 
  g146454/Z                         -       A->Z   R     INVX32        13 80.1    52    47     463    (-,-) 
  fopt145227/Z                      -       A->Z   F     INVX8          7 24.5    51    46     510    (-,-) 
  g142837/Z                         -       A->Z   R     NAND2X1        3 10.7   201   125     635    (-,-) 
  g141163/Z                         -       B->Z   F     NAND2X1        3 11.4   144   112     747    (-,-) 
  g141456/Z                         -       A->Z   R     NAND2X1        1  4.8   116   104     850    (-,-) 
  g141455/Z                         -       A->Z   F     NAND2X1        2  8.2   100    84     934    (-,-) 
  g141454/Z                         -       A->Z   R     NAND2X1        1  5.2   121    94    1028    (-,-) 
  g141448/Z                         -       C->Z   F     NAND3X1        1  4.9    77    73    1102    (-,-) 
  g132926/Z                         -       A->Z   R     NAND2X1        1  4.8   115    84    1186    (-,-) 
  g136994/Z                         -       A->Z   F     NAND2X1        1  6.5    87    73    1259    (-,-) 
  g144355/Z                         -       A->Z   R     XOR2X1         2 10.9   179   196    1455    (-,-) 
  g137050/Z                         -       A->Z   R     BUFX1          1  4.8    88    98    1553    (-,-) 
  g147990/Z                         -       B->Z   F     NAND2X1        3 14.5   150   113    1666    (-,-) 
  g147993/Z                         -       A->Z   R     INVX4          3 14.0    86    79    1745    (-,-) 
  g147995/Z                         -       A->Z   F     INVX4          2  8.6    48    46    1791    (-,-) 
  g131132__137052/Z                 -       A->Z   R     NAND2X1        1  5.3   122    79    1871    (-,-) 
  g142575/Z                         -       A->Z   F     NAND3X1        1  4.9    79    64    1935    (-,-) 
  g142574/Z                         -       A->Z   R     NAND2X1        1  4.8   122    85    2020    (-,-) 
  g14/Z                             -       A->Z   F     NAND2X1        2  8.0   100    84    2103    (-,-) 
  g98/Z                             -       B->Z   F     AND2X1         1  5.3    67   127    2231    (-,-) 
  g93/Z                             -       A->Z   R     NAND3X1        1  4.8   156    90    2320    (-,-) 
  g140163/Z                         -       A->Z   F     NAND2X1        1  5.3    86    71    2392    (-,-) 
  g130305__6783/Z                   -       A->Z   R     NAND3X1        1  4.4   148    92    2484    (-,-) 
  csm_inst_right_reg_reg[11]/D      -       -      R     DFFQSRX1       1    -     -     0    2484    (-,-) 
#-----------------------------------------------------------------------------------------------------------



Path 18: VIOLATED (-1689 ps) Setup Check with Pin csm_inst_right_reg_reg[12]/CLK->D
          Group: C2C
     Startpoint: (R) csm_inst_round_counter_reg[0]/CLK
          Clock: (R) clk
       Endpoint: (R) csm_inst_right_reg_reg[12]/D
          Clock: (R) clk

                     Capture       Launch     
        Clock Edge:+    1000            0     
       Src Latency:+       0            0     
       Net Latency:+       0 (I)        0 (I) 
           Arrival:=    1000            0     
                                              
             Setup:-     205                  
     Required Time:=     795                  
      Launch Clock:-       0                  
         Data Path:-    2484                  
             Slack:=   -1689                  

#-----------------------------------------------------------------------------------------------------------
#           Timing Point            Flags    Arc   Edge   Cell     Fanout Load Trans Delay Arrival Instance 
#                                                                         (fF)  (ps)  (ps)   (ps)  Location 
#-----------------------------------------------------------------------------------------------------------
  csm_inst_round_counter_reg[0]/CLK -       -      R     (arrival)    335    -     0     0       0    (-,-) 
  csm_inst_round_counter_reg[0]/Q   -       CLK->Q F     DFFQSRX1       1  8.1    94   163     163    (-,-) 
  fopt156/Z                         -       A->Z   R     INVX4          9 33.5   137   109     272    (-,-) 
  fopt146540/Z                      -       A->Z   F     INVX4          6 29.8   113   100     372    (-,-) 
  g144079/Z                         -       A->Z   R     NOR2X1         1 13.0   220   167     538    (-,-) 
  g135088/Z                         -       A->Z   F     INVX8          3 47.7   116   102     641    (-,-) 
  g135083/Z                         -       A->Z   R     INVX16        14 45.9    68    63     704    (-,-) 
  g134997/Z                         -       A->Z   R     AND2X1         2  9.0   148   130     834    (-,-) 
  g136938/Z                         -       B->Z   F     NOR2X1         1  4.8    91    79     913    (-,-) 
  g136936/Z                         -       B->Z   F     AND2X1         1  5.3    67   125    1038    (-,-) 
  g136935/Z                         -       A->Z   R     NAND3X1        1  4.8   154    90    1128    (-,-) 
  g136934/Z                         -       B->Z   F     NAND2X1        1  4.9    75    68    1195    (-,-) 
  g141419/Z                         -       A->Z   F     AND2X1         1  6.5    77   112    1307    (-,-) 
  g145/Z                            -       A->Z   R     XOR2X1         1  8.1   137   170    1478    (-,-) 
  g144/Z                            -       A->Z   F     INVX4          7 32.8   121   106    1584    (-,-) 
  g146716/Z                         -       A->Z   R     INVX2          2  8.0    87    80    1664    (-,-) 
  g145964/Z                         -       A->Z   F     NAND2X1        1  8.1    92    78    1742    (-,-) 
  g145963/Z                         -       A->Z   R     INVX4          4 14.7    74    68    1810    (-,-) 
  g145716/Z                         -       A->Z   F     NAND2X1        1  4.9    71    57    1867    (-,-) 
  g145715/Z                         -       A->Z   R     NAND2X1        1  4.8   114    82    1949    (-,-) 
  g145714/Z                         -       A->Z   F     NAND2X1        1  4.8    74    62    2011    (-,-) 
  g130521__2802/Z                   -       B->Z   R     NAND2X1        1  5.3   121   100    2112    (-,-) 
  g145071/Z                         -       B->Z   F     NOR2X1         2  8.9   128   101    2212    (-,-) 
  g145070/Z                         -       A->Z   R     NAND3X1        1  4.8   155   108    2320    (-,-) 
  g141060/Z                         -       A->Z   F     NAND2X1        1  5.3    86    71    2392    (-,-) 
  g141059/Z                         -       A->Z   R     NAND3X1        1  4.4   148    92    2484    (-,-) 
  csm_inst_right_reg_reg[12]/D      -       -      R     DFFQSRX1       1    -     -     0    2484    (-,-) 
#-----------------------------------------------------------------------------------------------------------



Path 19: VIOLATED (-1689 ps) Setup Check with Pin csm_inst_right_reg_reg[23]/CLK->D
          Group: C2C
     Startpoint: (R) csm_inst_round_counter_reg[3]/CLK
          Clock: (R) clk
       Endpoint: (R) csm_inst_right_reg_reg[23]/D
          Clock: (R) clk

                     Capture       Launch     
        Clock Edge:+    1000            0     
       Src Latency:+       0            0     
       Net Latency:+       0 (I)        0 (I) 
           Arrival:=    1000            0     
                                              
             Setup:-     205                  
     Required Time:=     795                  
      Launch Clock:-       0                  
         Data Path:-    2484                  
             Slack:=   -1689                  

#-----------------------------------------------------------------------------------------------------------
#           Timing Point            Flags    Arc   Edge   Cell     Fanout Load Trans Delay Arrival Instance 
#                                                                         (fF)  (ps)  (ps)   (ps)  Location 
#-----------------------------------------------------------------------------------------------------------
  csm_inst_round_counter_reg[3]/CLK -       -      R     (arrival)    335    -     0     0       0    (-,-) 
  csm_inst_round_counter_reg[3]/Q   -       CLK->Q R     DFFQSRX1       1  8.1   136   193     193    (-,-) 
  g554/Z                            -       A->Z   F     INVX4          1 22.9    95    86     279    (-,-) 
  fopt146456/Z                      -       A->Z   R     INVX16         6 87.5    94    82     361    (-,-) 
  fopt141782/Z                      -       A->Z   F     INVX8         10 41.9    80    74     435    (-,-) 
  g138013/Z                         -       A->Z   F     BUFX1          2  8.2    90   112     547    (-,-) 
  g19_0/Z                           -       A->Z   R     NAND2X1        1  4.8   129    88     635    (-,-) 
  g18/Z                             -       A->Z   F     NAND2X1        3 11.2   133   103     738    (-,-) 
  g143862/Z                         -       B->Z   F     MUX2X1         2  8.2    82   204     942    (-,-) 
  g133607/Z                         -       A->Z   R     NAND2X1        1  4.8   123    86    1027    (-,-) 
  g133280/Z                         -       A->Z   F     NAND2X1        1  5.3    79    67    1094    (-,-) 
  g133111/Z                         -       B->Z   R     NOR2X1         1  4.8   104    82    1176    (-,-) 
  g141570/Z                         -       B->Z   F     NAND2X1        1  6.5    87    73    1249    (-,-) 
  g141568/Z                         -       S->Z   R     MUX2X1         1  8.1   138   186    1435    (-,-) 
  fopt141567/Z                      -       A->Z   F     INVX4          3 19.3    87    78    1514    (-,-) 
  g141566/Z                         -       B->Z   R     NAND2X1        3 14.4   253   179    1693    (-,-) 
  g131676/Z                         -       A->Z   F     INVX4          7 25.7   127   110    1803    (-,-) 
  g131339__3680/Z                   -       B->Z   R     NOR2X1         1  5.2   118    98    1901    (-,-) 
  g124/Z                            -       B->Z   F     NAND3X1        2  8.2   106    88    1989    (-,-) 
  g145743/Z                         -       A->Z   F     AND2X1         1  5.3    67   112    2102    (-,-) 
  g145035/Z                         -       A->Z   R     NAND3X1        1  5.2   161    93    2195    (-,-) 
  g140573/Z                         -       A->Z   R     OR2X1          1  4.8    89   139    2334    (-,-) 
  g140572/Z                         -       A->Z   F     NAND2X1        1  5.3    72    62    2396    (-,-) 
  g130319__8246/Z                   -       A->Z   R     NAND3X1        1  4.4   148    88    2484    (-,-) 
  csm_inst_right_reg_reg[23]/D      -       -      R     DFFQSRX1       1    -     -     0    2484    (-,-) 
#-----------------------------------------------------------------------------------------------------------



Path 20: VIOLATED (-1689 ps) Setup Check with Pin csm_inst_right_reg_reg[14]/CLK->D
          Group: C2C
     Startpoint: (R) csm_inst_round_counter_reg[3]/CLK
          Clock: (R) clk
       Endpoint: (R) csm_inst_right_reg_reg[14]/D
          Clock: (R) clk

                     Capture       Launch     
        Clock Edge:+    1000            0     
       Src Latency:+       0            0     
       Net Latency:+       0 (I)        0 (I) 
           Arrival:=    1000            0     
                                              
             Setup:-     205                  
     Required Time:=     795                  
      Launch Clock:-       0                  
         Data Path:-    2484                  
             Slack:=   -1689                  

#-----------------------------------------------------------------------------------------------------------
#           Timing Point            Flags    Arc   Edge   Cell     Fanout Load Trans Delay Arrival Instance 
#                                                                         (fF)  (ps)  (ps)   (ps)  Location 
#-----------------------------------------------------------------------------------------------------------
  csm_inst_round_counter_reg[3]/CLK -       -      R     (arrival)    335    -     0     0       0    (-,-) 
  csm_inst_round_counter_reg[3]/Q   -       CLK->Q R     DFFQSRX1       1  8.1   136   193     193    (-,-) 
  g554/Z                            -       A->Z   F     INVX4          1 22.9    95    86     279    (-,-) 
  fopt146456/Z                      -       A->Z   R     INVX16         6 87.5    94    82     361    (-,-) 
  fopt146455/Z                      -       A->Z   F     INVX32         7 99.7    59    56     416    (-,-) 
  g146454/Z                         -       A->Z   R     INVX32        13 80.1    52    47     463    (-,-) 
  fopt143891/Z                      -       A->Z   F     INVX4          3 11.4    48    45     508    (-,-) 
  g142897/Z                         -       A->Z   R     NAND2X1        3 11.1   207   128     636    (-,-) 
  g141714/Z                         -       A->Z   F     NAND2X1        3 11.1   141   116     752    (-,-) 
  g140089/Z                         -       A->Z   F     MUX2X1         2  8.2    81   205     956    (-,-) 
  g133403/Z                         -       A->Z   R     NAND2X1        1  5.2   121    89    1045    (-,-) 
  g133088/Z                         -       B->Z   F     NAND3X1        1  4.9    77    70    1116    (-,-) 
  g132898/Z                         -       A->Z   R     NAND2X1        1  5.3   122    88    1204    (-,-) 
  g132616/Z                         -       A->Z   F     NAND3X1        2 11.4   129    99    1304    (-,-) 
  g144978/Z                         -       S->Z   R     MUX2X1         3 14.4   229   248    1552    (-,-) 
  g139919/Z                         -       B->Z   R     AND2X1         4 14.3   225   188    1739    (-,-) 
  g141402/Z                         -       A->Z   F     NAND2X1        1  8.1   123   100    1839    (-,-) 
  fopt140567/Z                      -       A->Z   R     INVX4          3 14.4    80    74    1913    (-,-) 
  g145605/Z                         -       A->Z   F     NAND2X1        1  5.3    73    60    1973    (-,-) 
  g80/Z                             -       A->Z   R     NAND3X1        1  5.2   160    95    2068    (-,-) 
  g79/Z                             -       A->Z   F     NOR2X1         2  8.6   131   124    2192    (-,-) 
  g477/Z                            -       A->Z   R     NAND3X1        1  4.8   155   109    2302    (-,-) 
  g475/Z                            -       A->Z   F     NAND2X1        1  5.2    85    70    2372    (-,-) 
  g474/Z                            -       B->Z   R     NAND3X1        1  4.4   148   112    2484    (-,-) 
  csm_inst_right_reg_reg[14]/D      -       -      R     DFFQSRX1       1    -     -     0    2484    (-,-) 
#-----------------------------------------------------------------------------------------------------------



Path 21: VIOLATED (-1688 ps) Setup Check with Pin csm_inst_right_reg_reg[27]/CLK->D
          Group: C2C
     Startpoint: (R) csm_inst_round_counter_reg[3]/CLK
          Clock: (R) clk
       Endpoint: (R) csm_inst_right_reg_reg[27]/D
          Clock: (R) clk

                     Capture       Launch     
        Clock Edge:+    1000            0     
       Src Latency:+       0            0     
       Net Latency:+       0 (I)        0 (I) 
           Arrival:=    1000            0     
                                              
             Setup:-     205                  
     Required Time:=     795                  
      Launch Clock:-       0                  
         Data Path:-    2483                  
             Slack:=   -1688                  

#-----------------------------------------------------------------------------------------------------------
#           Timing Point            Flags    Arc   Edge   Cell     Fanout Load Trans Delay Arrival Instance 
#                                                                         (fF)  (ps)  (ps)   (ps)  Location 
#-----------------------------------------------------------------------------------------------------------
  csm_inst_round_counter_reg[3]/CLK -       -      R     (arrival)    335    -     0     0       0    (-,-) 
  csm_inst_round_counter_reg[3]/Q   -       CLK->Q R     DFFQSRX1       1  8.1   136   193     193    (-,-) 
  g554/Z                            -       A->Z   F     INVX4          1 22.9    95    86     279    (-,-) 
  fopt146456/Z                      -       A->Z   R     INVX16         6 87.5    94    82     361    (-,-) 
  fopt146457/Z                      -       A->Z   F     INVX16        10 71.9    72    68     429    (-,-) 
  fopt146466/Z                      -       A->Z   R     INVX32        26 83.8    56    52     480    (-,-) 
  g146487/Z                         -       A->Z   F     NAND2X1        3 11.4   131    88     568    (-,-) 
  g144615/Z                         -       A->Z   R     NAND2X1        5 17.4   297   205     773    (-,-) 
  g147677/Z                         -       B->Z   R     MUX2X1         2  8.0   137   164     937    (-,-) 
  g141186/Z                         -       A->Z   F     NAND2X1        1  5.2    82    68    1005    (-,-) 
  g141182/Z                         -       B->Z   R     NAND3X1        1  4.8   154   114    1119    (-,-) 
  g137929/Z                         -       A->Z   F     NAND2X1        1  4.9    83    68    1187    (-,-) 
  g146360/Z                         -       A->Z   R     NAND2X1        1  6.5   139   100    1287    (-,-) 
  g146358/Z                         -       S->Z   F     MUX2X1         1  8.1    81   180    1467    (-,-) 
  g138157/Z                         -       A->Z   R     INVX4          2 16.2    76    69    1536    (-,-) 
  g145293/Z                         -       A->Z   F     INVX8          6 20.8    51    48    1584    (-,-) 
  g139893/Z                         -       A->Z   R     NAND2X1        2  7.6   155    99    1684    (-,-) 
  g131607/Z                         -       A->Z   R     BUFX1          2  8.9   146   130    1813    (-,-) 
  g131158__139154/Z                 -       A->Z   F     NAND2X1        1  4.9    81    67    1880    (-,-) 
  g145602/Z                         -       A->Z   R     NAND2X1        1  4.8   115    86    1966    (-,-) 
  g145601/Z                         -       A->Z   F     NAND2X1        1  4.9    76    63    2029    (-,-) 
  g145600/Z                         -       A->Z   R     NAND2X1        1  5.2   119    87    2116    (-,-) 
  g145528/Z                         -       A->Z   F     NOR2X1         2  8.5   124   113    2229    (-,-) 
  g553/Z                            -       A->Z   R     NAND2X1        1  4.8   118    98    2327    (-,-) 
  g344/Z                            -       A->Z   F     NAND2X1        1  5.3    78    66    2393    (-,-) 
  g342/Z                            -       A->Z   R     NAND3X1        1  4.4   148    90    2483    (-,-) 
  csm_inst_right_reg_reg[27]/D      -       -      R     DFFQSRX1       1    -     -     0    2483    (-,-) 
#-----------------------------------------------------------------------------------------------------------



Path 22: VIOLATED (-1688 ps) Setup Check with Pin csm_inst_right_reg_reg[3]/CLK->D
          Group: C2C
     Startpoint: (R) csm_inst_round_counter_reg[3]/CLK
          Clock: (R) clk
       Endpoint: (R) csm_inst_right_reg_reg[3]/D
          Clock: (R) clk

                     Capture       Launch     
        Clock Edge:+    1000            0     
       Src Latency:+       0            0     
       Net Latency:+       0 (I)        0 (I) 
           Arrival:=    1000            0     
                                              
             Setup:-     198                  
     Required Time:=     802                  
      Launch Clock:-       0                  
         Data Path:-    2490                  
             Slack:=   -1688                  

#-----------------------------------------------------------------------------------------------------------
#           Timing Point            Flags    Arc   Edge   Cell     Fanout Load Trans Delay Arrival Instance 
#                                                                         (fF)  (ps)  (ps)   (ps)  Location 
#-----------------------------------------------------------------------------------------------------------
  csm_inst_round_counter_reg[3]/CLK -       -      R     (arrival)    335    -     0     0       0    (-,-) 
  csm_inst_round_counter_reg[3]/Q   -       CLK->Q R     DFFQSRX1       1  8.1   136   193     193    (-,-) 
  g554/Z                            -       A->Z   F     INVX4          1 22.9    95    86     279    (-,-) 
  fopt146456/Z                      -       A->Z   R     INVX16         6 87.5    94    82     361    (-,-) 
  fopt146455/Z                      -       A->Z   F     INVX32         7 99.7    59    56     416    (-,-) 
  fopt147887/Z                      -       A->Z   R     INVX32        17 73.1    49    45     462    (-,-) 
  fopt147889/Z                      -       A->Z   F     INVX16        11 37.0    42    40     501    (-,-) 
  g147898/Z                         -       A->Z   R     NAND2X1        3 11.1   207   126     627    (-,-) 
  g147638/Z                         -       A->Z   F     NAND2X1        3 11.1   141   116     743    (-,-) 
  g144994/Z                         -       A->Z   F     MUX2X1         2  8.2    81   205     948    (-,-) 
  g144859/Z                         -       A->Z   R     NAND2X1        1  5.3   121    90    1038    (-,-) 
  g146777/Z                         -       A->Z   F     NAND3X1        1  5.3    82    66    1104    (-,-) 
  g146775/Z                         -       B->Z   R     NOR2X1         1  5.3   111    87    1191    (-,-) 
  g238/Z                            -       B->Z   F     NOR2X1         1  5.3    89    76    1267    (-,-) 
  g141599/Z                         -       B->Z   R     NOR2X1         1  6.5   128    99    1366    (-,-) 
  g141598/Z                         -       A->Z   R     XOR2X1         1  8.1   140   123    1489    (-,-) 
  g141597/Z                         -       A->Z   F     INVX4          7 26.4   105    94    1583    (-,-) 
  fopt139575/Z                      -       A->Z   R     INVX4          4 14.7    77    71    1654    (-,-) 
  g145054/Z                         -       A->Z   F     NAND2X1        1  8.1    92    75    1729    (-,-) 
  g145053/Z                         -       A->Z   R     INVX4          3 15.3    76    69    1798    (-,-) 
  fopt135997/Z                      -       A->Z   F     INVX4          5 18.2    70    64    1863    (-,-) 
  g36_0/Z                           -       A->Z   R     NAND2X1        1  5.3   128    86    1949    (-,-) 
  g142214/Z                         -       A->Z   F     NAND3X1        2  8.5   108    86    2034    (-,-) 
  g62/Z                             -       A->Z   R     NAND2X1        1  5.2   124    97    2131    (-,-) 
  g141130/Z                         -       A->Z   F     NOR2X1         1  5.3   103    94    2225    (-,-) 
  g141128/Z                         -       B->Z   R     NOR2X1         1  5.3   115    93    2318    (-,-) 
  g130402__2802/Z                   -       B->Z   F     NOR2X1         1  4.8    92    74    2392    (-,-) 
  g130320__7098/Z                   -       B->Z   R     NAND2X1        1  4.4   109    98    2490    (-,-) 
  csm_inst_right_reg_reg[3]/D       -       -      R     DFFQSRX1       1    -     -     0    2490    (-,-) 
#-----------------------------------------------------------------------------------------------------------



Path 23: VIOLATED (-1687 ps) Setup Check with Pin csm_inst_right_reg_reg[7]/CLK->D
          Group: C2C
     Startpoint: (R) csm_inst_round_counter_reg[3]/CLK
          Clock: (R) clk
       Endpoint: (R) csm_inst_right_reg_reg[7]/D
          Clock: (R) clk

                     Capture       Launch     
        Clock Edge:+    1000            0     
       Src Latency:+       0            0     
       Net Latency:+       0 (I)        0 (I) 
           Arrival:=    1000            0     
                                              
             Setup:-     205                  
     Required Time:=     795                  
      Launch Clock:-       0                  
         Data Path:-    2482                  
             Slack:=   -1687                  

#-----------------------------------------------------------------------------------------------------------
#           Timing Point            Flags    Arc   Edge   Cell     Fanout Load Trans Delay Arrival Instance 
#                                                                         (fF)  (ps)  (ps)   (ps)  Location 
#-----------------------------------------------------------------------------------------------------------
  csm_inst_round_counter_reg[3]/CLK -       -      R     (arrival)    335    -     0     0       0    (-,-) 
  csm_inst_round_counter_reg[3]/Q   -       CLK->Q R     DFFQSRX1       1  8.1   136   193     193    (-,-) 
  g554/Z                            -       A->Z   F     INVX4          1 22.9    95    86     279    (-,-) 
  fopt146456/Z                      -       A->Z   R     INVX16         6 87.5    94    82     361    (-,-) 
  fopt146455/Z                      -       A->Z   F     INVX32         7 99.7    59    56     416    (-,-) 
  g146454/Z                         -       A->Z   R     INVX32        13 80.1    52    47     463    (-,-) 
  fopt145227/Z                      -       A->Z   F     INVX8          7 24.5    51    46     510    (-,-) 
  g142837/Z                         -       A->Z   R     NAND2X1        3 10.7   201   125     635    (-,-) 
  g138944/Z                         -       A->Z   R     BUFX1          1  4.8    88    99     733    (-,-) 
  g138943/Z                         -       A->Z   F     NAND2X1        2  7.6   104    75     808    (-,-) 
  g134304/Z                         -       B->Z   F     MUX2X1         2  8.2    82   198    1007    (-,-) 
  g133517/Z                         -       A->Z   R     NAND2X1        2  8.5   171   116    1123    (-,-) 
  g729/Z                            -       A->Z   F     NAND2X1        1  4.9    86    70    1193    (-,-) 
  g725/Z                            -       A->Z   R     NAND2X1        1  4.8   125    87    1280    (-,-) 
  g723/Z                            -       A->Z   R     AND2X1         1  5.3    96   105    1385    (-,-) 
  g721/Z                            -       A->Z   F     NAND3X1        1  8.1   106    78    1463    (-,-) 
  fopt141661/Z                      -       A->Z   R     INVX4          5 22.1   101    88    1551    (-,-) 
  fopt141665/Z                      -       A->Z   F     INVX4          2  8.2    50    47    1598    (-,-) 
  g141664/Z                         -       A->Z   R     NAND2X1        1  8.1   162   103    1702    (-,-) 
  g141663/Z                         -       A->Z   F     INVX4          6 30.0   119   106    1808    (-,-) 
  fopt139657/Z                      -       A->Z   R     INVX8          4 14.8    57    53    1861    (-,-) 
  g131160__5477/Z                   -       A->Z   F     NAND2X1        1  4.9    71    53    1914    (-,-) 
  g139949/Z                         -       A->Z   R     NAND2X1        1  4.8   114    82    1996    (-,-) 
  g144850/Z                         -       A->Z   R     AND2X1         1  5.3    96   104    2100    (-,-) 
  g217/Z                            -       B->Z   F     NOR2X1         2  8.4   130    92    2193    (-,-) 
  g789/Z                            -       B->Z   R     NAND2X1        1  4.8   121   114    2306    (-,-) 
  g785/Z                            -       A->Z   F     NAND2X1        1  5.2    79    66    2372    (-,-) 
  g782/Z                            -       B->Z   R     NAND3X1        1  4.4   149   110    2482    (-,-) 
  csm_inst_right_reg_reg[7]/D       -       -      R     DFFQSRX1       1    -     -     0    2482    (-,-) 
#-----------------------------------------------------------------------------------------------------------



Path 24: VIOLATED (-1686 ps) Setup Check with Pin csm_inst_right_reg_reg[30]/CLK->D
          Group: C2C
     Startpoint: (R) csm_inst_round_counter_reg[3]/CLK
          Clock: (R) clk
       Endpoint: (R) csm_inst_right_reg_reg[30]/D
          Clock: (R) clk

                     Capture       Launch     
        Clock Edge:+    1000            0     
       Src Latency:+       0            0     
       Net Latency:+       0 (I)        0 (I) 
           Arrival:=    1000            0     
                                              
             Setup:-     205                  
     Required Time:=     795                  
      Launch Clock:-       0                  
         Data Path:-    2481                  
             Slack:=   -1686                  

#-----------------------------------------------------------------------------------------------------------
#           Timing Point            Flags    Arc   Edge   Cell     Fanout Load Trans Delay Arrival Instance 
#                                                                         (fF)  (ps)  (ps)   (ps)  Location 
#-----------------------------------------------------------------------------------------------------------
  csm_inst_round_counter_reg[3]/CLK -       -      R     (arrival)    335    -     0     0       0    (-,-) 
  csm_inst_round_counter_reg[3]/Q   -       CLK->Q R     DFFQSRX1       1  8.1   136   193     193    (-,-) 
  g554/Z                            -       A->Z   F     INVX4          1 22.9    95    86     279    (-,-) 
  fopt146456/Z                      -       A->Z   R     INVX16         6 87.5    94    82     361    (-,-) 
  fopt146455/Z                      -       A->Z   F     INVX32         7 99.7    59    56     416    (-,-) 
  g146454/Z                         -       A->Z   R     INVX32        13 80.1    52    47     463    (-,-) 
  fopt145227/Z                      -       A->Z   F     INVX8          7 24.5    51    46     510    (-,-) 
  g142846/Z                         -       A->Z   R     NAND2X1        3 11.1   207   128     638    (-,-) 
  g144962/Z                         -       A->Z   F     NAND2X1        4 15.0   170   140     778    (-,-) 
  g140512/Z                         -       A->Z   F     MUX2X1         2  8.2    82   210     988    (-,-) 
  g133449/Z                         -       A->Z   R     NAND2X1        1  4.8   118    86    1074    (-,-) 
  g133314/Z                         -       A->Z   F     NAND2X1        1  5.3    78    66    1140    (-,-) 
  g139960/Z                         -       B->Z   R     NOR2X1         1  4.8   104    82    1222    (-,-) 
  g287/Z                            -       B->Z   F     NAND2X1        1  6.5    87    73    1294    (-,-) 
  g141574/Z                         -       S->Z   R     MUX2X1         1  8.1   138   186    1480    (-,-) 
  fopt143936/Z                      -       A->Z   F     INVX4          2 16.2    79    72    1552    (-,-) 
  g145465/Z                         -       A->Z   R     INVX8          5 26.0    65    60    1612    (-,-) 
  g145468/Z                         -       A->Z   F     INVX8          7 26.9    56    52    1664    (-,-) 
  g131377__145476/Z                 -       A->Z   R     XOR2X1         2  8.9   148   170    1834    (-,-) 
  g141772/Z                         -       A->Z   F     INVX2          2  8.5    81    72    1906    (-,-) 
  g130981__141771/Z                 -       A->Z   R     NAND2X1        1  4.8   113    86    1991    (-,-) 
  g130782__6783/Z                   -       B->Z   F     NAND2X1        2  9.0   103    88    2079    (-,-) 
  g142334/Z                         -       A->Z   R     INVX2          1  5.2    66    62    2140    (-,-) 
  g142333/Z                         -       A->Z   F     NOR2X1         1  5.3    88    81    2221    (-,-) 
  g141003/Z                         -       A->Z   R     NAND3X1        1  4.8   156    96    2317    (-,-) 
  g130347__8246/Z                   -       A->Z   F     NAND2X1        1  5.3    86    71    2389    (-,-) 
  g130323__5115/Z                   -       A->Z   R     NAND3X1        1  4.4   148    92    2481    (-,-) 
  csm_inst_right_reg_reg[30]/D      -       -      R     DFFQSRX1       1    -     -     0    2481    (-,-) 
#-----------------------------------------------------------------------------------------------------------



Path 25: VIOLATED (-1685 ps) Setup Check with Pin csm_inst_right_reg_reg[15]/CLK->D
          Group: C2C
     Startpoint: (R) csm_inst_round_counter_reg[3]/CLK
          Clock: (R) clk
       Endpoint: (R) csm_inst_right_reg_reg[15]/D
          Clock: (R) clk

                     Capture       Launch     
        Clock Edge:+    1000            0     
       Src Latency:+       0            0     
       Net Latency:+       0 (I)        0 (I) 
           Arrival:=    1000            0     
                                              
             Setup:-     205                  
     Required Time:=     795                  
      Launch Clock:-       0                  
         Data Path:-    2480                  
             Slack:=   -1685                  

#-----------------------------------------------------------------------------------------------------------
#           Timing Point            Flags    Arc   Edge   Cell     Fanout Load Trans Delay Arrival Instance 
#                                                                         (fF)  (ps)  (ps)   (ps)  Location 
#-----------------------------------------------------------------------------------------------------------
  csm_inst_round_counter_reg[3]/CLK -       -      R     (arrival)    335    -     0     0       0    (-,-) 
  csm_inst_round_counter_reg[3]/Q   -       CLK->Q R     DFFQSRX1       1  8.1   136   193     193    (-,-) 
  g554/Z                            -       A->Z   F     INVX4          1 22.9    95    86     279    (-,-) 
  fopt146456/Z                      -       A->Z   R     INVX16         6 87.5    94    82     361    (-,-) 
  fopt146455/Z                      -       A->Z   F     INVX32         7 99.7    59    56     416    (-,-) 
  g146454/Z                         -       A->Z   R     INVX32        13 80.1    52    47     463    (-,-) 
  fopt146453/Z                      -       A->Z   F     INVX16         5 26.0    35    35     498    (-,-) 
  g145259/Z                         -       A->Z   R     NAND2X1        3 11.1   207   123     621    (-,-) 
  g145261/Z                         -       B->Z   F     NAND2X1        4 14.0   162   128     749    (-,-) 
  g145264/Z                         -       A->Z   F     BUFX1          1  4.9    62   110     859    (-,-) 
  g145263/Z                         -       A->Z   R     NAND2X1        1  4.8   120    80     939    (-,-) 
  g145531/Z                         -       A->Z   R     AND2X1         1  5.3    95   104    1043    (-,-) 
  g145530/Z                         -       A->Z   F     NAND3X1        1  4.9    76    61    1104    (-,-) 
  g146578/Z                         -       A->Z   R     NAND2X1        1  4.8   122    84    1188    (-,-) 
  g145077/Z                         -       A->Z   F     NAND2X1        1  6.5    88    74    1262    (-,-) 
  g140599/Z                         -       S->Z   R     MUX2X1         1  8.1   138   186    1449    (-,-) 
  g140598/Z                         -       A->Z   F     INVX4          6 30.5   115   102    1550    (-,-) 
  g131379__141312/Z                 -       S->Z   R     MUX2X1         1  8.1   138   193    1743    (-,-) 
  fopt136032/Z                      -       A->Z   F     INVX4          2 11.8    66    60    1804    (-,-) 
  fopt136031/Z                      -       A->Z   R     INVX4          2  8.5    51    47    1851    (-,-) 
  g140652/Z                         -       A->Z   F     NAND2X1        1  4.9    86    52    1903    (-,-) 
  g142193/Z                         -       A->Z   R     NAND2X1        1  4.8   114    87    1990    (-,-) 
  g142192/Z                         -       A->Z   F     NAND2X1        2  9.0   106    88    2077    (-,-) 
  g227/Z                            -       A->Z   R     NAND3X1        1  5.7   169   109    2186    (-,-) 
  g140426/Z                         -       A->Z   F     INVX2          1  4.9    66    56    2242    (-,-) 
  g211/Z                            -       A->Z   R     NAND2X1        1  4.8   120    81    2323    (-,-) 
  g210/Z                            -       A->Z   F     NAND2X1        1  5.3    80    66    2390    (-,-) 
  g145180/Z                         -       A->Z   R     NAND3X1        1  4.4   149    90    2480    (-,-) 
  csm_inst_right_reg_reg[15]/D      -       -      R     DFFQSRX1       1    -     -     0    2480    (-,-) 
#-----------------------------------------------------------------------------------------------------------



Path 26: VIOLATED (-1685 ps) Setup Check with Pin csm_inst_right_reg_reg[17]/CLK->D
          Group: C2C
     Startpoint: (R) csm_inst_round_counter_reg[3]/CLK
          Clock: (R) clk
       Endpoint: (R) csm_inst_right_reg_reg[17]/D
          Clock: (R) clk

                     Capture       Launch     
        Clock Edge:+    1000            0     
       Src Latency:+       0            0     
       Net Latency:+       0 (I)        0 (I) 
           Arrival:=    1000            0     
                                              
             Setup:-     205                  
     Required Time:=     795                  
      Launch Clock:-       0                  
         Data Path:-    2480                  
             Slack:=   -1685                  

#-----------------------------------------------------------------------------------------------------------
#           Timing Point            Flags    Arc   Edge   Cell     Fanout Load Trans Delay Arrival Instance 
#                                                                         (fF)  (ps)  (ps)   (ps)  Location 
#-----------------------------------------------------------------------------------------------------------
  csm_inst_round_counter_reg[3]/CLK -       -      R     (arrival)    335    -     0     0       0    (-,-) 
  csm_inst_round_counter_reg[3]/Q   -       CLK->Q R     DFFQSRX1       1  8.1   136   193     193    (-,-) 
  g554/Z                            -       A->Z   F     INVX4          1 22.9    95    86     279    (-,-) 
  fopt146456/Z                      -       A->Z   R     INVX16         6 87.5    94    82     361    (-,-) 
  fopt146457/Z                      -       A->Z   F     INVX16        10 71.9    72    68     429    (-,-) 
  fopt146466/Z                      -       A->Z   R     INVX32        26 83.8    56    52     480    (-,-) 
  g146485/Z                         -       A->Z   F     NAND2X1        3 11.4   131    88     568    (-,-) 
  g145015/Z                         -       A->Z   R     NAND2X1        4 14.3   253   180     748    (-,-) 
  g134951/Z                         -       A->Z   F     NAND2X1        1  4.9   100    76     824    (-,-) 
  g134025/Z                         -       A->Z   F     AND2X1         1  5.3    67   111     935    (-,-) 
  g133664/Z                         -       A->Z   R     NAND3X1        1  4.8   156    90    1025    (-,-) 
  g133307/Z                         -       A->Z   F     NAND2X1        1  5.3    86    71    1096    (-,-) 
  g133094/Z                         -       A->Z   R     NAND3X1        1  4.8   154    96    1192    (-,-) 
  g132929/Z                         -       A->Z   F     NAND2X1        1  4.8    82    68    1260    (-,-) 
  g132611/Z                         -       B->Z   R     NAND2X1        1  6.5   138   113    1372    (-,-) 
  g132293/Z                         -       A->Z   F     XOR2X1         1  8.1   124   108    1480    (-,-) 
  g131970/Z                         -       A->Z   R     INVX4          1 13.0    76    71    1551    (-,-) 
  g145292/Z                         -       A->Z   F     INVX8          8 36.3    70    65    1615    (-,-) 
  g131968/Z                         -       A->Z   R     INVX8          6 21.5    57    52    1667    (-,-) 
  g138162/Z                         -       A->Z   R     AND2X1         4 14.8   232   176    1843    (-,-) 
  g131296__9315/Z                   -       A->Z   F     NAND2X1        1  5.3   100    78    1921    (-,-) 
  g130811__6783/Z                   -       A->Z   R     NAND3X1        1  4.8   155   100    2021    (-,-) 
  g130618__137095/Z                 -       A->Z   F     NAND2X1        1  4.9    83    68    2089    (-,-) 
  g130534__2883/Z                   -       A->Z   F     AND2X1         2  8.5    95   126    2215    (-,-) 
  g130431__2802/Z                   -       A->Z   R     NAND2X1        1  4.8   118    90    2305    (-,-) 
  g145660/Z                         -       A->Z   F     NAND2X1        1  5.2    79    65    2370    (-,-) 
  g145658/Z                         -       B->Z   R     NAND3X1        1  4.4   148   110    2480    (-,-) 
  csm_inst_right_reg_reg[17]/D      -       -      R     DFFQSRX1       1    -     -     0    2480    (-,-) 
#-----------------------------------------------------------------------------------------------------------



Path 27: VIOLATED (-1684 ps) Setup Check with Pin csm_inst_right_reg_reg[31]/CLK->D
          Group: C2C
     Startpoint: (R) csm_inst_round_counter_reg[3]/CLK
          Clock: (R) clk
       Endpoint: (F) csm_inst_right_reg_reg[31]/D
          Clock: (R) clk

                     Capture       Launch     
        Clock Edge:+    1000            0     
       Src Latency:+       0            0     
       Net Latency:+       0 (I)        0 (I) 
           Arrival:=    1000            0     
                                              
             Setup:-     209                  
     Required Time:=     791                  
      Launch Clock:-       0                  
         Data Path:-    2475                  
             Slack:=   -1684                  

#-----------------------------------------------------------------------------------------------------------
#           Timing Point            Flags    Arc   Edge   Cell     Fanout Load Trans Delay Arrival Instance 
#                                                                         (fF)  (ps)  (ps)   (ps)  Location 
#-----------------------------------------------------------------------------------------------------------
  csm_inst_round_counter_reg[3]/CLK -       -      R     (arrival)    335    -     0     0       0    (-,-) 
  csm_inst_round_counter_reg[3]/Q   -       CLK->Q R     DFFQSRX1       1  8.1   136   193     193    (-,-) 
  g554/Z                            -       A->Z   F     INVX4          1 22.9    95    86     279    (-,-) 
  fopt146456/Z                      -       A->Z   R     INVX16         6 87.5    94    82     361    (-,-) 
  fopt146455/Z                      -       A->Z   F     INVX32         7 99.7    59    56     416    (-,-) 
  fopt147887/Z                      -       A->Z   R     INVX32        17 73.1    49    45     462    (-,-) 
  fopt147889/Z                      -       A->Z   F     INVX16        11 37.0    42    40     501    (-,-) 
  g147892/Z                         -       A->Z   R     NAND2X1        3 11.1   207   126     627    (-,-) 
  g111/Z                            -       A->Z   F     NAND2X1        5 18.6   197   161     788    (-,-) 
  g137123/Z                         -       A->Z   R     NAND2X1        1  4.8   120   118     906    (-,-) 
  g144741/Z                         -       B->Z   F     NAND2X1        1  5.2    79    67     973    (-,-) 
  g144740/Z                         -       A->Z   R     NOR2X1         1  5.3   118    98    1071    (-,-) 
  g140385/Z                         -       A->Z   F     NAND3X1        1  4.9    79    64    1135    (-,-) 
  g140384/Z                         -       A->Z   R     NAND2X1        1  4.8   114    85    1220    (-,-) 
  g136082/Z                         -       A->Z   F     NAND2X1        1  6.5    86    73    1292    (-,-) 
  g136081/Z                         -       A->Z   R     XOR2X1         1  8.1   149   173    1465    (-,-) 
  g146007/Z                         -       A->Z   F     INVX4          3 19.3    89    80    1546    (-,-) 
  g146010/Z                         -       A->Z   R     INVX8         10 42.3    92    80    1626    (-,-) 
  g146258/Z                         -       B->Z   F     NAND2X1        2  8.2    93    81    1706    (-,-) 
  g146257/Z                         -       A->Z   R     NAND2X1        2  9.7   187   130    1836    (-,-) 
  g130819__146720/Z                 -       S->Z   F     MUX2X1         1  4.8    62   163    1999    (-,-) 
  g130592__9945/Z                   -       A->Z   F     MUX2X1         2  8.1    81   189    2188    (-,-) 
  g45/Z                             -       B->Z   F     AND2X1         1  5.3    67   122    2310    (-,-) 
  g145547/Z                         -       A->Z   R     NAND3X1        1  5.2   161    93    2404    (-,-) 
  g145546/Z                         -       B->Z   F     NAND3X1        1  4.4    79    71    2475    (-,-) 
  csm_inst_right_reg_reg[31]/D      -       -      F     DFFQSRX1       1    -     -     0    2475    (-,-) 
#-----------------------------------------------------------------------------------------------------------



Path 28: VIOLATED (-1682 ps) Setup Check with Pin csm_inst_right_reg_reg[4]/CLK->D
          Group: C2C
     Startpoint: (R) csm_inst_mode_reg/CLK
          Clock: (R) clk
       Endpoint: (F) csm_inst_right_reg_reg[4]/D
          Clock: (R) clk

                     Capture       Launch     
        Clock Edge:+    1000            0     
       Src Latency:+       0            0     
       Net Latency:+       0 (I)        0 (I) 
           Arrival:=    1000            0     
                                              
             Setup:-     209                  
     Required Time:=     791                  
      Launch Clock:-       0                  
         Data Path:-    2474                  
             Slack:=   -1682                  

#-----------------------------------------------------------------------------------------------------
#        Timing Point         Flags    Arc   Edge   Cell     Fanout Load Trans Delay Arrival Instance 
#                                                                   (fF)  (ps)  (ps)   (ps)  Location 
#-----------------------------------------------------------------------------------------------------
  csm_inst_mode_reg/CLK       -       -      R     (arrival)    335    -     0     0       0    (-,-) 
  csm_inst_mode_reg/Q         -       CLK->Q R     DFFQSRX1       2 11.3   182   219     219    (-,-) 
  fopt147996/Z                -       A->Z   F     INVX4          6 20.3   100    89     308    (-,-) 
  fopt147216/Z                -       A->Z   F     BUFX1          4 15.1   154   156     464    (-,-) 
  g147215/Z                   -       B->Z   R     NAND2X1        2  9.4   185   161     625    (-,-) 
  g146267/Z                   -       B->Z   F     NOR2X1         3 14.8   178   152     776    (-,-) 
  g3/Z                        -       A->Z   R     INVX4          1 22.9   119   108     885    (-,-) 
  g145755/Z                   -       A->Z   F     INVX16        20 65.0    74    68     953    (-,-) 
  g133370/Z                   -       B->Z   R     NAND2X1        1  4.8   114    96    1049    (-,-) 
  g133296/Z                   -       A->Z   F     NAND2X1        1  5.2    76    65    1114    (-,-) 
  g145814/Z                   -       A->Z   R     NOR2X1         1  4.8   104    94    1208    (-,-) 
  g136071/Z                   -       A->Z   F     NAND2X1        1  6.5    84    71    1279    (-,-) 
  g136070/Z                   -       A->Z   R     XOR2X1         2 11.3   191   199    1478    (-,-) 
  g141401/Z                   -       A->Z   F     INVX4          5 19.2    99    88    1566    (-,-) 
  g131586/Z                   -       B->Z   F     AND2X1         1  8.1    92   144    1710    (-,-) 
  g146494/Z                   -       A->Z   R     INVX4          5 26.5   113    94    1803    (-,-) 
  g146493/Z                   -       A->Z   F     INVX8          5 21.0    58    54    1857    (-,-) 
  g146492/Z                   -       A->Z   R     INVX4          2  8.9    51    46    1903    (-,-) 
  g146500/Z                   -       A->Z   F     INVX2          2  8.4    60    53    1956    (-,-) 
  g146501/Z                   -       B->Z   R     NAND3X1        2  8.0   202   134    2090    (-,-) 
  g145102/Z                   -       A->Z   F     NAND2X1        1  5.2    94    76    2166    (-,-) 
  g145101/Z                   -       A->Z   R     NOR2X1         1  4.8   106    97    2263    (-,-) 
  g1764/Z                     -       A->Z   F     NAND2X1        1  4.9    73    62    2325    (-,-) 
  g1762/Z                     -       A->Z   R     NAND2X1        1  5.3   129    87    2412    (-,-) 
  g1759/Z                     -       A->Z   F     NAND3X1        1  4.4    77    62    2474    (-,-) 
  csm_inst_right_reg_reg[4]/D -       -      F     DFFQSRX1       1    -     -     0    2474    (-,-) 
#-----------------------------------------------------------------------------------------------------



Path 29: VIOLATED (-1681 ps) Setup Check with Pin csm_inst_right_reg_reg[26]/CLK->D
          Group: C2C
     Startpoint: (R) csm_inst_round_counter_reg[3]/CLK
          Clock: (R) clk
       Endpoint: (F) csm_inst_right_reg_reg[26]/D
          Clock: (R) clk

                     Capture       Launch     
        Clock Edge:+    1000            0     
       Src Latency:+       0            0     
       Net Latency:+       0 (I)        0 (I) 
           Arrival:=    1000            0     
                                              
             Setup:-     210                  
     Required Time:=     790                  
      Launch Clock:-       0                  
         Data Path:-    2471                  
             Slack:=   -1681                  

#-----------------------------------------------------------------------------------------------------------
#           Timing Point            Flags    Arc   Edge   Cell     Fanout Load Trans Delay Arrival Instance 
#                                                                         (fF)  (ps)  (ps)   (ps)  Location 
#-----------------------------------------------------------------------------------------------------------
  csm_inst_round_counter_reg[3]/CLK -       -      R     (arrival)    335    -     0     0       0    (-,-) 
  csm_inst_round_counter_reg[3]/Q   -       CLK->Q R     DFFQSRX1       1  8.1   136   193     193    (-,-) 
  g554/Z                            -       A->Z   F     INVX4          1 22.9    95    86     279    (-,-) 
  fopt146456/Z                      -       A->Z   R     INVX16         6 87.5    94    82     361    (-,-) 
  fopt146457/Z                      -       A->Z   F     INVX16        10 71.9    72    68     429    (-,-) 
  g142871/Z                         -       A->Z   R     NAND2X1        3 11.1   207   135     564    (-,-) 
  g135489/Z                         -       B->Z   F     NAND2X1        3 10.8   139   109     672    (-,-) 
  g134285/Z                         -       A->Z   F     MUX2X1         2  8.6    84   206     878    (-,-) 
  g133508/Z                         -       A->Z   F     AND2X1         1  5.3    67   107     986    (-,-) 
  g133276/Z                         -       B->Z   R     NOR2X1         1  5.3   111    83    1068    (-,-) 
  g133115/Z                         -       A->Z   F     NAND3X1        1  4.9    77    63    1131    (-,-) 
  g146581/Z                         -       A->Z   R     NAND2X1        1  4.8   122    84    1216    (-,-) 
  g132867/Z                         -       A->Z   F     NAND2X1        1  6.5    88    74    1290    (-,-) 
  g143971/Z                         -       A->Z   R     XOR2X1         1  8.1   157   174    1463    (-,-) 
  g146118/Z                         -       A->Z   F     INVX4          2 16.2    83    75    1538    (-,-) 
  g146117/Z                         -       A->Z   R     INVX8          6 28.4    69    63    1601    (-,-) 
  g146120/Z                         -       B->Z   F     NAND2X1        3 10.7   114    90    1692    (-,-) 
  g131106__146119/Z                 -       A->Z   F     MUX2X1         3 12.2   102   217    1908    (-,-) 
  g130760__8246/Z                   -       B->Z   R     NOR2X1         1  5.3   121    92    2001    (-,-) 
  g141561/Z                         -       B->Z   F     NOR2X1         2  9.4   127   104    2104    (-,-) 
  g130549__3680/Z                   -       B->Z   R     NOR2X1         1  5.3   119    99    2203    (-,-) 
  g130438__5115/Z                   -       B->Z   F     NOR2X1         1  5.2   103    77    2280    (-,-) 
  g142744/Z                         -       B->Z   R     NAND3X1        1  5.3   162   125    2405    (-,-) 
  g142743/Z                         -       A->Z   F     NAND3X1        1  4.4    83    66    2471    (-,-) 
  csm_inst_right_reg_reg[26]/D      -       -      F     DFFQSRX1       1    -     -     0    2471    (-,-) 
#-----------------------------------------------------------------------------------------------------------



Path 30: VIOLATED (-1680 ps) Setup Check with Pin csm_inst_right_reg_reg[24]/CLK->D
          Group: C2C
     Startpoint: (R) csm_inst_round_counter_reg[3]/CLK
          Clock: (R) clk
       Endpoint: (F) csm_inst_right_reg_reg[24]/D
          Clock: (R) clk

                     Capture       Launch     
        Clock Edge:+    1000            0     
       Src Latency:+       0            0     
       Net Latency:+       0 (I)        0 (I) 
           Arrival:=    1000            0     
                                              
             Setup:-     208                  
     Required Time:=     792                  
      Launch Clock:-       0                  
         Data Path:-    2473                  
             Slack:=   -1680                  

#-----------------------------------------------------------------------------------------------------------
#           Timing Point            Flags    Arc   Edge   Cell     Fanout Load Trans Delay Arrival Instance 
#                                                                         (fF)  (ps)  (ps)   (ps)  Location 
#-----------------------------------------------------------------------------------------------------------
  csm_inst_round_counter_reg[3]/CLK -       -      R     (arrival)    335    -     0     0       0    (-,-) 
  csm_inst_round_counter_reg[3]/Q   -       CLK->Q R     DFFQSRX1       1  8.1   136   193     193    (-,-) 
  g554/Z                            -       A->Z   F     INVX4          1 22.9    95    86     279    (-,-) 
  fopt146456/Z                      -       A->Z   R     INVX16         6 87.5    94    82     361    (-,-) 
  fopt146455/Z                      -       A->Z   F     INVX32         7 99.7    59    56     416    (-,-) 
  g146454/Z                         -       A->Z   R     INVX32        13 80.1    52    47     463    (-,-) 
  fopt145227/Z                      -       A->Z   F     INVX8          7 24.5    51    46     510    (-,-) 
  g147810/Z                         -       A->Z   R     NAND2X1        4 13.9   247   151     661    (-,-) 
  g147813/Z                         -       A->Z   F     NAND2X1        4 14.3   174   142     803    (-,-) 
  g147817/Z                         -       A->Z   F     MUX2X1         2  8.2    82   211    1013    (-,-) 
  g140619/Z                         -       A->Z   R     NAND2X1        1  5.3   121    90    1103    (-,-) 
  g133076/Z                         -       A->Z   F     NAND3X1        1  4.9    79    64    1167    (-,-) 
  g132911/Z                         -       A->Z   R     NAND2X1        1  4.8   115    85    1252    (-,-) 
  g132861/Z                         -       B->Z   F     NAND2X1        1  6.5    84    74    1326    (-,-) 
  g147867/Z                         -       A->Z   F     XOR2X1         1  8.1   124   137    1463    (-,-) 
  g147979/Z                         -       A->Z   R     INVX4          3 18.9    95    85    1548    (-,-) 
  g147981/Z                         -       A->Z   F     INVX8          8 28.4    64    60    1608    (-,-) 
  g147980/Z                         -       B->Z   R     NAND2X1        1  8.1   161   120    1728    (-,-) 
  g145807/Z                         -       A->Z   F     INVX4          6 20.8    96    86    1814    (-,-) 
  g64/Z                             -       B->Z   R     NOR2X1         2  8.9   163   120    1934    (-,-) 
  g145810/Z                         -       A->Z   F     INVX2          3 11.3    98    86    2021    (-,-) 
  g145809/Z                         -       B->Z   R     NAND2X1        1  5.3   123   108    2129    (-,-) 
  g144955/Z                         -       A->Z   F     NAND3X1        2  9.0   110    87    2216    (-,-) 
  g130435__7098/Z                   -       A->Z   F     AND2X1         1  5.3    68   114    2330    (-,-) 
  g130367__8428/Z                   -       B->Z   R     NOR2X1         1  5.3   111    83    2413    (-,-) 
  g130339__8428/Z                   -       A->Z   F     NAND3X1        1  4.4    74    60    2473    (-,-) 
  csm_inst_right_reg_reg[24]/D      -       -      F     DFFQSRX1       1    -     -     0    2473    (-,-) 
#-----------------------------------------------------------------------------------------------------------



Path 31: VIOLATED (-1677 ps) Setup Check with Pin csm_inst_right_reg_reg[8]/CLK->D
          Group: C2C
     Startpoint: (R) csm_inst_round_counter_reg[3]/CLK
          Clock: (R) clk
       Endpoint: (R) csm_inst_right_reg_reg[8]/D
          Clock: (R) clk

                     Capture       Launch     
        Clock Edge:+    1000            0     
       Src Latency:+       0            0     
       Net Latency:+       0 (I)        0 (I) 
           Arrival:=    1000            0     
                                              
             Setup:-     205                  
     Required Time:=     795                  
      Launch Clock:-       0                  
         Data Path:-    2472                  
             Slack:=   -1677                  

#-----------------------------------------------------------------------------------------------------------
#           Timing Point            Flags    Arc   Edge   Cell     Fanout Load Trans Delay Arrival Instance 
#                                                                         (fF)  (ps)  (ps)   (ps)  Location 
#-----------------------------------------------------------------------------------------------------------
  csm_inst_round_counter_reg[3]/CLK -       -      R     (arrival)    335    -     0     0       0    (-,-) 
  csm_inst_round_counter_reg[3]/Q   -       CLK->Q R     DFFQSRX1       1  8.1   136   193     193    (-,-) 
  g554/Z                            -       A->Z   F     INVX4          1 22.9    95    86     279    (-,-) 
  fopt146456/Z                      -       A->Z   R     INVX16         6 87.5    94    82     361    (-,-) 
  fopt146455/Z                      -       A->Z   F     INVX32         7 99.7    59    56     416    (-,-) 
  g146454/Z                         -       A->Z   R     INVX32        13 80.1    52    47     463    (-,-) 
  fopt143892/Z                      -       A->Z   F     INVX8          5 17.9    41    40     503    (-,-) 
  g137482/Z                         -       A->Z   R     NAND2X1        3 11.1   207   126     629    (-,-) 
  g137484/Z                         -       B->Z   F     NAND2X1        5 17.5   188   148     777    (-,-) 
  g147671/Z                         -       A->Z   F     MUX2X1         2  8.2    82   213     990    (-,-) 
  g133645/Z                         -       A->Z   R     NAND2X1        1  4.8   114    86    1076    (-,-) 
  g133330/Z                         -       A->Z   F     NAND2X1        1  5.3    77    65    1141    (-,-) 
  g133175/Z                         -       B->Z   R     NOR2X1         1  4.8   104    82    1223    (-,-) 
  g144771/Z                         -       A->Z   R     AND2X1         1  6.5   112   113    1336    (-,-) 
  g144770/Z                         -       A->Z   F     XOR2X1         1  8.1   124   105    1441    (-,-) 
  g142722/Z                         -       A->Z   R     INVX4          3 19.3    96    86    1528    (-,-) 
  g142721/Z                         -       A->Z   F     INVX8          4 19.4    53    50    1578    (-,-) 
  g141660/Z                         -       A->Z   R     XOR2X1         1  8.1   139   162    1740    (-,-) 
  g136764/Z                         -       A->Z   F     INVX4          5 21.9    93    84    1824    (-,-) 
  g147133/Z                         -       A->Z   R     NAND2X1        1  5.3   121    93    1917    (-,-) 
  g147132/Z                         -       A->Z   F     NAND3X1        1  4.9    79    64    1981    (-,-) 
  g146370/Z                         -       A->Z   R     NAND2X1        1  5.3   123    89    2070    (-,-) 
  g146368/Z                         -       B->Z   F     NOR2X1         1  5.3   104    78    2148    (-,-) 
  g144997/Z                         -       A->Z   R     NAND3X1        2  8.5   209   132    2281    (-,-) 
  g140976/Z                         -       A->Z   F     NAND2X1        1  5.2    96    76    2357    (-,-) 
  g140970/Z                         -       B->Z   R     NAND3X1        1  4.4   148   115    2472    (-,-) 
  csm_inst_right_reg_reg[8]/D       -       -      R     DFFQSRX1       1    -     -     0    2472    (-,-) 
#-----------------------------------------------------------------------------------------------------------



Path 32: VIOLATED (-1674 ps) Setup Check with Pin csm_inst_right_reg_reg[21]/CLK->D
          Group: C2C
     Startpoint: (R) csm_inst_round_counter_reg[3]/CLK
          Clock: (R) clk
       Endpoint: (R) csm_inst_right_reg_reg[21]/D
          Clock: (R) clk

                     Capture       Launch     
        Clock Edge:+    1000            0     
       Src Latency:+       0            0     
       Net Latency:+       0 (I)        0 (I) 
           Arrival:=    1000            0     
                                              
             Setup:-     205                  
     Required Time:=     795                  
      Launch Clock:-       0                  
         Data Path:-    2469                  
             Slack:=   -1674                  

#-----------------------------------------------------------------------------------------------------------
#           Timing Point            Flags    Arc   Edge   Cell     Fanout Load Trans Delay Arrival Instance 
#                                                                         (fF)  (ps)  (ps)   (ps)  Location 
#-----------------------------------------------------------------------------------------------------------
  csm_inst_round_counter_reg[3]/CLK -       -      R     (arrival)    335    -     0     0       0    (-,-) 
  csm_inst_round_counter_reg[3]/Q   -       CLK->Q R     DFFQSRX1       1  8.1   136   193     193    (-,-) 
  g554/Z                            -       A->Z   F     INVX4          1 22.9    95    86     279    (-,-) 
  fopt146456/Z                      -       A->Z   R     INVX16         6 87.5    94    82     361    (-,-) 
  fopt146455/Z                      -       A->Z   F     INVX32         7 99.7    59    56     416    (-,-) 
  g146454/Z                         -       A->Z   R     INVX32        13 80.1    52    47     463    (-,-) 
  g143890/Z                         -       A->Z   F     NAND2X1        3 11.3   130    86     549    (-,-) 
  g139894/Z                         -       A->Z   R     NAND2X1        4 14.3   253   180     729    (-,-) 
  g136152/Z                         -       A->Z   R     MUX2X1         2  8.0   137   162     892    (-,-) 
  g133525/Z                         -       A->Z   F     NAND2X1        1  5.3    82    69     960    (-,-) 
  g133334/Z                         -       A->Z   R     NAND3X1        1  5.2   161    98    1058    (-,-) 
  g133078/Z                         -       A->Z   F     NOR2X1         1  5.3   104   103    1161    (-,-) 
  g132883/Z                         -       B->Z   R     NOR2X1         1  5.3   115    93    1254    (-,-) 
  g144747/Z                         -       B->Z   F     NOR2X1         1  6.5   114    84    1338    (-,-) 
  g144746/Z                         -       A->Z   R     XOR2X1         1  8.1   140   180    1518    (-,-) 
  fopt37/Z                          -       A->Z   F     INVX4          3 19.4    87    79    1597    (-,-) 
  g142320/Z                         -       A->Z   R     NAND2X1        1  8.1   161   115    1712    (-,-) 
  g142319/Z                         -       A->Z   F     INVX4          4 19.5    93    83    1795    (-,-) 
  fopt136045/Z                      -       A->Z   R     INVX4          3 14.8    75    68    1864    (-,-) 
  fopt136044/Z                      -       A->Z   F     INVX4          4 15.4    62    58    1922    (-,-) 
  g130906__6131/Z                   -       A->Z   R     NAND3X1        1  5.3   163    93    2014    (-,-) 
  g130667__6783/Z                   -       A->Z   F     NAND3X1        1  4.9    87    69    2084    (-,-) 
  g130529__7482/Z                   -       A->Z   R     NAND2X1        2  8.4   167   117    2201    (-,-) 
  g145518/Z                         -       B->Z   R     AND2X1         1  5.3    96   111    2312    (-,-) 
  g145517/Z                         -       A->Z   F     NAND3X1        1  5.3    93    63    2375    (-,-) 
  g130335__2398/Z                   -       A->Z   R     NAND3X1        1  4.4   148    94    2469    (-,-) 
  csm_inst_right_reg_reg[21]/D      -       -      R     DFFQSRX1       1    -     -     0    2469    (-,-) 
#-----------------------------------------------------------------------------------------------------------



Path 33: VIOLATED (-275 ps) Setup Check with Pin csm_inst_left_reg_reg[29]/CLK->D
          Group: C2C
     Startpoint: (R) csm_inst_state_reg[2]/CLK
          Clock: (R) clk
       Endpoint: (F) csm_inst_left_reg_reg[29]/D
          Clock: (R) clk

                     Capture       Launch     
        Clock Edge:+    1000            0     
       Src Latency:+       0            0     
       Net Latency:+       0 (I)        0 (I) 
           Arrival:=    1000            0     
                                              
             Setup:-     208                  
     Required Time:=     792                  
      Launch Clock:-       0                  
         Data Path:-    1067                  
             Slack:=    -275                  

#-----------------------------------------------------------------------------------------------------
#        Timing Point         Flags    Arc   Edge   Cell     Fanout Load Trans Delay Arrival Instance 
#                                                                   (fF)  (ps)  (ps)   (ps)  Location 
#-----------------------------------------------------------------------------------------------------
  csm_inst_state_reg[2]/CLK   -       -      R     (arrival)    335    -     0     0       0    (-,-) 
  csm_inst_state_reg[2]/Q     -       CLK->Q R     DFFQSRX1       5 19.1   294   284     284    (-,-) 
  g145901/Z                   -       A->Z   F     INVX2          2  8.2   107    86     369    (-,-) 
  g135676/Z                   -       A->Z   R     NAND2X1        3 12.5   226   157     527    (-,-) 
  g147249/Z                   -       B->Z   R     OR2X1          1  8.1   135   148     675    (-,-) 
  g147248/Z                   -       A->Z   F     INVX4          2 26.2   104    92     767    (-,-) 
  g147247/Z                   -       A->Z   R     INVX16         3 65.2    79    72     840    (-,-) 
  g5/Z                        -       A->Z   F     INVX8         14 47.3    85    75     915    (-,-) 
  g134400/Z                   -       A->Z   R     NAND2X1        1  5.3   122    91    1006    (-,-) 
  g133648/Z                   -       A->Z   F     NAND3X1        1  4.4    76    61    1067    (-,-) 
  csm_inst_left_reg_reg[29]/D -       -      F     DFFQSRX1       1    -     -     0    1067    (-,-) 
#-----------------------------------------------------------------------------------------------------



Path 34: VIOLATED (-275 ps) Setup Check with Pin csm_inst_left_reg_reg[25]/CLK->D
          Group: C2C
     Startpoint: (R) csm_inst_state_reg[2]/CLK
          Clock: (R) clk
       Endpoint: (F) csm_inst_left_reg_reg[25]/D
          Clock: (R) clk

                     Capture       Launch     
        Clock Edge:+    1000            0     
       Src Latency:+       0            0     
       Net Latency:+       0 (I)        0 (I) 
           Arrival:=    1000            0     
                                              
             Setup:-     208                  
     Required Time:=     792                  
      Launch Clock:-       0                  
         Data Path:-    1067                  
             Slack:=    -275                  

#-----------------------------------------------------------------------------------------------------
#        Timing Point         Flags    Arc   Edge   Cell     Fanout Load Trans Delay Arrival Instance 
#                                                                   (fF)  (ps)  (ps)   (ps)  Location 
#-----------------------------------------------------------------------------------------------------
  csm_inst_state_reg[2]/CLK   -       -      R     (arrival)    335    -     0     0       0    (-,-) 
  csm_inst_state_reg[2]/Q     -       CLK->Q R     DFFQSRX1       5 19.1   294   284     284    (-,-) 
  g145901/Z                   -       A->Z   F     INVX2          2  8.2   107    86     369    (-,-) 
  g135676/Z                   -       A->Z   R     NAND2X1        3 12.5   226   157     527    (-,-) 
  g147249/Z                   -       B->Z   R     OR2X1          1  8.1   135   148     675    (-,-) 
  g147248/Z                   -       A->Z   F     INVX4          2 26.2   104    92     767    (-,-) 
  g147247/Z                   -       A->Z   R     INVX16         3 65.2    79    72     840    (-,-) 
  g5/Z                        -       A->Z   F     INVX8         14 47.3    85    75     915    (-,-) 
  g134415/Z                   -       A->Z   R     NAND2X1        1  5.3   122    91    1006    (-,-) 
  g133747/Z                   -       A->Z   F     NAND3X1        1  4.4    76    61    1067    (-,-) 
  csm_inst_left_reg_reg[25]/D -       -      F     DFFQSRX1       1    -     -     0    1067    (-,-) 
#-----------------------------------------------------------------------------------------------------



Path 35: VIOLATED (-275 ps) Setup Check with Pin csm_inst_left_reg_reg[23]/CLK->D
          Group: C2C
     Startpoint: (R) csm_inst_state_reg[2]/CLK
          Clock: (R) clk
       Endpoint: (F) csm_inst_left_reg_reg[23]/D
          Clock: (R) clk

                     Capture       Launch     
        Clock Edge:+    1000            0     
       Src Latency:+       0            0     
       Net Latency:+       0 (I)        0 (I) 
           Arrival:=    1000            0     
                                              
             Setup:-     208                  
     Required Time:=     792                  
      Launch Clock:-       0                  
         Data Path:-    1067                  
             Slack:=    -275                  

#-----------------------------------------------------------------------------------------------------
#        Timing Point         Flags    Arc   Edge   Cell     Fanout Load Trans Delay Arrival Instance 
#                                                                   (fF)  (ps)  (ps)   (ps)  Location 
#-----------------------------------------------------------------------------------------------------
  csm_inst_state_reg[2]/CLK   -       -      R     (arrival)    335    -     0     0       0    (-,-) 
  csm_inst_state_reg[2]/Q     -       CLK->Q R     DFFQSRX1       5 19.1   294   284     284    (-,-) 
  g145901/Z                   -       A->Z   F     INVX2          2  8.2   107    86     369    (-,-) 
  g135676/Z                   -       A->Z   R     NAND2X1        3 12.5   226   157     527    (-,-) 
  g147249/Z                   -       B->Z   R     OR2X1          1  8.1   135   148     675    (-,-) 
  g147248/Z                   -       A->Z   F     INVX4          2 26.2   104    92     767    (-,-) 
  g147247/Z                   -       A->Z   R     INVX16         3 65.2    79    72     840    (-,-) 
  g5/Z                        -       A->Z   F     INVX8         14 47.3    85    75     915    (-,-) 
  g134452/Z                   -       A->Z   R     NAND2X1        1  5.3   122    91    1006    (-,-) 
  g133740/Z                   -       A->Z   F     NAND3X1        1  4.4    76    61    1067    (-,-) 
  csm_inst_left_reg_reg[23]/D -       -      F     DFFQSRX1       1    -     -     0    1067    (-,-) 
#-----------------------------------------------------------------------------------------------------



Path 36: VIOLATED (-275 ps) Setup Check with Pin csm_inst_left_reg_reg[13]/CLK->D
          Group: C2C
     Startpoint: (R) csm_inst_state_reg[2]/CLK
          Clock: (R) clk
       Endpoint: (F) csm_inst_left_reg_reg[13]/D
          Clock: (R) clk

                     Capture       Launch     
        Clock Edge:+    1000            0     
       Src Latency:+       0            0     
       Net Latency:+       0 (I)        0 (I) 
           Arrival:=    1000            0     
                                              
             Setup:-     208                  
     Required Time:=     792                  
      Launch Clock:-       0                  
         Data Path:-    1067                  
             Slack:=    -275                  

#-----------------------------------------------------------------------------------------------------
#        Timing Point         Flags    Arc   Edge   Cell     Fanout Load Trans Delay Arrival Instance 
#                                                                   (fF)  (ps)  (ps)   (ps)  Location 
#-----------------------------------------------------------------------------------------------------
  csm_inst_state_reg[2]/CLK   -       -      R     (arrival)    335    -     0     0       0    (-,-) 
  csm_inst_state_reg[2]/Q     -       CLK->Q R     DFFQSRX1       5 19.1   294   284     284    (-,-) 
  g145901/Z                   -       A->Z   F     INVX2          2  8.2   107    86     369    (-,-) 
  g135676/Z                   -       A->Z   R     NAND2X1        3 12.5   226   157     527    (-,-) 
  g147249/Z                   -       B->Z   R     OR2X1          1  8.1   135   148     675    (-,-) 
  g147248/Z                   -       A->Z   F     INVX4          2 26.2   104    92     767    (-,-) 
  g147247/Z                   -       A->Z   R     INVX16         3 65.2    79    72     840    (-,-) 
  g5/Z                        -       A->Z   F     INVX8         14 47.3    85    75     915    (-,-) 
  g134426/Z                   -       A->Z   R     NAND2X1        1  5.3   122    91    1006    (-,-) 
  g133706/Z                   -       A->Z   F     NAND3X1        1  4.4    76    61    1067    (-,-) 
  csm_inst_left_reg_reg[13]/D -       -      F     DFFQSRX1       1    -     -     0    1067    (-,-) 
#-----------------------------------------------------------------------------------------------------



Path 37: VIOLATED (-258 ps) Setup Check with Pin csm_inst_left_reg_reg[19]/CLK->D
          Group: C2C
     Startpoint: (R) csm_inst_state_reg[2]/CLK
          Clock: (R) clk
       Endpoint: (F) csm_inst_left_reg_reg[19]/D
          Clock: (R) clk

                     Capture       Launch     
        Clock Edge:+    1000            0     
       Src Latency:+       0            0     
       Net Latency:+       0 (I)        0 (I) 
           Arrival:=    1000            0     
                                              
             Setup:-     210                  
     Required Time:=     790                  
      Launch Clock:-       0                  
         Data Path:-    1048                  
             Slack:=    -258                  

#------------------------------------------------------------------------------------------------------
#        Timing Point         Flags    Arc   Edge   Cell     Fanout  Load Trans Delay Arrival Instance 
#                                                                    (fF)  (ps)  (ps)   (ps)  Location 
#------------------------------------------------------------------------------------------------------
  csm_inst_state_reg[2]/CLK   -       -      R     (arrival)    335     -     0     0       0    (-,-) 
  csm_inst_state_reg[2]/Q     -       CLK->Q R     DFFQSRX1       5  19.1   294   284     284    (-,-) 
  g145901/Z                   -       A->Z   F     INVX2          2   8.2   107    86     369    (-,-) 
  g135676/Z                   -       A->Z   R     NAND2X1        3  12.5   226   157     527    (-,-) 
  g147249/Z                   -       B->Z   R     OR2X1          1   8.1   135   148     675    (-,-) 
  g147248/Z                   -       A->Z   F     INVX4          2  26.2   104    92     767    (-,-) 
  g147247/Z                   -       A->Z   R     INVX16         3  65.2    79    72     840    (-,-) 
  g147252/Z                   -       A->Z   F     INVX32        33 109.3    59    56     895    (-,-) 
  g134441/Z                   -       A->Z   R     NAND2X1        1   5.2   121    82     977    (-,-) 
  g133733/Z                   -       C->Z   F     NAND3X1        1   4.4    82    71    1048    (-,-) 
  csm_inst_left_reg_reg[19]/D -       -      F     DFFQSRX1       1     -     -     0    1048    (-,-) 
#------------------------------------------------------------------------------------------------------



Path 38: VIOLATED (-255 ps) Setup Check with Pin csm_inst_left_reg_reg[12]/CLK->D
          Group: C2C
     Startpoint: (R) csm_inst_state_reg[2]/CLK
          Clock: (R) clk
       Endpoint: (F) csm_inst_left_reg_reg[12]/D
          Clock: (R) clk

                     Capture       Launch     
        Clock Edge:+    1000            0     
       Src Latency:+       0            0     
       Net Latency:+       0 (I)        0 (I) 
           Arrival:=    1000            0     
                                              
             Setup:-     210                  
     Required Time:=     790                  
      Launch Clock:-       0                  
         Data Path:-    1045                  
             Slack:=    -255                  

#------------------------------------------------------------------------------------------------------
#        Timing Point         Flags    Arc   Edge   Cell     Fanout  Load Trans Delay Arrival Instance 
#                                                                    (fF)  (ps)  (ps)   (ps)  Location 
#------------------------------------------------------------------------------------------------------
  csm_inst_state_reg[2]/CLK   -       -      R     (arrival)    335     -     0     0       0    (-,-) 
  csm_inst_state_reg[2]/Q     -       CLK->Q R     DFFQSRX1       5  19.1   294   284     284    (-,-) 
  g145901/Z                   -       A->Z   F     INVX2          2   8.2   107    86     369    (-,-) 
  g135676/Z                   -       A->Z   R     NAND2X1        3  12.5   226   157     527    (-,-) 
  g147249/Z                   -       B->Z   R     OR2X1          1   8.1   135   148     675    (-,-) 
  g147248/Z                   -       A->Z   F     INVX4          2  26.2   104    92     767    (-,-) 
  g147247/Z                   -       A->Z   R     INVX16         3  65.2    79    72     840    (-,-) 
  g147252/Z                   -       A->Z   F     INVX32        33 109.3    59    56     895    (-,-) 
  g147256/Z                   -       A->Z   R     NAND2X1        1   5.2   121    82     977    (-,-) 
  g133709/Z                   -       B->Z   F     NAND3X1        1   4.4    82    68    1045    (-,-) 
  csm_inst_left_reg_reg[12]/D -       -      F     DFFQSRX1       1     -     -     0    1045    (-,-) 
#------------------------------------------------------------------------------------------------------



Path 39: VIOLATED (-255 ps) Setup Check with Pin csm_inst_left_reg_reg[6]/CLK->D
          Group: C2C
     Startpoint: (R) csm_inst_state_reg[2]/CLK
          Clock: (R) clk
       Endpoint: (F) csm_inst_left_reg_reg[6]/D
          Clock: (R) clk

                     Capture       Launch     
        Clock Edge:+    1000            0     
       Src Latency:+       0            0     
       Net Latency:+       0 (I)        0 (I) 
           Arrival:=    1000            0     
                                              
             Setup:-     210                  
     Required Time:=     790                  
      Launch Clock:-       0                  
         Data Path:-    1045                  
             Slack:=    -255                  

#-----------------------------------------------------------------------------------------------------
#       Timing Point         Flags    Arc   Edge   Cell     Fanout  Load Trans Delay Arrival Instance 
#                                                                   (fF)  (ps)  (ps)   (ps)  Location 
#-----------------------------------------------------------------------------------------------------
  csm_inst_state_reg[2]/CLK  -       -      R     (arrival)    335     -     0     0       0    (-,-) 
  csm_inst_state_reg[2]/Q    -       CLK->Q R     DFFQSRX1       5  19.1   294   284     284    (-,-) 
  g145901/Z                  -       A->Z   F     INVX2          2   8.2   107    86     369    (-,-) 
  g135676/Z                  -       A->Z   R     NAND2X1        3  12.5   226   157     527    (-,-) 
  g147249/Z                  -       B->Z   R     OR2X1          1   8.1   135   148     675    (-,-) 
  g147248/Z                  -       A->Z   F     INVX4          2  26.2   104    92     767    (-,-) 
  g147247/Z                  -       A->Z   R     INVX16         3  65.2    79    72     840    (-,-) 
  g147252/Z                  -       A->Z   F     INVX32        33 109.3    59    56     895    (-,-) 
  g147251/Z                  -       A->Z   R     NAND2X1        1   5.2   121    82     977    (-,-) 
  g133699/Z                  -       B->Z   F     NAND3X1        1   4.4    82    68    1045    (-,-) 
  csm_inst_left_reg_reg[6]/D -       -      F     DFFQSRX1       1     -     -     0    1045    (-,-) 
#-----------------------------------------------------------------------------------------------------



Path 40: VIOLATED (-254 ps) Setup Check with Pin csm_inst_left_reg_reg[24]/CLK->D
          Group: C2C
     Startpoint: (R) csm_inst_state_reg[2]/CLK
          Clock: (R) clk
       Endpoint: (F) csm_inst_left_reg_reg[24]/D
          Clock: (R) clk

                     Capture       Launch     
        Clock Edge:+    1000            0     
       Src Latency:+       0            0     
       Net Latency:+       0 (I)        0 (I) 
           Arrival:=    1000            0     
                                              
             Setup:-     210                  
     Required Time:=     790                  
      Launch Clock:-       0                  
         Data Path:-    1045                  
             Slack:=    -254                  

#------------------------------------------------------------------------------------------------------
#        Timing Point         Flags    Arc   Edge   Cell     Fanout  Load Trans Delay Arrival Instance 
#                                                                    (fF)  (ps)  (ps)   (ps)  Location 
#------------------------------------------------------------------------------------------------------
  csm_inst_state_reg[2]/CLK   -       -      R     (arrival)    335     -     0     0       0    (-,-) 
  csm_inst_state_reg[2]/Q     -       CLK->Q R     DFFQSRX1       5  19.1   294   284     284    (-,-) 
  g145901/Z                   -       A->Z   F     INVX2          2   8.2   107    86     369    (-,-) 
  g135676/Z                   -       A->Z   R     NAND2X1        3  12.5   226   157     527    (-,-) 
  g147249/Z                   -       B->Z   R     OR2X1          1   8.1   135   148     675    (-,-) 
  g147248/Z                   -       A->Z   F     INVX4          2  26.2   104    92     767    (-,-) 
  g147247/Z                   -       A->Z   R     INVX16         3  65.2    79    72     840    (-,-) 
  g147252/Z                   -       A->Z   F     INVX32        33 109.3    59    56     895    (-,-) 
  g134455/Z                   -       A->Z   R     NAND2X1        1   5.2   121    82     977    (-,-) 
  g133742/Z                   -       B->Z   F     NAND3X1        1   4.4    80    68    1045    (-,-) 
  csm_inst_left_reg_reg[24]/D -       -      F     DFFQSRX1       1     -     -     0    1045    (-,-) 
#------------------------------------------------------------------------------------------------------



Path 41: VIOLATED (-254 ps) Setup Check with Pin csm_inst_left_reg_reg[30]/CLK->D
          Group: C2C
     Startpoint: (R) csm_inst_state_reg[2]/CLK
          Clock: (R) clk
       Endpoint: (F) csm_inst_left_reg_reg[30]/D
          Clock: (R) clk

                     Capture       Launch     
        Clock Edge:+    1000            0     
       Src Latency:+       0            0     
       Net Latency:+       0 (I)        0 (I) 
           Arrival:=    1000            0     
                                              
             Setup:-     209                  
     Required Time:=     791                  
      Launch Clock:-       0                  
         Data Path:-    1045                  
             Slack:=    -254                  

#------------------------------------------------------------------------------------------------------
#        Timing Point         Flags    Arc   Edge   Cell     Fanout  Load Trans Delay Arrival Instance 
#                                                                    (fF)  (ps)  (ps)   (ps)  Location 
#------------------------------------------------------------------------------------------------------
  csm_inst_state_reg[2]/CLK   -       -      R     (arrival)    335     -     0     0       0    (-,-) 
  csm_inst_state_reg[2]/Q     -       CLK->Q R     DFFQSRX1       5  19.1   294   284     284    (-,-) 
  g145901/Z                   -       A->Z   F     INVX2          2   8.2   107    86     369    (-,-) 
  g135676/Z                   -       A->Z   R     NAND2X1        3  12.5   226   157     527    (-,-) 
  g147249/Z                   -       B->Z   R     OR2X1          1   8.1   135   148     675    (-,-) 
  g147248/Z                   -       A->Z   F     INVX4          2  26.2   104    92     767    (-,-) 
  g147247/Z                   -       A->Z   R     INVX16         3  65.2    79    72     840    (-,-) 
  g147252/Z                   -       A->Z   F     INVX32        33 109.3    59    56     895    (-,-) 
  g134404/Z                   -       A->Z   R     NAND2X1        1   5.2   121    82     977    (-,-) 
  g133654/Z                   -       B->Z   F     NAND3X1        1   4.4    80    68    1045    (-,-) 
  csm_inst_left_reg_reg[30]/D -       -      F     DFFQSRX1       1     -     -     0    1045    (-,-) 
#------------------------------------------------------------------------------------------------------



Path 42: VIOLATED (-254 ps) Setup Check with Pin csm_inst_left_reg_reg[28]/CLK->D
          Group: C2C
     Startpoint: (R) csm_inst_state_reg[2]/CLK
          Clock: (R) clk
       Endpoint: (F) csm_inst_left_reg_reg[28]/D
          Clock: (R) clk

                     Capture       Launch     
        Clock Edge:+    1000            0     
       Src Latency:+       0            0     
       Net Latency:+       0 (I)        0 (I) 
           Arrival:=    1000            0     
                                              
             Setup:-     209                  
     Required Time:=     791                  
      Launch Clock:-       0                  
         Data Path:-    1045                  
             Slack:=    -254                  

#------------------------------------------------------------------------------------------------------
#        Timing Point         Flags    Arc   Edge   Cell     Fanout  Load Trans Delay Arrival Instance 
#                                                                    (fF)  (ps)  (ps)   (ps)  Location 
#------------------------------------------------------------------------------------------------------
  csm_inst_state_reg[2]/CLK   -       -      R     (arrival)    335     -     0     0       0    (-,-) 
  csm_inst_state_reg[2]/Q     -       CLK->Q R     DFFQSRX1       5  19.1   294   284     284    (-,-) 
  g145901/Z                   -       A->Z   F     INVX2          2   8.2   107    86     369    (-,-) 
  g135676/Z                   -       A->Z   R     NAND2X1        3  12.5   226   157     527    (-,-) 
  g147249/Z                   -       B->Z   R     OR2X1          1   8.1   135   148     675    (-,-) 
  g147248/Z                   -       A->Z   F     INVX4          2  26.2   104    92     767    (-,-) 
  g147247/Z                   -       A->Z   R     INVX16         3  65.2    79    72     840    (-,-) 
  g147252/Z                   -       A->Z   F     INVX32        33 109.3    59    56     895    (-,-) 
  g147258/Z                   -       A->Z   R     NAND2X1        1   5.2   121    82     977    (-,-) 
  g133759/Z                   -       B->Z   F     NAND3X1        1   4.4    80    68    1045    (-,-) 
  csm_inst_left_reg_reg[28]/D -       -      F     DFFQSRX1       1     -     -     0    1045    (-,-) 
#------------------------------------------------------------------------------------------------------



Path 43: VIOLATED (-254 ps) Setup Check with Pin csm_inst_left_reg_reg[27]/CLK->D
          Group: C2C
     Startpoint: (R) csm_inst_state_reg[2]/CLK
          Clock: (R) clk
       Endpoint: (F) csm_inst_left_reg_reg[27]/D
          Clock: (R) clk

                     Capture       Launch     
        Clock Edge:+    1000            0     
       Src Latency:+       0            0     
       Net Latency:+       0 (I)        0 (I) 
           Arrival:=    1000            0     
                                              
             Setup:-     209                  
     Required Time:=     791                  
      Launch Clock:-       0                  
         Data Path:-    1045                  
             Slack:=    -254                  

#------------------------------------------------------------------------------------------------------
#        Timing Point         Flags    Arc   Edge   Cell     Fanout  Load Trans Delay Arrival Instance 
#                                                                    (fF)  (ps)  (ps)   (ps)  Location 
#------------------------------------------------------------------------------------------------------
  csm_inst_state_reg[2]/CLK   -       -      R     (arrival)    335     -     0     0       0    (-,-) 
  csm_inst_state_reg[2]/Q     -       CLK->Q R     DFFQSRX1       5  19.1   294   284     284    (-,-) 
  g145901/Z                   -       A->Z   F     INVX2          2   8.2   107    86     369    (-,-) 
  g135676/Z                   -       A->Z   R     NAND2X1        3  12.5   226   157     527    (-,-) 
  g147249/Z                   -       B->Z   R     OR2X1          1   8.1   135   148     675    (-,-) 
  g147248/Z                   -       A->Z   F     INVX4          2  26.2   104    92     767    (-,-) 
  g147247/Z                   -       A->Z   R     INVX16         3  65.2    79    72     840    (-,-) 
  g147252/Z                   -       A->Z   F     INVX32        33 109.3    59    56     895    (-,-) 
  g134461/Z                   -       A->Z   R     NAND2X1        1   5.2   121    82     977    (-,-) 
  g133755/Z                   -       B->Z   F     NAND3X1        1   4.4    80    68    1045    (-,-) 
  csm_inst_left_reg_reg[27]/D -       -      F     DFFQSRX1       1     -     -     0    1045    (-,-) 
#------------------------------------------------------------------------------------------------------



Path 44: VIOLATED (-254 ps) Setup Check with Pin csm_inst_left_reg_reg[4]/CLK->D
          Group: C2C
     Startpoint: (R) csm_inst_state_reg[2]/CLK
          Clock: (R) clk
       Endpoint: (F) csm_inst_left_reg_reg[4]/D
          Clock: (R) clk

                     Capture       Launch     
        Clock Edge:+    1000            0     
       Src Latency:+       0            0     
       Net Latency:+       0 (I)        0 (I) 
           Arrival:=    1000            0     
                                              
             Setup:-     209                  
     Required Time:=     791                  
      Launch Clock:-       0                  
         Data Path:-    1045                  
             Slack:=    -254                  

#-----------------------------------------------------------------------------------------------------
#       Timing Point         Flags    Arc   Edge   Cell     Fanout  Load Trans Delay Arrival Instance 
#                                                                   (fF)  (ps)  (ps)   (ps)  Location 
#-----------------------------------------------------------------------------------------------------
  csm_inst_state_reg[2]/CLK  -       -      R     (arrival)    335     -     0     0       0    (-,-) 
  csm_inst_state_reg[2]/Q    -       CLK->Q R     DFFQSRX1       5  19.1   294   284     284    (-,-) 
  g145901/Z                  -       A->Z   F     INVX2          2   8.2   107    86     369    (-,-) 
  g135676/Z                  -       A->Z   R     NAND2X1        3  12.5   226   157     527    (-,-) 
  g147249/Z                  -       B->Z   R     OR2X1          1   8.1   135   148     675    (-,-) 
  g147248/Z                  -       A->Z   F     INVX4          2  26.2   104    92     767    (-,-) 
  g147247/Z                  -       A->Z   R     INVX16         3  65.2    79    72     840    (-,-) 
  g147252/Z                  -       A->Z   F     INVX32        33 109.3    59    56     895    (-,-) 
  g134435/Z                  -       A->Z   R     NAND2X1        1   5.2   121    82     977    (-,-) 
  g133726/Z                  -       B->Z   F     NAND3X1        1   4.4    80    68    1045    (-,-) 
  csm_inst_left_reg_reg[4]/D -       -      F     DFFQSRX1       1     -     -     0    1045    (-,-) 
#-----------------------------------------------------------------------------------------------------



Path 45: VIOLATED (-254 ps) Setup Check with Pin csm_inst_left_reg_reg[0]/CLK->D
          Group: C2C
     Startpoint: (R) csm_inst_state_reg[2]/CLK
          Clock: (R) clk
       Endpoint: (F) csm_inst_left_reg_reg[0]/D
          Clock: (R) clk

                     Capture       Launch     
        Clock Edge:+    1000            0     
       Src Latency:+       0            0     
       Net Latency:+       0 (I)        0 (I) 
           Arrival:=    1000            0     
                                              
             Setup:-     209                  
     Required Time:=     791                  
      Launch Clock:-       0                  
         Data Path:-    1045                  
             Slack:=    -254                  

#-----------------------------------------------------------------------------------------------------
#       Timing Point         Flags    Arc   Edge   Cell     Fanout  Load Trans Delay Arrival Instance 
#                                                                   (fF)  (ps)  (ps)   (ps)  Location 
#-----------------------------------------------------------------------------------------------------
  csm_inst_state_reg[2]/CLK  -       -      R     (arrival)    335     -     0     0       0    (-,-) 
  csm_inst_state_reg[2]/Q    -       CLK->Q R     DFFQSRX1       5  19.1   294   284     284    (-,-) 
  g145901/Z                  -       A->Z   F     INVX2          2   8.2   107    86     369    (-,-) 
  g135676/Z                  -       A->Z   R     NAND2X1        3  12.5   226   157     527    (-,-) 
  g147249/Z                  -       B->Z   R     OR2X1          1   8.1   135   148     675    (-,-) 
  g147248/Z                  -       A->Z   F     INVX4          2  26.2   104    92     767    (-,-) 
  g147247/Z                  -       A->Z   R     INVX16         3  65.2    79    72     840    (-,-) 
  g147252/Z                  -       A->Z   F     INVX32        33 109.3    59    56     895    (-,-) 
  g134406/Z                  -       A->Z   R     NAND2X1        1   5.2   121    82     977    (-,-) 
  g133758/Z                  -       B->Z   F     NAND3X1        1   4.4    80    68    1045    (-,-) 
  csm_inst_left_reg_reg[0]/D -       -      F     DFFQSRX1       1     -     -     0    1045    (-,-) 
#-----------------------------------------------------------------------------------------------------



Path 46: VIOLATED (-254 ps) Setup Check with Pin csm_inst_left_reg_reg[22]/CLK->D
          Group: C2C
     Startpoint: (R) csm_inst_state_reg[2]/CLK
          Clock: (R) clk
       Endpoint: (F) csm_inst_left_reg_reg[22]/D
          Clock: (R) clk

                     Capture       Launch     
        Clock Edge:+    1000            0     
       Src Latency:+       0            0     
       Net Latency:+       0 (I)        0 (I) 
           Arrival:=    1000            0     
                                              
             Setup:-     209                  
     Required Time:=     791                  
      Launch Clock:-       0                  
         Data Path:-    1045                  
             Slack:=    -254                  

#------------------------------------------------------------------------------------------------------
#        Timing Point         Flags    Arc   Edge   Cell     Fanout  Load Trans Delay Arrival Instance 
#                                                                    (fF)  (ps)  (ps)   (ps)  Location 
#------------------------------------------------------------------------------------------------------
  csm_inst_state_reg[2]/CLK   -       -      R     (arrival)    335     -     0     0       0    (-,-) 
  csm_inst_state_reg[2]/Q     -       CLK->Q R     DFFQSRX1       5  19.1   294   284     284    (-,-) 
  g145901/Z                   -       A->Z   F     INVX2          2   8.2   107    86     369    (-,-) 
  g135676/Z                   -       A->Z   R     NAND2X1        3  12.5   226   157     527    (-,-) 
  g147249/Z                   -       B->Z   R     OR2X1          1   8.1   135   148     675    (-,-) 
  g147248/Z                   -       A->Z   F     INVX4          2  26.2   104    92     767    (-,-) 
  g147247/Z                   -       A->Z   R     INVX16         3  65.2    79    72     840    (-,-) 
  g147252/Z                   -       A->Z   F     INVX32        33 109.3    59    56     895    (-,-) 
  g134450/Z                   -       A->Z   R     NAND2X1        1   5.2   121    82     977    (-,-) 
  g133737/Z                   -       B->Z   F     NAND3X1        1   4.4    79    68    1045    (-,-) 
  csm_inst_left_reg_reg[22]/D -       -      F     DFFQSRX1       1     -     -     0    1045    (-,-) 
#------------------------------------------------------------------------------------------------------



Path 47: VIOLATED (-254 ps) Setup Check with Pin csm_inst_left_reg_reg[21]/CLK->D
          Group: C2C
     Startpoint: (R) csm_inst_state_reg[2]/CLK
          Clock: (R) clk
       Endpoint: (F) csm_inst_left_reg_reg[21]/D
          Clock: (R) clk

                     Capture       Launch     
        Clock Edge:+    1000            0     
       Src Latency:+       0            0     
       Net Latency:+       0 (I)        0 (I) 
           Arrival:=    1000            0     
                                              
             Setup:-     209                  
     Required Time:=     791                  
      Launch Clock:-       0                  
         Data Path:-    1045                  
             Slack:=    -254                  

#------------------------------------------------------------------------------------------------------
#        Timing Point         Flags    Arc   Edge   Cell     Fanout  Load Trans Delay Arrival Instance 
#                                                                    (fF)  (ps)  (ps)   (ps)  Location 
#------------------------------------------------------------------------------------------------------
  csm_inst_state_reg[2]/CLK   -       -      R     (arrival)    335     -     0     0       0    (-,-) 
  csm_inst_state_reg[2]/Q     -       CLK->Q R     DFFQSRX1       5  19.1   294   284     284    (-,-) 
  g145901/Z                   -       A->Z   F     INVX2          2   8.2   107    86     369    (-,-) 
  g135676/Z                   -       A->Z   R     NAND2X1        3  12.5   226   157     527    (-,-) 
  g147249/Z                   -       B->Z   R     OR2X1          1   8.1   135   148     675    (-,-) 
  g147248/Z                   -       A->Z   F     INVX4          2  26.2   104    92     767    (-,-) 
  g147247/Z                   -       A->Z   R     INVX16         3  65.2    79    72     840    (-,-) 
  g147252/Z                   -       A->Z   F     INVX32        33 109.3    59    56     895    (-,-) 
  g134445/Z                   -       A->Z   R     NAND2X1        1   5.2   121    82     977    (-,-) 
  g133736/Z                   -       B->Z   F     NAND3X1        1   4.4    79    68    1045    (-,-) 
  csm_inst_left_reg_reg[21]/D -       -      F     DFFQSRX1       1     -     -     0    1045    (-,-) 
#------------------------------------------------------------------------------------------------------



Path 48: VIOLATED (-254 ps) Setup Check with Pin csm_inst_left_reg_reg[17]/CLK->D
          Group: C2C
     Startpoint: (R) csm_inst_state_reg[2]/CLK
          Clock: (R) clk
       Endpoint: (F) csm_inst_left_reg_reg[17]/D
          Clock: (R) clk

                     Capture       Launch     
        Clock Edge:+    1000            0     
       Src Latency:+       0            0     
       Net Latency:+       0 (I)        0 (I) 
           Arrival:=    1000            0     
                                              
             Setup:-     209                  
     Required Time:=     791                  
      Launch Clock:-       0                  
         Data Path:-    1045                  
             Slack:=    -254                  

#------------------------------------------------------------------------------------------------------
#        Timing Point         Flags    Arc   Edge   Cell     Fanout  Load Trans Delay Arrival Instance 
#                                                                    (fF)  (ps)  (ps)   (ps)  Location 
#------------------------------------------------------------------------------------------------------
  csm_inst_state_reg[2]/CLK   -       -      R     (arrival)    335     -     0     0       0    (-,-) 
  csm_inst_state_reg[2]/Q     -       CLK->Q R     DFFQSRX1       5  19.1   294   284     284    (-,-) 
  g145901/Z                   -       A->Z   F     INVX2          2   8.2   107    86     369    (-,-) 
  g135676/Z                   -       A->Z   R     NAND2X1        3  12.5   226   157     527    (-,-) 
  g147249/Z                   -       B->Z   R     OR2X1          1   8.1   135   148     675    (-,-) 
  g147248/Z                   -       A->Z   F     INVX4          2  26.2   104    92     767    (-,-) 
  g147247/Z                   -       A->Z   R     INVX16         3  65.2    79    72     840    (-,-) 
  g147252/Z                   -       A->Z   F     INVX32        33 109.3    59    56     895    (-,-) 
  g147257/Z                   -       A->Z   R     NAND2X1        1   5.2   121    82     977    (-,-) 
  g133728/Z                   -       B->Z   F     NAND3X1        1   4.4    79    68    1045    (-,-) 
  csm_inst_left_reg_reg[17]/D -       -      F     DFFQSRX1       1     -     -     0    1045    (-,-) 
#------------------------------------------------------------------------------------------------------



Path 49: VIOLATED (-254 ps) Setup Check with Pin csm_inst_left_reg_reg[5]/CLK->D
          Group: C2C
     Startpoint: (R) csm_inst_state_reg[2]/CLK
          Clock: (R) clk
       Endpoint: (F) csm_inst_left_reg_reg[5]/D
          Clock: (R) clk

                     Capture       Launch     
        Clock Edge:+    1000            0     
       Src Latency:+       0            0     
       Net Latency:+       0 (I)        0 (I) 
           Arrival:=    1000            0     
                                              
             Setup:-     209                  
     Required Time:=     791                  
      Launch Clock:-       0                  
         Data Path:-    1045                  
             Slack:=    -254                  

#-----------------------------------------------------------------------------------------------------
#       Timing Point         Flags    Arc   Edge   Cell     Fanout  Load Trans Delay Arrival Instance 
#                                                                   (fF)  (ps)  (ps)   (ps)  Location 
#-----------------------------------------------------------------------------------------------------
  csm_inst_state_reg[2]/CLK  -       -      R     (arrival)    335     -     0     0       0    (-,-) 
  csm_inst_state_reg[2]/Q    -       CLK->Q R     DFFQSRX1       5  19.1   294   284     284    (-,-) 
  g145901/Z                  -       A->Z   F     INVX2          2   8.2   107    86     369    (-,-) 
  g135676/Z                  -       A->Z   R     NAND2X1        3  12.5   226   157     527    (-,-) 
  g147249/Z                  -       B->Z   R     OR2X1          1   8.1   135   148     675    (-,-) 
  g147248/Z                  -       A->Z   F     INVX4          2  26.2   104    92     767    (-,-) 
  g147247/Z                  -       A->Z   R     INVX16         3  65.2    79    72     840    (-,-) 
  g147252/Z                  -       A->Z   F     INVX32        33 109.3    59    56     895    (-,-) 
  g134418/Z                  -       A->Z   R     NAND2X1        1   5.2   121    82     977    (-,-) 
  g133704/Z                  -       B->Z   F     NAND3X1        1   4.4    79    68    1045    (-,-) 
  csm_inst_left_reg_reg[5]/D -       -      F     DFFQSRX1       1     -     -     0    1045    (-,-) 
#-----------------------------------------------------------------------------------------------------



Path 50: VIOLATED (-254 ps) Setup Check with Pin csm_inst_left_reg_reg[9]/CLK->D
          Group: C2C
     Startpoint: (R) csm_inst_state_reg[2]/CLK
          Clock: (R) clk
       Endpoint: (F) csm_inst_left_reg_reg[9]/D
          Clock: (R) clk

                     Capture       Launch     
        Clock Edge:+    1000            0     
       Src Latency:+       0            0     
       Net Latency:+       0 (I)        0 (I) 
           Arrival:=    1000            0     
                                              
             Setup:-     209                  
     Required Time:=     791                  
      Launch Clock:-       0                  
         Data Path:-    1045                  
             Slack:=    -254                  

#-----------------------------------------------------------------------------------------------------
#       Timing Point         Flags    Arc   Edge   Cell     Fanout  Load Trans Delay Arrival Instance 
#                                                                   (fF)  (ps)  (ps)   (ps)  Location 
#-----------------------------------------------------------------------------------------------------
  csm_inst_state_reg[2]/CLK  -       -      R     (arrival)    335     -     0     0       0    (-,-) 
  csm_inst_state_reg[2]/Q    -       CLK->Q R     DFFQSRX1       5  19.1   294   284     284    (-,-) 
  g145901/Z                  -       A->Z   F     INVX2          2   8.2   107    86     369    (-,-) 
  g135676/Z                  -       A->Z   R     NAND2X1        3  12.5   226   157     527    (-,-) 
  g147249/Z                  -       B->Z   R     OR2X1          1   8.1   135   148     675    (-,-) 
  g147248/Z                  -       A->Z   F     INVX4          2  26.2   104    92     767    (-,-) 
  g147247/Z                  -       A->Z   R     INVX16         3  65.2    79    72     840    (-,-) 
  g147252/Z                  -       A->Z   F     INVX32        33 109.3    59    56     895    (-,-) 
  g134427/Z                  -       A->Z   R     NAND2X1        1   5.2   121    82     977    (-,-) 
  g133687/Z                  -       B->Z   F     NAND3X1        1   4.4    78    68    1045    (-,-) 
  csm_inst_left_reg_reg[9]/D -       -      F     DFFQSRX1       1     -     -     0    1045    (-,-) 
#-----------------------------------------------------------------------------------------------------

