============================================================
  Generated by:           Genus(TM) Synthesis Solution 21.15-s080_1
  Generated on:           Nov 30 2025  04:06:13 pm
  Module:                 TopModule
  Operating conditions:   PVT_1P8V_25C 
  Interconnect mode:      global
  Area mode:              timing library
============================================================


Path 1: VIOLATED (-2651 ps) Setup Check with Pin csm_inst_right_reg_reg[15]/clk->d
          Group: C2C
     Startpoint: (R) csm_inst_round_counter_reg[0]/clk
          Clock: (R) clk
       Endpoint: (R) csm_inst_right_reg_reg[15]/d
          Clock: (R) clk

                     Capture       Launch     
        Clock Edge:+    1000            0     
       Src Latency:+       0            0     
       Net Latency:+       0 (I)        0 (I) 
           Arrival:=    1000            0     
                                              
             Setup:-      75                  
     Required Time:=     925                  
      Launch Clock:-       0                  
         Data Path:-    3576                  
             Slack:=   -2651                  

#---------------------------------------------------------------------------------------------------------------------
#           Timing Point            Flags    Arc    Edge       Cell         Fanout  Load Trans Delay Arrival Instance 
#                                                                                   (fF)  (ps)  (ps)   (ps)  Location 
#---------------------------------------------------------------------------------------------------------------------
  csm_inst_round_counter_reg[0]/clk -       -       R     (arrival)            335     -     0     0       0    (-,-) 
  csm_inst_round_counter_reg[0]/q   (u)     clk->q  F     unmapped_d_flop      178 712.0     0   561     561    (-,-) 
  csm_inst_g50736/z                 (u)     in_0->z R     unmapped_complex2     10  40.0     0   228     789    (-,-) 
  csm_inst_g50541/z                 (u)     in_1->z R     unmapped_or2          47 188.0     0   308    1096    (-,-) 
  csm_inst_g49878/z                 (u)     in_1->z R     unmapped_complex2      1   4.0     0   108    1204    (-,-) 
  csm_inst_g49306/z                 (u)     in_1->z F     unmapped_nand2         1   4.0     0   108    1312    (-,-) 
  csm_inst_g48672/z                 (u)     in_1->z F     unmapped_complex2      1   4.0     0   108    1420    (-,-) 
  csm_inst_g48583/z                 (u)     in_1->z F     unmapped_or2           1   4.0     0   108    1528    (-,-) 
  csm_inst_g48545/z                 (u)     in_1->z R     unmapped_nand2         1   4.0     0   108    1636    (-,-) 
  csm_inst_g48506/z                 (u)     in_0->z F     unmapped_complex2      2   8.0     0   139    1774    (-,-) 
  csm_inst_g48408/z                 (u)     in_1->z R     unmapped_complex2      1   4.0     0   108    1882    (-,-) 
  csm_inst_g48409/z                 (u)     in_1->z F     unmapped_nand2        12  48.0     0   236    2118    (-,-) 
  csm_inst_g48267/z                 (u)     in_0->z F     unmapped_complex2      1   4.0     0   108    2226    (-,-) 
  csm_inst_g48268/z                 (u)     in_1->z R     unmapped_nand2         3  12.0     0   179    2404    (-,-) 
  csm_inst_g6927/z                  (u)     in_0->z F     unmapped_complex2      2   8.0     0   139    2543    (-,-) 
  csm_inst_g27487/z                 (u)     in_1->z F     unmapped_or2           2   8.0     0   139    2682    (-,-) 
  csm_inst_g47513/z                 (u)     in_0->z F     unmapped_complex2      1   4.0     0   108    2790    (-,-) 
  csm_inst_g47425/z                 (u)     in_0->z R     unmapped_complex2      1   4.0     0   108    2898    (-,-) 
  csm_inst_g47325/z                 (u)     in_1->z R     unmapped_or2           1   4.0     0   108    3006    (-,-) 
  csm_inst_g47235/z                 (u)     in_1->z R     unmapped_or2           2   8.0     0   139    3144    (-,-) 
  csm_inst_g47094/z                 (u)     in_1->z F     unmapped_complex2      1   4.0     0   108    3252    (-,-) 
  csm_inst_g47095/z                 (u)     in_1->z R     unmapped_nand2         1   4.0     0   108    3360    (-,-) 
  csm_inst_g47089/z                 (u)     in_0->z F     unmapped_complex2      1   4.0     0   108    3468    (-,-) 
  csm_inst_g47035/z                 (u)     in_0->z R     unmapped_complex2      1   4.0     0   108    3576    (-,-) 
  csm_inst_right_reg_reg[15]/d      -       -       R     unmapped_d_flop        1     -     -     0    3576    (-,-) 
#---------------------------------------------------------------------------------------------------------------------

(u) : Net has unmapped pin(s).



Path 2: VIOLATED (-2651 ps) Setup Check with Pin csm_inst_right_reg_reg[9]/clk->d
          Group: C2C
     Startpoint: (R) csm_inst_round_counter_reg[0]/clk
          Clock: (R) clk
       Endpoint: (R) csm_inst_right_reg_reg[9]/d
          Clock: (R) clk

                     Capture       Launch     
        Clock Edge:+    1000            0     
       Src Latency:+       0            0     
       Net Latency:+       0 (I)        0 (I) 
           Arrival:=    1000            0     
                                              
             Setup:-      75                  
     Required Time:=     925                  
      Launch Clock:-       0                  
         Data Path:-    3576                  
             Slack:=   -2651                  

#---------------------------------------------------------------------------------------------------------------------
#           Timing Point            Flags    Arc    Edge       Cell         Fanout  Load Trans Delay Arrival Instance 
#                                                                                   (fF)  (ps)  (ps)   (ps)  Location 
#---------------------------------------------------------------------------------------------------------------------
  csm_inst_round_counter_reg[0]/clk -       -       R     (arrival)            335     -     0     0       0    (-,-) 
  csm_inst_round_counter_reg[0]/q   (u)     clk->q  F     unmapped_d_flop      178 712.0     0   561     561    (-,-) 
  csm_inst_g50736/z                 (u)     in_0->z R     unmapped_complex2     10  40.0     0   228     789    (-,-) 
  csm_inst_g50541/z                 (u)     in_1->z R     unmapped_or2          47 188.0     0   308    1096    (-,-) 
  csm_inst_g49878/z                 (u)     in_1->z R     unmapped_complex2      1   4.0     0   108    1204    (-,-) 
  csm_inst_g49306/z                 (u)     in_1->z F     unmapped_nand2         1   4.0     0   108    1312    (-,-) 
  csm_inst_g48672/z                 (u)     in_1->z F     unmapped_complex2      1   4.0     0   108    1420    (-,-) 
  csm_inst_g48583/z                 (u)     in_1->z F     unmapped_or2           1   4.0     0   108    1528    (-,-) 
  csm_inst_g48545/z                 (u)     in_1->z R     unmapped_nand2         1   4.0     0   108    1636    (-,-) 
  csm_inst_g48506/z                 (u)     in_0->z F     unmapped_complex2      2   8.0     0   139    1774    (-,-) 
  csm_inst_g48408/z                 (u)     in_1->z R     unmapped_complex2      1   4.0     0   108    1882    (-,-) 
  csm_inst_g48409/z                 (u)     in_1->z F     unmapped_nand2        12  48.0     0   236    2118    (-,-) 
  csm_inst_g48267/z                 (u)     in_0->z F     unmapped_complex2      1   4.0     0   108    2226    (-,-) 
  csm_inst_g48268/z                 (u)     in_1->z R     unmapped_nand2         3  12.0     0   179    2404    (-,-) 
  csm_inst_g6927/z                  (u)     in_0->z F     unmapped_complex2      2   8.0     0   139    2543    (-,-) 
  csm_inst_g27487/z                 (u)     in_1->z F     unmapped_or2           2   8.0     0   139    2682    (-,-) 
  csm_inst_g47526/z                 (u)     in_0->z R     unmapped_nand2         1   4.0     0   108    2790    (-,-) 
  csm_inst_g47443/z                 (u)     in_0->z F     unmapped_complex2      1   4.0     0   108    2898    (-,-) 
  csm_inst_g47318/z                 (u)     in_0->z R     unmapped_complex2      1   4.0     0   108    3006    (-,-) 
  csm_inst_g47236/z                 (u)     in_1->z R     unmapped_or2           2   8.0     0   139    3144    (-,-) 
  csm_inst_g47141/z                 (u)     in_1->z F     unmapped_complex2      1   4.0     0   108    3252    (-,-) 
  csm_inst_g47142/z                 (u)     in_1->z R     unmapped_nand2         1   4.0     0   108    3360    (-,-) 
  csm_inst_g47048/z                 (u)     in_0->z F     unmapped_complex2      1   4.0     0   108    3468    (-,-) 
  csm_inst_g47027/z                 (u)     in_0->z R     unmapped_complex2      1   4.0     0   108    3576    (-,-) 
  csm_inst_right_reg_reg[9]/d       -       -       R     unmapped_d_flop        1     -     -     0    3576    (-,-) 
#---------------------------------------------------------------------------------------------------------------------

(u) : Net has unmapped pin(s).



Path 3: VIOLATED (-2644 ps) Setup Check with Pin csm_inst_right_reg_reg[30]/clk->d
          Group: C2C
     Startpoint: (R) csm_inst_round_counter_reg[0]/clk
          Clock: (R) clk
       Endpoint: (R) csm_inst_right_reg_reg[30]/d
          Clock: (R) clk

                     Capture       Launch     
        Clock Edge:+    1000            0     
       Src Latency:+       0            0     
       Net Latency:+       0 (I)        0 (I) 
           Arrival:=    1000            0     
                                              
             Setup:-      75                  
     Required Time:=     925                  
      Launch Clock:-       0                  
         Data Path:-    3568                  
             Slack:=   -2644                  

#---------------------------------------------------------------------------------------------------------------------
#           Timing Point            Flags    Arc    Edge       Cell         Fanout  Load Trans Delay Arrival Instance 
#                                                                                   (fF)  (ps)  (ps)   (ps)  Location 
#---------------------------------------------------------------------------------------------------------------------
  csm_inst_round_counter_reg[0]/clk -       -       R     (arrival)            335     -     0     0       0    (-,-) 
  csm_inst_round_counter_reg[0]/q   (u)     clk->q  R     unmapped_d_flop      178 712.0     0   561     561    (-,-) 
  csm_inst_g50748/z                 (u)     in_0->z R     unmapped_or2          10  40.0     0   228     789    (-,-) 
  csm_inst_g50583/z                 (u)     in_1->z R     unmapped_or2          39 156.0     0   296    1085    (-,-) 
  csm_inst_g50253/z                 (u)     in_1->z R     unmapped_complex2      2   8.0     0   139    1224    (-,-) 
  csm_inst_g49229/z                 (u)     in_1->z F     unmapped_nand2         1   4.0     0   108    1332    (-,-) 
  csm_inst_g48966/z                 (u)     in_0->z F     unmapped_or2           1   4.0     0   108    1440    (-,-) 
  csm_inst_g48567/z                 (u)     in_0->z F     unmapped_or2           1   4.0     0   108    1548    (-,-) 
  csm_inst_g48555/z                 (u)     in_1->z R     unmapped_complex2      1   4.0     0   108    1655    (-,-) 
  csm_inst_g48493/z                 (u)     in_0->z F     unmapped_complex2      2   8.0     0   139    1794    (-,-) 
  csm_inst_g48423/z                 (u)     in_1->z R     unmapped_complex2      1   4.0     0   108    1902    (-,-) 
  csm_inst_g48424/z                 (u)     in_1->z F     unmapped_nand2        13  52.0     0   240    2142    (-,-) 
  csm_inst_g48277/z                 (u)     in_1->z R     unmapped_nand2         2   8.0     0   139    2281    (-,-) 
  csm_inst_g48279/z                 (u)     in_0->z F     unmapped_nand2         3  12.0     0   179    2459    (-,-) 
  csm_inst_g48070/z                 (u)     in_1->z R     unmapped_nand2         1   4.0     0   108    2567    (-,-) 
  csm_inst_g47742/z                 (u)     in_0->z F     unmapped_complex2      1   4.0     0   108    2675    (-,-) 
  csm_inst_g47561/z                 (u)     in_0->z R     unmapped_complex2      1   4.0     0   108    2783    (-,-) 
  csm_inst_g47416/z                 (u)     in_0->z F     unmapped_nand2         1   4.0     0   108    2891    (-,-) 
  csm_inst_g47290/z                 (u)     in_1->z R     unmapped_complex2      1   4.0     0   108    2998    (-,-) 
  csm_inst_g47239/z                 (u)     in_0->z R     unmapped_or2           2   8.0     0   139    3137    (-,-) 
  csm_inst_g47168/z                 (u)     in_1->z F     unmapped_complex2      1   4.0     0   108    3245    (-,-) 
  csm_inst_g47169/z                 (u)     in_1->z R     unmapped_nand2         1   4.0     0   108    3353    (-,-) 
  csm_inst_g47053/z                 (u)     in_0->z F     unmapped_complex2      1   4.0     0   108    3461    (-,-) 
  csm_inst_g47028/z                 (u)     in_0->z R     unmapped_complex2      1   4.0     0   108    3568    (-,-) 
  csm_inst_right_reg_reg[30]/d      -       -       R     unmapped_d_flop        1     -     -     0    3568    (-,-) 
#---------------------------------------------------------------------------------------------------------------------

(u) : Net has unmapped pin(s).



Path 4: VIOLATED (-2644 ps) Setup Check with Pin csm_inst_right_reg_reg[19]/clk->d
          Group: C2C
     Startpoint: (R) csm_inst_round_counter_reg[0]/clk
          Clock: (R) clk
       Endpoint: (R) csm_inst_right_reg_reg[19]/d
          Clock: (R) clk

                     Capture       Launch     
        Clock Edge:+    1000            0     
       Src Latency:+       0            0     
       Net Latency:+       0 (I)        0 (I) 
           Arrival:=    1000            0     
                                              
             Setup:-      75                  
     Required Time:=     925                  
      Launch Clock:-       0                  
         Data Path:-    3568                  
             Slack:=   -2644                  

#---------------------------------------------------------------------------------------------------------------------
#           Timing Point            Flags    Arc    Edge       Cell         Fanout  Load Trans Delay Arrival Instance 
#                                                                                   (fF)  (ps)  (ps)   (ps)  Location 
#---------------------------------------------------------------------------------------------------------------------
  csm_inst_round_counter_reg[0]/clk -       -       R     (arrival)            335     -     0     0       0    (-,-) 
  csm_inst_round_counter_reg[0]/q   (u)     clk->q  F     unmapped_d_flop      178 712.0     0   561     561    (-,-) 
  csm_inst_g50748/z                 (u)     in_0->z F     unmapped_or2          10  40.0     0   228     789    (-,-) 
  csm_inst_g50583/z                 (u)     in_1->z F     unmapped_or2          39 156.0     0   296    1085    (-,-) 
  csm_inst_g50253/z                 (u)     in_1->z F     unmapped_complex2      2   8.0     0   139    1224    (-,-) 
  csm_inst_g49229/z                 (u)     in_1->z R     unmapped_nand2         1   4.0     0   108    1332    (-,-) 
  csm_inst_g48966/z                 (u)     in_0->z R     unmapped_or2           1   4.0     0   108    1440    (-,-) 
  csm_inst_g48567/z                 (u)     in_0->z R     unmapped_or2           1   4.0     0   108    1548    (-,-) 
  csm_inst_g48555/z                 (u)     in_1->z F     unmapped_complex2      1   4.0     0   108    1655    (-,-) 
  csm_inst_g48493/z                 (u)     in_0->z R     unmapped_complex2      2   8.0     0   139    1794    (-,-) 
  csm_inst_g48423/z                 (u)     in_1->z F     unmapped_complex2      1   4.0     0   108    1902    (-,-) 
  csm_inst_g48424/z                 (u)     in_1->z R     unmapped_nand2        13  52.0     0   240    2142    (-,-) 
  csm_inst_g48277/z                 (u)     in_1->z F     unmapped_nand2         2   8.0     0   139    2281    (-,-) 
  csm_inst_g48279/z                 (u)     in_0->z R     unmapped_nand2         3  12.0     0   179    2459    (-,-) 
  csm_inst_g47985/z                 (u)     in_1->z R     unmapped_or2           1   4.0     0   108    2567    (-,-) 
  csm_inst_g47736/z                 (u)     in_0->z F     unmapped_complex2      1   4.0     0   108    2675    (-,-) 
  csm_inst_g47562/z                 (u)     in_0->z F     unmapped_complex2      1   4.0     0   108    2783    (-,-) 
  csm_inst_g47408/z                 (u)     in_0->z R     unmapped_nand2         1   4.0     0   108    2891    (-,-) 
  csm_inst_g47324/z                 (u)     in_1->z R     unmapped_or2           1   4.0     0   108    2998    (-,-) 
  csm_inst_g47250/z                 (u)     in_1->z R     unmapped_or2           2   8.0     0   139    3137    (-,-) 
  csm_inst_g47153/z                 (u)     in_1->z F     unmapped_complex2      1   4.0     0   108    3245    (-,-) 
  csm_inst_g47154/z                 (u)     in_1->z R     unmapped_nand2         1   4.0     0   108    3353    (-,-) 
  csm_inst_g47071/z                 (u)     in_0->z F     unmapped_complex2      1   4.0     0   108    3461    (-,-) 
  csm_inst_g47034/z                 (u)     in_0->z R     unmapped_complex2      1   4.0     0   108    3568    (-,-) 
  csm_inst_right_reg_reg[19]/d      -       -       R     unmapped_d_flop        1     -     -     0    3568    (-,-) 
#---------------------------------------------------------------------------------------------------------------------

(u) : Net has unmapped pin(s).



Path 5: VIOLATED (-2640 ps) Setup Check with Pin csm_inst_right_reg_reg[17]/clk->d
          Group: C2C
     Startpoint: (R) csm_inst_round_counter_reg[0]/clk
          Clock: (R) clk
       Endpoint: (R) csm_inst_right_reg_reg[17]/d
          Clock: (R) clk

                     Capture       Launch     
        Clock Edge:+    1000            0     
       Src Latency:+       0            0     
       Net Latency:+       0 (I)        0 (I) 
           Arrival:=    1000            0     
                                              
             Setup:-      75                  
     Required Time:=     925                  
      Launch Clock:-       0                  
         Data Path:-    3565                  
             Slack:=   -2640                  

#---------------------------------------------------------------------------------------------------------------------
#           Timing Point            Flags    Arc    Edge       Cell         Fanout  Load Trans Delay Arrival Instance 
#                                                                                   (fF)  (ps)  (ps)   (ps)  Location 
#---------------------------------------------------------------------------------------------------------------------
  csm_inst_round_counter_reg[0]/clk -       -       R     (arrival)            335     -     0     0       0    (-,-) 
  csm_inst_round_counter_reg[0]/q   (u)     clk->q  R     unmapped_d_flop      178 712.0     0   561     561    (-,-) 
  csm_inst_g50748/z                 (u)     in_0->z R     unmapped_or2          10  40.0     0   228     789    (-,-) 
  csm_inst_g50583/z                 (u)     in_1->z R     unmapped_or2          39 156.0     0   296    1085    (-,-) 
  csm_inst_g49784/z                 (u)     in_1->z R     unmapped_complex2      2   8.0     0   139    1224    (-,-) 
  csm_inst_g49365/z                 (u)     in_1->z F     unmapped_nand2         1   4.0     0   108    1332    (-,-) 
  csm_inst_g48937/z                 (u)     in_1->z F     unmapped_or2           1   4.0     0   108    1440    (-,-) 
  csm_inst_g48575/z                 (u)     in_0->z F     unmapped_or2           1   4.0     0   108    1548    (-,-) 
  csm_inst_g48549/z                 (u)     in_1->z R     unmapped_nand2         1   4.0     0   108    1655    (-,-) 
  csm_inst_g48464/z                 (u)     in_0->z F     unmapped_complex2      2   8.0     0   139    1794    (-,-) 
  csm_inst_g48402/z                 (u)     in_1->z R     unmapped_complex2      1   4.0     0   108    1902    (-,-) 
  csm_inst_g48403/z                 (u)     in_1->z F     unmapped_nand2        15  60.0     0   248    2150    (-,-) 
  csm_inst_g48275/z                 (u)     in_1->z R     unmapped_complex2      1   4.0     0   108    2258    (-,-) 
  csm_inst_g48276/z                 (u)     in_1->z F     unmapped_nand2         5  20.0     0   198    2456    (-,-) 
  csm_inst_g30366/z                 (u)     in_1->z F     unmapped_or2           1   4.0     0   108    2564    (-,-) 
  csm_inst_g47746/z                 (u)     in_0->z R     unmapped_nand2         1   4.0     0   108    2672    (-,-) 
  csm_inst_g47560/z                 (u)     in_1->z R     unmapped_complex2      1   4.0     0   108    2779    (-,-) 
  csm_inst_g47412/z                 (u)     in_1->z F     unmapped_nand2         1   4.0     0   108    2887    (-,-) 
  csm_inst_g47279/z                 (u)     in_1->z R     unmapped_complex2      1   4.0     0   108    2995    (-,-) 
  csm_inst_g47212/z                 (u)     in_0->z R     unmapped_or2           2   8.0     0   139    3134    (-,-) 
  csm_inst_g47158/z                 (u)     in_1->z F     unmapped_complex2      1   4.0     0   108    3242    (-,-) 
  csm_inst_g47159/z                 (u)     in_1->z R     unmapped_nand2         1   4.0     0   108    3349    (-,-) 
  csm_inst_g47077/z                 (u)     in_0->z F     unmapped_complex2      1   4.0     0   108    3457    (-,-) 
  csm_inst_g47038/z                 (u)     in_0->z R     unmapped_complex2      1   4.0     0   108    3565    (-,-) 
  csm_inst_right_reg_reg[17]/d      -       -       R     unmapped_d_flop        1     -     -     0    3565    (-,-) 
#---------------------------------------------------------------------------------------------------------------------

(u) : Net has unmapped pin(s).



Path 6: VIOLATED (-2626 ps) Setup Check with Pin csm_inst_right_reg_reg[24]/clk->d
          Group: C2C
     Startpoint: (R) csm_inst_round_counter_reg[0]/clk
          Clock: (R) clk
       Endpoint: (R) csm_inst_right_reg_reg[24]/d
          Clock: (R) clk

                     Capture       Launch     
        Clock Edge:+    1000            0     
       Src Latency:+       0            0     
       Net Latency:+       0 (I)        0 (I) 
           Arrival:=    1000            0     
                                              
             Setup:-      75                  
     Required Time:=     925                  
      Launch Clock:-       0                  
         Data Path:-    3550                  
             Slack:=   -2626                  

#---------------------------------------------------------------------------------------------------------------------
#           Timing Point            Flags    Arc    Edge       Cell         Fanout  Load Trans Delay Arrival Instance 
#                                                                                   (fF)  (ps)  (ps)   (ps)  Location 
#---------------------------------------------------------------------------------------------------------------------
  csm_inst_round_counter_reg[0]/clk -       -       R     (arrival)            335     -     0     0       0    (-,-) 
  csm_inst_round_counter_reg[0]/q   (u)     clk->q  F     unmapped_d_flop      178 712.0     0   561     561    (-,-) 
  csm_inst_g50736/z                 (u)     in_0->z R     unmapped_complex2     10  40.0     0   228     789    (-,-) 
  csm_inst_g50541/z                 (u)     in_1->z R     unmapped_or2          47 188.0     0   308    1096    (-,-) 
  csm_inst_g49636/z                 (u)     in_0->z R     unmapped_complex2      1   4.0     0   108    1204    (-,-) 
  csm_inst_g49507/z                 (u)     in_1->z F     unmapped_nand2         1   4.0     0   108    1312    (-,-) 
  csm_inst_g48969/z                 (u)     in_1->z F     unmapped_or2           1   4.0     0   108    1420    (-,-) 
  csm_inst_g48628/z                 (u)     in_0->z F     unmapped_or2           1   4.0     0   108    1528    (-,-) 
  csm_inst_g48523/z                 (u)     in_1->z R     unmapped_nand2         1   4.0     0   108    1636    (-,-) 
  csm_inst_g48473/z                 (u)     in_0->z F     unmapped_complex2      2   8.0     0   139    1774    (-,-) 
  csm_inst_g48372/z                 (u)     in_1->z R     unmapped_complex2      1   4.0     0   108    1882    (-,-) 
  csm_inst_g48373/z                 (u)     in_1->z F     unmapped_nand2        11  44.0     0   232    2114    (-,-) 
  csm_inst_g48194/z                 (u)     in_1->z F     unmapped_complex2      2   8.0     0   139    2253    (-,-) 
  csm_inst_g48196/z                 (u)     in_0->z R     unmapped_nand2         4  16.0     0   189    2441    (-,-) 
  csm_inst_g30590/z                 (u)     in_1->z F     unmapped_complex2      1   4.0     0   108    2549    (-,-) 
  csm_inst_g47711/z                 (u)     in_0->z R     unmapped_nand2         1   4.0     0   108    2657    (-,-) 
  csm_inst_g47590/z                 (u)     in_0->z F     unmapped_complex2      1   4.0     0   108    2765    (-,-) 
  csm_inst_g47402/z                 (u)     in_1->z R     unmapped_complex2      1   4.0     0   108    2873    (-,-) 
  csm_inst_g47273/z                 (u)     in_1->z R     unmapped_complex2      1   4.0     0   108    2980    (-,-) 
  csm_inst_g47231/z                 (u)     in_1->z R     unmapped_or2           2   8.0     0   139    3119    (-,-) 
  csm_inst_g47150/z                 (u)     in_1->z F     unmapped_complex2      1   4.0     0   108    3227    (-,-) 
  csm_inst_g47151/z                 (u)     in_1->z R     unmapped_nand2         1   4.0     0   108    3335    (-,-) 
  csm_inst_g47082/z                 (u)     in_0->z F     unmapped_complex2      1   4.0     0   108    3443    (-,-) 
  csm_inst_g47029/z                 (u)     in_0->z R     unmapped_complex2      1   4.0     0   108    3550    (-,-) 
  csm_inst_right_reg_reg[24]/d      -       -       R     unmapped_d_flop        1     -     -     0    3550    (-,-) 
#---------------------------------------------------------------------------------------------------------------------

(u) : Net has unmapped pin(s).



Path 7: VIOLATED (-2620 ps) Setup Check with Pin csm_inst_right_reg_reg[5]/clk->d
          Group: C2C
     Startpoint: (R) csm_inst_round_counter_reg[0]/clk
          Clock: (R) clk
       Endpoint: (R) csm_inst_right_reg_reg[5]/d
          Clock: (R) clk

                     Capture       Launch     
        Clock Edge:+    1000            0     
       Src Latency:+       0            0     
       Net Latency:+       0 (I)        0 (I) 
           Arrival:=    1000            0     
                                              
             Setup:-      75                  
     Required Time:=     925                  
      Launch Clock:-       0                  
         Data Path:-    3545                  
             Slack:=   -2620                  

#---------------------------------------------------------------------------------------------------------------------
#           Timing Point            Flags    Arc    Edge       Cell         Fanout  Load Trans Delay Arrival Instance 
#                                                                                   (fF)  (ps)  (ps)   (ps)  Location 
#---------------------------------------------------------------------------------------------------------------------
  csm_inst_round_counter_reg[0]/clk -       -       R     (arrival)            335     -     0     0       0    (-,-) 
  csm_inst_round_counter_reg[0]/q   (u)     clk->q  F     unmapped_d_flop      178 712.0     0   561     561    (-,-) 
  csm_inst_g50736/z                 (u)     in_0->z R     unmapped_complex2     10  40.0     0   228     789    (-,-) 
  csm_inst_g50541/z                 (u)     in_1->z R     unmapped_or2          47 188.0     0   308    1096    (-,-) 
  csm_inst_g49941/z                 (u)     in_0->z R     unmapped_complex2      1   4.0     0   108    1204    (-,-) 
  csm_inst_g49237/z                 (u)     in_1->z F     unmapped_nand2         1   4.0     0   108    1312    (-,-) 
  csm_inst_g48988/z                 (u)     in_1->z F     unmapped_or2           1   4.0     0   108    1420    (-,-) 
  csm_inst_g48595/z                 (u)     in_0->z F     unmapped_or2           1   4.0     0   108    1528    (-,-) 
  csm_inst_g48537/z                 (u)     in_1->z R     unmapped_nand2         1   4.0     0   108    1636    (-,-) 
  csm_inst_g48499/z                 (u)     in_0->z F     unmapped_complex2      2   8.0     0   139    1774    (-,-) 
  csm_inst_g48336/z                 (u)     in_1->z R     unmapped_complex2      1   4.0     0   108    1882    (-,-) 
  csm_inst_g48337/z                 (u)     in_1->z F     unmapped_nand2        15  60.0     0   248    2130    (-,-) 
  csm_inst_g48244/z                 (u)     in_0->z F     unmapped_or2           1   4.0     0   108    2238    (-,-) 
  csm_inst_g48245/z                 (u)     in_1->z R     unmapped_nand2         5  20.0     0   198    2436    (-,-) 
  csm_inst_g48033/z                 (u)     in_0->z F     unmapped_complex2      1   4.0     0   108    2544    (-,-) 
  csm_inst_g47661/z                 (u)     in_0->z R     unmapped_nand2         1   4.0     0   108    2652    (-,-) 
  csm_inst_g47639/z                 (u)     in_1->z F     unmapped_complex2      1   4.0     0   108    2760    (-,-) 
  csm_inst_g47333/z                 (u)     in_1->z R     unmapped_nand2         1   4.0     0   108    2867    (-,-) 
  csm_inst_g47234/z                 (u)     in_1->z R     unmapped_or2           1   4.0     0   108    2975    (-,-) 
  csm_inst_g47132/z                 (u)     in_0->z R     unmapped_or2           2   8.0     0   139    3114    (-,-) 
  csm_inst_g47055/z                 (u)     in_1->z F     unmapped_complex2      1   4.0     0   108    3222    (-,-) 
  csm_inst_g47056/z                 (u)     in_1->z R     unmapped_nand2         1   4.0     0   108    3330    (-,-) 
  csm_inst_g47023/z                 (u)     in_0->z F     unmapped_complex2      1   4.0     0   108    3437    (-,-) 
  csm_inst_g47013/z                 (u)     in_0->z R     unmapped_complex2      1   4.0     0   108    3545    (-,-) 
  csm_inst_right_reg_reg[5]/d       -       -       R     unmapped_d_flop        1     -     -     0    3545    (-,-) 
#---------------------------------------------------------------------------------------------------------------------

(u) : Net has unmapped pin(s).



Path 8: VIOLATED (-2619 ps) Setup Check with Pin csm_inst_right_reg_reg[16]/clk->d
          Group: C2C
     Startpoint: (R) csm_inst_round_counter_reg[0]/clk
          Clock: (R) clk
       Endpoint: (R) csm_inst_right_reg_reg[16]/d
          Clock: (R) clk

                     Capture       Launch     
        Clock Edge:+    1000            0     
       Src Latency:+       0            0     
       Net Latency:+       0 (I)        0 (I) 
           Arrival:=    1000            0     
                                              
             Setup:-      75                  
     Required Time:=     925                  
      Launch Clock:-       0                  
         Data Path:-    3544                  
             Slack:=   -2619                  

#---------------------------------------------------------------------------------------------------------------------
#           Timing Point            Flags    Arc    Edge       Cell         Fanout  Load Trans Delay Arrival Instance 
#                                                                                   (fF)  (ps)  (ps)   (ps)  Location 
#---------------------------------------------------------------------------------------------------------------------
  csm_inst_round_counter_reg[0]/clk -       -       R     (arrival)            335     -     0     0       0    (-,-) 
  csm_inst_round_counter_reg[0]/q   (u)     clk->q  F     unmapped_d_flop      178 712.0     0   561     561    (-,-) 
  csm_inst_g50736/z                 (u)     in_0->z R     unmapped_complex2     10  40.0     0   228     789    (-,-) 
  csm_inst_g50541/z                 (u)     in_1->z R     unmapped_or2          47 188.0     0   308    1096    (-,-) 
  csm_inst_g49880/z                 (u)     in_0->z R     unmapped_complex2      1   4.0     0   108    1204    (-,-) 
  csm_inst_g49305/z                 (u)     in_1->z F     unmapped_nand2         1   4.0     0   108    1312    (-,-) 
  csm_inst_g48802/z                 (u)     in_1->z F     unmapped_or2           1   4.0     0   108    1420    (-,-) 
  csm_inst_g48613/z                 (u)     in_0->z F     unmapped_or2           1   4.0     0   108    1528    (-,-) 
  csm_inst_g48530/z                 (u)     in_1->z R     unmapped_nand2         1   4.0     0   108    1636    (-,-) 
  csm_inst_g48491/z                 (u)     in_0->z F     unmapped_complex2      2   8.0     0   139    1774    (-,-) 
  csm_inst_g48438/z                 (u)     in_1->z R     unmapped_complex2      1   4.0     0   108    1882    (-,-) 
  csm_inst_g48439/z                 (u)     in_1->z F     unmapped_nand2        16  64.0     0   252    2134    (-,-) 
  csm_inst_g48297/z                 (u)     in_0->z R     unmapped_nand2         3  12.0     0   179    2313    (-,-) 
  csm_inst_g48299/z                 (u)     in_0->z F     unmapped_nand2         5  20.0     0   198    2511    (-,-) 
  csm_inst_g48120/z                 (u)     in_1->z R     unmapped_nand2         2   8.0     0   139    2650    (-,-) 
  csm_inst_g48123/z                 (u)     in_0->z F     unmapped_nand2         1   4.0     0   108    2758    (-,-) 
  csm_inst_g47826/z                 (u)     in_0->z R     unmapped_complex2      1   4.0     0   108    2866    (-,-) 
  csm_inst_g47488/z                 (u)     in_0->z F     unmapped_nand2         1   4.0     0   108    2973    (-,-) 
  csm_inst_g47376/z                 (u)     in_0->z R     unmapped_nand2         1   4.0     0   108    3081    (-,-) 
  csm_inst_g47241/z                 (u)     in_1->z F     unmapped_complex2      2   8.0     0   139    3220    (-,-) 
  csm_inst_g47147/z                 (u)     in_0->z F     unmapped_or2           1   4.0     0   108    3328    (-,-) 
  csm_inst_g47063/z                 (u)     in_1->z R     unmapped_nand2         1   4.0     0   108    3436    (-,-) 
  csm_inst_g47017/z                 (u)     in_1->z R     unmapped_or2           1   4.0     0   108    3544    (-,-) 
  csm_inst_right_reg_reg[16]/d      -       -       R     unmapped_d_flop        1     -     -     0    3544    (-,-) 
#---------------------------------------------------------------------------------------------------------------------

(u) : Net has unmapped pin(s).



Path 9: VIOLATED (-2612 ps) Setup Check with Pin csm_inst_right_reg_reg[7]/clk->d
          Group: C2C
     Startpoint: (R) csm_inst_round_counter_reg[0]/clk
          Clock: (R) clk
       Endpoint: (R) csm_inst_right_reg_reg[7]/d
          Clock: (R) clk

                     Capture       Launch     
        Clock Edge:+    1000            0     
       Src Latency:+       0            0     
       Net Latency:+       0 (I)        0 (I) 
           Arrival:=    1000            0     
                                              
             Setup:-      75                  
     Required Time:=     925                  
      Launch Clock:-       0                  
         Data Path:-    3537                  
             Slack:=   -2612                  

#--------------------------------------------------------------------------------------------------------------------------
#             Timing Point               Flags    Arc    Edge       Cell         Fanout  Load Trans Delay Arrival Instance 
#                                                                                        (fF)  (ps)  (ps)   (ps)  Location 
#--------------------------------------------------------------------------------------------------------------------------
  csm_inst_round_counter_reg[0]/clk      -       -       R     (arrival)            335     -     0     0       0    (-,-) 
  csm_inst_round_counter_reg[0]/q        (u)     clk->q  F     unmapped_d_flop      178 712.0     0   561     561    (-,-) 
  csm_inst_g50748/z                      (u)     in_0->z F     unmapped_or2          10  40.0     0   228     789    (-,-) 
  csm_inst_g50583/z                      (u)     in_1->z F     unmapped_or2          39 156.0     0   296    1085    (-,-) 
  csm_inst_g49784/z                      (u)     in_1->z F     unmapped_complex2      2   8.0     0   139    1224    (-,-) 
  csm_inst_g49383/z                      (u)     in_1->z R     unmapped_nand2         1   4.0     0   108    1332    (-,-) 
  csm_inst_g48702/z                      (u)     in_1->z R     unmapped_complex2      1   4.0     0   108    1440    (-,-) 
  csm_inst_g48563/z                      (u)     in_0->z R     unmapped_or2           1   4.0     0   108    1548    (-,-) 
  csm_inst_g48558/z                      (u)     in_1->z F     unmapped_complex2      1   4.0     0   108    1655    (-,-) 
  csm_inst_g48495/z                      (u)     in_0->z R     unmapped_complex2      2   8.0     0   139    1794    (-,-) 
  csm_inst_g48393/z                      (u)     in_1->z F     unmapped_complex2      1   4.0     0   108    1902    (-,-) 
  csm_inst_g48394/z                      (u)     in_1->z R     unmapped_nand2        12  48.0     0   236    2138    (-,-) 
  csm_inst_f_inst_sbox_inst_sbox5_g101/z (u)     in_1->z F     unmapped_nand2         8  32.0     0   220    2357    (-,-) 
  csm_inst_g48144/z                      (u)     in_0->z F     unmapped_or2           3  12.0     0   179    2536    (-,-) 
  csm_inst_g47698/z                      (u)     in_1->z F     unmapped_or2           1   4.0     0   108    2644    (-,-) 
  csm_inst_g47598/z                      (u)     in_0->z R     unmapped_nand2         1   4.0     0   108    2752    (-,-) 
  csm_inst_g47450/z                      (u)     in_0->z R     unmapped_complex2      1   4.0     0   108    2859    (-,-) 
  csm_inst_g47264/z                      (u)     in_1->z R     unmapped_or2           1   4.0     0   108    2967    (-,-) 
  csm_inst_g47224/z                      (u)     in_1->z R     unmapped_or2           2   8.0     0   139    3106    (-,-) 
  csm_inst_g47138/z                      (u)     in_1->z F     unmapped_complex2      1   4.0     0   108    3214    (-,-) 
  csm_inst_g47139/z                      (u)     in_1->z R     unmapped_nand2         1   4.0     0   108    3322    (-,-) 
  csm_inst_g47049/z                      (u)     in_0->z F     unmapped_complex2      1   4.0     0   108    3429    (-,-) 
  csm_inst_g47031/z                      (u)     in_0->z R     unmapped_complex2      1   4.0     0   108    3537    (-,-) 
  csm_inst_right_reg_reg[7]/d            -       -       R     unmapped_d_flop        1     -     -     0    3537    (-,-) 
#--------------------------------------------------------------------------------------------------------------------------

(u) : Net has unmapped pin(s).



Path 10: VIOLATED (-2611 ps) Setup Check with Pin csm_inst_right_reg_reg[8]/clk->d
          Group: C2C
     Startpoint: (R) csm_inst_round_counter_reg[0]/clk
          Clock: (R) clk
       Endpoint: (R) csm_inst_right_reg_reg[8]/d
          Clock: (R) clk

                     Capture       Launch     
        Clock Edge:+    1000            0     
       Src Latency:+       0            0     
       Net Latency:+       0 (I)        0 (I) 
           Arrival:=    1000            0     
                                              
             Setup:-      75                  
     Required Time:=     925                  
      Launch Clock:-       0                  
         Data Path:-    3536                  
             Slack:=   -2611                  

#--------------------------------------------------------------------------------------------------------------------------
#             Timing Point               Flags    Arc    Edge       Cell         Fanout  Load Trans Delay Arrival Instance 
#                                                                                        (fF)  (ps)  (ps)   (ps)  Location 
#--------------------------------------------------------------------------------------------------------------------------
  csm_inst_round_counter_reg[0]/clk      -       -       R     (arrival)            335     -     0     0       0    (-,-) 
  csm_inst_round_counter_reg[0]/q        (u)     clk->q  R     unmapped_d_flop      178 712.0     0   561     561    (-,-) 
  csm_inst_g50748/z                      (u)     in_0->z R     unmapped_or2          10  40.0     0   228     789    (-,-) 
  csm_inst_g50583/z                      (u)     in_1->z R     unmapped_or2          39 156.0     0   296    1085    (-,-) 
  csm_inst_g50253/z                      (u)     in_1->z R     unmapped_complex2      2   8.0     0   139    1224    (-,-) 
  csm_inst_g49148/z                      (u)     in_1->z F     unmapped_nand2         1   4.0     0   108    1332    (-,-) 
  csm_inst_g48846/z                      (u)     in_0->z F     unmapped_or2           1   4.0     0   108    1440    (-,-) 
  csm_inst_g48617/z                      (u)     in_0->z F     unmapped_or2           1   4.0     0   108    1548    (-,-) 
  csm_inst_g48529/z                      (u)     in_1->z R     unmapped_nand2         1   4.0     0   108    1655    (-,-) 
  csm_inst_g48507/z                      (u)     in_0->z F     unmapped_complex2      2   8.0     0   139    1794    (-,-) 
  csm_inst_g48435/z                      (u)     in_1->z R     unmapped_complex2      1   4.0     0   108    1902    (-,-) 
  csm_inst_g48436/z                      (u)     in_1->z F     unmapped_nand2        18  72.0     0   256    2158    (-,-) 
  csm_inst_f_inst_sbox_inst_sbox3_g311/z (u)     in_1->z F     unmapped_complex2      6  24.0     0   207    2365    (-,-) 
  csm_inst_g48188/z                      (u)     in_0->z F     unmapped_or2           2   8.0     0   139    2504    (-,-) 
  csm_inst_g47820/z                      (u)     in_0->z F     unmapped_complex2      2   8.0     0   139    2643    (-,-) 
  csm_inst_g47550/z                      (u)     in_0->z F     unmapped_complex2      1   4.0     0   108    2750    (-,-) 
  csm_inst_g47294/z                      (u)     in_1->z R     unmapped_nand2         1   4.0     0   108    2858    (-,-) 
  csm_inst_g47221/z                      (u)     in_1->z R     unmapped_or2           1   4.0     0   108    2966    (-,-) 
  csm_inst_g47125/z                      (u)     in_1->z R     unmapped_or2           2   8.0     0   139    3105    (-,-) 
  csm_inst_g47065/z                      (u)     in_1->z F     unmapped_complex2      1   4.0     0   108    3213    (-,-) 
  csm_inst_g47066/z                      (u)     in_1->z R     unmapped_nand2         1   4.0     0   108    3320    (-,-) 
  csm_inst_g47026/z                      (u)     in_0->z F     unmapped_complex2      1   4.0     0   108    3428    (-,-) 
  csm_inst_g47011/z                      (u)     in_0->z R     unmapped_complex2      1   4.0     0   108    3536    (-,-) 
  csm_inst_right_reg_reg[8]/d            -       -       R     unmapped_d_flop        1     -     -     0    3536    (-,-) 
#--------------------------------------------------------------------------------------------------------------------------

(u) : Net has unmapped pin(s).



Path 11: VIOLATED (-2610 ps) Setup Check with Pin csm_inst_right_reg_reg[0]/clk->d
          Group: C2C
     Startpoint: (R) csm_inst_round_counter_reg[0]/clk
          Clock: (R) clk
       Endpoint: (R) csm_inst_right_reg_reg[0]/d
          Clock: (R) clk

                     Capture       Launch     
        Clock Edge:+    1000            0     
       Src Latency:+       0            0     
       Net Latency:+       0 (I)        0 (I) 
           Arrival:=    1000            0     
                                              
             Setup:-      75                  
     Required Time:=     925                  
      Launch Clock:-       0                  
         Data Path:-    3535                  
             Slack:=   -2610                  

#---------------------------------------------------------------------------------------------------------------------
#           Timing Point            Flags    Arc    Edge       Cell         Fanout  Load Trans Delay Arrival Instance 
#                                                                                   (fF)  (ps)  (ps)   (ps)  Location 
#---------------------------------------------------------------------------------------------------------------------
  csm_inst_round_counter_reg[0]/clk -       -       R     (arrival)            335     -     0     0       0    (-,-) 
  csm_inst_round_counter_reg[0]/q   (u)     clk->q  F     unmapped_d_flop      178 712.0     0   561     561    (-,-) 
  csm_inst_g50748/z                 (u)     in_0->z F     unmapped_or2          10  40.0     0   228     789    (-,-) 
  csm_inst_g50583/z                 (u)     in_1->z F     unmapped_or2          39 156.0     0   296    1085    (-,-) 
  csm_inst_g49609/z                 (u)     in_1->z F     unmapped_complex2      2   8.0     0   139    1224    (-,-) 
  csm_inst_g49442/z                 (u)     in_1->z R     unmapped_nand2         1   4.0     0   108    1332    (-,-) 
  csm_inst_g48891/z                 (u)     in_1->z R     unmapped_or2           1   4.0     0   108    1440    (-,-) 
  csm_inst_g48584/z                 (u)     in_0->z R     unmapped_or2           1   4.0     0   108    1548    (-,-) 
  csm_inst_g48546/z                 (u)     in_1->z F     unmapped_nand2         1   4.0     0   108    1655    (-,-) 
  csm_inst_g48468/z                 (u)     in_0->z R     unmapped_complex2      2   8.0     0   139    1794    (-,-) 
  csm_inst_g48453/z                 (u)     in_1->z F     unmapped_complex2      1   4.0     0   108    1902    (-,-) 
  csm_inst_g48454/z                 (u)     in_1->z R     unmapped_nand2        13  52.0     0   240    2142    (-,-) 
  csm_inst_g48201/z                 (u)     in_1->z F     unmapped_nand2         7  28.0     0   213    2355    (-,-) 
  csm_inst_g48039/z                 (u)     in_0->z F     unmapped_or2           3  12.0     0   179    2534    (-,-) 
  csm_inst_g47674/z                 (u)     in_0->z R     unmapped_nand2         1   4.0     0   108    2641    (-,-) 
  csm_inst_g47624/z                 (u)     in_0->z F     unmapped_nand2         1   4.0     0   108    2749    (-,-) 
  csm_inst_g47374/z                 (u)     in_0->z R     unmapped_complex2      1   4.0     0   108    2857    (-,-) 
  csm_inst_g47301/z                 (u)     in_0->z R     unmapped_complex2      1   4.0     0   108    2965    (-,-) 
  csm_inst_g47208/z                 (u)     in_1->z R     unmapped_or2           2   8.0     0   139    3104    (-,-) 
  csm_inst_g47104/z                 (u)     in_1->z F     unmapped_complex2      1   4.0     0   108    3211    (-,-) 
  csm_inst_g47105/z                 (u)     in_1->z R     unmapped_nand2         1   4.0     0   108    3319    (-,-) 
  csm_inst_g47051/z                 (u)     in_0->z F     unmapped_complex2      1   4.0     0   108    3427    (-,-) 
  csm_inst_g47030/z                 (u)     in_0->z R     unmapped_complex2      1   4.0     0   108    3535    (-,-) 
  csm_inst_right_reg_reg[0]/d       -       -       R     unmapped_d_flop        1     -     -     0    3535    (-,-) 
#---------------------------------------------------------------------------------------------------------------------

(u) : Net has unmapped pin(s).



Path 12: VIOLATED (-2598 ps) Setup Check with Pin csm_inst_right_reg_reg[3]/clk->d
          Group: C2C
     Startpoint: (R) csm_inst_round_counter_reg[0]/clk
          Clock: (R) clk
       Endpoint: (R) csm_inst_right_reg_reg[3]/d
          Clock: (R) clk

                     Capture       Launch     
        Clock Edge:+    1000            0     
       Src Latency:+       0            0     
       Net Latency:+       0 (I)        0 (I) 
           Arrival:=    1000            0     
                                              
             Setup:-      75                  
     Required Time:=     925                  
      Launch Clock:-       0                  
         Data Path:-    3522                  
             Slack:=   -2598                  

#---------------------------------------------------------------------------------------------------------------------
#           Timing Point            Flags    Arc    Edge       Cell         Fanout  Load Trans Delay Arrival Instance 
#                                                                                   (fF)  (ps)  (ps)   (ps)  Location 
#---------------------------------------------------------------------------------------------------------------------
  csm_inst_round_counter_reg[0]/clk -       -       R     (arrival)            335     -     0     0       0    (-,-) 
  csm_inst_round_counter_reg[0]/q   (u)     clk->q  F     unmapped_d_flop      178 712.0     0   561     561    (-,-) 
  csm_inst_g50748/z                 (u)     in_0->z F     unmapped_or2          10  40.0     0   228     789    (-,-) 
  csm_inst_g50583/z                 (u)     in_1->z F     unmapped_or2          39 156.0     0   296    1085    (-,-) 
  csm_inst_g49864/z                 (u)     in_1->z F     unmapped_complex2      2   8.0     0   139    1224    (-,-) 
  csm_inst_g49260/z                 (u)     in_1->z R     unmapped_nand2         1   4.0     0   108    1332    (-,-) 
  csm_inst_g48654/z                 (u)     in_1->z R     unmapped_complex2      1   4.0     0   108    1440    (-,-) 
  csm_inst_g48649/z                 (u)     in_1->z R     unmapped_or2           1   4.0     0   108    1548    (-,-) 
  csm_inst_g48516/z                 (u)     in_1->z F     unmapped_nand2         1   4.0     0   108    1655    (-,-) 
  csm_inst_g48477/z                 (u)     in_0->z R     unmapped_complex2      2   8.0     0   139    1794    (-,-) 
  csm_inst_g48420/z                 (u)     in_1->z F     unmapped_complex2      1   4.0     0   108    1902    (-,-) 
  csm_inst_g48421/z                 (u)     in_1->z R     unmapped_nand2        26 104.0     0   274    2176    (-,-) 
  csm_inst_g20438/z                 (u)     in_1->z F     unmapped_nand2         6  24.0     0   207    2382    (-,-) 
  csm_inst_g47953/z                 (u)     in_0->z R     unmapped_nand2         2   8.0     0   139    2521    (-,-) 
  csm_inst_g47808/z                 (u)     in_1->z F     unmapped_complex2      1   4.0     0   108    2629    (-,-) 
  csm_inst_g47507/z                 (u)     in_0->z R     unmapped_nand2         1   4.0     0   108    2737    (-,-) 
  csm_inst_g47417/z                 (u)     in_0->z R     unmapped_or2           1   4.0     0   108    2844    (-,-) 
  csm_inst_g47323/z                 (u)     in_0->z R     unmapped_or2           1   4.0     0   108    2952    (-,-) 
  csm_inst_g47237/z                 (u)     in_0->z R     unmapped_or2           2   8.0     0   139    3091    (-,-) 
  csm_inst_g47097/z                 (u)     in_1->z F     unmapped_complex2      1   4.0     0   108    3199    (-,-) 
  csm_inst_g47098/z                 (u)     in_1->z R     unmapped_nand2         1   4.0     0   108    3307    (-,-) 
  csm_inst_g47061/z                 (u)     in_0->z F     unmapped_complex2      1   4.0     0   108    3414    (-,-) 
  csm_inst_g47040/z                 (u)     in_0->z R     unmapped_complex2      1   4.0     0   108    3522    (-,-) 
  csm_inst_right_reg_reg[3]/d       -       -       R     unmapped_d_flop        1     -     -     0    3522    (-,-) 
#---------------------------------------------------------------------------------------------------------------------

(u) : Net has unmapped pin(s).



Path 13: VIOLATED (-2593 ps) Setup Check with Pin csm_inst_right_reg_reg[12]/clk->d
          Group: C2C
     Startpoint: (R) csm_inst_round_counter_reg[0]/clk
          Clock: (R) clk
       Endpoint: (R) csm_inst_right_reg_reg[12]/d
          Clock: (R) clk

                     Capture       Launch     
        Clock Edge:+    1000            0     
       Src Latency:+       0            0     
       Net Latency:+       0 (I)        0 (I) 
           Arrival:=    1000            0     
                                              
             Setup:-      75                  
     Required Time:=     925                  
      Launch Clock:-       0                  
         Data Path:-    3518                  
             Slack:=   -2593                  

#--------------------------------------------------------------------------------------------------------------------------
#             Timing Point               Flags    Arc    Edge       Cell         Fanout  Load Trans Delay Arrival Instance 
#                                                                                        (fF)  (ps)  (ps)   (ps)  Location 
#--------------------------------------------------------------------------------------------------------------------------
  csm_inst_round_counter_reg[0]/clk      -       -       R     (arrival)            335     -     0     0       0    (-,-) 
  csm_inst_round_counter_reg[0]/q        (u)     clk->q  F     unmapped_d_flop      178 712.0     0   561     561    (-,-) 
  csm_inst_g50748/z                      (u)     in_0->z F     unmapped_or2          10  40.0     0   228     789    (-,-) 
  csm_inst_g50583/z                      (u)     in_1->z F     unmapped_or2          39 156.0     0   296    1085    (-,-) 
  csm_inst_g50206/z                      (u)     in_0->z F     unmapped_complex2      2   8.0     0   139    1224    (-,-) 
  csm_inst_g49278/z                      (u)     in_1->z R     unmapped_nand2         1   4.0     0   108    1332    (-,-) 
  csm_inst_g48663/z                      (u)     in_1->z R     unmapped_complex2      1   4.0     0   108    1440    (-,-) 
  csm_inst_g48632/z                      (u)     in_0->z R     unmapped_or2           1   4.0     0   108    1548    (-,-) 
  csm_inst_g48519/z                      (u)     in_1->z F     unmapped_nand2         1   4.0     0   108    1655    (-,-) 
  csm_inst_g48497/z                      (u)     in_0->z R     unmapped_complex2      2   8.0     0   139    1794    (-,-) 
  csm_inst_g48360/z                      (u)     in_1->z F     unmapped_complex2      1   4.0     0   108    1902    (-,-) 
  csm_inst_g48361/z                      (u)     in_1->z R     unmapped_nand2         8  32.0     0   220    2122    (-,-) 
  csm_inst_g6876/z                       (u)     in_0->z F     unmapped_complex2      6  24.0     0   207    2328    (-,-) 
  csm_inst_f_inst_sbox_inst_sbox4_g581/z (u)     in_1->z R     unmapped_nand2         4  16.0     0   189    2517    (-,-) 
  csm_inst_g47726/z                      (u)     in_0->z F     unmapped_complex2      1   4.0     0   108    2625    (-,-) 
  csm_inst_g47574/z                      (u)     in_1->z R     unmapped_nand2         1   4.0     0   108    2732    (-,-) 
  csm_inst_g47442/z                      (u)     in_1->z R     unmapped_or2           1   4.0     0   108    2840    (-,-) 
  csm_inst_g47281/z                      (u)     in_1->z R     unmapped_or2           1   4.0     0   108    2948    (-,-) 
  csm_inst_g47242/z                      (u)     in_1->z R     unmapped_or2           2   8.0     0   139    3087    (-,-) 
  csm_inst_g47114/z                      (u)     in_1->z F     unmapped_complex2      1   4.0     0   108    3195    (-,-) 
  csm_inst_g47115/z                      (u)     in_1->z R     unmapped_nand2         1   4.0     0   108    3302    (-,-) 
  csm_inst_g47050/z                      (u)     in_0->z F     unmapped_complex2      1   4.0     0   108    3410    (-,-) 
  csm_inst_g47037/z                      (u)     in_0->z R     unmapped_complex2      1   4.0     0   108    3518    (-,-) 
  csm_inst_right_reg_reg[12]/d           -       -       R     unmapped_d_flop        1     -     -     0    3518    (-,-) 
#--------------------------------------------------------------------------------------------------------------------------

(u) : Net has unmapped pin(s).



Path 14: VIOLATED (-2589 ps) Setup Check with Pin csm_inst_right_reg_reg[23]/clk->d
          Group: C2C
     Startpoint: (R) csm_inst_round_counter_reg[0]/clk
          Clock: (R) clk
       Endpoint: (R) csm_inst_right_reg_reg[23]/d
          Clock: (R) clk

                     Capture       Launch     
        Clock Edge:+    1000            0     
       Src Latency:+       0            0     
       Net Latency:+       0 (I)        0 (I) 
           Arrival:=    1000            0     
                                              
             Setup:-      75                  
     Required Time:=     925                  
      Launch Clock:-       0                  
         Data Path:-    3514                  
             Slack:=   -2589                  

#---------------------------------------------------------------------------------------------------------------------
#           Timing Point            Flags    Arc    Edge       Cell         Fanout  Load Trans Delay Arrival Instance 
#                                                                                   (fF)  (ps)  (ps)   (ps)  Location 
#---------------------------------------------------------------------------------------------------------------------
  csm_inst_round_counter_reg[0]/clk -       -       R     (arrival)            335     -     0     0       0    (-,-) 
  csm_inst_round_counter_reg[0]/q   (u)     clk->q  F     unmapped_d_flop      178 712.0     0   561     561    (-,-) 
  csm_inst_g50736/z                 (u)     in_0->z R     unmapped_complex2     10  40.0     0   228     789    (-,-) 
  csm_inst_g50541/z                 (u)     in_1->z R     unmapped_or2          47 188.0     0   308    1096    (-,-) 
  csm_inst_g49878/z                 (u)     in_1->z R     unmapped_complex2      1   4.0     0   108    1204    (-,-) 
  csm_inst_g49306/z                 (u)     in_1->z F     unmapped_nand2         1   4.0     0   108    1312    (-,-) 
  csm_inst_g48672/z                 (u)     in_1->z F     unmapped_complex2      1   4.0     0   108    1420    (-,-) 
  csm_inst_g48583/z                 (u)     in_1->z F     unmapped_or2           1   4.0     0   108    1528    (-,-) 
  csm_inst_g48545/z                 (u)     in_1->z R     unmapped_nand2         1   4.0     0   108    1636    (-,-) 
  csm_inst_g48506/z                 (u)     in_0->z F     unmapped_complex2      2   8.0     0   139    1774    (-,-) 
  csm_inst_g48408/z                 (u)     in_1->z R     unmapped_complex2      1   4.0     0   108    1882    (-,-) 
  csm_inst_g48409/z                 (u)     in_1->z F     unmapped_nand2        12  48.0     0   236    2118    (-,-) 
  csm_inst_g48267/z                 (u)     in_0->z F     unmapped_complex2      1   4.0     0   108    2226    (-,-) 
  csm_inst_g48268/z                 (u)     in_1->z R     unmapped_nand2         3  12.0     0   179    2404    (-,-) 
  csm_inst_g47659/z                 (u)     in_1->z F     unmapped_complex2      1   4.0     0   108    2512    (-,-) 
  csm_inst_g47635/z                 (u)     in_0->z R     unmapped_nand2         1   4.0     0   108    2620    (-,-) 
  csm_inst_g47369/z                 (u)     in_0->z R     unmapped_complex2      1   4.0     0   108    2728    (-,-) 
  csm_inst_g47298/z                 (u)     in_0->z R     unmapped_or2           1   4.0     0   108    2836    (-,-) 
  csm_inst_g47220/z                 (u)     in_1->z R     unmapped_or2           1   4.0     0   108    2943    (-,-) 
  csm_inst_g47109/z                 (u)     in_1->z R     unmapped_or2           2   8.0     0   139    3082    (-,-) 
  csm_inst_g47079/z                 (u)     in_1->z F     unmapped_complex2      1   4.0     0   108    3190    (-,-) 
  csm_inst_g47080/z                 (u)     in_1->z R     unmapped_nand2         1   4.0     0   108    3298    (-,-) 
  csm_inst_g47022/z                 (u)     in_0->z F     unmapped_complex2      1   4.0     0   108    3406    (-,-) 
  csm_inst_g47009/z                 (u)     in_0->z R     unmapped_complex2      1   4.0     0   108    3514    (-,-) 
  csm_inst_right_reg_reg[23]/d      -       -       R     unmapped_d_flop        1     -     -     0    3514    (-,-) 
#---------------------------------------------------------------------------------------------------------------------

(u) : Net has unmapped pin(s).



Path 15: VIOLATED (-2583 ps) Setup Check with Pin csm_inst_right_reg_reg[6]/clk->d
          Group: C2C
     Startpoint: (R) csm_inst_round_counter_reg[0]/clk
          Clock: (R) clk
       Endpoint: (R) csm_inst_right_reg_reg[6]/d
          Clock: (R) clk

                     Capture       Launch     
        Clock Edge:+    1000            0     
       Src Latency:+       0            0     
       Net Latency:+       0 (I)        0 (I) 
           Arrival:=    1000            0     
                                              
             Setup:-      75                  
     Required Time:=     925                  
      Launch Clock:-       0                  
         Data Path:-    3508                  
             Slack:=   -2583                  

#---------------------------------------------------------------------------------------------------------------------
#           Timing Point            Flags    Arc    Edge       Cell         Fanout  Load Trans Delay Arrival Instance 
#                                                                                   (fF)  (ps)  (ps)   (ps)  Location 
#---------------------------------------------------------------------------------------------------------------------
  csm_inst_round_counter_reg[0]/clk -       -       R     (arrival)            335     -     0     0       0    (-,-) 
  csm_inst_round_counter_reg[0]/q   (u)     clk->q  F     unmapped_d_flop      178 712.0     0   561     561    (-,-) 
  csm_inst_g50748/z                 (u)     in_0->z F     unmapped_or2          10  40.0     0   228     789    (-,-) 
  csm_inst_g50583/z                 (u)     in_1->z F     unmapped_or2          39 156.0     0   296    1085    (-,-) 
  csm_inst_g50206/z                 (u)     in_0->z F     unmapped_complex2      2   8.0     0   139    1224    (-,-) 
  csm_inst_g49278/z                 (u)     in_1->z R     unmapped_nand2         1   4.0     0   108    1332    (-,-) 
  csm_inst_g48663/z                 (u)     in_1->z R     unmapped_complex2      1   4.0     0   108    1440    (-,-) 
  csm_inst_g48632/z                 (u)     in_0->z R     unmapped_or2           1   4.0     0   108    1548    (-,-) 
  csm_inst_g48519/z                 (u)     in_1->z F     unmapped_nand2         1   4.0     0   108    1655    (-,-) 
  csm_inst_g48497/z                 (u)     in_0->z R     unmapped_complex2      2   8.0     0   139    1794    (-,-) 
  csm_inst_g48360/z                 (u)     in_1->z F     unmapped_complex2      1   4.0     0   108    1902    (-,-) 
  csm_inst_g48361/z                 (u)     in_1->z R     unmapped_nand2         8  32.0     0   220    2122    (-,-) 
  csm_inst_g6876/z                  (u)     in_0->z F     unmapped_complex2      6  24.0     0   207    2328    (-,-) 
  csm_inst_g48135/z                 (u)     in_0->z F     unmapped_complex2      3  12.0     0   179    2507    (-,-) 
  csm_inst_g47695/z                 (u)     in_1->z R     unmapped_nand2         1   4.0     0   108    2615    (-,-) 
  csm_inst_g47604/z                 (u)     in_0->z F     unmapped_complex2      1   4.0     0   108    2722    (-,-) 
  csm_inst_g47378/z                 (u)     in_1->z R     unmapped_complex2      1   4.0     0   108    2830    (-,-) 
  csm_inst_g33990/z                 (u)     in_1->z R     unmapped_or2           1   4.0     0   108    2938    (-,-) 
  csm_inst_g33991/z                 (u)     in_0->z R     unmapped_or2           2   8.0     0   139    3077    (-,-) 
  csm_inst_g47091/z                 (u)     in_1->z F     unmapped_complex2      1   4.0     0   108    3185    (-,-) 
  csm_inst_g47092/z                 (u)     in_1->z R     unmapped_nand2         1   4.0     0   108    3292    (-,-) 
  csm_inst_g47088/z                 (u)     in_0->z F     unmapped_complex2      1   4.0     0   108    3400    (-,-) 
  csm_inst_g47036/z                 (u)     in_0->z R     unmapped_complex2      1   4.0     0   108    3508    (-,-) 
  csm_inst_right_reg_reg[6]/d       -       -       R     unmapped_d_flop        1     -     -     0    3508    (-,-) 
#---------------------------------------------------------------------------------------------------------------------

(u) : Net has unmapped pin(s).



Path 16: VIOLATED (-2581 ps) Setup Check with Pin csm_inst_right_reg_reg[13]/clk->d
          Group: C2C
     Startpoint: (R) csm_inst_round_counter_reg[0]/clk
          Clock: (R) clk
       Endpoint: (R) csm_inst_right_reg_reg[13]/d
          Clock: (R) clk

                     Capture       Launch     
        Clock Edge:+    1000            0     
       Src Latency:+       0            0     
       Net Latency:+       0 (I)        0 (I) 
           Arrival:=    1000            0     
                                              
             Setup:-      75                  
     Required Time:=     925                  
      Launch Clock:-       0                  
         Data Path:-    3506                  
             Slack:=   -2581                  

#--------------------------------------------------------------------------------------------------------------------------
#             Timing Point               Flags    Arc    Edge       Cell         Fanout  Load Trans Delay Arrival Instance 
#                                                                                        (fF)  (ps)  (ps)   (ps)  Location 
#--------------------------------------------------------------------------------------------------------------------------
  csm_inst_round_counter_reg[0]/clk      -       -       R     (arrival)            335     -     0     0       0    (-,-) 
  csm_inst_round_counter_reg[0]/q        (u)     clk->q  R     unmapped_d_flop      178 712.0     0   561     561    (-,-) 
  csm_inst_g50748/z                      (u)     in_0->z R     unmapped_or2          10  40.0     0   228     789    (-,-) 
  csm_inst_g50583/z                      (u)     in_1->z R     unmapped_or2          39 156.0     0   296    1085    (-,-) 
  csm_inst_g49609/z                      (u)     in_1->z R     unmapped_complex2      2   8.0     0   139    1224    (-,-) 
  csm_inst_g49527/z                      (u)     in_1->z F     unmapped_nand2         1   4.0     0   108    1332    (-,-) 
  csm_inst_g48753/z                      (u)     in_1->z F     unmapped_complex2      1   4.0     0   108    1440    (-,-) 
  csm_inst_g48630/z                      (u)     in_1->z F     unmapped_or2           1   4.0     0   108    1548    (-,-) 
  csm_inst_g48521/z                      (u)     in_1->z R     unmapped_complex2      1   4.0     0   108    1655    (-,-) 
  csm_inst_g48489/z                      (u)     in_0->z F     unmapped_complex2      2   8.0     0   139    1794    (-,-) 
  csm_inst_g48444/z                      (u)     in_1->z R     unmapped_complex2      1   4.0     0   108    1902    (-,-) 
  csm_inst_g48445/z                      (u)     in_1->z F     unmapped_nand2        14  56.0     0   244    2146    (-,-) 
  csm_inst_f_inst_sbox_inst_sbox6_g239/z (u)     in_1->z F     unmapped_or2           8  32.0     0   220    2365    (-,-) 
  csm_inst_g47933/z                      (u)     in_0->z F     unmapped_complex2      1   4.0     0   108    2473    (-,-) 
  csm_inst_g47832/z                      (u)     in_0->z F     unmapped_complex2      2   8.0     0   139    2612    (-,-) 
  csm_inst_g47480/z                      (u)     in_1->z R     unmapped_nand2         1   4.0     0   108    2720    (-,-) 
  csm_inst_g47367/z                      (u)     in_0->z F     unmapped_nand2         1   4.0     0   108    2828    (-,-) 
  csm_inst_g47270/z                      (u)     in_0->z R     unmapped_complex2      1   4.0     0   108    2935    (-,-) 
  csm_inst_g47218/z                      (u)     in_0->z R     unmapped_or2           2   8.0     0   139    3074    (-,-) 
  csm_inst_g47120/z                      (u)     in_1->z F     unmapped_complex2      1   4.0     0   108    3182    (-,-) 
  csm_inst_g47121/z                      (u)     in_1->z R     unmapped_nand2         1   4.0     0   108    3290    (-,-) 
  csm_inst_g47086/z                      (u)     in_0->z F     unmapped_complex2      1   4.0     0   108    3398    (-,-) 
  csm_inst_g47039/z                      (u)     in_0->z R     unmapped_complex2      1   4.0     0   108    3506    (-,-) 
  csm_inst_right_reg_reg[13]/d           -       -       R     unmapped_d_flop        1     -     -     0    3506    (-,-) 
#--------------------------------------------------------------------------------------------------------------------------

(u) : Net has unmapped pin(s).



Path 17: VIOLATED (-2558 ps) Setup Check with Pin csm_inst_right_reg_reg[11]/clk->d
          Group: C2C
     Startpoint: (R) csm_inst_round_counter_reg[0]/clk
          Clock: (R) clk
       Endpoint: (R) csm_inst_right_reg_reg[11]/d
          Clock: (R) clk

                     Capture       Launch     
        Clock Edge:+    1000            0     
       Src Latency:+       0            0     
       Net Latency:+       0 (I)        0 (I) 
           Arrival:=    1000            0     
                                              
             Setup:-      75                  
     Required Time:=     925                  
      Launch Clock:-       0                  
         Data Path:-    3483                  
             Slack:=   -2558                  

#---------------------------------------------------------------------------------------------------------------------
#           Timing Point            Flags    Arc    Edge       Cell         Fanout  Load Trans Delay Arrival Instance 
#                                                                                   (fF)  (ps)  (ps)   (ps)  Location 
#---------------------------------------------------------------------------------------------------------------------
  csm_inst_round_counter_reg[0]/clk -       -       R     (arrival)            335     -     0     0       0    (-,-) 
  csm_inst_round_counter_reg[0]/q   (u)     clk->q  F     unmapped_d_flop      178 712.0     0   561     561    (-,-) 
  csm_inst_g50748/z                 (u)     in_0->z F     unmapped_or2          10  40.0     0   228     789    (-,-) 
  csm_inst_g50583/z                 (u)     in_1->z F     unmapped_or2          39 156.0     0   296    1085    (-,-) 
  csm_inst_g49646/z                 (u)     in_1->z F     unmapped_complex2      2   8.0     0   139    1224    (-,-) 
  csm_inst_g49251/z                 (u)     in_1->z R     unmapped_nand2         1   4.0     0   108    1332    (-,-) 
  csm_inst_g49012/z                 (u)     in_0->z R     unmapped_or2           1   4.0     0   108    1440    (-,-) 
  csm_inst_g48627/z                 (u)     in_0->z R     unmapped_or2           1   4.0     0   108    1548    (-,-) 
  csm_inst_g48528/z                 (u)     in_1->z F     unmapped_complex2      1   4.0     0   108    1655    (-,-) 
  csm_inst_g48509/z                 (u)     in_0->z R     unmapped_complex2      2   8.0     0   139    1794    (-,-) 
  csm_inst_g48441/z                 (u)     in_1->z F     unmapped_complex2      1   4.0     0   108    1902    (-,-) 
  csm_inst_g48442/z                 (u)     in_1->z R     unmapped_nand2        16  64.0     0   252    2154    (-,-) 
  csm_inst_g26774/z                 (u)     in_1->z R     unmapped_complex2      4  16.0     0   189    2343    (-,-) 
  csm_inst_g28295/z                 (u)     in_0->z R     unmapped_or2           2   8.0     0   139    2482    (-,-) 
  csm_inst_g47757/z                 (u)     in_0->z R     unmapped_complex2      1   4.0     0   108    2589    (-,-) 
  csm_inst_g47554/z                 (u)     in_0->z F     unmapped_nand2         1   4.0     0   108    2697    (-,-) 
  csm_inst_g47398/z                 (u)     in_0->z R     unmapped_nand2         1   4.0     0   108    2805    (-,-) 
  csm_inst_g47293/z                 (u)     in_0->z F     unmapped_nand2         1   4.0     0   108    2913    (-,-) 
  csm_inst_g47243/z                 (u)     in_0->z F     unmapped_complex2      2   8.0     0   139    3052    (-,-) 
  csm_inst_g47136/z                 (u)     in_0->z F     unmapped_complex2      1   4.0     0   108    3159    (-,-) 
  csm_inst_g47059/z                 (u)     in_1->z F     unmapped_or2           1   4.0     0   108    3267    (-,-) 
  csm_inst_g47045/z                 (u)     in_0->z R     unmapped_complex2      1   4.0     0   108    3375    (-,-) 
  csm_inst_g47012/z                 (u)     in_1->z R     unmapped_or2           1   4.0     0   108    3483    (-,-) 
  csm_inst_right_reg_reg[11]/d      -       -       R     unmapped_d_flop        1     -     -     0    3483    (-,-) 
#---------------------------------------------------------------------------------------------------------------------

(u) : Net has unmapped pin(s).



Path 18: VIOLATED (-2543 ps) Setup Check with Pin csm_inst_right_reg_reg[26]/clk->d
          Group: C2C
     Startpoint: (R) csm_inst_round_counter_reg[0]/clk
          Clock: (R) clk
       Endpoint: (R) csm_inst_right_reg_reg[26]/d
          Clock: (R) clk

                     Capture       Launch     
        Clock Edge:+    1000            0     
       Src Latency:+       0            0     
       Net Latency:+       0 (I)        0 (I) 
           Arrival:=    1000            0     
                                              
             Setup:-      75                  
     Required Time:=     925                  
      Launch Clock:-       0                  
         Data Path:-    3468                  
             Slack:=   -2543                  

#--------------------------------------------------------------------------------------------------------------------------
#             Timing Point               Flags    Arc    Edge       Cell         Fanout  Load Trans Delay Arrival Instance 
#                                                                                        (fF)  (ps)  (ps)   (ps)  Location 
#--------------------------------------------------------------------------------------------------------------------------
  csm_inst_round_counter_reg[0]/clk      -       -       R     (arrival)            335     -     0     0       0    (-,-) 
  csm_inst_round_counter_reg[0]/q        (u)     clk->q  F     unmapped_d_flop      178 712.0     0   561     561    (-,-) 
  csm_inst_g50748/z                      (u)     in_0->z F     unmapped_or2          10  40.0     0   228     789    (-,-) 
  csm_inst_g50583/z                      (u)     in_1->z F     unmapped_or2          39 156.0     0   296    1085    (-,-) 
  csm_inst_g50253/z                      (u)     in_1->z F     unmapped_complex2      2   8.0     0   139    1224    (-,-) 
  csm_inst_g49148/z                      (u)     in_1->z R     unmapped_nand2         1   4.0     0   108    1332    (-,-) 
  csm_inst_g48846/z                      (u)     in_0->z R     unmapped_or2           1   4.0     0   108    1440    (-,-) 
  csm_inst_g48617/z                      (u)     in_0->z R     unmapped_or2           1   4.0     0   108    1548    (-,-) 
  csm_inst_g48529/z                      (u)     in_1->z F     unmapped_nand2         1   4.0     0   108    1655    (-,-) 
  csm_inst_g48507/z                      (u)     in_0->z R     unmapped_complex2      2   8.0     0   139    1794    (-,-) 
  csm_inst_g48435/z                      (u)     in_1->z F     unmapped_complex2      1   4.0     0   108    1902    (-,-) 
  csm_inst_g48436/z                      (u)     in_1->z R     unmapped_nand2        18  72.0     0   256    2158    (-,-) 
  csm_inst_f_inst_sbox_inst_sbox3_g311/z (u)     in_1->z R     unmapped_complex2      6  24.0     0   207    2365    (-,-) 
  csm_inst_g48188/z                      (u)     in_0->z R     unmapped_or2           2   8.0     0   139    2504    (-,-) 
  csm_inst_g47682/z                      (u)     in_0->z R     unmapped_or2           3  12.0     0   179    2682    (-,-) 
  csm_inst_g47607/z                      (u)     in_0->z F     unmapped_nand2         1   4.0     0   108    2790    (-,-) 
  csm_inst_g47348/z                      (u)     in_0->z R     unmapped_complex2      1   4.0     0   108    2898    (-,-) 
  csm_inst_g47251/z                      (u)     in_1->z F     unmapped_nand2         2   8.0     0   139    3037    (-,-) 
  csm_inst_g47135/z                      (u)     in_1->z F     unmapped_or2           1   4.0     0   108    3145    (-,-) 
  csm_inst_g47069/z                      (u)     in_1->z F     unmapped_or2           1   4.0     0   108    3252    (-,-) 
  csm_inst_g47043/z                      (u)     in_0->z R     unmapped_complex2      1   4.0     0   108    3360    (-,-) 
  csm_inst_g47014/z                      (u)     in_1->z R     unmapped_or2           1   4.0     0   108    3468    (-,-) 
  csm_inst_right_reg_reg[26]/d           -       -       R     unmapped_d_flop        1     -     -     0    3468    (-,-) 
#--------------------------------------------------------------------------------------------------------------------------

(u) : Net has unmapped pin(s).



Path 19: VIOLATED (-2532 ps) Setup Check with Pin csm_inst_right_reg_reg[31]/clk->d
          Group: C2C
     Startpoint: (R) csm_inst_round_counter_reg[0]/clk
          Clock: (R) clk
       Endpoint: (R) csm_inst_right_reg_reg[31]/d
          Clock: (R) clk

                     Capture       Launch     
        Clock Edge:+    1000            0     
       Src Latency:+       0            0     
       Net Latency:+       0 (I)        0 (I) 
           Arrival:=    1000            0     
                                              
             Setup:-      75                  
     Required Time:=     925                  
      Launch Clock:-       0                  
         Data Path:-    3456                  
             Slack:=   -2532                  

#---------------------------------------------------------------------------------------------------------------------
#           Timing Point            Flags    Arc    Edge       Cell         Fanout  Load Trans Delay Arrival Instance 
#                                                                                   (fF)  (ps)  (ps)   (ps)  Location 
#---------------------------------------------------------------------------------------------------------------------
  csm_inst_round_counter_reg[0]/clk -       -       R     (arrival)            335     -     0     0       0    (-,-) 
  csm_inst_round_counter_reg[0]/q   (u)     clk->q  R     unmapped_d_flop      178 712.0     0   561     561    (-,-) 
  csm_inst_g50736/z                 (u)     in_0->z F     unmapped_complex2     10  40.0     0   228     789    (-,-) 
  csm_inst_g50541/z                 (u)     in_1->z F     unmapped_or2          47 188.0     0   308    1096    (-,-) 
  csm_inst_g50012/z                 (u)     in_1->z F     unmapped_complex2      1   4.0     0   108    1204    (-,-) 
  csm_inst_g49190/z                 (u)     in_1->z R     unmapped_nand2         1   4.0     0   108    1312    (-,-) 
  csm_inst_g48726/z                 (u)     in_1->z R     unmapped_complex2      1   4.0     0   108    1420    (-,-) 
  csm_inst_g48598/z                 (u)     in_1->z R     unmapped_or2           1   4.0     0   108    1528    (-,-) 
  csm_inst_g48541/z                 (u)     in_1->z F     unmapped_nand2         1   4.0     0   108    1636    (-,-) 
  csm_inst_g48484/z                 (u)     in_0->z R     unmapped_complex2      2   8.0     0   139    1774    (-,-) 
  csm_inst_g48432/z                 (u)     in_1->z F     unmapped_complex2      1   4.0     0   108    1882    (-,-) 
  csm_inst_g48433/z                 (u)     in_1->z R     unmapped_nand2        12  48.0     0   236    2118    (-,-) 
  csm_inst_g48238/z                 (u)     in_1->z R     unmapped_complex2      2   8.0     0   139    2257    (-,-) 
  csm_inst_g48239/z                 (u)     in_1->z F     unmapped_nand2         5  20.0     0   198    2455    (-,-) 
  csm_inst_g47939/z                 (u)     in_1->z F     unmapped_complex2      1   4.0     0   108    2563    (-,-) 
  csm_inst_g47754/z                 (u)     in_1->z R     unmapped_nand2         1   4.0     0   108    2671    (-,-) 
  csm_inst_g47553/z                 (u)     in_0->z F     unmapped_nand2         1   4.0     0   108    2778    (-,-) 
  csm_inst_g47395/z                 (u)     in_0->z R     unmapped_nand2         1   4.0     0   108    2886    (-,-) 
  csm_inst_g47285/z                 (u)     in_0->z R     unmapped_complex2      2   8.0     0   139    3025    (-,-) 
  csm_inst_g47197/z                 (u)     in_1->z F     unmapped_nand2         1   4.0     0   108    3133    (-,-) 
  csm_inst_g47146/z                 (u)     in_1->z F     unmapped_or2           1   4.0     0   108    3241    (-,-) 
  csm_inst_g47081/z                 (u)     in_1->z R     unmapped_complex2      1   4.0     0   108    3349    (-,-) 
  csm_inst_g47024/z                 (u)     in_1->z R     unmapped_or2           1   4.0     0   108    3456    (-,-) 
  csm_inst_right_reg_reg[31]/d      -       -       R     unmapped_d_flop        1     -     -     0    3456    (-,-) 
#---------------------------------------------------------------------------------------------------------------------

(u) : Net has unmapped pin(s).



Path 20: VIOLATED (-2530 ps) Setup Check with Pin csm_inst_right_reg_reg[4]/clk->d
          Group: C2C
     Startpoint: (R) csm_inst_round_counter_reg[0]/clk
          Clock: (R) clk
       Endpoint: (R) csm_inst_right_reg_reg[4]/d
          Clock: (R) clk

                     Capture       Launch     
        Clock Edge:+    1000            0     
       Src Latency:+       0            0     
       Net Latency:+       0 (I)        0 (I) 
           Arrival:=    1000            0     
                                              
             Setup:-      75                  
     Required Time:=     925                  
      Launch Clock:-       0                  
         Data Path:-    3455                  
             Slack:=   -2530                  

#---------------------------------------------------------------------------------------------------------------------
#           Timing Point            Flags    Arc    Edge       Cell         Fanout  Load Trans Delay Arrival Instance 
#                                                                                   (fF)  (ps)  (ps)   (ps)  Location 
#---------------------------------------------------------------------------------------------------------------------
  csm_inst_round_counter_reg[0]/clk -       -       R     (arrival)            335     -     0     0       0    (-,-) 
  csm_inst_round_counter_reg[0]/q   (u)     clk->q  R     unmapped_d_flop      178 712.0     0   561     561    (-,-) 
  csm_inst_g50736/z                 (u)     in_0->z F     unmapped_complex2     10  40.0     0   228     789    (-,-) 
  csm_inst_g50541/z                 (u)     in_1->z F     unmapped_or2          47 188.0     0   308    1096    (-,-) 
  csm_inst_g50275/z                 (u)     in_1->z F     unmapped_complex2      1   4.0     0   108    1204    (-,-) 
  csm_inst_g49267/z                 (u)     in_1->z R     unmapped_nand2         1   4.0     0   108    1312    (-,-) 
  csm_inst_g49043/z                 (u)     in_1->z R     unmapped_or2           1   4.0     0   108    1420    (-,-) 
  csm_inst_g48633/z                 (u)     in_0->z R     unmapped_or2           1   4.0     0   108    1528    (-,-) 
  csm_inst_g48524/z                 (u)     in_1->z F     unmapped_complex2      1   4.0     0   108    1636    (-,-) 
  csm_inst_g48502/z                 (u)     in_0->z R     unmapped_complex2      2   8.0     0   139    1774    (-,-) 
  csm_inst_g48426/z                 (u)     in_1->z F     unmapped_complex2      1   4.0     0   108    1882    (-,-) 
  csm_inst_g48427/z                 (u)     in_1->z R     unmapped_nand2        13  52.0     0   240    2122    (-,-) 
  csm_inst_g48291/z                 (u)     in_0->z F     unmapped_nand2         8  32.0     0   220    2342    (-,-) 
  csm_inst_g48293/z                 (u)     in_0->z R     unmapped_nand2         4  16.0     0   189    2530    (-,-) 
  csm_inst_g48124/z                 (u)     in_0->z R     unmapped_or2           2   8.0     0   139    2669    (-,-) 
  csm_inst_g47675/z                 (u)     in_1->z F     unmapped_nand2         1   4.0     0   108    2777    (-,-) 
  csm_inst_g47388/z                 (u)     in_1->z R     unmapped_nand2         1   4.0     0   108    2885    (-,-) 
  csm_inst_g47314/z                 (u)     in_0->z F     unmapped_nand2         2   8.0     0   139    3024    (-,-) 
  csm_inst_g47206/z                 (u)     in_0->z F     unmapped_or2           1   4.0     0   108    3131    (-,-) 
  csm_inst_g47164/z                 (u)     in_1->z F     unmapped_or2           1   4.0     0   108    3239    (-,-) 
  csm_inst_g47076/z                 (u)     in_0->z R     unmapped_complex2      1   4.0     0   108    3347    (-,-) 
  csm_inst_g47044/z                 (u)     in_1->z R     unmapped_or2           1   4.0     0   108    3455    (-,-) 
  csm_inst_right_reg_reg[4]/d       -       -       R     unmapped_d_flop        1     -     -     0    3455    (-,-) 
#---------------------------------------------------------------------------------------------------------------------

(u) : Net has unmapped pin(s).



Path 21: VIOLATED (-2524 ps) Setup Check with Pin csm_inst_right_reg_reg[25]/clk->d
          Group: C2C
     Startpoint: (R) csm_inst_round_counter_reg[0]/clk
          Clock: (R) clk
       Endpoint: (R) csm_inst_right_reg_reg[25]/d
          Clock: (R) clk

                     Capture       Launch     
        Clock Edge:+    1000            0     
       Src Latency:+       0            0     
       Net Latency:+       0 (I)        0 (I) 
           Arrival:=    1000            0     
                                              
             Setup:-      75                  
     Required Time:=     925                  
      Launch Clock:-       0                  
         Data Path:-    3449                  
             Slack:=   -2524                  

#---------------------------------------------------------------------------------------------------------------------
#           Timing Point            Flags    Arc    Edge       Cell         Fanout  Load Trans Delay Arrival Instance 
#                                                                                   (fF)  (ps)  (ps)   (ps)  Location 
#---------------------------------------------------------------------------------------------------------------------
  csm_inst_round_counter_reg[0]/clk -       -       R     (arrival)            335     -     0     0       0    (-,-) 
  csm_inst_round_counter_reg[0]/q   (u)     clk->q  F     unmapped_d_flop      178 712.0     0   561     561    (-,-) 
  csm_inst_g50748/z                 (u)     in_0->z F     unmapped_or2          10  40.0     0   228     789    (-,-) 
  csm_inst_g50583/z                 (u)     in_1->z F     unmapped_or2          39 156.0     0   296    1085    (-,-) 
  csm_inst_g49609/z                 (u)     in_1->z F     unmapped_complex2      2   8.0     0   139    1224    (-,-) 
  csm_inst_g49442/z                 (u)     in_1->z R     unmapped_nand2         1   4.0     0   108    1332    (-,-) 
  csm_inst_g48891/z                 (u)     in_1->z R     unmapped_or2           1   4.0     0   108    1440    (-,-) 
  csm_inst_g48584/z                 (u)     in_0->z R     unmapped_or2           1   4.0     0   108    1548    (-,-) 
  csm_inst_g48546/z                 (u)     in_1->z F     unmapped_nand2         1   4.0     0   108    1655    (-,-) 
  csm_inst_g48468/z                 (u)     in_0->z R     unmapped_complex2      2   8.0     0   139    1794    (-,-) 
  csm_inst_g48453/z                 (u)     in_1->z F     unmapped_complex2      1   4.0     0   108    1902    (-,-) 
  csm_inst_g48454/z                 (u)     in_1->z R     unmapped_nand2        13  52.0     0   240    2142    (-,-) 
  csm_inst_g48203/z                 (u)     in_0->z R     unmapped_or2           5  20.0     0   198    2340    (-,-) 
  csm_inst_g47911/z                 (u)     in_0->z F     unmapped_nand2         1   4.0     0   108    2448    (-,-) 
  csm_inst_g47865/z                 (u)     in_1->z R     unmapped_nand2         1   4.0     0   108    2556    (-,-) 
  csm_inst_g47514/z                 (u)     in_1->z R     unmapped_or2           1   4.0     0   108    2664    (-,-) 
  csm_inst_g47411/z                 (u)     in_0->z F     unmapped_nand2         1   4.0     0   108    2771    (-,-) 
  csm_inst_g47284/z                 (u)     in_0->z F     unmapped_complex2      1   4.0     0   108    2879    (-,-) 
  csm_inst_g47244/z                 (u)     in_0->z F     unmapped_complex2      2   8.0     0   139    3018    (-,-) 
  csm_inst_g47110/z                 (u)     in_1->z F     unmapped_or2           1   4.0     0   108    3126    (-,-) 
  csm_inst_g47073/z                 (u)     in_1->z F     unmapped_or2           1   4.0     0   108    3234    (-,-) 
  csm_inst_g47033/z                 (u)     in_0->z R     unmapped_complex2      1   4.0     0   108    3341    (-,-) 
  csm_inst_g47008/z                 (u)     in_1->z R     unmapped_or2           1   4.0     0   108    3449    (-,-) 
  csm_inst_right_reg_reg[25]/d      -       -       R     unmapped_d_flop        1     -     -     0    3449    (-,-) 
#---------------------------------------------------------------------------------------------------------------------

(u) : Net has unmapped pin(s).



Path 22: VIOLATED (-2518 ps) Setup Check with Pin csm_inst_right_reg_reg[18]/clk->d
          Group: C2C
     Startpoint: (R) csm_inst_round_counter_reg[0]/clk
          Clock: (R) clk
       Endpoint: (R) csm_inst_right_reg_reg[18]/d
          Clock: (R) clk

                     Capture       Launch     
        Clock Edge:+    1000            0     
       Src Latency:+       0            0     
       Net Latency:+       0 (I)        0 (I) 
           Arrival:=    1000            0     
                                              
             Setup:-      75                  
     Required Time:=     925                  
      Launch Clock:-       0                  
         Data Path:-    3443                  
             Slack:=   -2518                  

#---------------------------------------------------------------------------------------------------------------------
#           Timing Point            Flags    Arc    Edge       Cell         Fanout  Load Trans Delay Arrival Instance 
#                                                                                   (fF)  (ps)  (ps)   (ps)  Location 
#---------------------------------------------------------------------------------------------------------------------
  csm_inst_round_counter_reg[0]/clk -       -       R     (arrival)            335     -     0     0       0    (-,-) 
  csm_inst_round_counter_reg[0]/q   (u)     clk->q  R     unmapped_d_flop      178 712.0     0   561     561    (-,-) 
  csm_inst_g50736/z                 (u)     in_0->z F     unmapped_complex2     10  40.0     0   228     789    (-,-) 
  csm_inst_g50541/z                 (u)     in_1->z F     unmapped_or2          47 188.0     0   308    1096    (-,-) 
  csm_inst_g49636/z                 (u)     in_0->z F     unmapped_complex2      1   4.0     0   108    1204    (-,-) 
  csm_inst_g49507/z                 (u)     in_1->z R     unmapped_nand2         1   4.0     0   108    1312    (-,-) 
  csm_inst_g48969/z                 (u)     in_1->z R     unmapped_or2           1   4.0     0   108    1420    (-,-) 
  csm_inst_g48628/z                 (u)     in_0->z R     unmapped_or2           1   4.0     0   108    1528    (-,-) 
  csm_inst_g48523/z                 (u)     in_1->z F     unmapped_nand2         1   4.0     0   108    1636    (-,-) 
  csm_inst_g48473/z                 (u)     in_0->z R     unmapped_complex2      2   8.0     0   139    1774    (-,-) 
  csm_inst_g48372/z                 (u)     in_1->z F     unmapped_complex2      1   4.0     0   108    1882    (-,-) 
  csm_inst_g48373/z                 (u)     in_1->z R     unmapped_nand2        11  44.0     0   232    2114    (-,-) 
  csm_inst_g48194/z                 (u)     in_1->z R     unmapped_complex2      2   8.0     0   139    2253    (-,-) 
  csm_inst_g48196/z                 (u)     in_0->z F     unmapped_nand2         4  16.0     0   189    2441    (-,-) 
  csm_inst_g48154/z                 (u)     in_1->z R     unmapped_nand2         1   4.0     0   108    2549    (-,-) 
  csm_inst_g47852/z                 (u)     in_1->z R     unmapped_complex2      1   4.0     0   108    2657    (-,-) 
  csm_inst_g47471/z                 (u)     in_1->z F     unmapped_nand2         1   4.0     0   108    2765    (-,-) 
  csm_inst_g47440/z                 (u)     in_0->z F     unmapped_complex2      1   4.0     0   108    2873    (-,-) 
  csm_inst_g47313/z                 (u)     in_0->z F     unmapped_complex2      2   8.0     0   139    3012    (-,-) 
  csm_inst_g47204/z                 (u)     in_1->z F     unmapped_or2           1   4.0     0   108    3119    (-,-) 
  csm_inst_g47102/z                 (u)     in_1->z F     unmapped_or2           1   4.0     0   108    3227    (-,-) 
  csm_inst_g47075/z                 (u)     in_0->z R     unmapped_complex2      1   4.0     0   108    3335    (-,-) 
  csm_inst_g47019/z                 (u)     in_1->z R     unmapped_or2           1   4.0     0   108    3443    (-,-) 
  csm_inst_right_reg_reg[18]/d      -       -       R     unmapped_d_flop        1     -     -     0    3443    (-,-) 
#---------------------------------------------------------------------------------------------------------------------

(u) : Net has unmapped pin(s).



Path 23: VIOLATED (-2505 ps) Setup Check with Pin csm_inst_right_reg_reg[20]/clk->d
          Group: C2C
     Startpoint: (R) csm_inst_round_counter_reg[0]/clk
          Clock: (R) clk
       Endpoint: (R) csm_inst_right_reg_reg[20]/d
          Clock: (R) clk

                     Capture       Launch     
        Clock Edge:+    1000            0     
       Src Latency:+       0            0     
       Net Latency:+       0 (I)        0 (I) 
           Arrival:=    1000            0     
                                              
             Setup:-      75                  
     Required Time:=     925                  
      Launch Clock:-       0                  
         Data Path:-    3429                  
             Slack:=   -2505                  

#---------------------------------------------------------------------------------------------------------------------
#           Timing Point            Flags    Arc    Edge       Cell         Fanout  Load Trans Delay Arrival Instance 
#                                                                                   (fF)  (ps)  (ps)   (ps)  Location 
#---------------------------------------------------------------------------------------------------------------------
  csm_inst_round_counter_reg[0]/clk -       -       R     (arrival)            335     -     0     0       0    (-,-) 
  csm_inst_round_counter_reg[0]/q   (u)     clk->q  F     unmapped_d_flop      178 712.0     0   561     561    (-,-) 
  csm_inst_g50736/z                 (u)     in_0->z R     unmapped_complex2     10  40.0     0   228     789    (-,-) 
  csm_inst_g50541/z                 (u)     in_1->z R     unmapped_or2          47 188.0     0   308    1096    (-,-) 
  csm_inst_g49731/z                 (u)     in_1->z R     unmapped_complex2      1   4.0     0   108    1204    (-,-) 
  csm_inst_g49426/z                 (u)     in_1->z F     unmapped_nand2         1   4.0     0   108    1312    (-,-) 
  csm_inst_g48825/z                 (u)     in_1->z F     unmapped_or2           1   4.0     0   108    1420    (-,-) 
  csm_inst_g48577/z                 (u)     in_0->z F     unmapped_or2           1   4.0     0   108    1528    (-,-) 
  csm_inst_g48550/z                 (u)     in_1->z R     unmapped_complex2      1   4.0     0   108    1636    (-,-) 
  csm_inst_g48462/z                 (u)     in_0->z F     unmapped_complex2      2   8.0     0   139    1774    (-,-) 
  csm_inst_g48369/z                 (u)     in_1->z R     unmapped_complex2      1   4.0     0   108    1882    (-,-) 
  csm_inst_g48370/z                 (u)     in_1->z F     unmapped_nand2        13  52.0     0   240    2122    (-,-) 
  csm_inst_g48220/z                 (u)     in_1->z F     unmapped_or2           1   4.0     0   108    2230    (-,-) 
  csm_inst_g48221/z                 (u)     in_1->z R     unmapped_nand2         5  20.0     0   198    2428    (-,-) 
  csm_inst_g48013/z                 (u)     in_0->z R     unmapped_complex2      1   4.0     0   108    2536    (-,-) 
  csm_inst_g47658/z                 (u)     in_1->z F     unmapped_nand2         1   4.0     0   108    2644    (-,-) 
  csm_inst_g47637/z                 (u)     in_0->z R     unmapped_complex2      1   4.0     0   108    2752    (-,-) 
  csm_inst_g47457/z                 (u)     in_0->z F     unmapped_nand2         1   4.0     0   108    2859    (-,-) 
  csm_inst_g47311/z                 (u)     in_0->z R     unmapped_complex2      2   8.0     0   139    2998    (-,-) 
  csm_inst_g47188/z                 (u)     in_1->z F     unmapped_complex2      1   4.0     0   108    3106    (-,-) 
  csm_inst_g47130/z                 (u)     in_1->z F     unmapped_or2           1   4.0     0   108    3214    (-,-) 
  csm_inst_g47083/z                 (u)     in_0->z R     unmapped_complex2      1   4.0     0   108    3322    (-,-) 
  csm_inst_g47042/z                 (u)     in_1->z R     unmapped_or2           1   4.0     0   108    3429    (-,-) 
  csm_inst_right_reg_reg[20]/d      -       -       R     unmapped_d_flop        1     -     -     0    3429    (-,-) 
#---------------------------------------------------------------------------------------------------------------------

(u) : Net has unmapped pin(s).



Path 24: VIOLATED (-2490 ps) Setup Check with Pin csm_inst_right_reg_reg[27]/clk->d
          Group: C2C
     Startpoint: (R) csm_inst_round_counter_reg[0]/clk
          Clock: (R) clk
       Endpoint: (R) csm_inst_right_reg_reg[27]/d
          Clock: (R) clk

                     Capture       Launch     
        Clock Edge:+    1000            0     
       Src Latency:+       0            0     
       Net Latency:+       0 (I)        0 (I) 
           Arrival:=    1000            0     
                                              
             Setup:-      75                  
     Required Time:=     925                  
      Launch Clock:-       0                  
         Data Path:-    3415                  
             Slack:=   -2490                  

#---------------------------------------------------------------------------------------------------------------------
#           Timing Point            Flags    Arc    Edge       Cell         Fanout  Load Trans Delay Arrival Instance 
#                                                                                   (fF)  (ps)  (ps)   (ps)  Location 
#---------------------------------------------------------------------------------------------------------------------
  csm_inst_round_counter_reg[0]/clk -       -       R     (arrival)            335     -     0     0       0    (-,-) 
  csm_inst_round_counter_reg[0]/q   (u)     clk->q  R     unmapped_d_flop      178 712.0     0   561     561    (-,-) 
  csm_inst_g50748/z                 (u)     in_0->z R     unmapped_or2          10  40.0     0   228     789    (-,-) 
  csm_inst_g50583/z                 (u)     in_1->z R     unmapped_or2          39 156.0     0   296    1085    (-,-) 
  csm_inst_g49646/z                 (u)     in_1->z R     unmapped_complex2      2   8.0     0   139    1224    (-,-) 
  csm_inst_g49251/z                 (u)     in_1->z F     unmapped_nand2         1   4.0     0   108    1332    (-,-) 
  csm_inst_g49012/z                 (u)     in_0->z F     unmapped_or2           1   4.0     0   108    1440    (-,-) 
  csm_inst_g48627/z                 (u)     in_0->z F     unmapped_or2           1   4.0     0   108    1548    (-,-) 
  csm_inst_g48528/z                 (u)     in_1->z R     unmapped_complex2      1   4.0     0   108    1655    (-,-) 
  csm_inst_g48509/z                 (u)     in_0->z F     unmapped_complex2      2   8.0     0   139    1794    (-,-) 
  csm_inst_g48441/z                 (u)     in_1->z R     unmapped_complex2      1   4.0     0   108    1902    (-,-) 
  csm_inst_g48442/z                 (u)     in_1->z F     unmapped_nand2        16  64.0     0   252    2154    (-,-) 
  csm_inst_g20425/z                 (u)     in_1->z R     unmapped_nand2         4  16.0     0   189    2343    (-,-) 
  csm_inst_g48046/z                 (u)     in_1->z R     unmapped_or2           1   4.0     0   108    2450    (-,-) 
  csm_inst_g47701/z                 (u)     in_1->z R     unmapped_or2           3  12.0     0   179    2629    (-,-) 
  csm_inst_g47618/z                 (u)     in_1->z R     unmapped_or2           1   4.0     0   108    2737    (-,-) 
  csm_inst_g47418/z                 (u)     in_0->z F     unmapped_complex2      1   4.0     0   108    2845    (-,-) 
  csm_inst_g47291/z                 (u)     in_1->z F     unmapped_complex2      2   8.0     0   139    2984    (-,-) 
  csm_inst_g47215/z                 (u)     in_1->z F     unmapped_or2           1   4.0     0   108    3091    (-,-) 
  csm_inst_g47165/z                 (u)     in_1->z F     unmapped_or2           1   4.0     0   108    3199    (-,-) 
  csm_inst_g47057/z                 (u)     in_0->z R     unmapped_complex2      1   4.0     0   108    3307    (-,-) 
  csm_inst_g47032/z                 (u)     in_1->z R     unmapped_or2           1   4.0     0   108    3415    (-,-) 
  csm_inst_right_reg_reg[27]/d      -       -       R     unmapped_d_flop        1     -     -     0    3415    (-,-) 
#---------------------------------------------------------------------------------------------------------------------

(u) : Net has unmapped pin(s).



Path 25: VIOLATED (-2486 ps) Setup Check with Pin csm_inst_right_reg_reg[22]/clk->d
          Group: C2C
     Startpoint: (R) csm_inst_round_counter_reg[0]/clk
          Clock: (R) clk
       Endpoint: (R) csm_inst_right_reg_reg[22]/d
          Clock: (R) clk

                     Capture       Launch     
        Clock Edge:+    1000            0     
       Src Latency:+       0            0     
       Net Latency:+       0 (I)        0 (I) 
           Arrival:=    1000            0     
                                              
             Setup:-      75                  
     Required Time:=     925                  
      Launch Clock:-       0                  
         Data Path:-    3410                  
             Slack:=   -2486                  

#--------------------------------------------------------------------------------------------------------------------------
#             Timing Point               Flags    Arc    Edge       Cell         Fanout  Load Trans Delay Arrival Instance 
#                                                                                        (fF)  (ps)  (ps)   (ps)  Location 
#--------------------------------------------------------------------------------------------------------------------------
  csm_inst_round_counter_reg[0]/clk      -       -       R     (arrival)            335     -     0     0       0    (-,-) 
  csm_inst_round_counter_reg[0]/q        (u)     clk->q  F     unmapped_d_flop      178 712.0     0   561     561    (-,-) 
  csm_inst_g50748/z                      (u)     in_0->z F     unmapped_or2          10  40.0     0   228     789    (-,-) 
  csm_inst_g50583/z                      (u)     in_1->z F     unmapped_or2          39 156.0     0   296    1085    (-,-) 
  csm_inst_g50206/z                      (u)     in_0->z F     unmapped_complex2      2   8.0     0   139    1224    (-,-) 
  csm_inst_g49278/z                      (u)     in_1->z R     unmapped_nand2         1   4.0     0   108    1332    (-,-) 
  csm_inst_g48663/z                      (u)     in_1->z R     unmapped_complex2      1   4.0     0   108    1440    (-,-) 
  csm_inst_g48632/z                      (u)     in_0->z R     unmapped_or2           1   4.0     0   108    1548    (-,-) 
  csm_inst_g48519/z                      (u)     in_1->z F     unmapped_nand2         1   4.0     0   108    1655    (-,-) 
  csm_inst_g48497/z                      (u)     in_0->z R     unmapped_complex2      2   8.0     0   139    1794    (-,-) 
  csm_inst_g48360/z                      (u)     in_1->z F     unmapped_complex2      1   4.0     0   108    1902    (-,-) 
  csm_inst_g48361/z                      (u)     in_1->z R     unmapped_nand2         8  32.0     0   220    2122    (-,-) 
  csm_inst_g6876/z                       (u)     in_0->z F     unmapped_complex2      6  24.0     0   207    2328    (-,-) 
  csm_inst_f_inst_sbox_inst_sbox4_g581/z (u)     in_1->z R     unmapped_nand2         4  16.0     0   189    2517    (-,-) 
  csm_inst_g47856/z                      (u)     in_0->z R     unmapped_or2           1   4.0     0   108    2625    (-,-) 
  csm_inst_g47461/z                      (u)     in_1->z F     unmapped_nand2         1   4.0     0   108    2732    (-,-) 
  csm_inst_g33846/z                      (u)     in_0->z F     unmapped_or2           1   4.0     0   108    2840    (-,-) 
  csm_inst_g33849/z                      (u)     in_0->z F     unmapped_or2           2   8.0     0   139    2979    (-,-) 
  csm_inst_g47189/z                      (u)     in_0->z F     unmapped_complex2      1   4.0     0   108    3087    (-,-) 
  csm_inst_g47163/z                      (u)     in_1->z F     unmapped_or2           1   4.0     0   108    3195    (-,-) 
  csm_inst_g47067/z                      (u)     in_1->z R     unmapped_complex2      1   4.0     0   108    3302    (-,-) 
  csm_inst_g47025/z                      (u)     in_1->z R     unmapped_or2           1   4.0     0   108    3410    (-,-) 
  csm_inst_right_reg_reg[22]/d           -       -       R     unmapped_d_flop        1     -     -     0    3410    (-,-) 
#--------------------------------------------------------------------------------------------------------------------------

(u) : Net has unmapped pin(s).



Path 26: VIOLATED (-2473 ps) Setup Check with Pin csm_inst_right_reg_reg[28]/clk->d
          Group: C2C
     Startpoint: (R) csm_inst_round_counter_reg[0]/clk
          Clock: (R) clk
       Endpoint: (R) csm_inst_right_reg_reg[28]/d
          Clock: (R) clk

                     Capture       Launch     
        Clock Edge:+    1000            0     
       Src Latency:+       0            0     
       Net Latency:+       0 (I)        0 (I) 
           Arrival:=    1000            0     
                                              
             Setup:-      75                  
     Required Time:=     925                  
      Launch Clock:-       0                  
         Data Path:-    3398                  
             Slack:=   -2473                  

#--------------------------------------------------------------------------------------------------------------------------
#             Timing Point               Flags    Arc    Edge       Cell         Fanout  Load Trans Delay Arrival Instance 
#                                                                                        (fF)  (ps)  (ps)   (ps)  Location 
#--------------------------------------------------------------------------------------------------------------------------
  csm_inst_round_counter_reg[0]/clk      -       -       R     (arrival)            335     -     0     0       0    (-,-) 
  csm_inst_round_counter_reg[0]/q        (u)     clk->q  F     unmapped_d_flop      178 712.0     0   561     561    (-,-) 
  csm_inst_g50748/z                      (u)     in_0->z F     unmapped_or2          10  40.0     0   228     789    (-,-) 
  csm_inst_g50583/z                      (u)     in_1->z F     unmapped_or2          39 156.0     0   296    1085    (-,-) 
  csm_inst_g49609/z                      (u)     in_1->z F     unmapped_complex2      2   8.0     0   139    1224    (-,-) 
  csm_inst_g49527/z                      (u)     in_1->z R     unmapped_nand2         1   4.0     0   108    1332    (-,-) 
  csm_inst_g48753/z                      (u)     in_1->z R     unmapped_complex2      1   4.0     0   108    1440    (-,-) 
  csm_inst_g48630/z                      (u)     in_1->z R     unmapped_or2           1   4.0     0   108    1548    (-,-) 
  csm_inst_g48521/z                      (u)     in_1->z F     unmapped_complex2      1   4.0     0   108    1655    (-,-) 
  csm_inst_g48489/z                      (u)     in_0->z R     unmapped_complex2      2   8.0     0   139    1794    (-,-) 
  csm_inst_g48444/z                      (u)     in_1->z F     unmapped_complex2      1   4.0     0   108    1902    (-,-) 
  csm_inst_g48445/z                      (u)     in_1->z R     unmapped_nand2        14  56.0     0   244    2146    (-,-) 
  csm_inst_f_inst_sbox_inst_sbox6_g239/z (u)     in_1->z R     unmapped_or2           8  32.0     0   220    2365    (-,-) 
  csm_inst_g47933/z                      (u)     in_0->z R     unmapped_complex2      1   4.0     0   108    2473    (-,-) 
  csm_inst_g47832/z                      (u)     in_0->z R     unmapped_complex2      2   8.0     0   139    2612    (-,-) 
  csm_inst_g47593/z                      (u)     in_1->z F     unmapped_nand2         1   4.0     0   108    2720    (-,-) 
  csm_inst_g47422/z                      (u)     in_0->z R     unmapped_nand2         2   8.0     0   139    2859    (-,-) 
  csm_inst_g47255/z                      (u)     in_0->z F     unmapped_complex2      1   4.0     0   108    2966    (-,-) 
  csm_inst_g47180/z                      (u)     in_1->z F     unmapped_or2           1   4.0     0   108    3074    (-,-) 
  csm_inst_g47116/z                      (u)     in_0->z F     unmapped_complex2      1   4.0     0   108    3182    (-,-) 
  csm_inst_g47085/z                      (u)     in_1->z R     unmapped_nand2         1   4.0     0   108    3290    (-,-) 
  csm_inst_g47018/z                      (u)     in_1->z R     unmapped_or2           1   4.0     0   108    3398    (-,-) 
  csm_inst_right_reg_reg[28]/d           -       -       R     unmapped_d_flop        1     -     -     0    3398    (-,-) 
#--------------------------------------------------------------------------------------------------------------------------

(u) : Net has unmapped pin(s).



Path 27: VIOLATED (-2473 ps) Setup Check with Pin csm_inst_right_reg_reg[21]/clk->d
          Group: C2C
     Startpoint: (R) csm_inst_round_counter_reg[0]/clk
          Clock: (R) clk
       Endpoint: (R) csm_inst_right_reg_reg[21]/d
          Clock: (R) clk

                     Capture       Launch     
        Clock Edge:+    1000            0     
       Src Latency:+       0            0     
       Net Latency:+       0 (I)        0 (I) 
           Arrival:=    1000            0     
                                              
             Setup:-      75                  
     Required Time:=     925                  
      Launch Clock:-       0                  
         Data Path:-    3398                  
             Slack:=   -2473                  

#--------------------------------------------------------------------------------------------------------------------------
#             Timing Point               Flags    Arc    Edge       Cell         Fanout  Load Trans Delay Arrival Instance 
#                                                                                        (fF)  (ps)  (ps)   (ps)  Location 
#--------------------------------------------------------------------------------------------------------------------------
  csm_inst_round_counter_reg[0]/clk      -       -       R     (arrival)            335     -     0     0       0    (-,-) 
  csm_inst_round_counter_reg[0]/q        (u)     clk->q  F     unmapped_d_flop      178 712.0     0   561     561    (-,-) 
  csm_inst_g50748/z                      (u)     in_0->z F     unmapped_or2          10  40.0     0   228     789    (-,-) 
  csm_inst_g50583/z                      (u)     in_1->z F     unmapped_or2          39 156.0     0   296    1085    (-,-) 
  csm_inst_g49609/z                      (u)     in_1->z F     unmapped_complex2      2   8.0     0   139    1224    (-,-) 
  csm_inst_g49527/z                      (u)     in_1->z R     unmapped_nand2         1   4.0     0   108    1332    (-,-) 
  csm_inst_g48753/z                      (u)     in_1->z R     unmapped_complex2      1   4.0     0   108    1440    (-,-) 
  csm_inst_g48630/z                      (u)     in_1->z R     unmapped_or2           1   4.0     0   108    1548    (-,-) 
  csm_inst_g48521/z                      (u)     in_1->z F     unmapped_complex2      1   4.0     0   108    1655    (-,-) 
  csm_inst_g48489/z                      (u)     in_0->z R     unmapped_complex2      2   8.0     0   139    1794    (-,-) 
  csm_inst_g48444/z                      (u)     in_1->z F     unmapped_complex2      1   4.0     0   108    1902    (-,-) 
  csm_inst_g48445/z                      (u)     in_1->z R     unmapped_nand2        14  56.0     0   244    2146    (-,-) 
  csm_inst_f_inst_sbox_inst_sbox6_g239/z (u)     in_1->z R     unmapped_or2           8  32.0     0   220    2365    (-,-) 
  csm_inst_g48141/z                      (u)     in_0->z R     unmapped_or2           2   8.0     0   139    2504    (-,-) 
  csm_inst_g47816/z                      (u)     in_1->z R     unmapped_or2           1   4.0     0   108    2612    (-,-) 
  csm_inst_g47495/z                      (u)     in_1->z F     unmapped_nand2         1   4.0     0   108    2720    (-,-) 
  csm_inst_g47394/z                      (u)     in_0->z F     unmapped_complex2      1   4.0     0   108    2828    (-,-) 
  csm_inst_g47309/z                      (u)     in_0->z R     unmapped_complex2      2   8.0     0   139    2966    (-,-) 
  csm_inst_g47223/z                      (u)     in_0->z F     unmapped_complex2      1   4.0     0   108    3074    (-,-) 
  csm_inst_g47124/z                      (u)     in_1->z F     unmapped_or2           1   4.0     0   108    3182    (-,-) 
  csm_inst_g47072/z                      (u)     in_1->z R     unmapped_nand2         1   4.0     0   108    3290    (-,-) 
  csm_inst_g47015/z                      (u)     in_1->z R     unmapped_or2           1   4.0     0   108    3398    (-,-) 
  csm_inst_right_reg_reg[21]/d           -       -       R     unmapped_d_flop        1     -     -     0    3398    (-,-) 
#--------------------------------------------------------------------------------------------------------------------------

(u) : Net has unmapped pin(s).



Path 28: VIOLATED (-2463 ps) Setup Check with Pin csm_inst_right_reg_reg[2]/clk->d
          Group: C2C
     Startpoint: (R) csm_inst_round_counter_reg[0]/clk
          Clock: (R) clk
       Endpoint: (R) csm_inst_right_reg_reg[2]/d
          Clock: (R) clk

                     Capture       Launch     
        Clock Edge:+    1000            0     
       Src Latency:+       0            0     
       Net Latency:+       0 (I)        0 (I) 
           Arrival:=    1000            0     
                                              
             Setup:-      75                  
     Required Time:=     925                  
      Launch Clock:-       0                  
         Data Path:-    3388                  
             Slack:=   -2463                  

#---------------------------------------------------------------------------------------------------------------------
#           Timing Point            Flags    Arc    Edge       Cell         Fanout  Load Trans Delay Arrival Instance 
#                                                                                   (fF)  (ps)  (ps)   (ps)  Location 
#---------------------------------------------------------------------------------------------------------------------
  csm_inst_round_counter_reg[0]/clk -       -       R     (arrival)            335     -     0     0       0    (-,-) 
  csm_inst_round_counter_reg[0]/q   (u)     clk->q  R     unmapped_d_flop      178 712.0     0   561     561    (-,-) 
  csm_inst_g50736/z                 (u)     in_0->z F     unmapped_complex2     10  40.0     0   228     789    (-,-) 
  csm_inst_g50541/z                 (u)     in_1->z F     unmapped_or2          47 188.0     0   308    1096    (-,-) 
  csm_inst_g50048/z                 (u)     in_0->z F     unmapped_complex2      1   4.0     0   108    1204    (-,-) 
  csm_inst_g49167/z                 (u)     in_1->z R     unmapped_nand2         1   4.0     0   108    1312    (-,-) 
  csm_inst_g48871/z                 (u)     in_1->z R     unmapped_or2           1   4.0     0   108    1420    (-,-) 
  csm_inst_g48607/z                 (u)     in_0->z R     unmapped_or2           1   4.0     0   108    1528    (-,-) 
  csm_inst_g48536/z                 (u)     in_1->z F     unmapped_nand2         1   4.0     0   108    1636    (-,-) 
  csm_inst_g48480/z                 (u)     in_0->z R     unmapped_complex2      2   8.0     0   139    1774    (-,-) 
  csm_inst_g48381/z                 (u)     in_1->z F     unmapped_complex2      1   4.0     0   108    1882    (-,-) 
  csm_inst_g48382/z                 (u)     in_1->z R     unmapped_nand2        20  80.0     0   260    2143    (-,-) 
  csm_inst_g48235/z                 (u)     in_0->z R     unmapped_or2           7  28.0     0   213    2356    (-,-) 
  csm_inst_g48138/z                 (u)     in_0->z R     unmapped_or2           2   8.0     0   139    2495    (-,-) 
  csm_inst_g47844/z                 (u)     in_1->z R     unmapped_or2           1   4.0     0   108    2602    (-,-) 
  csm_inst_g47472/z                 (u)     in_1->z F     unmapped_nand2         1   4.0     0   108    2710    (-,-) 
  csm_inst_g47447/z                 (u)     in_0->z R     unmapped_complex2      1   4.0     0   108    2818    (-,-) 
  csm_inst_g47277/z                 (u)     in_1->z F     unmapped_complex2      2   8.0     0   139    2957    (-,-) 
  csm_inst_g47171/z                 (u)     in_1->z F     unmapped_or2           1   4.0     0   108    3065    (-,-) 
  csm_inst_g47134/z                 (u)     in_1->z F     unmapped_or2           1   4.0     0   108    3172    (-,-) 
  csm_inst_g47068/z                 (u)     in_0->z R     unmapped_complex2      1   4.0     0   108    3280    (-,-) 
  csm_inst_g47021/z                 (u)     in_1->z R     unmapped_or2           1   4.0     0   108    3388    (-,-) 
  csm_inst_right_reg_reg[2]/d       -       -       R     unmapped_d_flop        1     -     -     0    3388    (-,-) 
#---------------------------------------------------------------------------------------------------------------------

(u) : Net has unmapped pin(s).



Path 29: VIOLATED (-2444 ps) Setup Check with Pin csm_inst_right_reg_reg[29]/clk->d
          Group: C2C
     Startpoint: (R) csm_inst_round_counter_reg[0]/clk
          Clock: (R) clk
       Endpoint: (R) csm_inst_right_reg_reg[29]/d
          Clock: (R) clk

                     Capture       Launch     
        Clock Edge:+    1000            0     
       Src Latency:+       0            0     
       Net Latency:+       0 (I)        0 (I) 
           Arrival:=    1000            0     
                                              
             Setup:-      75                  
     Required Time:=     925                  
      Launch Clock:-       0                  
         Data Path:-    3368                  
             Slack:=   -2444                  

#---------------------------------------------------------------------------------------------------------------------
#           Timing Point            Flags    Arc    Edge       Cell         Fanout  Load Trans Delay Arrival Instance 
#                                                                                   (fF)  (ps)  (ps)   (ps)  Location 
#---------------------------------------------------------------------------------------------------------------------
  csm_inst_round_counter_reg[0]/clk -       -       R     (arrival)            335     -     0     0       0    (-,-) 
  csm_inst_round_counter_reg[0]/q   (u)     clk->q  F     unmapped_d_flop      178 712.0     0   561     561    (-,-) 
  csm_inst_g50748/z                 (u)     in_0->z F     unmapped_or2          10  40.0     0   228     789    (-,-) 
  csm_inst_g50583/z                 (u)     in_1->z F     unmapped_or2          39 156.0     0   296    1085    (-,-) 
  csm_inst_g49784/z                 (u)     in_1->z F     unmapped_complex2      2   8.0     0   139    1224    (-,-) 
  csm_inst_g49383/z                 (u)     in_1->z R     unmapped_nand2         1   4.0     0   108    1332    (-,-) 
  csm_inst_g48702/z                 (u)     in_1->z R     unmapped_complex2      1   4.0     0   108    1440    (-,-) 
  csm_inst_g48563/z                 (u)     in_0->z R     unmapped_or2           1   4.0     0   108    1548    (-,-) 
  csm_inst_g48558/z                 (u)     in_1->z F     unmapped_complex2      1   4.0     0   108    1655    (-,-) 
  csm_inst_g48495/z                 (u)     in_0->z R     unmapped_complex2      2   8.0     0   139    1794    (-,-) 
  csm_inst_g48393/z                 (u)     in_1->z F     unmapped_complex2      1   4.0     0   108    1902    (-,-) 
  csm_inst_g48394/z                 (u)     in_1->z R     unmapped_nand2        12  48.0     0   236    2138    (-,-) 
  csm_inst_g48217/z                 (u)     in_1->z R     unmapped_or2           5  20.0     0   198    2336    (-,-) 
  csm_inst_g47997/z                 (u)     in_0->z R     unmapped_or2           2   8.0     0   139    2475    (-,-) 
  csm_inst_g47656/z                 (u)     in_1->z F     unmapped_nand2         1   4.0     0   108    2583    (-,-) 
  csm_inst_g47645/z                 (u)     in_0->z R     unmapped_complex2      1   4.0     0   108    2690    (-,-) 
  csm_inst_g47456/z                 (u)     in_1->z F     unmapped_complex2      2   8.0     0   139    2829    (-,-) 
  csm_inst_g47300/z                 (u)     in_1->z F     unmapped_or2           1   4.0     0   108    2937    (-,-) 
  csm_inst_g47246/z                 (u)     in_1->z F     unmapped_or2           1   4.0     0   108    3045    (-,-) 
  csm_inst_g47126/z                 (u)     in_1->z F     unmapped_or2           1   4.0     0   108    3153    (-,-) 
  csm_inst_g47058/z                 (u)     in_1->z R     unmapped_nand2         1   4.0     0   108    3261    (-,-) 
  csm_inst_g47041/z                 (u)     in_1->z R     unmapped_or2           1   4.0     0   108    3368    (-,-) 
  csm_inst_right_reg_reg[29]/d      -       -       R     unmapped_d_flop        1     -     -     0    3368    (-,-) 
#---------------------------------------------------------------------------------------------------------------------

(u) : Net has unmapped pin(s).



Path 30: VIOLATED (-2428 ps) Setup Check with Pin csm_inst_right_reg_reg[10]/clk->d
          Group: C2C
     Startpoint: (R) csm_inst_round_counter_reg[0]/clk
          Clock: (R) clk
       Endpoint: (R) csm_inst_right_reg_reg[10]/d
          Clock: (R) clk

                     Capture       Launch     
        Clock Edge:+    1000            0     
       Src Latency:+       0            0     
       Net Latency:+       0 (I)        0 (I) 
           Arrival:=    1000            0     
                                              
             Setup:-      75                  
     Required Time:=     925                  
      Launch Clock:-       0                  
         Data Path:-    3353                  
             Slack:=   -2428                  

#---------------------------------------------------------------------------------------------------------------------
#           Timing Point            Flags    Arc    Edge       Cell         Fanout  Load Trans Delay Arrival Instance 
#                                                                                   (fF)  (ps)  (ps)   (ps)  Location 
#---------------------------------------------------------------------------------------------------------------------
  csm_inst_round_counter_reg[0]/clk -       -       R     (arrival)            335     -     0     0       0    (-,-) 
  csm_inst_round_counter_reg[0]/q   (u)     clk->q  R     unmapped_d_flop      178 712.0     0   561     561    (-,-) 
  csm_inst_g50736/z                 (u)     in_0->z F     unmapped_complex2     10  40.0     0   228     789    (-,-) 
  csm_inst_g50541/z                 (u)     in_1->z F     unmapped_or2          47 188.0     0   308    1096    (-,-) 
  csm_inst_g49731/z                 (u)     in_1->z F     unmapped_complex2      1   4.0     0   108    1204    (-,-) 
  csm_inst_g49426/z                 (u)     in_1->z R     unmapped_nand2         1   4.0     0   108    1312    (-,-) 
  csm_inst_g48825/z                 (u)     in_1->z R     unmapped_or2           1   4.0     0   108    1420    (-,-) 
  csm_inst_g48577/z                 (u)     in_0->z R     unmapped_or2           1   4.0     0   108    1528    (-,-) 
  csm_inst_g48550/z                 (u)     in_1->z F     unmapped_complex2      1   4.0     0   108    1636    (-,-) 
  csm_inst_g48462/z                 (u)     in_0->z R     unmapped_complex2      2   8.0     0   139    1774    (-,-) 
  csm_inst_g48369/z                 (u)     in_1->z F     unmapped_complex2      1   4.0     0   108    1882    (-,-) 
  csm_inst_g48370/z                 (u)     in_1->z R     unmapped_nand2        13  52.0     0   240    2122    (-,-) 
  csm_inst_g48220/z                 (u)     in_1->z R     unmapped_or2           1   4.0     0   108    2230    (-,-) 
  csm_inst_g48221/z                 (u)     in_1->z F     unmapped_nand2         5  20.0     0   198    2428    (-,-) 
  csm_inst_g21762/z                 (u)     in_0->z R     unmapped_complex2      2   8.0     0   139    2567    (-,-) 
  csm_inst_g47673/z                 (u)     in_1->z R     unmapped_or2           1   4.0     0   108    2675    (-,-) 
  csm_inst_g47469/z                 (u)     in_0->z F     unmapped_nand2         1   4.0     0   108    2783    (-,-) 
  csm_inst_g47354/z                 (u)     in_0->z F     unmapped_complex2      2   8.0     0   139    2922    (-,-) 
  csm_inst_g47210/z                 (u)     in_0->z F     unmapped_or2           1   4.0     0   108    3029    (-,-) 
  csm_inst_g47122/z                 (u)     in_1->z F     unmapped_or2           1   4.0     0   108    3137    (-,-) 
  csm_inst_g47052/z                 (u)     in_0->z R     unmapped_complex2      1   4.0     0   108    3245    (-,-) 
  csm_inst_g47020/z                 (u)     in_1->z R     unmapped_or2           1   4.0     0   108    3353    (-,-) 
  csm_inst_right_reg_reg[10]/d      -       -       R     unmapped_d_flop        1     -     -     0    3353    (-,-) 
#---------------------------------------------------------------------------------------------------------------------

(u) : Net has unmapped pin(s).



Path 31: VIOLATED (-2422 ps) Setup Check with Pin csm_inst_right_reg_reg[14]/clk->d
          Group: C2C
     Startpoint: (R) csm_inst_round_counter_reg[0]/clk
          Clock: (R) clk
       Endpoint: (R) csm_inst_right_reg_reg[14]/d
          Clock: (R) clk

                     Capture       Launch     
        Clock Edge:+    1000            0     
       Src Latency:+       0            0     
       Net Latency:+       0 (I)        0 (I) 
           Arrival:=    1000            0     
                                              
             Setup:-      75                  
     Required Time:=     925                  
      Launch Clock:-       0                  
         Data Path:-    3347                  
             Slack:=   -2422                  

#---------------------------------------------------------------------------------------------------------------------
#           Timing Point            Flags    Arc    Edge       Cell         Fanout  Load Trans Delay Arrival Instance 
#                                                                                   (fF)  (ps)  (ps)   (ps)  Location 
#---------------------------------------------------------------------------------------------------------------------
  csm_inst_round_counter_reg[0]/clk -       -       R     (arrival)            335     -     0     0       0    (-,-) 
  csm_inst_round_counter_reg[0]/q   (u)     clk->q  R     unmapped_d_flop      178 712.0     0   561     561    (-,-) 
  csm_inst_g50736/z                 (u)     in_0->z F     unmapped_complex2     10  40.0     0   228     789    (-,-) 
  csm_inst_g50541/z                 (u)     in_1->z F     unmapped_or2          47 188.0     0   308    1096    (-,-) 
  csm_inst_g50275/z                 (u)     in_1->z F     unmapped_complex2      1   4.0     0   108    1204    (-,-) 
  csm_inst_g49267/z                 (u)     in_1->z R     unmapped_nand2         1   4.0     0   108    1312    (-,-) 
  csm_inst_g49043/z                 (u)     in_1->z R     unmapped_or2           1   4.0     0   108    1420    (-,-) 
  csm_inst_g48633/z                 (u)     in_0->z R     unmapped_or2           1   4.0     0   108    1528    (-,-) 
  csm_inst_g48524/z                 (u)     in_1->z F     unmapped_complex2      1   4.0     0   108    1636    (-,-) 
  csm_inst_g48502/z                 (u)     in_0->z R     unmapped_complex2      2   8.0     0   139    1774    (-,-) 
  csm_inst_g48426/z                 (u)     in_1->z F     unmapped_complex2      1   4.0     0   108    1882    (-,-) 
  csm_inst_g48427/z                 (u)     in_1->z R     unmapped_nand2        13  52.0     0   240    2122    (-,-) 
  csm_inst_g48291/z                 (u)     in_0->z F     unmapped_nand2         8  32.0     0   220    2342    (-,-) 
  csm_inst_g48293/z                 (u)     in_0->z R     unmapped_nand2         4  16.0     0   189    2530    (-,-) 
  csm_inst_g48124/z                 (u)     in_0->z R     unmapped_or2           2   8.0     0   139    2669    (-,-) 
  csm_inst_g47846/z                 (u)     in_0->z R     unmapped_complex2      1   4.0     0   108    2777    (-,-) 
  csm_inst_g47307/z                 (u)     in_1->z F     unmapped_complex2      2   8.0     0   139    2916    (-,-) 
  csm_inst_g47178/z                 (u)     in_1->z F     unmapped_or2           1   4.0     0   108    3024    (-,-) 
  csm_inst_g47111/z                 (u)     in_1->z F     unmapped_or2           1   4.0     0   108    3131    (-,-) 
  csm_inst_g47084/z                 (u)     in_0->z R     unmapped_complex2      1   4.0     0   108    3239    (-,-) 
  csm_inst_g47016/z                 (u)     in_1->z R     unmapped_or2           1   4.0     0   108    3347    (-,-) 
  csm_inst_right_reg_reg[14]/d      -       -       R     unmapped_d_flop        1     -     -     0    3347    (-,-) 
#---------------------------------------------------------------------------------------------------------------------

(u) : Net has unmapped pin(s).



Path 32: VIOLATED (-2418 ps) Setup Check with Pin csm_inst_right_reg_reg[1]/clk->d
          Group: C2C
     Startpoint: (R) csm_inst_round_counter_reg[0]/clk
          Clock: (R) clk
       Endpoint: (R) csm_inst_right_reg_reg[1]/d
          Clock: (R) clk

                     Capture       Launch     
        Clock Edge:+    1000            0     
       Src Latency:+       0            0     
       Net Latency:+       0 (I)        0 (I) 
           Arrival:=    1000            0     
                                              
             Setup:-      75                  
     Required Time:=     925                  
      Launch Clock:-       0                  
         Data Path:-    3343                  
             Slack:=   -2418                  

#---------------------------------------------------------------------------------------------------------------------
#           Timing Point            Flags    Arc    Edge       Cell         Fanout  Load Trans Delay Arrival Instance 
#                                                                                   (fF)  (ps)  (ps)   (ps)  Location 
#---------------------------------------------------------------------------------------------------------------------
  csm_inst_round_counter_reg[0]/clk -       -       R     (arrival)            335     -     0     0       0    (-,-) 
  csm_inst_round_counter_reg[0]/q   (u)     clk->q  F     unmapped_d_flop      178 712.0     0   561     561    (-,-) 
  csm_inst_g50736/z                 (u)     in_0->z R     unmapped_complex2     10  40.0     0   228     789    (-,-) 
  csm_inst_g50541/z                 (u)     in_1->z R     unmapped_or2          47 188.0     0   308    1096    (-,-) 
  csm_inst_g49993/z                 (u)     in_1->z R     unmapped_complex2      1   4.0     0   108    1204    (-,-) 
  csm_inst_g49203/z                 (u)     in_1->z F     unmapped_nand2         1   4.0     0   108    1312    (-,-) 
  csm_inst_g48714/z                 (u)     in_1->z F     unmapped_complex2      1   4.0     0   108    1420    (-,-) 
  csm_inst_g48560/z                 (u)     in_1->z F     unmapped_or2           1   4.0     0   108    1528    (-,-) 
  csm_inst_g48538/z                 (u)     in_1->z R     unmapped_nand2         1   4.0     0   108    1636    (-,-) 
  csm_inst_g48469/z                 (u)     in_0->z F     unmapped_complex2      2   8.0     0   139    1774    (-,-) 
  csm_inst_g48345/z                 (u)     in_1->z R     unmapped_complex2      1   4.0     0   108    1882    (-,-) 
  csm_inst_g48346/z                 (u)     in_1->z F     unmapped_nand2        13  52.0     0   240    2122    (-,-) 
  csm_inst_g16590/z                 (u)     in_1->z F     unmapped_or2           8  32.0     0   220    2342    (-,-) 
  csm_inst_g32931/z                 (u)     in_0->z R     unmapped_nand2         1   4.0     0   108    2449    (-,-) 
  csm_inst_g47882/z                 (u)     in_0->z F     unmapped_nand2         1   4.0     0   108    2557    (-,-) 
  csm_inst_g47449/z                 (u)     in_1->z R     unmapped_complex2      1   4.0     0   108    2665    (-,-) 
  csm_inst_g47288/z                 (u)     in_1->z F     unmapped_nand2         1   4.0     0   108    2773    (-,-) 
  csm_inst_g47183/z                 (u)     in_0->z F     unmapped_complex2      2   8.0     0   139    2912    (-,-) 
  csm_inst_g47101/z                 (u)     in_1->z F     unmapped_or2           1   4.0     0   108    3019    (-,-) 
  csm_inst_g47087/z                 (u)     in_1->z F     unmapped_or2           1   4.0     0   108    3127    (-,-) 
  csm_inst_g47046/z                 (u)     in_0->z R     unmapped_complex2      1   4.0     0   108    3235    (-,-) 
  csm_inst_g47010/z                 (u)     in_1->z R     unmapped_or2           1   4.0     0   108    3343    (-,-) 
  csm_inst_right_reg_reg[1]/d       -       -       R     unmapped_d_flop        1     -     -     0    3343    (-,-) 
#---------------------------------------------------------------------------------------------------------------------

(u) : Net has unmapped pin(s).



Path 33: VIOLATED (-544 ps) Setup Check with Pin csm_inst_round_counter_reg[3]/clk->d
          Group: C2C
     Startpoint: (R) csm_inst_round_counter_reg[0]/clk
          Clock: (R) clk
       Endpoint: (R) csm_inst_round_counter_reg[3]/d
          Clock: (R) clk

                     Capture       Launch     
        Clock Edge:+    1000            0     
       Src Latency:+       0            0     
       Net Latency:+       0 (I)        0 (I) 
           Arrival:=    1000            0     
                                              
             Setup:-      75                  
     Required Time:=     925                  
      Launch Clock:-       0                  
         Data Path:-    1469                  
             Slack:=    -544                  

#---------------------------------------------------------------------------------------------------------------------
#           Timing Point            Flags    Arc    Edge       Cell         Fanout  Load Trans Delay Arrival Instance 
#                                                                                   (fF)  (ps)  (ps)   (ps)  Location 
#---------------------------------------------------------------------------------------------------------------------
  csm_inst_round_counter_reg[0]/clk -       -       R     (arrival)            335     -     0     0       0    (-,-) 
  csm_inst_round_counter_reg[0]/q   (u)     clk->q  F     unmapped_d_flop      178 712.0     0   561     561    (-,-) 
  csm_inst_g26809/z                 (u)     in_1->z R     unmapped_nand2         3  12.0     0   179     740    (-,-) 
  csm_inst_g28941/z                 (u)     in_1->z R     unmapped_complex2     40 160.0     0   298    1038    (-,-) 
  csm_inst_g50261/z                 (u)     in_1->z F     unmapped_complex2      1   4.0     0   108    1146    (-,-) 
  csm_inst_g49238/z                 (u)     in_0->z R     unmapped_complex2      1   4.0     0   108    1253    (-,-) 
  csm_inst_g48983/z                 (u)     in_0->z F     unmapped_nand2         1   4.0     0   108    1361    (-,-) 
  csm_inst_g48682/z                 (u)     in_1->z R     unmapped_nand2         1   4.0     0   108    1469    (-,-) 
  csm_inst_round_counter_reg[3]/d   -       -       R     unmapped_d_flop        1     -     -     0    1469    (-,-) 
#---------------------------------------------------------------------------------------------------------------------

(u) : Net has unmapped pin(s).



Path 34: VIOLATED (-436 ps) Setup Check with Pin csm_inst_state_reg[0]/clk->d
          Group: C2C
     Startpoint: (R) csm_inst_round_counter_reg[0]/clk
          Clock: (R) clk
       Endpoint: (R) csm_inst_state_reg[0]/d
          Clock: (R) clk

                     Capture       Launch     
        Clock Edge:+    1000            0     
       Src Latency:+       0            0     
       Net Latency:+       0 (I)        0 (I) 
           Arrival:=    1000            0     
                                              
             Setup:-      75                  
     Required Time:=     925                  
      Launch Clock:-       0                  
         Data Path:-    1361                  
             Slack:=    -436                  

#---------------------------------------------------------------------------------------------------------------------
#           Timing Point            Flags    Arc    Edge       Cell         Fanout  Load Trans Delay Arrival Instance 
#                                                                                   (fF)  (ps)  (ps)   (ps)  Location 
#---------------------------------------------------------------------------------------------------------------------
  csm_inst_round_counter_reg[0]/clk -       -       R     (arrival)            335     -     0     0       0    (-,-) 
  csm_inst_round_counter_reg[0]/q   (u)     clk->q  R     unmapped_d_flop      178 712.0     0   561     561    (-,-) 
  csm_inst_g26809/z                 (u)     in_1->z F     unmapped_nand2         3  12.0     0   179     740    (-,-) 
  csm_inst_g28941/z                 (u)     in_1->z F     unmapped_complex2     40 160.0     0   298    1038    (-,-) 
  csm_inst_g50256/z                 (u)     in_1->z F     unmapped_complex2      1   4.0     0   108    1146    (-,-) 
  csm_inst_g49230/z                 (u)     in_1->z F     unmapped_or2           1   4.0     0   108    1253    (-,-) 
  csm_inst_g48970/z                 (u)     in_1->z R     unmapped_nand2         1   4.0     0   108    1361    (-,-) 
  csm_inst_state_reg[0]/d           -       -       R     unmapped_d_flop        1     -     -     0    1361    (-,-) 
#---------------------------------------------------------------------------------------------------------------------

(u) : Net has unmapped pin(s).



Path 35: VIOLATED (-282 ps) Setup Check with Pin csm_inst_left_reg_reg[31]/clk->d
          Group: C2C
     Startpoint: (R) csm_inst_state_reg[2]/clk
          Clock: (R) clk
       Endpoint: (R) csm_inst_left_reg_reg[31]/d
          Clock: (R) clk

                     Capture       Launch     
        Clock Edge:+    1000            0     
       Src Latency:+       0            0     
       Net Latency:+       0 (I)        0 (I) 
           Arrival:=    1000            0     
                                              
             Setup:-      75                  
     Required Time:=     925                  
      Launch Clock:-       0                  
         Data Path:-    1207                  
             Slack:=    -282                  

#---------------------------------------------------------------------------------------------------------------
#        Timing Point         Flags    Arc    Edge       Cell         Fanout  Load Trans Delay Arrival Instance 
#                                                                             (fF)  (ps)  (ps)   (ps)  Location 
#---------------------------------------------------------------------------------------------------------------
  csm_inst_state_reg[2]/clk   -       -       R     (arrival)            335     -     0     0       0    (-,-) 
  csm_inst_state_reg[2]/q     (u)     clk->q  F     unmapped_d_flop        5  20.0     0   335     335    (-,-) 
  csm_inst_g27937/z           (u)     in_1->z F     unmapped_complex2      5  20.0     0   198     534    (-,-) 
  csm_inst_g50550/z           (u)     in_0->z F     unmapped_or2          86 344.0     0   350     884    (-,-) 
  csm_inst_g50335/z           (u)     in_1->z F     unmapped_complex2      1   4.0     0   108     991    (-,-) 
  csm_inst_g49371/z           (u)     in_1->z R     unmapped_nand2         1   4.0     0   108    1099    (-,-) 
  csm_inst_g48948/z           (u)     in_1->z R     unmapped_complex2      1   4.0     0   108    1207    (-,-) 
  csm_inst_left_reg_reg[31]/d -       -       R     unmapped_d_flop        1     -     -     0    1207    (-,-) 
#---------------------------------------------------------------------------------------------------------------

(u) : Net has unmapped pin(s).



Path 36: VIOLATED (-282 ps) Setup Check with Pin csm_inst_left_reg_reg[30]/clk->d
          Group: C2C
     Startpoint: (R) csm_inst_state_reg[2]/clk
          Clock: (R) clk
       Endpoint: (R) csm_inst_left_reg_reg[30]/d
          Clock: (R) clk

                     Capture       Launch     
        Clock Edge:+    1000            0     
       Src Latency:+       0            0     
       Net Latency:+       0 (I)        0 (I) 
           Arrival:=    1000            0     
                                              
             Setup:-      75                  
     Required Time:=     925                  
      Launch Clock:-       0                  
         Data Path:-    1207                  
             Slack:=    -282                  

#---------------------------------------------------------------------------------------------------------------
#        Timing Point         Flags    Arc    Edge       Cell         Fanout  Load Trans Delay Arrival Instance 
#                                                                             (fF)  (ps)  (ps)   (ps)  Location 
#---------------------------------------------------------------------------------------------------------------
  csm_inst_state_reg[2]/clk   -       -       R     (arrival)            335     -     0     0       0    (-,-) 
  csm_inst_state_reg[2]/q     (u)     clk->q  F     unmapped_d_flop        5  20.0     0   335     335    (-,-) 
  csm_inst_g27937/z           (u)     in_1->z F     unmapped_complex2      5  20.0     0   198     534    (-,-) 
  csm_inst_g50550/z           (u)     in_0->z F     unmapped_or2          86 344.0     0   350     884    (-,-) 
  csm_inst_g50338/z           (u)     in_1->z F     unmapped_complex2      1   4.0     0   108     991    (-,-) 
  csm_inst_g49380/z           (u)     in_1->z R     unmapped_nand2         1   4.0     0   108    1099    (-,-) 
  csm_inst_g48971/z           (u)     in_1->z R     unmapped_complex2      1   4.0     0   108    1207    (-,-) 
  csm_inst_left_reg_reg[30]/d -       -       R     unmapped_d_flop        1     -     -     0    1207    (-,-) 
#---------------------------------------------------------------------------------------------------------------

(u) : Net has unmapped pin(s).



Path 37: VIOLATED (-282 ps) Setup Check with Pin csm_inst_left_reg_reg[29]/clk->d
          Group: C2C
     Startpoint: (R) csm_inst_state_reg[2]/clk
          Clock: (R) clk
       Endpoint: (R) csm_inst_left_reg_reg[29]/d
          Clock: (R) clk

                     Capture       Launch     
        Clock Edge:+    1000            0     
       Src Latency:+       0            0     
       Net Latency:+       0 (I)        0 (I) 
           Arrival:=    1000            0     
                                              
             Setup:-      75                  
     Required Time:=     925                  
      Launch Clock:-       0                  
         Data Path:-    1207                  
             Slack:=    -282                  

#---------------------------------------------------------------------------------------------------------------
#        Timing Point         Flags    Arc    Edge       Cell         Fanout  Load Trans Delay Arrival Instance 
#                                                                             (fF)  (ps)  (ps)   (ps)  Location 
#---------------------------------------------------------------------------------------------------------------
  csm_inst_state_reg[2]/clk   -       -       R     (arrival)            335     -     0     0       0    (-,-) 
  csm_inst_state_reg[2]/q     (u)     clk->q  F     unmapped_d_flop        5  20.0     0   335     335    (-,-) 
  csm_inst_g27937/z           (u)     in_1->z F     unmapped_complex2      5  20.0     0   198     534    (-,-) 
  csm_inst_g50550/z           (u)     in_0->z F     unmapped_or2          86 344.0     0   350     884    (-,-) 
  csm_inst_g50345/z           (u)     in_1->z F     unmapped_complex2      1   4.0     0   108     991    (-,-) 
  csm_inst_g49390/z           (u)     in_1->z R     unmapped_nand2         1   4.0     0   108    1099    (-,-) 
  csm_inst_g49003/z           (u)     in_1->z R     unmapped_complex2      1   4.0     0   108    1207    (-,-) 
  csm_inst_left_reg_reg[29]/d -       -       R     unmapped_d_flop        1     -     -     0    1207    (-,-) 
#---------------------------------------------------------------------------------------------------------------

(u) : Net has unmapped pin(s).



Path 38: VIOLATED (-282 ps) Setup Check with Pin csm_inst_left_reg_reg[28]/clk->d
          Group: C2C
     Startpoint: (R) csm_inst_state_reg[2]/clk
          Clock: (R) clk
       Endpoint: (R) csm_inst_left_reg_reg[28]/d
          Clock: (R) clk

                     Capture       Launch     
        Clock Edge:+    1000            0     
       Src Latency:+       0            0     
       Net Latency:+       0 (I)        0 (I) 
           Arrival:=    1000            0     
                                              
             Setup:-      75                  
     Required Time:=     925                  
      Launch Clock:-       0                  
         Data Path:-    1207                  
             Slack:=    -282                  

#---------------------------------------------------------------------------------------------------------------
#        Timing Point         Flags    Arc    Edge       Cell         Fanout  Load Trans Delay Arrival Instance 
#                                                                             (fF)  (ps)  (ps)   (ps)  Location 
#---------------------------------------------------------------------------------------------------------------
  csm_inst_state_reg[2]/clk   -       -       R     (arrival)            335     -     0     0       0    (-,-) 
  csm_inst_state_reg[2]/q     (u)     clk->q  F     unmapped_d_flop        5  20.0     0   335     335    (-,-) 
  csm_inst_g27937/z           (u)     in_1->z F     unmapped_complex2      5  20.0     0   198     534    (-,-) 
  csm_inst_g50550/z           (u)     in_0->z F     unmapped_or2          86 344.0     0   350     884    (-,-) 
  csm_inst_g50347/z           (u)     in_1->z F     unmapped_complex2      1   4.0     0   108     991    (-,-) 
  csm_inst_g49396/z           (u)     in_1->z R     unmapped_nand2         1   4.0     0   108    1099    (-,-) 
  csm_inst_g49025/z           (u)     in_1->z R     unmapped_complex2      1   4.0     0   108    1207    (-,-) 
  csm_inst_left_reg_reg[28]/d -       -       R     unmapped_d_flop        1     -     -     0    1207    (-,-) 
#---------------------------------------------------------------------------------------------------------------

(u) : Net has unmapped pin(s).



Path 39: VIOLATED (-282 ps) Setup Check with Pin csm_inst_left_reg_reg[27]/clk->d
          Group: C2C
     Startpoint: (R) csm_inst_state_reg[2]/clk
          Clock: (R) clk
       Endpoint: (R) csm_inst_left_reg_reg[27]/d
          Clock: (R) clk

                     Capture       Launch     
        Clock Edge:+    1000            0     
       Src Latency:+       0            0     
       Net Latency:+       0 (I)        0 (I) 
           Arrival:=    1000            0     
                                              
             Setup:-      75                  
     Required Time:=     925                  
      Launch Clock:-       0                  
         Data Path:-    1207                  
             Slack:=    -282                  

#---------------------------------------------------------------------------------------------------------------
#        Timing Point         Flags    Arc    Edge       Cell         Fanout  Load Trans Delay Arrival Instance 
#                                                                             (fF)  (ps)  (ps)   (ps)  Location 
#---------------------------------------------------------------------------------------------------------------
  csm_inst_state_reg[2]/clk   -       -       R     (arrival)            335     -     0     0       0    (-,-) 
  csm_inst_state_reg[2]/q     (u)     clk->q  F     unmapped_d_flop        5  20.0     0   335     335    (-,-) 
  csm_inst_g27937/z           (u)     in_1->z F     unmapped_complex2      5  20.0     0   198     534    (-,-) 
  csm_inst_g50550/z           (u)     in_0->z F     unmapped_or2          86 344.0     0   350     884    (-,-) 
  csm_inst_g50349/z           (u)     in_1->z F     unmapped_complex2      1   4.0     0   108     991    (-,-) 
  csm_inst_g49400/z           (u)     in_1->z R     unmapped_nand2         1   4.0     0   108    1099    (-,-) 
  csm_inst_g49040/z           (u)     in_1->z R     unmapped_complex2      1   4.0     0   108    1207    (-,-) 
  csm_inst_left_reg_reg[27]/d -       -       R     unmapped_d_flop        1     -     -     0    1207    (-,-) 
#---------------------------------------------------------------------------------------------------------------

(u) : Net has unmapped pin(s).



Path 40: VIOLATED (-282 ps) Setup Check with Pin csm_inst_left_reg_reg[26]/clk->d
          Group: C2C
     Startpoint: (R) csm_inst_state_reg[2]/clk
          Clock: (R) clk
       Endpoint: (R) csm_inst_left_reg_reg[26]/d
          Clock: (R) clk

                     Capture       Launch     
        Clock Edge:+    1000            0     
       Src Latency:+       0            0     
       Net Latency:+       0 (I)        0 (I) 
           Arrival:=    1000            0     
                                              
             Setup:-      75                  
     Required Time:=     925                  
      Launch Clock:-       0                  
         Data Path:-    1207                  
             Slack:=    -282                  

#---------------------------------------------------------------------------------------------------------------
#        Timing Point         Flags    Arc    Edge       Cell         Fanout  Load Trans Delay Arrival Instance 
#                                                                             (fF)  (ps)  (ps)   (ps)  Location 
#---------------------------------------------------------------------------------------------------------------
  csm_inst_state_reg[2]/clk   -       -       R     (arrival)            335     -     0     0       0    (-,-) 
  csm_inst_state_reg[2]/q     (u)     clk->q  F     unmapped_d_flop        5  20.0     0   335     335    (-,-) 
  csm_inst_g27937/z           (u)     in_1->z F     unmapped_complex2      5  20.0     0   198     534    (-,-) 
  csm_inst_g50550/z           (u)     in_0->z F     unmapped_or2          86 344.0     0   350     884    (-,-) 
  csm_inst_g50352/z           (u)     in_1->z F     unmapped_complex2      1   4.0     0   108     991    (-,-) 
  csm_inst_g49409/z           (u)     in_1->z R     unmapped_nand2         1   4.0     0   108    1099    (-,-) 
  csm_inst_g49054/z           (u)     in_1->z R     unmapped_complex2      1   4.0     0   108    1207    (-,-) 
  csm_inst_left_reg_reg[26]/d -       -       R     unmapped_d_flop        1     -     -     0    1207    (-,-) 
#---------------------------------------------------------------------------------------------------------------

(u) : Net has unmapped pin(s).



Path 41: VIOLATED (-282 ps) Setup Check with Pin csm_inst_left_reg_reg[25]/clk->d
          Group: C2C
     Startpoint: (R) csm_inst_state_reg[2]/clk
          Clock: (R) clk
       Endpoint: (R) csm_inst_left_reg_reg[25]/d
          Clock: (R) clk

                     Capture       Launch     
        Clock Edge:+    1000            0     
       Src Latency:+       0            0     
       Net Latency:+       0 (I)        0 (I) 
           Arrival:=    1000            0     
                                              
             Setup:-      75                  
     Required Time:=     925                  
      Launch Clock:-       0                  
         Data Path:-    1207                  
             Slack:=    -282                  

#---------------------------------------------------------------------------------------------------------------
#        Timing Point         Flags    Arc    Edge       Cell         Fanout  Load Trans Delay Arrival Instance 
#                                                                             (fF)  (ps)  (ps)   (ps)  Location 
#---------------------------------------------------------------------------------------------------------------
  csm_inst_state_reg[2]/clk   -       -       R     (arrival)            335     -     0     0       0    (-,-) 
  csm_inst_state_reg[2]/q     (u)     clk->q  F     unmapped_d_flop        5  20.0     0   335     335    (-,-) 
  csm_inst_g27937/z           (u)     in_1->z F     unmapped_complex2      5  20.0     0   198     534    (-,-) 
  csm_inst_g50550/z           (u)     in_0->z F     unmapped_or2          86 344.0     0   350     884    (-,-) 
  csm_inst_g50331/z           (u)     in_1->z F     unmapped_complex2      1   4.0     0   108     991    (-,-) 
  csm_inst_g49369/z           (u)     in_1->z R     unmapped_nand2         1   4.0     0   108    1099    (-,-) 
  csm_inst_g48944/z           (u)     in_1->z R     unmapped_complex2      1   4.0     0   108    1207    (-,-) 
  csm_inst_left_reg_reg[25]/d -       -       R     unmapped_d_flop        1     -     -     0    1207    (-,-) 
#---------------------------------------------------------------------------------------------------------------

(u) : Net has unmapped pin(s).



Path 42: VIOLATED (-282 ps) Setup Check with Pin csm_inst_left_reg_reg[24]/clk->d
          Group: C2C
     Startpoint: (R) csm_inst_state_reg[2]/clk
          Clock: (R) clk
       Endpoint: (R) csm_inst_left_reg_reg[24]/d
          Clock: (R) clk

                     Capture       Launch     
        Clock Edge:+    1000            0     
       Src Latency:+       0            0     
       Net Latency:+       0 (I)        0 (I) 
           Arrival:=    1000            0     
                                              
             Setup:-      75                  
     Required Time:=     925                  
      Launch Clock:-       0                  
         Data Path:-    1207                  
             Slack:=    -282                  

#---------------------------------------------------------------------------------------------------------------
#        Timing Point         Flags    Arc    Edge       Cell         Fanout  Load Trans Delay Arrival Instance 
#                                                                             (fF)  (ps)  (ps)   (ps)  Location 
#---------------------------------------------------------------------------------------------------------------
  csm_inst_state_reg[2]/clk   -       -       R     (arrival)            335     -     0     0       0    (-,-) 
  csm_inst_state_reg[2]/q     (u)     clk->q  F     unmapped_d_flop        5  20.0     0   335     335    (-,-) 
  csm_inst_g27937/z           (u)     in_1->z F     unmapped_complex2      5  20.0     0   198     534    (-,-) 
  csm_inst_g50550/z           (u)     in_0->z F     unmapped_or2          86 344.0     0   350     884    (-,-) 
  csm_inst_g50355/z           (u)     in_1->z F     unmapped_complex2      1   4.0     0   108     991    (-,-) 
  csm_inst_g49417/z           (u)     in_1->z R     unmapped_nand2         1   4.0     0   108    1099    (-,-) 
  csm_inst_g49084/z           (u)     in_1->z R     unmapped_complex2      1   4.0     0   108    1207    (-,-) 
  csm_inst_left_reg_reg[24]/d -       -       R     unmapped_d_flop        1     -     -     0    1207    (-,-) 
#---------------------------------------------------------------------------------------------------------------

(u) : Net has unmapped pin(s).



Path 43: VIOLATED (-282 ps) Setup Check with Pin csm_inst_left_reg_reg[23]/clk->d
          Group: C2C
     Startpoint: (R) csm_inst_state_reg[2]/clk
          Clock: (R) clk
       Endpoint: (R) csm_inst_left_reg_reg[23]/d
          Clock: (R) clk

                     Capture       Launch     
        Clock Edge:+    1000            0     
       Src Latency:+       0            0     
       Net Latency:+       0 (I)        0 (I) 
           Arrival:=    1000            0     
                                              
             Setup:-      75                  
     Required Time:=     925                  
      Launch Clock:-       0                  
         Data Path:-    1207                  
             Slack:=    -282                  

#---------------------------------------------------------------------------------------------------------------
#        Timing Point         Flags    Arc    Edge       Cell         Fanout  Load Trans Delay Arrival Instance 
#                                                                             (fF)  (ps)  (ps)   (ps)  Location 
#---------------------------------------------------------------------------------------------------------------
  csm_inst_state_reg[2]/clk   -       -       R     (arrival)            335     -     0     0       0    (-,-) 
  csm_inst_state_reg[2]/q     (u)     clk->q  F     unmapped_d_flop        5  20.0     0   335     335    (-,-) 
  csm_inst_g27937/z           (u)     in_1->z F     unmapped_complex2      5  20.0     0   198     534    (-,-) 
  csm_inst_g50550/z           (u)     in_0->z F     unmapped_or2          86 344.0     0   350     884    (-,-) 
  csm_inst_g50360/z           (u)     in_1->z F     unmapped_complex2      1   4.0     0   108     991    (-,-) 
  csm_inst_g49421/z           (u)     in_1->z R     unmapped_nand2         1   4.0     0   108    1099    (-,-) 
  csm_inst_g48795/z           (u)     in_1->z R     unmapped_complex2      1   4.0     0   108    1207    (-,-) 
  csm_inst_left_reg_reg[23]/d -       -       R     unmapped_d_flop        1     -     -     0    1207    (-,-) 
#---------------------------------------------------------------------------------------------------------------

(u) : Net has unmapped pin(s).



Path 44: VIOLATED (-282 ps) Setup Check with Pin csm_inst_left_reg_reg[22]/clk->d
          Group: C2C
     Startpoint: (R) csm_inst_state_reg[2]/clk
          Clock: (R) clk
       Endpoint: (R) csm_inst_left_reg_reg[22]/d
          Clock: (R) clk

                     Capture       Launch     
        Clock Edge:+    1000            0     
       Src Latency:+       0            0     
       Net Latency:+       0 (I)        0 (I) 
           Arrival:=    1000            0     
                                              
             Setup:-      75                  
     Required Time:=     925                  
      Launch Clock:-       0                  
         Data Path:-    1207                  
             Slack:=    -282                  

#---------------------------------------------------------------------------------------------------------------
#        Timing Point         Flags    Arc    Edge       Cell         Fanout  Load Trans Delay Arrival Instance 
#                                                                             (fF)  (ps)  (ps)   (ps)  Location 
#---------------------------------------------------------------------------------------------------------------
  csm_inst_state_reg[2]/clk   -       -       R     (arrival)            335     -     0     0       0    (-,-) 
  csm_inst_state_reg[2]/q     (u)     clk->q  F     unmapped_d_flop        5  20.0     0   335     335    (-,-) 
  csm_inst_g27937/z           (u)     in_1->z F     unmapped_complex2      5  20.0     0   198     534    (-,-) 
  csm_inst_g50550/z           (u)     in_0->z F     unmapped_or2          86 344.0     0   350     884    (-,-) 
  csm_inst_g50365/z           (u)     in_1->z F     unmapped_complex2      1   4.0     0   108     991    (-,-) 
  csm_inst_g49431/z           (u)     in_1->z R     unmapped_nand2         1   4.0     0   108    1099    (-,-) 
  csm_inst_g48824/z           (u)     in_1->z R     unmapped_complex2      1   4.0     0   108    1207    (-,-) 
  csm_inst_left_reg_reg[22]/d -       -       R     unmapped_d_flop        1     -     -     0    1207    (-,-) 
#---------------------------------------------------------------------------------------------------------------

(u) : Net has unmapped pin(s).



Path 45: VIOLATED (-282 ps) Setup Check with Pin csm_inst_left_reg_reg[21]/clk->d
          Group: C2C
     Startpoint: (R) csm_inst_state_reg[2]/clk
          Clock: (R) clk
       Endpoint: (R) csm_inst_left_reg_reg[21]/d
          Clock: (R) clk

                     Capture       Launch     
        Clock Edge:+    1000            0     
       Src Latency:+       0            0     
       Net Latency:+       0 (I)        0 (I) 
           Arrival:=    1000            0     
                                              
             Setup:-      75                  
     Required Time:=     925                  
      Launch Clock:-       0                  
         Data Path:-    1207                  
             Slack:=    -282                  

#---------------------------------------------------------------------------------------------------------------
#        Timing Point         Flags    Arc    Edge       Cell         Fanout  Load Trans Delay Arrival Instance 
#                                                                             (fF)  (ps)  (ps)   (ps)  Location 
#---------------------------------------------------------------------------------------------------------------
  csm_inst_state_reg[2]/clk   -       -       R     (arrival)            335     -     0     0       0    (-,-) 
  csm_inst_state_reg[2]/q     (u)     clk->q  F     unmapped_d_flop        5  20.0     0   335     335    (-,-) 
  csm_inst_g27937/z           (u)     in_1->z F     unmapped_complex2      5  20.0     0   198     534    (-,-) 
  csm_inst_g50550/z           (u)     in_0->z F     unmapped_or2          86 344.0     0   350     884    (-,-) 
  csm_inst_g50369/z           (u)     in_1->z F     unmapped_complex2      1   4.0     0   108     991    (-,-) 
  csm_inst_g49439/z           (u)     in_1->z R     unmapped_nand2         1   4.0     0   108    1099    (-,-) 
  csm_inst_g48873/z           (u)     in_1->z R     unmapped_complex2      1   4.0     0   108    1207    (-,-) 
  csm_inst_left_reg_reg[21]/d -       -       R     unmapped_d_flop        1     -     -     0    1207    (-,-) 
#---------------------------------------------------------------------------------------------------------------

(u) : Net has unmapped pin(s).



Path 46: VIOLATED (-282 ps) Setup Check with Pin csm_inst_left_reg_reg[20]/clk->d
          Group: C2C
     Startpoint: (R) csm_inst_state_reg[2]/clk
          Clock: (R) clk
       Endpoint: (R) csm_inst_left_reg_reg[20]/d
          Clock: (R) clk

                     Capture       Launch     
        Clock Edge:+    1000            0     
       Src Latency:+       0            0     
       Net Latency:+       0 (I)        0 (I) 
           Arrival:=    1000            0     
                                              
             Setup:-      75                  
     Required Time:=     925                  
      Launch Clock:-       0                  
         Data Path:-    1207                  
             Slack:=    -282                  

#---------------------------------------------------------------------------------------------------------------
#        Timing Point         Flags    Arc    Edge       Cell         Fanout  Load Trans Delay Arrival Instance 
#                                                                             (fF)  (ps)  (ps)   (ps)  Location 
#---------------------------------------------------------------------------------------------------------------
  csm_inst_state_reg[2]/clk   -       -       R     (arrival)            335     -     0     0       0    (-,-) 
  csm_inst_state_reg[2]/q     (u)     clk->q  F     unmapped_d_flop        5  20.0     0   335     335    (-,-) 
  csm_inst_g27937/z           (u)     in_1->z F     unmapped_complex2      5  20.0     0   198     534    (-,-) 
  csm_inst_g50550/z           (u)     in_0->z F     unmapped_or2          86 344.0     0   350     884    (-,-) 
  csm_inst_g50265/z           (u)     in_1->z F     unmapped_complex2      1   4.0     0   108     991    (-,-) 
  csm_inst_g49241/z           (u)     in_1->z R     unmapped_nand2         1   4.0     0   108    1099    (-,-) 
  csm_inst_g48993/z           (u)     in_1->z R     unmapped_complex2      1   4.0     0   108    1207    (-,-) 
  csm_inst_left_reg_reg[20]/d -       -       R     unmapped_d_flop        1     -     -     0    1207    (-,-) 
#---------------------------------------------------------------------------------------------------------------

(u) : Net has unmapped pin(s).



Path 47: VIOLATED (-282 ps) Setup Check with Pin csm_inst_left_reg_reg[19]/clk->d
          Group: C2C
     Startpoint: (R) csm_inst_state_reg[2]/clk
          Clock: (R) clk
       Endpoint: (R) csm_inst_left_reg_reg[19]/d
          Clock: (R) clk

                     Capture       Launch     
        Clock Edge:+    1000            0     
       Src Latency:+       0            0     
       Net Latency:+       0 (I)        0 (I) 
           Arrival:=    1000            0     
                                              
             Setup:-      75                  
     Required Time:=     925                  
      Launch Clock:-       0                  
         Data Path:-    1207                  
             Slack:=    -282                  

#---------------------------------------------------------------------------------------------------------------
#        Timing Point         Flags    Arc    Edge       Cell         Fanout  Load Trans Delay Arrival Instance 
#                                                                             (fF)  (ps)  (ps)   (ps)  Location 
#---------------------------------------------------------------------------------------------------------------
  csm_inst_state_reg[2]/clk   -       -       R     (arrival)            335     -     0     0       0    (-,-) 
  csm_inst_state_reg[2]/q     (u)     clk->q  F     unmapped_d_flop        5  20.0     0   335     335    (-,-) 
  csm_inst_g27937/z           (u)     in_1->z F     unmapped_complex2      5  20.0     0   198     534    (-,-) 
  csm_inst_g50550/z           (u)     in_0->z F     unmapped_or2          86 344.0     0   350     884    (-,-) 
  csm_inst_g50269/z           (u)     in_1->z F     unmapped_complex2      1   4.0     0   108     991    (-,-) 
  csm_inst_g49248/z           (u)     in_1->z R     unmapped_nand2         1   4.0     0   108    1099    (-,-) 
  csm_inst_g49002/z           (u)     in_1->z R     unmapped_complex2      1   4.0     0   108    1207    (-,-) 
  csm_inst_left_reg_reg[19]/d -       -       R     unmapped_d_flop        1     -     -     0    1207    (-,-) 
#---------------------------------------------------------------------------------------------------------------

(u) : Net has unmapped pin(s).



Path 48: VIOLATED (-282 ps) Setup Check with Pin csm_inst_left_reg_reg[18]/clk->d
          Group: C2C
     Startpoint: (R) csm_inst_state_reg[2]/clk
          Clock: (R) clk
       Endpoint: (R) csm_inst_left_reg_reg[18]/d
          Clock: (R) clk

                     Capture       Launch     
        Clock Edge:+    1000            0     
       Src Latency:+       0            0     
       Net Latency:+       0 (I)        0 (I) 
           Arrival:=    1000            0     
                                              
             Setup:-      75                  
     Required Time:=     925                  
      Launch Clock:-       0                  
         Data Path:-    1207                  
             Slack:=    -282                  

#---------------------------------------------------------------------------------------------------------------
#        Timing Point         Flags    Arc    Edge       Cell         Fanout  Load Trans Delay Arrival Instance 
#                                                                             (fF)  (ps)  (ps)   (ps)  Location 
#---------------------------------------------------------------------------------------------------------------
  csm_inst_state_reg[2]/clk   -       -       R     (arrival)            335     -     0     0       0    (-,-) 
  csm_inst_state_reg[2]/q     (u)     clk->q  F     unmapped_d_flop        5  20.0     0   335     335    (-,-) 
  csm_inst_g27937/z           (u)     in_1->z F     unmapped_complex2      5  20.0     0   198     534    (-,-) 
  csm_inst_g50550/z           (u)     in_0->z F     unmapped_or2          86 344.0     0   350     884    (-,-) 
  csm_inst_g50271/z           (u)     in_1->z F     unmapped_complex2      1   4.0     0   108     991    (-,-) 
  csm_inst_g49253/z           (u)     in_1->z R     unmapped_nand2         1   4.0     0   108    1099    (-,-) 
  csm_inst_g49009/z           (u)     in_1->z R     unmapped_complex2      1   4.0     0   108    1207    (-,-) 
  csm_inst_left_reg_reg[18]/d -       -       R     unmapped_d_flop        1     -     -     0    1207    (-,-) 
#---------------------------------------------------------------------------------------------------------------

(u) : Net has unmapped pin(s).



Path 49: VIOLATED (-282 ps) Setup Check with Pin csm_inst_left_reg_reg[17]/clk->d
          Group: C2C
     Startpoint: (R) csm_inst_state_reg[2]/clk
          Clock: (R) clk
       Endpoint: (R) csm_inst_left_reg_reg[17]/d
          Clock: (R) clk

                     Capture       Launch     
        Clock Edge:+    1000            0     
       Src Latency:+       0            0     
       Net Latency:+       0 (I)        0 (I) 
           Arrival:=    1000            0     
                                              
             Setup:-      75                  
     Required Time:=     925                  
      Launch Clock:-       0                  
         Data Path:-    1207                  
             Slack:=    -282                  

#---------------------------------------------------------------------------------------------------------------
#        Timing Point         Flags    Arc    Edge       Cell         Fanout  Load Trans Delay Arrival Instance 
#                                                                             (fF)  (ps)  (ps)   (ps)  Location 
#---------------------------------------------------------------------------------------------------------------
  csm_inst_state_reg[2]/clk   -       -       R     (arrival)            335     -     0     0       0    (-,-) 
  csm_inst_state_reg[2]/q     (u)     clk->q  F     unmapped_d_flop        5  20.0     0   335     335    (-,-) 
  csm_inst_g27937/z           (u)     in_1->z F     unmapped_complex2      5  20.0     0   198     534    (-,-) 
  csm_inst_g50550/z           (u)     in_0->z F     unmapped_or2          86 344.0     0   350     884    (-,-) 
  csm_inst_g50273/z           (u)     in_1->z F     unmapped_complex2      1   4.0     0   108     991    (-,-) 
  csm_inst_g49258/z           (u)     in_1->z R     unmapped_nand2         1   4.0     0   108    1099    (-,-) 
  csm_inst_g49019/z           (u)     in_1->z R     unmapped_complex2      1   4.0     0   108    1207    (-,-) 
  csm_inst_left_reg_reg[17]/d -       -       R     unmapped_d_flop        1     -     -     0    1207    (-,-) 
#---------------------------------------------------------------------------------------------------------------

(u) : Net has unmapped pin(s).



Path 50: VIOLATED (-282 ps) Setup Check with Pin csm_inst_left_reg_reg[16]/clk->d
          Group: C2C
     Startpoint: (R) csm_inst_state_reg[2]/clk
          Clock: (R) clk
       Endpoint: (R) csm_inst_left_reg_reg[16]/d
          Clock: (R) clk

                     Capture       Launch     
        Clock Edge:+    1000            0     
       Src Latency:+       0            0     
       Net Latency:+       0 (I)        0 (I) 
           Arrival:=    1000            0     
                                              
             Setup:-      75                  
     Required Time:=     925                  
      Launch Clock:-       0                  
         Data Path:-    1207                  
             Slack:=    -282                  

#---------------------------------------------------------------------------------------------------------------
#        Timing Point         Flags    Arc    Edge       Cell         Fanout  Load Trans Delay Arrival Instance 
#                                                                             (fF)  (ps)  (ps)   (ps)  Location 
#---------------------------------------------------------------------------------------------------------------
  csm_inst_state_reg[2]/clk   -       -       R     (arrival)            335     -     0     0       0    (-,-) 
  csm_inst_state_reg[2]/q     (u)     clk->q  F     unmapped_d_flop        5  20.0     0   335     335    (-,-) 
  csm_inst_g27937/z           (u)     in_1->z F     unmapped_complex2      5  20.0     0   198     534    (-,-) 
  csm_inst_g50550/z           (u)     in_0->z F     unmapped_or2          86 344.0     0   350     884    (-,-) 
  csm_inst_g50277/z           (u)     in_1->z F     unmapped_complex2      1   4.0     0   108     991    (-,-) 
  csm_inst_g49261/z           (u)     in_1->z R     unmapped_nand2         1   4.0     0   108    1099    (-,-) 
  csm_inst_g49031/z           (u)     in_1->z R     unmapped_complex2      1   4.0     0   108    1207    (-,-) 
  csm_inst_left_reg_reg[16]/d -       -       R     unmapped_d_flop        1     -     -     0    1207    (-,-) 
#---------------------------------------------------------------------------------------------------------------

(u) : Net has unmapped pin(s).

