============================================================
  Generated by:           Genus(TM) Synthesis Solution 21.15-s080_1
  Generated on:           Nov 30 2025  04:07:03 pm
  Module:                 TopModule
  Operating conditions:   PVT_1P8V_25C 
  Interconnect mode:      global
  Area mode:              timing library
============================================================


Path 1: VIOLATED (-1847 ps) Setup Check with Pin csm_inst_right_reg_reg[11]/CLK->D
          Group: C2C
     Startpoint: (R) csm_inst_round_counter_reg[3]/CLK
          Clock: (R) clk
       Endpoint: (F) csm_inst_right_reg_reg[11]/D
          Clock: (R) clk

                     Capture       Launch     
        Clock Edge:+    1000            0     
       Src Latency:+       0            0     
       Net Latency:+       0 (I)        0 (I) 
           Arrival:=    1000            0     
                                              
             Setup:-     208                  
     Required Time:=     792                  
      Launch Clock:-       0                  
         Data Path:-    2639                  
             Slack:=   -1847                  

#-----------------------------------------------------------------------------------------------------------
#           Timing Point            Flags    Arc   Edge   Cell     Fanout Load Trans Delay Arrival Instance 
#                                                                         (fF)  (ps)  (ps)   (ps)  Location 
#-----------------------------------------------------------------------------------------------------------
  csm_inst_round_counter_reg[3]/CLK -       -      R     (arrival)    335    -     0     0       0    (-,-) 
  csm_inst_round_counter_reg[3]/Q   -       CLK->Q R     DFFQSRX1       1  8.1   136   193     193    (-,-) 
  fopt43/Z                          -       A->Z   F     INVX4          2 24.4    99    89     282    (-,-) 
  fopt42/Z                          -       A->Z   R     INVX8          3 25.9    69    64     346    (-,-) 
  fopt25/Z                          -       A->Z   F     INVX8          2 24.4    54    50     396    (-,-) 
  fopt20/Z                          -       A->Z   R     INVX8          4 27.2    63    54     450    (-,-) 
  fopt19/Z                          -       A->Z   F     INVX4          8 27.7    95    78     528    (-,-) 
  g135628/Z                         -       A->Z   R     NAND2X1        3 11.1   207   142     670    (-,-) 
  g135217/Z                         -       A->Z   F     NAND2X1        4 14.4   165   136     806    (-,-) 
  g134253/Z                         -       A->Z   F     MUX2X1         2  8.2    82   209    1016    (-,-) 
  g133622/Z                         -       A->Z   R     NAND2X1        1  4.8   128    86    1101    (-,-) 
  g133332/Z                         -       A->Z   F     NAND2X1        1  4.9    77    65    1166    (-,-) 
  g133075/Z                         -       A->Z   R     NAND2X1        1  5.2   124    88    1254    (-,-) 
  g132876/Z                         -       B->Z   F     NAND3X1        1  6.5    89    80    1334    (-,-) 
  g132310/Z                         -       S->Z   R     MUX2X1         1 13.0   209   227    1561    (-,-) 
  g132135/Z                         -       A->Z   F     INVX8         12 49.5   116   103    1664    (-,-) 
  g132128/Z                         -       A->Z   R     INVX8          6 21.0    66    61    1725    (-,-) 
  g131542/Z                         -       B->Z   R     AND2X1         3 11.2   181   152    1877    (-,-) 
  g131131__6417/Z                   -       B->Z   F     NOR2X1         1  5.2    94    88    1965    (-,-) 
  g130855__2883/Z                   -       C->Z   R     NAND3X1        1  4.8   155   134    2099    (-,-) 
  g130623__2883/Z                   -       B->Z   F     NAND2X1        1  4.9    95    68    2167    (-,-) 
  g130519__3680/Z                   -       A->Z   R     NAND2X1        1  4.8   117    90    2256    (-,-) 
  g130465__8246/Z                   -       A->Z   F     NAND2X1        1  5.3    79    66    2322    (-,-) 
  g130423__6260/Z                   -       B->Z   R     NOR2X1         2  8.9   161   115    2438    (-,-) 
  g130394/Z                         -       A->Z   F     INVX2          1  4.9    64    55    2493    (-,-) 
  g130348__7098/Z                   -       A->Z   R     NAND2X1        1  5.3   125    84    2577    (-,-) 
  g130305__6783/Z                   -       A->Z   F     NAND3X1        1  4.4    76    62    2639    (-,-) 
  csm_inst_right_reg_reg[11]/D      -       -      F     DFFQSRX1       1    -     -     0    2639    (-,-) 
#-----------------------------------------------------------------------------------------------------------



Path 2: VIOLATED (-1845 ps) Setup Check with Pin csm_inst_right_reg_reg[7]/CLK->D
          Group: C2C
     Startpoint: (R) csm_inst_round_counter_reg[3]/CLK
          Clock: (R) clk
       Endpoint: (F) csm_inst_right_reg_reg[7]/D
          Clock: (R) clk

                     Capture       Launch     
        Clock Edge:+    1000            0     
       Src Latency:+       0            0     
       Net Latency:+       0 (I)        0 (I) 
           Arrival:=    1000            0     
                                              
             Setup:-     209                  
     Required Time:=     791                  
      Launch Clock:-       0                  
         Data Path:-    2636                  
             Slack:=   -1845                  

#-----------------------------------------------------------------------------------------------------------
#           Timing Point            Flags    Arc   Edge   Cell     Fanout Load Trans Delay Arrival Instance 
#                                                                         (fF)  (ps)  (ps)   (ps)  Location 
#-----------------------------------------------------------------------------------------------------------
  csm_inst_round_counter_reg[3]/CLK -       -      R     (arrival)    335    -     0     0       0    (-,-) 
  csm_inst_round_counter_reg[3]/Q   -       CLK->Q R     DFFQSRX1       1  8.1   136   193     193    (-,-) 
  fopt43/Z                          -       A->Z   F     INVX4          2 24.4    99    89     282    (-,-) 
  fopt42/Z                          -       A->Z   R     INVX8          3 25.9    69    64     346    (-,-) 
  fopt41/Z                          -       A->Z   F     INVX4          4 26.8    93    78     424    (-,-) 
  fopt39/Z                          -       A->Z   R     INVX4          4 16.1    78    72     496    (-,-) 
  fopt38/Z                          -       A->Z   F     INVX2          2  8.2    64    59     555    (-,-) 
  g135631/Z                         -       A->Z   R     NAND2X1        3 11.1   207   132     687    (-,-) 
  g135175/Z                         -       A->Z   F     NAND2X1        3 11.1   141   116     803    (-,-) 
  g134243/Z                         -       A->Z   F     MUX2X1         2  8.2    84   205    1008    (-,-) 
  g133598/Z                         -       A->Z   R     NAND2X1        1  4.8   128    86    1094    (-,-) 
  g133338/Z                         -       A->Z   R     AND2X1         1  5.3    95   105    1199    (-,-) 
  g133077/Z                         -       A->Z   F     NAND3X1        1  4.9    77    61    1260    (-,-) 
  g132889/Z                         -       A->Z   R     NAND2X1        1  4.8   119    84    1344    (-,-) 
  g132872/Z                         -       A->Z   F     NAND2X1        1  6.5    88    74    1418    (-,-) 
  g132276/Z                         -       S->Z   R     MUX2X1         3 14.0   223   235    1653    (-,-) 
  g131832/Z                         -       A->Z   F     INVX4          2  9.8    76    64    1717    (-,-) 
  g131564/Z                         -       A->Z   R     NAND2X1        1  8.1   162   111    1828    (-,-) 
  g131433/Z                         -       A->Z   F     INVX4          5 18.2    90    81    1908    (-,-) 
  g131239__2883/Z                   -       B->Z   R     NOR2X1         3 12.0   206   143    2052    (-,-) 
  g131118/Z                         -       A->Z   F     INVX2          3 11.4   108    93    2145    (-,-) 
  g131073__5122/Z                   -       A->Z   R     NAND2X1        1  4.8   114    93    2238    (-,-) 
  g130745__7410/Z                   -       A->Z   F     NAND2X1        1  5.3    77    65    2304    (-,-) 
  g130578__1617/Z                   -       B->Z   R     NOR2X1         2  8.5   155   112    2415    (-,-) 
  g130429__3680/Z                   -       A->Z   F     NAND2X1        1  4.9    83    68    2484    (-,-) 
  g130386__2346/Z                   -       A->Z   R     NAND2X1        1  5.3   130    90    2574    (-,-) 
  g130328__9945/Z                   -       A->Z   F     NAND3X1        1  4.4    77    62    2636    (-,-) 
  csm_inst_right_reg_reg[7]/D       -       -      F     DFFQSRX1       1    -     -     0    2636    (-,-) 
#-----------------------------------------------------------------------------------------------------------



Path 3: VIOLATED (-1844 ps) Setup Check with Pin csm_inst_right_reg_reg[9]/CLK->D
          Group: C2C
     Startpoint: (R) csm_inst_round_counter_reg[3]/CLK
          Clock: (R) clk
       Endpoint: (R) csm_inst_right_reg_reg[9]/D
          Clock: (R) clk

                     Capture       Launch     
        Clock Edge:+    1000            0     
       Src Latency:+       0            0     
       Net Latency:+       0 (I)        0 (I) 
           Arrival:=    1000            0     
                                              
             Setup:-     205                  
     Required Time:=     795                  
      Launch Clock:-       0                  
         Data Path:-    2639                  
             Slack:=   -1844                  

#-----------------------------------------------------------------------------------------------------------
#           Timing Point            Flags    Arc   Edge   Cell     Fanout Load Trans Delay Arrival Instance 
#                                                                         (fF)  (ps)  (ps)   (ps)  Location 
#-----------------------------------------------------------------------------------------------------------
  csm_inst_round_counter_reg[3]/CLK -       -      R     (arrival)    335    -     0     0       0    (-,-) 
  csm_inst_round_counter_reg[3]/Q   -       CLK->Q R     DFFQSRX1       1  8.1   136   193     193    (-,-) 
  fopt43/Z                          -       A->Z   F     INVX4          2 24.4    99    89     282    (-,-) 
  fopt42/Z                          -       A->Z   R     INVX8          3 25.9    69    64     346    (-,-) 
  fopt25/Z                          -       A->Z   F     INVX8          2 24.4    54    50     396    (-,-) 
  fopt20/Z                          -       A->Z   R     INVX8          4 27.2    63    54     450    (-,-) 
  fopt17/Z                          -       A->Z   F     INVX8          8 30.1    60    55     505    (-,-) 
  g135605/Z                         -       A->Z   R     NAND2X1        3 11.1   207   131     636    (-,-) 
  g135472/Z                         -       A->Z   R     AND2X1         2  9.3   153   143     779    (-,-) 
  g135280/Z                         -       A->Z   F     INVX2          2  8.1    80    71     850    (-,-) 
  g134994/Z                         -       A->Z   R     NAND2X1        2  8.0   172   112     962    (-,-) 
  g134152/Z                         -       B->Z   R     AND2X1         1  4.8    89   108    1069    (-,-) 
  g133339/Z                         -       A->Z   F     NAND2X1        1  5.3    74    62    1131    (-,-) 
  g133109/Z                         -       B->Z   F     OR2X1          1  4.9    66   104    1235    (-,-) 
  g132914/Z                         -       A->Z   R     NAND2X1        1  4.8   119    81    1316    (-,-) 
  g132871/Z                         -       A->Z   F     NAND2X1        1  6.5    88    74    1390    (-,-) 
  g132277/Z                         -       S->Z   R     MUX2X1         1  8.1   138   186    1576    (-,-) 
  g131839/Z                         -       A->Z   F     INVX4          3 19.5    87    79    1655    (-,-) 
  g131838/Z                         -       A->Z   R     INVX8          5 18.3    56    53    1707    (-,-) 
  g131581/Z                         -       A->Z   F     NAND2X1        1  8.1    91    70    1778    (-,-) 
  fopt136022/Z                      -       A->Z   R     INVX4          5 17.1    81    73    1851    (-,-) 
  fopt136020/Z                      -       A->Z   F     INVX2          1  4.8    48    46    1897    (-,-) 
  g131348__5115/Z                   -       B->Z   R     NAND2X1        1  4.8   113    88    1985    (-,-) 
  g131047__7098/Z                   -       A->Z   F     NAND2X1        1  4.9    74    63    2048    (-,-) 
  g130834__5107/Z                   -       A->Z   R     NAND2X1        1  4.8   118    83    2131    (-,-) 
  g130680__6161/Z                   -       A->Z   F     NAND2X1        2  9.0   107    88    2219    (-,-) 
  g130589_0/Z                       -       B->Z   R     NOR2X1         1  5.3   115    94    2313    (-,-) 
  g130452__6260/Z                   -       A->Z   F     NAND3X1        1  4.8    78    63    2376    (-,-) 
  g130357__2883/Z                   -       A->Z   F     MUX2X1         1  5.3    65   178    2553    (-,-) 
  g130316__2802/Z                   -       A->Z   R     NAND3X1        1  4.4   148    86    2639    (-,-) 
  csm_inst_right_reg_reg[9]/D       -       -      R     DFFQSRX1       1    -     -     0    2639    (-,-) 
#-----------------------------------------------------------------------------------------------------------



Path 4: VIOLATED (-1842 ps) Setup Check with Pin csm_inst_right_reg_reg[3]/CLK->D
          Group: C2C
     Startpoint: (R) csm_inst_round_counter_reg[3]/CLK
          Clock: (R) clk
       Endpoint: (R) csm_inst_right_reg_reg[3]/D
          Clock: (R) clk

                     Capture       Launch     
        Clock Edge:+    1000            0     
       Src Latency:+       0            0     
       Net Latency:+       0 (I)        0 (I) 
           Arrival:=    1000            0     
                                              
             Setup:-     198                  
     Required Time:=     802                  
      Launch Clock:-       0                  
         Data Path:-    2645                  
             Slack:=   -1842                  

#-----------------------------------------------------------------------------------------------------------
#           Timing Point            Flags    Arc   Edge   Cell     Fanout Load Trans Delay Arrival Instance 
#                                                                         (fF)  (ps)  (ps)   (ps)  Location 
#-----------------------------------------------------------------------------------------------------------
  csm_inst_round_counter_reg[3]/CLK -       -      R     (arrival)    335    -     0     0       0    (-,-) 
  csm_inst_round_counter_reg[3]/Q   -       CLK->Q R     DFFQSRX1       1  8.1   136   193     193    (-,-) 
  fopt43/Z                          -       A->Z   F     INVX4          2 24.4    99    89     282    (-,-) 
  fopt42/Z                          -       A->Z   R     INVX8          3 25.9    69    64     346    (-,-) 
  fopt41/Z                          -       A->Z   F     INVX4          4 26.8    93    78     424    (-,-) 
  fopt36/Z                          -       A->Z   R     INVX8          5 24.0    65    60     484    (-,-) 
  fopt35/Z                          -       A->Z   F     INVX4          2  8.2    42    41     526    (-,-) 
  g135632/Z                         -       A->Z   R     NAND2X1        3 11.1   207   126     651    (-,-) 
  g135151/Z                         -       A->Z   F     NAND2X1        3 11.1   141   116     768    (-,-) 
  g134242/Z                         -       B->Z   F     MUX2X1         2  8.2    84   205     973    (-,-) 
  g133414/Z                         -       A->Z   R     NAND2X1        1  4.8   121    86    1059    (-,-) 
  g133340/Z                         -       A->Z   F     NAND2X1        1  5.2    78    66    1125    (-,-) 
  g133083/Z                         -       A->Z   R     NOR2X1         1  5.3   112    98    1223    (-,-) 
  g132890/Z                         -       B->Z   F     NOR2X1         1  5.3    89    76    1299    (-,-) 
  g132625/Z                         -       B->Z   R     NOR2X1         1  6.5   128    99    1398    (-,-) 
  g132313/Z                         -       S->Z   F     MUX2X1         1 13.0   107   200    1598    (-,-) 
  g132176/Z                         -       A->Z   R     INVX8         12 49.5   107    92    1690    (-,-) 
  g132175/Z                         -       A->Z   F     INVX8          7 24.2    61    57    1747    (-,-) 
  g131576/Z                         -       B->Z   R     NAND2X1        1  8.1   161   119    1867    (-,-) 
  fopt135999/Z                      -       A->Z   F     INVX4          3 17.8    88    80    1946    (-,-) 
  g131293__7482/Z                   -       A->Z   R     NAND2X1        1  4.8   114    88    2034    (-,-) 
  g130881__7482/Z                   -       A->Z   F     NAND2X1        1  4.9    74    63    2097    (-,-) 
  g130739__6161/Z                   -       A->Z   R     NAND2X1        1  5.3   124    88    2184    (-,-) 
  g130707__4733/Z                   -       A->Z   F     NAND3X1        2  9.4   117    90    2274    (-,-) 
  g130654/Z                         -       A->Z   R     INVX2          1  5.3    69    65    2339    (-,-) 
  g130511__5477/Z                   -       A->Z   F     NAND3X1        1  4.8    70    56    2394    (-,-) 
  g130360__7410/Z                   -       A->Z   F     MUX2X1         1  4.9    63   174    2568    (-,-) 
  g130320__7098/Z                   -       A->Z   R     NAND2X1        1  4.4   109    76    2645    (-,-) 
  csm_inst_right_reg_reg[3]/D       -       -      R     DFFQSRX1       1    -     -     0    2645    (-,-) 
#-----------------------------------------------------------------------------------------------------------



Path 5: VIOLATED (-1842 ps) Setup Check with Pin csm_inst_right_reg_reg[27]/CLK->D
          Group: C2C
     Startpoint: (R) csm_inst_round_counter_reg[3]/CLK
          Clock: (R) clk
       Endpoint: (R) csm_inst_right_reg_reg[27]/D
          Clock: (R) clk

                     Capture       Launch     
        Clock Edge:+    1000            0     
       Src Latency:+       0            0     
       Net Latency:+       0 (I)        0 (I) 
           Arrival:=    1000            0     
                                              
             Setup:-     205                  
     Required Time:=     795                  
      Launch Clock:-       0                  
         Data Path:-    2636                  
             Slack:=   -1842                  

#-----------------------------------------------------------------------------------------------------------
#           Timing Point            Flags    Arc   Edge   Cell     Fanout Load Trans Delay Arrival Instance 
#                                                                         (fF)  (ps)  (ps)   (ps)  Location 
#-----------------------------------------------------------------------------------------------------------
  csm_inst_round_counter_reg[3]/CLK -       -      R     (arrival)    335    -     0     0       0    (-,-) 
  csm_inst_round_counter_reg[3]/Q   -       CLK->Q R     DFFQSRX1       1  8.1   136   193     193    (-,-) 
  fopt43/Z                          -       A->Z   F     INVX4          2 24.4    99    89     282    (-,-) 
  fopt42/Z                          -       A->Z   R     INVX8          3 25.9    69    64     346    (-,-) 
  fopt25/Z                          -       A->Z   F     INVX8          2 24.4    54    50     396    (-,-) 
  fopt20/Z                          -       A->Z   R     INVX8          4 27.2    63    54     450    (-,-) 
  fopt17/Z                          -       A->Z   F     INVX8          8 30.1    60    55     505    (-,-) 
  fopt15/Z                          -       A->Z   R     INVX2          2  8.0    76    64     568    (-,-) 
  g135730/Z                         -       A->Z   F     NAND2X1        3 11.4   131    92     661    (-,-) 
  g135215/Z                         -       A->Z   R     NAND2X1        4 14.3   253   180     841    (-,-) 
  g134236/Z                         -       A->Z   R     MUX2X1         2  8.0   137   162    1003    (-,-) 
  g133395/Z                         -       A->Z   F     NAND2X1        1  4.8    88    65    1068    (-,-) 
  g133305/Z                         -       B->Z   R     NAND2X1        1  5.3   122   105    1173    (-,-) 
  g133139/Z                         -       B->Z   F     NOR2X1         1  5.3   104    78    1251    (-,-) 
  g132876/Z                         -       A->Z   R     NAND3X1        1  6.5   180   116    1367    (-,-) 
  g132310/Z                         -       S->Z   F     MUX2X1         1 13.0   107   202    1568    (-,-) 
  g132135/Z                         -       A->Z   R     INVX8         12 49.4   107    92    1660    (-,-) 
  g131547/Z                         -       A->Z   R     AND2X1         4 16.1   250   193    1853    (-,-) 
  g131407/Z                         -       A->Z   F     INVX2          3 11.6   117    99    1952    (-,-) 
  g130875__5122/Z                   -       A->Z   F     OR2X1          1  4.8    65   123    2074    (-,-) 
  g130787__5122/Z                   -       B->Z   R     NAND2X1        2  8.0   160   120    2194    (-,-) 
  g130685__1666/Z                   -       A->Z   F     NAND2X1        1  4.9    84    69    2263    (-,-) 
  g130543__4319/Z                   -       A->Z   F     AND2X1         2  8.6    96   127    2390    (-,-) 
  g130370__3680/Z                   -       A->Z   R     NAND2X1        1  4.8   121    90    2480    (-,-) 
  g130345__1705/Z                   -       A->Z   F     NAND2X1        1  5.3    79    66    2546    (-,-) 
  g130321__6131/Z                   -       A->Z   R     NAND3X1        1  4.4   148    90    2636    (-,-) 
  csm_inst_right_reg_reg[27]/D      -       -      R     DFFQSRX1       1    -     -     0    2636    (-,-) 
#-----------------------------------------------------------------------------------------------------------



Path 6: VIOLATED (-1840 ps) Setup Check with Pin csm_inst_right_reg_reg[5]/CLK->D
          Group: C2C
     Startpoint: (R) csm_inst_round_counter_reg[3]/CLK
          Clock: (R) clk
       Endpoint: (R) csm_inst_right_reg_reg[5]/D
          Clock: (R) clk

                     Capture       Launch     
        Clock Edge:+    1000            0     
       Src Latency:+       0            0     
       Net Latency:+       0 (I)        0 (I) 
           Arrival:=    1000            0     
                                              
             Setup:-     198                  
     Required Time:=     802                  
      Launch Clock:-       0                  
         Data Path:-    2642                  
             Slack:=   -1840                  

#-----------------------------------------------------------------------------------------------------------
#           Timing Point            Flags    Arc   Edge   Cell     Fanout Load Trans Delay Arrival Instance 
#                                                                         (fF)  (ps)  (ps)   (ps)  Location 
#-----------------------------------------------------------------------------------------------------------
  csm_inst_round_counter_reg[3]/CLK -       -      R     (arrival)    335    -     0     0       0    (-,-) 
  csm_inst_round_counter_reg[3]/Q   -       CLK->Q R     DFFQSRX1       1  8.1   136   193     193    (-,-) 
  fopt43/Z                          -       A->Z   F     INVX4          2 24.4    99    89     282    (-,-) 
  fopt42/Z                          -       A->Z   R     INVX8          3 25.9    69    64     346    (-,-) 
  fopt25/Z                          -       A->Z   F     INVX8          2 24.4    54    50     396    (-,-) 
  fopt20/Z                          -       A->Z   R     INVX8          4 27.2    63    54     450    (-,-) 
  fopt17/Z                          -       A->Z   F     INVX8          8 30.1    60    55     505    (-,-) 
  fopt14/Z                          -       A->Z   R     INVX2          2  8.0    76    64     568    (-,-) 
  g135581/Z                         -       A->Z   F     NAND2X1        3 11.4   131    92     661    (-,-) 
  g135166/Z                         -       A->Z   R     NAND2X1        3 10.7   202   150     811    (-,-) 
  g134993/Z                         -       A->Z   F     NAND2X1        2  8.1   118    98     909    (-,-) 
  g134099/Z                         -       B->Z   R     NAND2X1        1  5.2   125   114    1022    (-,-) 
  g133674/Z                         -       A->Z   F     NOR2X1         1  5.2    96    94    1116    (-,-) 
  g133161/Z                         -       C->Z   R     NAND3X1        1  4.8   155   135    1251    (-,-) 
  g132900/Z                         -       A->Z   F     NAND2X1        1  4.9    83    68    1319    (-,-) 
  g132615/Z                         -       A->Z   R     NAND2X1        1  6.5   140   100    1420    (-,-) 
  g132315/Z                         -       S->Z   R     MUX2X1         4 23.0   353   268    1688    (-,-) 
  g132196/Z                         -       A->Z   F     INVX8         10 35.0   122   100    1787    (-,-) 
  g132195/Z                         -       A->Z   F     BUFX1          2 11.7   123   141    1929    (-,-) 
  g132194/Z                         -       A->Z   R     INVX4          4 15.6    84    77    2006    (-,-) 
  g131306__6260/Z                   -       B->Z   R     AND2X1         1  5.3    96   106    2112    (-,-) 
  g131070__1617/Z                   -       A->Z   F     NAND3X1        1  4.8    94    60    2172    (-,-) 
  g130516__8428/Z                   -       B->Z   F     AND2X1         1  5.3    67   126    2298    (-,-) 
  g130490__2802/Z                   -       A->Z   R     NAND3X1        1  6.5   180   104    2402    (-,-) 
  g130361__6417/Z                   -       S->Z   F     MUX2X1         1  4.9    63   164    2566    (-,-) 
  g130326__6161/Z                   -       A->Z   R     NAND2X1        1  4.4   109    76    2642    (-,-) 
  csm_inst_right_reg_reg[5]/D       -       -      R     DFFQSRX1       1    -     -     0    2642    (-,-) 
#-----------------------------------------------------------------------------------------------------------



Path 7: VIOLATED (-1831 ps) Setup Check with Pin csm_inst_right_reg_reg[18]/CLK->D
          Group: C2C
     Startpoint: (R) csm_inst_round_counter_reg[3]/CLK
          Clock: (R) clk
       Endpoint: (R) csm_inst_right_reg_reg[18]/D
          Clock: (R) clk

                     Capture       Launch     
        Clock Edge:+    1000            0     
       Src Latency:+       0            0     
       Net Latency:+       0 (I)        0 (I) 
           Arrival:=    1000            0     
                                              
             Setup:-     205                  
     Required Time:=     795                  
      Launch Clock:-       0                  
         Data Path:-    2626                  
             Slack:=   -1831                  

#-----------------------------------------------------------------------------------------------------------
#           Timing Point            Flags    Arc   Edge   Cell     Fanout Load Trans Delay Arrival Instance 
#                                                                         (fF)  (ps)  (ps)   (ps)  Location 
#-----------------------------------------------------------------------------------------------------------
  csm_inst_round_counter_reg[3]/CLK -       -      R     (arrival)    335    -     0     0       0    (-,-) 
  csm_inst_round_counter_reg[3]/Q   -       CLK->Q R     DFFQSRX1       1  8.1   136   193     193    (-,-) 
  fopt43/Z                          -       A->Z   F     INVX4          2 24.4    99    89     282    (-,-) 
  fopt42/Z                          -       A->Z   R     INVX8          3 25.9    69    64     346    (-,-) 
  fopt41/Z                          -       A->Z   F     INVX4          4 26.8    93    78     424    (-,-) 
  fopt39/Z                          -       A->Z   R     INVX4          4 16.1    78    72     496    (-,-) 
  fopt38/Z                          -       A->Z   F     INVX2          2  8.2    64    59     555    (-,-) 
  g135631/Z                         -       A->Z   R     NAND2X1        3 11.1   207   132     687    (-,-) 
  g135175/Z                         -       A->Z   F     NAND2X1        3 11.1   141   116     803    (-,-) 
  g134243/Z                         -       A->Z   F     MUX2X1         2  8.2    84   205    1008    (-,-) 
  g133598/Z                         -       A->Z   R     NAND2X1        1  4.8   128    86    1094    (-,-) 
  g133338/Z                         -       A->Z   R     AND2X1         1  5.3    95   105    1199    (-,-) 
  g133077/Z                         -       A->Z   F     NAND3X1        1  4.9    77    61    1260    (-,-) 
  g132889/Z                         -       A->Z   R     NAND2X1        1  4.8   119    84    1344    (-,-) 
  g132872/Z                         -       A->Z   F     NAND2X1        1  6.5    88    74    1418    (-,-) 
  g132276/Z                         -       S->Z   R     MUX2X1         3 14.0   223   235    1653    (-,-) 
  g131831/Z                         -       A->Z   R     BUFX1          2  8.9   147   133    1786    (-,-) 
  g131568/Z                         -       B->Z   F     NAND2X1        1  8.1   100    87    1873    (-,-) 
  g131446/Z                         -       A->Z   R     INVX4          5 18.3    87    78    1951    (-,-) 
  g131445/Z                         -       A->Z   F     INVX2          2  8.2    65    61    2012    (-,-) 
  g131271__2346/Z                   -       A->Z   R     NAND2X1        1  5.3   125    85    2097    (-,-) 
  g130861__5477/Z                   -       A->Z   F     NAND3X1        1  5.3    87    67    2164    (-,-) 
  g130711__2883/Z                   -       A->Z   R     NAND3X1        2  9.4   223   134    2298    (-,-) 
  g130656/Z                         -       A->Z   F     INVX2          1  5.3    77    62    2361    (-,-) 
  g130427__5526/Z                   -       B->Z   R     NOR2X1         1  5.2   111    85    2446    (-,-) 
  g130419__6417/Z                   -       B->Z   F     NAND3X1        1  5.2    77    71    2517    (-,-) 
  g130341__6783/Z                   -       B->Z   R     NAND3X1        1  4.4   149   109    2626    (-,-) 
  csm_inst_right_reg_reg[18]/D      -       -      R     DFFQSRX1       1    -     -     0    2626    (-,-) 
#-----------------------------------------------------------------------------------------------------------



Path 8: VIOLATED (-1829 ps) Setup Check with Pin csm_inst_right_reg_reg[6]/CLK->D
          Group: C2C
     Startpoint: (R) csm_inst_round_counter_reg[3]/CLK
          Clock: (R) clk
       Endpoint: (R) csm_inst_right_reg_reg[6]/D
          Clock: (R) clk

                     Capture       Launch     
        Clock Edge:+    1000            0     
       Src Latency:+       0            0     
       Net Latency:+       0 (I)        0 (I) 
           Arrival:=    1000            0     
                                              
             Setup:-     197                  
     Required Time:=     803                  
      Launch Clock:-       0                  
         Data Path:-    2632                  
             Slack:=   -1829                  

#-----------------------------------------------------------------------------------------------------------
#           Timing Point            Flags    Arc   Edge   Cell     Fanout Load Trans Delay Arrival Instance 
#                                                                         (fF)  (ps)  (ps)   (ps)  Location 
#-----------------------------------------------------------------------------------------------------------
  csm_inst_round_counter_reg[3]/CLK -       -      R     (arrival)    335    -     0     0       0    (-,-) 
  csm_inst_round_counter_reg[3]/Q   -       CLK->Q R     DFFQSRX1       1  8.1   136   193     193    (-,-) 
  fopt43/Z                          -       A->Z   F     INVX4          2 24.4    99    89     282    (-,-) 
  fopt42/Z                          -       A->Z   R     INVX8          3 25.9    69    64     346    (-,-) 
  fopt25/Z                          -       A->Z   F     INVX8          2 24.4    54    50     396    (-,-) 
  fopt20/Z                          -       A->Z   R     INVX8          4 27.2    63    54     450    (-,-) 
  fopt19/Z                          -       A->Z   F     INVX4          8 27.7    95    78     528    (-,-) 
  g135602/Z                         -       A->Z   R     NAND2X1        3 11.1   207   142     670    (-,-) 
  g135182/Z                         -       A->Z   F     NAND2X1        3 11.1   141   116     786    (-,-) 
  g134291/Z                         -       A->Z   F     MUX2X1         2  8.2    81   205     991    (-,-) 
  g133383/Z                         -       A->Z   F     AND2X1         1  5.3    68   107    1098    (-,-) 
  g133351/Z                         -       B->Z   R     NOR2X1         1  5.3   111    83    1181    (-,-) 
  g133113/Z                         -       A->Z   F     NAND3X1        1  4.9    77    63    1244    (-,-) 
  g132906/Z                         -       A->Z   R     NAND2X1        1  4.8   114    84    1328    (-,-) 
  g132602/Z                         -       A->Z   F     NAND2X1        1  6.5    86    73    1401    (-,-) 
  g132317/Z                         -       S->Z   R     MUX2X1         1  8.1   138   186    1586    (-,-) 
  g132221/Z                         -       A->Z   F     INVX4          4 23.5    97    87    1674    (-,-) 
  g132220/Z                         -       A->Z   R     INVX8          5 20.7    62    57    1731    (-,-) 
  g131681/Z                         -       A->Z   F     NAND2X1        1  4.9    65    54    1785    (-,-) 
  g131381/Z                         -       A->Z   R     NAND2X1        3 13.7   243   154    1939    (-,-) 
  g131257/Z                         -       A->Z   F     INVX2          1  4.9    77    61    2001    (-,-) 
  g130955__3680/Z                   -       A->Z   R     NAND2X1        1  4.8   114    84    2085    (-,-) 
  g130744__1666/Z                   -       A->Z   F     NAND2X1        1  4.9    75    63    2148    (-,-) 
  g130617__5115/Z                   -       A->Z   R     NAND2X1        1  4.8   114    84    2232    (-,-) 
  g130513__5107/Z                   -       A->Z   F     NAND2X1        1  5.3    77    65    2297    (-,-) 
  g130491__1705/Z                   -       B->Z   R     NOR2X1         1  6.5   128    96    2393    (-,-) 
  g130358__2346/Z                   -       S->Z   F     MUX2X1         1  4.9    63   162    2555    (-,-) 
  g130327__9315/Z                   -       A->Z   R     NAND2X1        1  4.4   108    76    2632    (-,-) 
  csm_inst_right_reg_reg[6]/D       -       -      R     DFFQSRX1       1    -     -     0    2632    (-,-) 
#-----------------------------------------------------------------------------------------------------------



Path 9: VIOLATED (-1828 ps) Setup Check with Pin csm_inst_right_reg_reg[16]/CLK->D
          Group: C2C
     Startpoint: (R) csm_inst_round_counter_reg[2]/CLK
          Clock: (R) clk
       Endpoint: (F) csm_inst_right_reg_reg[16]/D
          Clock: (R) clk

                     Capture       Launch     
        Clock Edge:+    1000            0     
       Src Latency:+       0            0     
       Net Latency:+       0 (I)        0 (I) 
           Arrival:=    1000            0     
                                              
             Setup:-     209                  
     Required Time:=     791                  
      Launch Clock:-       0                  
         Data Path:-    2618                  
             Slack:=   -1828                  

#------------------------------------------------------------------------------------------------------------
#           Timing Point            Flags    Arc   Edge   Cell     Fanout  Load Trans Delay Arrival Instance 
#                                                                          (fF)  (ps)  (ps)   (ps)  Location 
#------------------------------------------------------------------------------------------------------------
  csm_inst_round_counter_reg[2]/CLK -       -      R     (arrival)    335     -     0     0       0    (-,-) 
  csm_inst_round_counter_reg[2]/Q   -       CLK->Q R     DFFQSRX1       3  14.8   232   248     248    (-,-) 
  g135916/Z                         -       A->Z   F     INVX4          5  26.3   125   109     358    (-,-) 
  g135677/Z                         -       A->Z   R     NAND2X1        2   9.0   176   134     492    (-,-) 
  g135523/Z                         -       B->Z   F     NOR2X1         1   8.1   120   109     600    (-,-) 
  g135372/Z                         -       A->Z   R     INVX4          2  26.5   118   101     702    (-,-) 
  g135371/Z                         -       A->Z   F     INVX16        46 150.1   131   111     812    (-,-) 
  g134952/Z                         -       A->Z   R     NAND2X1        1   4.8   127   100     912    (-,-) 
  g134120/Z                         -       A->Z   F     NAND2X1        1   5.2    79    67     979    (-,-) 
  g133749/Z                         -       A->Z   R     NOR2X1         1   5.3   111    98    1077    (-,-) 
  g133169/Z                         -       A->Z   F     NAND3X1        1   4.9    78    63    1140    (-,-) 
  g132922/Z                         -       A->Z   F     AND2X1         1   5.3    67   106    1246    (-,-) 
  g132865/Z                         -       B->Z   R     NOR2X1         1   6.5   127    93    1338    (-,-) 
  g132316/Z                         -       S->Z   F     MUX2X1         1   8.1    81   179    1518    (-,-) 
  g132210/Z                         -       A->Z   R     INVX4          4  25.8   109    89    1606    (-,-) 
  g132202/Z                         -       A->Z   F     INVX8          4  15.3    50    46    1653    (-,-) 
  g131753/Z                         -       A->Z   R     NAND2X1        1   8.1   161   103    1756    (-,-) 
  g131655/Z                         -       A->Z   F     INVX4          6  23.1   102    91    1847    (-,-) 
  g131370__1705/Z                   -       A->Z   R     NAND2X1        2   8.0   160   119    1966    (-,-) 
  g131090__2398/Z                   -       A->Z   F     NAND2X1        1   4.9    84    69    2035    (-,-) 
  g130807__6260/Z                   -       A->Z   R     NAND2X1        1   4.8   124    86    2121    (-,-) 
  g130674__7098/Z                   -       A->Z   F     NAND2X1        1   4.9    76    64    2186    (-,-) 
  g130590__6161/Z                   -       A->Z   R     NAND2X1        2   8.4   166   114    2300    (-,-) 
  g130433__5122/Z                   -       A->Z   R     AND2X1         1   5.3    96   108    2407    (-,-) 
  g130415__2883/Z                   -       A->Z   F     NAND3X1        1   4.9    78    61    2468    (-,-) 
  g130351__5115/Z                   -       A->Z   R     NAND2X1        1   5.3   126    89    2557    (-,-) 
  g130318__5122/Z                   -       A->Z   F     NAND3X1        1   4.4    79    62    2618    (-,-) 
  csm_inst_right_reg_reg[16]/D      -       -      F     DFFQSRX1       1     -     -     0    2618    (-,-) 
#------------------------------------------------------------------------------------------------------------



Path 10: VIOLATED (-1827 ps) Setup Check with Pin csm_inst_right_reg_reg[22]/CLK->D
          Group: C2C
     Startpoint: (R) csm_inst_round_counter_reg[3]/CLK
          Clock: (R) clk
       Endpoint: (R) csm_inst_right_reg_reg[22]/D
          Clock: (R) clk

                     Capture       Launch     
        Clock Edge:+    1000            0     
       Src Latency:+       0            0     
       Net Latency:+       0 (I)        0 (I) 
           Arrival:=    1000            0     
                                              
             Setup:-     198                  
     Required Time:=     802                  
      Launch Clock:-       0                  
         Data Path:-    2629                  
             Slack:=   -1827                  

#-----------------------------------------------------------------------------------------------------------
#           Timing Point            Flags    Arc   Edge   Cell     Fanout Load Trans Delay Arrival Instance 
#                                                                         (fF)  (ps)  (ps)   (ps)  Location 
#-----------------------------------------------------------------------------------------------------------
  csm_inst_round_counter_reg[3]/CLK -       -      R     (arrival)    335    -     0     0       0    (-,-) 
  csm_inst_round_counter_reg[3]/Q   -       CLK->Q R     DFFQSRX1       1  8.1   136   193     193    (-,-) 
  fopt43/Z                          -       A->Z   F     INVX4          2 24.4    99    89     282    (-,-) 
  fopt42/Z                          -       A->Z   R     INVX8          3 25.9    69    64     346    (-,-) 
  fopt25/Z                          -       A->Z   F     INVX8          2 24.4    54    50     396    (-,-) 
  fopt20/Z                          -       A->Z   R     INVX8          4 27.2    63    54     450    (-,-) 
  fopt19/Z                          -       A->Z   F     INVX4          8 27.7    95    78     528    (-,-) 
  g135625/Z                         -       A->Z   R     NAND2X1        3 11.1   207   142     670    (-,-) 
  g135258/Z                         -       A->Z   F     NAND2X1        4 15.0   170   140     810    (-,-) 
  g134262/Z                         -       A->Z   F     MUX2X1         2  8.2    82   210    1020    (-,-) 
  g133425/Z                         -       A->Z   R     NAND2X1        1  4.8   135    86    1106    (-,-) 
  g133315/Z                         -       A->Z   F     NAND2X1        1  5.3    82    68    1174    (-,-) 
  g133147/Z                         -       B->Z   R     NOR2X1         1  4.8   105    83    1257    (-,-) 
  g132605/Z                         -       A->Z   F     NAND2X1        1  6.5    84    71    1328    (-,-) 
  g132320/Z                         -       S->Z   R     MUX2X1         2 16.2   254   252    1581    (-,-) 
  g132263/Z                         -       A->Z   F     INVX8         13 53.4   130   114    1695    (-,-) 
  g132262/Z                         -       A->Z   R     INVX8         11 40.0    97    88    1782    (-,-) 
  g131721/Z                         -       B->Z   F     NOR2X1         3 11.3   145   109    1892    (-,-) 
  g131234__7482/Z                   -       A->Z   R     NAND2X1        3 10.7   199   155    2046    (-,-) 
  g130769__9945/Z                   -       B->Z   F     NAND2X1        1  5.3    85    74    2120    (-,-) 
  g130683__2883/Z                   -       A->Z   R     NAND3X1        1  5.3   162   100    2220    (-,-) 
  g130515__4319/Z                   -       A->Z   F     NAND3X1        1  5.3    90    72    2292    (-,-) 
  g130486__5526/Z                   -       B->Z   R     NOR2X1         1  6.5   128    99    2390    (-,-) 
  g130359__1666/Z                   -       S->Z   F     MUX2X1         1  4.9    63   162    2553    (-,-) 
  g130336__5107/Z                   -       A->Z   R     NAND2X1        1  4.4   111    76    2629    (-,-) 
  csm_inst_right_reg_reg[22]/D      -       -      R     DFFQSRX1       1    -     -     0    2629    (-,-) 
#-----------------------------------------------------------------------------------------------------------



Path 11: VIOLATED (-1825 ps) Setup Check with Pin csm_inst_right_reg_reg[1]/CLK->D
          Group: C2C
     Startpoint: (R) csm_inst_round_counter_reg[3]/CLK
          Clock: (R) clk
       Endpoint: (R) csm_inst_right_reg_reg[1]/D
          Clock: (R) clk

                     Capture       Launch     
        Clock Edge:+    1000            0     
       Src Latency:+       0            0     
       Net Latency:+       0 (I)        0 (I) 
           Arrival:=    1000            0     
                                              
             Setup:-     205                  
     Required Time:=     795                  
      Launch Clock:-       0                  
         Data Path:-    2620                  
             Slack:=   -1825                  

#-----------------------------------------------------------------------------------------------------------
#           Timing Point            Flags    Arc   Edge   Cell     Fanout Load Trans Delay Arrival Instance 
#                                                                         (fF)  (ps)  (ps)   (ps)  Location 
#-----------------------------------------------------------------------------------------------------------
  csm_inst_round_counter_reg[3]/CLK -       -      R     (arrival)    335    -     0     0       0    (-,-) 
  csm_inst_round_counter_reg[3]/Q   -       CLK->Q R     DFFQSRX1       1  8.1   136   193     193    (-,-) 
  fopt43/Z                          -       A->Z   F     INVX4          2 24.4    99    89     282    (-,-) 
  fopt42/Z                          -       A->Z   R     INVX8          3 25.9    69    64     346    (-,-) 
  fopt25/Z                          -       A->Z   F     INVX8          2 24.4    54    50     396    (-,-) 
  fopt20/Z                          -       A->Z   R     INVX8          4 27.2    63    54     450    (-,-) 
  fopt17/Z                          -       A->Z   F     INVX8          8 30.1    60    55     505    (-,-) 
  g135605/Z                         -       A->Z   R     NAND2X1        3 11.1   207   131     636    (-,-) 
  g135472/Z                         -       A->Z   R     AND2X1         2  9.3   153   143     779    (-,-) 
  g135280/Z                         -       A->Z   F     INVX2          2  8.1    80    71     850    (-,-) 
  g134994/Z                         -       A->Z   R     NAND2X1        2  8.0   172   112     962    (-,-) 
  g134152/Z                         -       B->Z   R     AND2X1         1  4.8    89   108    1069    (-,-) 
  g133339/Z                         -       A->Z   F     NAND2X1        1  5.3    74    62    1131    (-,-) 
  g133109/Z                         -       B->Z   F     OR2X1          1  4.9    66   104    1235    (-,-) 
  g132914/Z                         -       A->Z   R     NAND2X1        1  4.8   119    81    1316    (-,-) 
  g132871/Z                         -       A->Z   F     NAND2X1        1  6.5    88    74    1390    (-,-) 
  g132277/Z                         -       S->Z   R     MUX2X1         1  8.1   138   186    1576    (-,-) 
  g131839/Z                         -       A->Z   F     INVX4          3 19.5    87    79    1655    (-,-) 
  g131838/Z                         -       A->Z   R     INVX8          5 18.3    56    53    1707    (-,-) 
  g131581/Z                         -       A->Z   F     NAND2X1        1  8.1    91    70    1778    (-,-) 
  fopt136022/Z                      -       A->Z   R     INVX4          5 17.1    81    73    1851    (-,-) 
  fopt136021/Z                      -       A->Z   R     BUFX1          3 12.0   191   149    2000    (-,-) 
  g131317__7098/Z                   -       B->Z   F     NAND2X1        1  4.8    80    70    2071    (-,-) 
  g130816__5122/Z                   -       B->Z   R     NAND2X1        1  4.8   114    98    2169    (-,-) 
  g130669__1617/Z                   -       A->Z   R     AND2X1         1  5.3    95   104    2273    (-,-) 
  g130577__3680/Z                   -       B->Z   F     NOR2X1         2  8.5   124    93    2365    (-,-) 
  g130445__2346/Z                   -       A->Z   R     NAND2X1        1  4.8   120    98    2463    (-,-) 
  g130383__9315/Z                   -       A->Z   F     NAND2X1        1  5.3    79    66    2530    (-,-) 
  g130324__7482/Z                   -       A->Z   R     NAND3X1        1  4.4   148    90    2620    (-,-) 
  csm_inst_right_reg_reg[1]/D       -       -      R     DFFQSRX1       1    -     -     0    2620    (-,-) 
#-----------------------------------------------------------------------------------------------------------



Path 12: VIOLATED (-1823 ps) Setup Check with Pin csm_inst_right_reg_reg[25]/CLK->D
          Group: C2C
     Startpoint: (R) csm_inst_round_counter_reg[0]/CLK
          Clock: (R) clk
       Endpoint: (F) csm_inst_right_reg_reg[25]/D
          Clock: (R) clk

                     Capture       Launch     
        Clock Edge:+    1000            0     
       Src Latency:+       0            0     
       Net Latency:+       0 (I)        0 (I) 
           Arrival:=    1000            0     
                                              
             Setup:-     204                  
     Required Time:=     796                  
      Launch Clock:-       0                  
         Data Path:-    2619                  
             Slack:=   -1823                  

#-----------------------------------------------------------------------------------------------------------
#           Timing Point            Flags    Arc   Edge   Cell     Fanout Load Trans Delay Arrival Instance 
#                                                                         (fF)  (ps)  (ps)   (ps)  Location 
#-----------------------------------------------------------------------------------------------------------
  csm_inst_round_counter_reg[0]/CLK -       -      R     (arrival)    335    -     0     0       0    (-,-) 
  csm_inst_round_counter_reg[0]/Q   -       CLK->Q R     DFFQSRX1       1 13.0   207   233     233    (-,-) 
  g135880/Z                         -       A->Z   F     INVX8          9 50.3   117   104     337    (-,-) 
  g135985/Z                         -       B->Z   F     AND2X1         4 15.5   159   192     529    (-,-) 
  g135516/Z                         -       A->Z   R     NAND2X1        1 13.0   234   178     707    (-,-) 
  g135330/Z                         -       A->Z   F     INVX8         24 79.7   160   142     849    (-,-) 
  g134677/Z                         -       B->Z   R     NAND2X1        1  4.8   126   123     972    (-,-) 
  g134060/Z                         -       A->Z   R     AND2X1         1  5.3    95   105    1077    (-,-) 
  g133710/Z                         -       A->Z   F     NAND3X1        1  5.2    80    62    1139    (-,-) 
  g133148/Z                         -       A->Z   R     NOR2X1         1  4.8   104    94    1234    (-,-) 
  g132622/Z                         -       A->Z   F     NAND2X1        1  6.5    84    71    1305    (-,-) 
  g132299/Z                         -       S->Z   R     MUX2X1         1 13.0   209   226    1531    (-,-) 
  g132025/Z                         -       A->Z   F     INVX8          8 30.6    91    79    1610    (-,-) 
  g132021/Z                         -       A->Z   R     INVX4          7 25.5   109    91    1701    (-,-) 
  g131563/Z                         -       A->Z   F     NAND2X1        1  8.1    98    82    1783    (-,-) 
  g131429/Z                         -       A->Z   R     INVX4          6 21.0    96    84    1867    (-,-) 
  g131368__1617/Z                   -       A->Z   F     NAND2X1        2  9.4   107    86    1953    (-,-) 
  g130843__1705/Z                   -       A->Z   R     NAND3X1        1  4.8   156   102    2055    (-,-) 
  g130608__3680/Z                   -       A->Z   F     NAND2X1        1  5.3    86    71    2126    (-,-) 
  g130576__6783/Z                   -       A->Z   R     NAND3X1        2  8.5   209   127    2252    (-,-) 
  g130469__5115/Z                   -       B->Z   F     NOR2X1         1  4.8    96    88    2340    (-,-) 
  g130342__3680/Z                   -       A->Z   F     MUX2X1         1  5.3    65   181    2521    (-,-) 
  g130306__3680/Z                   -       B->Z   F     OR2X1          1  4.4    61    98    2619    (-,-) 
  csm_inst_right_reg_reg[25]/D      -       -      F     DFFQSRX1       1    -     -     0    2619    (-,-) 
#-----------------------------------------------------------------------------------------------------------



Path 13: VIOLATED (-1822 ps) Setup Check with Pin csm_inst_right_reg_reg[23]/CLK->D
          Group: C2C
     Startpoint: (R) csm_inst_round_counter_reg[3]/CLK
          Clock: (R) clk
       Endpoint: (R) csm_inst_right_reg_reg[23]/D
          Clock: (R) clk

                     Capture       Launch     
        Clock Edge:+    1000            0     
       Src Latency:+       0            0     
       Net Latency:+       0 (I)        0 (I) 
           Arrival:=    1000            0     
                                              
             Setup:-     205                  
     Required Time:=     795                  
      Launch Clock:-       0                  
         Data Path:-    2618                  
             Slack:=   -1822                  

#-----------------------------------------------------------------------------------------------------------
#           Timing Point            Flags    Arc   Edge   Cell     Fanout Load Trans Delay Arrival Instance 
#                                                                         (fF)  (ps)  (ps)   (ps)  Location 
#-----------------------------------------------------------------------------------------------------------
  csm_inst_round_counter_reg[3]/CLK -       -      R     (arrival)    335    -     0     0       0    (-,-) 
  csm_inst_round_counter_reg[3]/Q   -       CLK->Q R     DFFQSRX1       1  8.1   136   193     193    (-,-) 
  fopt43/Z                          -       A->Z   F     INVX4          2 24.4    99    89     282    (-,-) 
  fopt42/Z                          -       A->Z   R     INVX8          3 25.9    69    64     346    (-,-) 
  fopt25/Z                          -       A->Z   F     INVX8          2 24.4    54    50     396    (-,-) 
  fopt20/Z                          -       A->Z   R     INVX8          4 27.2    63    54     450    (-,-) 
  fopt17/Z                          -       A->Z   F     INVX8          8 30.1    60    55     505    (-,-) 
  g135605/Z                         -       A->Z   R     NAND2X1        3 11.1   207   131     636    (-,-) 
  g135472/Z                         -       A->Z   R     AND2X1         2  9.3   153   143     779    (-,-) 
  g135280/Z                         -       A->Z   F     INVX2          2  8.1    80    71     850    (-,-) 
  g134994/Z                         -       A->Z   R     NAND2X1        2  8.0   172   112     962    (-,-) 
  g134152/Z                         -       B->Z   R     AND2X1         1  4.8    89   108    1069    (-,-) 
  g133339/Z                         -       A->Z   F     NAND2X1        1  5.3    74    62    1131    (-,-) 
  g133109/Z                         -       B->Z   F     OR2X1          1  4.9    66   104    1235    (-,-) 
  g132914/Z                         -       A->Z   R     NAND2X1        1  4.8   119    81    1316    (-,-) 
  g132871/Z                         -       A->Z   F     NAND2X1        1  6.5    88    74    1390    (-,-) 
  g132277/Z                         -       S->Z   R     MUX2X1         1  8.1   138   186    1576    (-,-) 
  g131839/Z                         -       A->Z   F     INVX4          3 19.5    87    79    1655    (-,-) 
  g131838/Z                         -       A->Z   R     INVX8          5 18.3    56    53    1707    (-,-) 
  g131581/Z                         -       A->Z   F     NAND2X1        1  8.1    91    70    1778    (-,-) 
  fopt136022/Z                      -       A->Z   R     INVX4          5 17.1    81    73    1851    (-,-) 
  fopt136021/Z                      -       A->Z   R     BUFX1          3 12.0   191   149    2000    (-,-) 
  g130840__3680/Z                   -       A->Z   F     NAND3X1        1  4.9    92    72    2073    (-,-) 
  g130599__6417/Z                   -       A->Z   F     AND2X1         1  5.3    67   109    2182    (-,-) 
  g130562__9315/Z                   -       A->Z   R     NAND3X1        1  5.2   160    93    2275    (-,-) 
  g130458__1617/Z                   -       A->Z   F     NOR2X1         2  9.4   138   129    2404    (-,-) 
  g130425/Z                         -       A->Z   R     INVX2          1  4.8    70    66    2471    (-,-) 
  g130366__4319/Z                   -       A->Z   F     NAND2X1        1  5.3    74    58    2529    (-,-) 
  g130319__8246/Z                   -       A->Z   R     NAND3X1        1  4.4   148    88    2618    (-,-) 
  csm_inst_right_reg_reg[23]/D      -       -      R     DFFQSRX1       1    -     -     0    2618    (-,-) 
#-----------------------------------------------------------------------------------------------------------



Path 14: VIOLATED (-1821 ps) Setup Check with Pin csm_inst_right_reg_reg[29]/CLK->D
          Group: C2C
     Startpoint: (R) csm_inst_round_counter_reg[3]/CLK
          Clock: (R) clk
       Endpoint: (R) csm_inst_right_reg_reg[29]/D
          Clock: (R) clk

                     Capture       Launch     
        Clock Edge:+    1000            0     
       Src Latency:+       0            0     
       Net Latency:+       0 (I)        0 (I) 
           Arrival:=    1000            0     
                                              
             Setup:-     205                  
     Required Time:=     795                  
      Launch Clock:-       0                  
         Data Path:-    2616                  
             Slack:=   -1821                  

#-----------------------------------------------------------------------------------------------------------
#           Timing Point            Flags    Arc   Edge   Cell     Fanout Load Trans Delay Arrival Instance 
#                                                                         (fF)  (ps)  (ps)   (ps)  Location 
#-----------------------------------------------------------------------------------------------------------
  csm_inst_round_counter_reg[3]/CLK -       -      R     (arrival)    335    -     0     0       0    (-,-) 
  csm_inst_round_counter_reg[3]/Q   -       CLK->Q R     DFFQSRX1       1  8.1   136   193     193    (-,-) 
  fopt43/Z                          -       A->Z   F     INVX4          2 24.4    99    89     282    (-,-) 
  fopt42/Z                          -       A->Z   R     INVX8          3 25.9    69    64     346    (-,-) 
  fopt41/Z                          -       A->Z   F     INVX4          4 26.8    93    78     424    (-,-) 
  fopt39/Z                          -       A->Z   R     INVX4          4 16.1    78    72     496    (-,-) 
  fopt38/Z                          -       A->Z   F     INVX2          2  8.2    64    59     555    (-,-) 
  g135631/Z                         -       A->Z   R     NAND2X1        3 11.1   207   132     687    (-,-) 
  g135175/Z                         -       A->Z   F     NAND2X1        3 11.1   141   116     803    (-,-) 
  g134243/Z                         -       A->Z   F     MUX2X1         2  8.2    84   205    1008    (-,-) 
  g133598/Z                         -       A->Z   R     NAND2X1        1  4.8   128    86    1094    (-,-) 
  g133338/Z                         -       A->Z   R     AND2X1         1  5.3    95   105    1199    (-,-) 
  g133077/Z                         -       A->Z   F     NAND3X1        1  4.9    77    61    1260    (-,-) 
  g132889/Z                         -       A->Z   R     NAND2X1        1  4.8   119    84    1344    (-,-) 
  g132872/Z                         -       A->Z   F     NAND2X1        1  6.5    88    74    1418    (-,-) 
  g132276/Z                         -       S->Z   R     MUX2X1         3 14.0   223   235    1653    (-,-) 
  g131832/Z                         -       A->Z   F     INVX4          2  9.8    76    64    1717    (-,-) 
  g131564/Z                         -       A->Z   R     NAND2X1        1  8.1   162   111    1828    (-,-) 
  g131433/Z                         -       A->Z   F     INVX4          5 18.2    90    81    1908    (-,-) 
  g131239__2883/Z                   -       B->Z   R     NOR2X1         3 12.0   206   143    2052    (-,-) 
  g131118/Z                         -       A->Z   F     INVX2          3 11.4   108    93    2145    (-,-) 
  g131022__5115/Z                   -       A->Z   R     NAND2X1        1  5.3   125    98    2242    (-,-) 
  g130702__7098/Z                   -       A->Z   F     NAND3X1        2  8.5   116    85    2328    (-,-) 
  g130395__6260/Z                   -       B->Z   R     NAND3X1        1  4.8   155   125    2453    (-,-) 
  g130346__5122/Z                   -       A->Z   F     NAND2X1        1  5.3    86    71    2524    (-,-) 
  g130317__1705/Z                   -       A->Z   R     NAND3X1        1  4.4   148    92    2616    (-,-) 
  csm_inst_right_reg_reg[29]/D      -       -      R     DFFQSRX1       1    -     -     0    2616    (-,-) 
#-----------------------------------------------------------------------------------------------------------



Path 15: VIOLATED (-1818 ps) Setup Check with Pin csm_inst_right_reg_reg[24]/CLK->D
          Group: C2C
     Startpoint: (R) csm_inst_round_counter_reg[3]/CLK
          Clock: (R) clk
       Endpoint: (R) csm_inst_right_reg_reg[24]/D
          Clock: (R) clk

                     Capture       Launch     
        Clock Edge:+    1000            0     
       Src Latency:+       0            0     
       Net Latency:+       0 (I)        0 (I) 
           Arrival:=    1000            0     
                                              
             Setup:-     205                  
     Required Time:=     795                  
      Launch Clock:-       0                  
         Data Path:-    2613                  
             Slack:=   -1818                  

#-----------------------------------------------------------------------------------------------------------
#           Timing Point            Flags    Arc   Edge   Cell     Fanout Load Trans Delay Arrival Instance 
#                                                                         (fF)  (ps)  (ps)   (ps)  Location 
#-----------------------------------------------------------------------------------------------------------
  csm_inst_round_counter_reg[3]/CLK -       -      R     (arrival)    335    -     0     0       0    (-,-) 
  csm_inst_round_counter_reg[3]/Q   -       CLK->Q R     DFFQSRX1       1  8.1   136   193     193    (-,-) 
  fopt43/Z                          -       A->Z   F     INVX4          2 24.4    99    89     282    (-,-) 
  fopt42/Z                          -       A->Z   R     INVX8          3 25.9    69    64     346    (-,-) 
  fopt41/Z                          -       A->Z   F     INVX4          4 26.8    93    78     424    (-,-) 
  fopt39/Z                          -       A->Z   R     INVX4          4 16.1    78    72     496    (-,-) 
  fopt38/Z                          -       A->Z   F     INVX2          2  8.2    64    59     555    (-,-) 
  g135631/Z                         -       A->Z   R     NAND2X1        3 11.1   207   132     687    (-,-) 
  g135175/Z                         -       A->Z   F     NAND2X1        3 11.1   141   116     803    (-,-) 
  g134243/Z                         -       A->Z   F     MUX2X1         2  8.2    84   205    1008    (-,-) 
  g133598/Z                         -       A->Z   R     NAND2X1        1  4.8   128    86    1094    (-,-) 
  g133338/Z                         -       A->Z   R     AND2X1         1  5.3    95   105    1199    (-,-) 
  g133077/Z                         -       A->Z   F     NAND3X1        1  4.9    77    61    1260    (-,-) 
  g132889/Z                         -       A->Z   R     NAND2X1        1  4.8   119    84    1344    (-,-) 
  g132872/Z                         -       A->Z   F     NAND2X1        1  6.5    88    74    1418    (-,-) 
  g132276/Z                         -       S->Z   R     MUX2X1         3 14.0   223   235    1653    (-,-) 
  g131831/Z                         -       A->Z   R     BUFX1          2  8.9   147   133    1786    (-,-) 
  g131568/Z                         -       B->Z   F     NAND2X1        1  8.1   100    87    1873    (-,-) 
  g131446/Z                         -       A->Z   R     INVX4          5 18.3    87    78    1951    (-,-) 
  g131359__5477/Z                   -       A->Z   F     NAND2X1        2  8.9    99    82    2033    (-,-) 
  g131040__6783/Z                   -       B->Z   R     NOR2X1         1  5.3   114    92    2125    (-,-) 
  g130687__6417/Z                   -       B->Z   F     NOR2X1         1  5.3    96    77    2201    (-,-) 
  g130587__7482/Z                   -       A->Z   R     NAND3X1        2  8.9   215   133    2334    (-,-) 
  g130435__7098/Z                   -       A->Z   R     AND2X1         1  5.3    96   110    2445    (-,-) 
  g130367__8428/Z                   -       B->Z   F     NOR2X1         1  5.3    95    74    2518    (-,-) 
  g130339__8428/Z                   -       A->Z   R     NAND3X1        1  4.4   148    95    2613    (-,-) 
  csm_inst_right_reg_reg[24]/D      -       -      R     DFFQSRX1       1    -     -     0    2613    (-,-) 
#-----------------------------------------------------------------------------------------------------------



Path 16: VIOLATED (-1817 ps) Setup Check with Pin csm_inst_right_reg_reg[13]/CLK->D
          Group: C2C
     Startpoint: (R) csm_inst_round_counter_reg[3]/CLK
          Clock: (R) clk
       Endpoint: (R) csm_inst_right_reg_reg[13]/D
          Clock: (R) clk

                     Capture       Launch     
        Clock Edge:+    1000            0     
       Src Latency:+       0            0     
       Net Latency:+       0 (I)        0 (I) 
           Arrival:=    1000            0     
                                              
             Setup:-     205                  
     Required Time:=     795                  
      Launch Clock:-       0                  
         Data Path:-    2612                  
             Slack:=   -1817                  

#-----------------------------------------------------------------------------------------------------------
#           Timing Point            Flags    Arc   Edge   Cell     Fanout Load Trans Delay Arrival Instance 
#                                                                         (fF)  (ps)  (ps)   (ps)  Location 
#-----------------------------------------------------------------------------------------------------------
  csm_inst_round_counter_reg[3]/CLK -       -      R     (arrival)    335    -     0     0       0    (-,-) 
  csm_inst_round_counter_reg[3]/Q   -       CLK->Q R     DFFQSRX1       1  8.1   136   193     193    (-,-) 
  fopt43/Z                          -       A->Z   F     INVX4          2 24.4    99    89     282    (-,-) 
  fopt42/Z                          -       A->Z   R     INVX8          3 25.9    69    64     346    (-,-) 
  fopt25/Z                          -       A->Z   F     INVX8          2 24.4    54    50     396    (-,-) 
  fopt20/Z                          -       A->Z   R     INVX8          4 27.2    63    54     450    (-,-) 
  fopt17/Z                          -       A->Z   F     INVX8          8 30.1    60    55     505    (-,-) 
  fopt16/Z                          -       A->Z   R     INVX2          2  8.0    76    64     568    (-,-) 
  g135708/Z                         -       A->Z   F     NAND2X1        3 11.2   129    91     660    (-,-) 
  g135193/Z                         -       A->Z   R     NAND2X1        3 11.1   207   153     813    (-,-) 
  g134727/Z                         -       A->Z   F     NAND2X1        1  4.8    92    73     886    (-,-) 
  g134140/Z                         -       B->Z   F     AND2X1         1  4.8    62   122    1008    (-,-) 
  g133340/Z                         -       B->Z   R     NAND2X1        1  5.2   119    96    1104    (-,-) 
  g133083/Z                         -       A->Z   F     NOR2X1         1  5.3    96    93    1197    (-,-) 
  g132890/Z                         -       B->Z   R     NOR2X1         1  5.3   113    91    1288    (-,-) 
  g132625/Z                         -       B->Z   F     NOR2X1         1  6.5   114    84    1372    (-,-) 
  g132313/Z                         -       S->Z   R     MUX2X1         1 13.0   209   233    1605    (-,-) 
  g132176/Z                         -       A->Z   F     INVX8         12 49.7   116   103    1708    (-,-) 
  g131729/Z                         -       B->Z   R     NOR2X1         2  8.9   164   126    1834    (-,-) 
  g131611/Z                         -       A->Z   F     INVX2          3 11.6   100    88    1922    (-,-) 
  g131273__7410/Z                   -       A->Z   R     NAND2X1        1  4.8   114    91    2013    (-,-) 
  g131051__7482/Z                   -       A->Z   F     NAND2X1        1  4.9    74    63    2076    (-,-) 
  g130815__1705/Z                   -       A->Z   R     NAND2X1        1  4.8   118    83    2159    (-,-) 
  g130659__6417/Z                   -       A->Z   F     NAND2X1        1  5.3    78    66    2225    (-,-) 
  g130583__7098/Z                   -       A->Z   R     NAND3X1        2  8.5   210   124    2350    (-,-) 
  g130479__6417/Z                   -       A->Z   R     AND2X1         1  5.3    96   110    2460    (-,-) 
  g130414__9945/Z                   -       A->Z   F     NAND3X1        1  5.3    77    63    2523    (-,-) 
  g130340__5526/Z                   -       A->Z   R     NAND3X1        1  4.4   148    90    2612    (-,-) 
  csm_inst_right_reg_reg[13]/D      -       -      R     DFFQSRX1       1    -     -     0    2612    (-,-) 
#-----------------------------------------------------------------------------------------------------------



Path 17: VIOLATED (-1815 ps) Setup Check with Pin csm_inst_right_reg_reg[12]/CLK->D
          Group: C2C
     Startpoint: (R) csm_inst_round_counter_reg[3]/CLK
          Clock: (R) clk
       Endpoint: (R) csm_inst_right_reg_reg[12]/D
          Clock: (R) clk

                     Capture       Launch     
        Clock Edge:+    1000            0     
       Src Latency:+       0            0     
       Net Latency:+       0 (I)        0 (I) 
           Arrival:=    1000            0     
                                              
             Setup:-     205                  
     Required Time:=     795                  
      Launch Clock:-       0                  
         Data Path:-    2610                  
             Slack:=   -1815                  

#-----------------------------------------------------------------------------------------------------------
#           Timing Point            Flags    Arc   Edge   Cell     Fanout Load Trans Delay Arrival Instance 
#                                                                         (fF)  (ps)  (ps)   (ps)  Location 
#-----------------------------------------------------------------------------------------------------------
  csm_inst_round_counter_reg[3]/CLK -       -      R     (arrival)    335    -     0     0       0    (-,-) 
  csm_inst_round_counter_reg[3]/Q   -       CLK->Q R     DFFQSRX1       1  8.1   136   193     193    (-,-) 
  fopt43/Z                          -       A->Z   F     INVX4          2 24.4    99    89     282    (-,-) 
  fopt42/Z                          -       A->Z   R     INVX8          3 25.9    69    64     346    (-,-) 
  fopt25/Z                          -       A->Z   F     INVX8          2 24.4    54    50     396    (-,-) 
  fopt20/Z                          -       A->Z   R     INVX8          4 27.2    63    54     450    (-,-) 
  fopt19/Z                          -       A->Z   F     INVX4          8 27.7    95    78     528    (-,-) 
  g135602/Z                         -       A->Z   R     NAND2X1        3 11.1   207   142     670    (-,-) 
  g135182/Z                         -       A->Z   F     NAND2X1        3 11.1   141   116     786    (-,-) 
  g134291/Z                         -       A->Z   F     MUX2X1         2  8.2    81   205     991    (-,-) 
  g133383/Z                         -       A->Z   F     AND2X1         1  5.3    68   107    1098    (-,-) 
  g133351/Z                         -       B->Z   R     NOR2X1         1  5.3   111    83    1181    (-,-) 
  g133113/Z                         -       A->Z   F     NAND3X1        1  4.9    77    63    1244    (-,-) 
  g132906/Z                         -       A->Z   R     NAND2X1        1  4.8   114    84    1328    (-,-) 
  g132602/Z                         -       A->Z   F     NAND2X1        1  6.5    86    73    1401    (-,-) 
  g132317/Z                         -       S->Z   R     MUX2X1         1  8.1   138   186    1586    (-,-) 
  g132221/Z                         -       A->Z   F     INVX4          4 23.5    97    87    1674    (-,-) 
  g132220/Z                         -       A->Z   R     INVX8          5 20.7    62    57    1731    (-,-) 
  g132219/Z                         -       A->Z   F     INVX4          6 23.3    83    70    1801    (-,-) 
  g131543/Z                         -       B->Z   R     NOR2X1         2  9.3   166   120    1920    (-,-) 
  g130867__5526/Z                   -       S->Z   F     MUX2X1         1  4.9    63   163    2084    (-,-) 
  g130666__5526/Z                   -       A->Z   R     NAND2X1        1  4.8   116    80    2164    (-,-) 
  g130553__5122/Z                   -       A->Z   F     NAND2X1        1  5.2    77    65    2229    (-,-) 
  g130478__7410/Z                   -       A->Z   R     NOR2X1         1  5.3   111    98    2327    (-,-) 
  g130424__4319/Z                   -       A->Z   F     NAND3X1        2  8.6   105    83    2410    (-,-) 
  g130356__9945/Z                   -       B->Z   F     OR2X1          1  5.3    70   113    2523    (-,-) 
  g130307__1617/Z                   -       A->Z   R     NAND3X1        1  4.4   148    87    2610    (-,-) 
  csm_inst_right_reg_reg[12]/D      -       -      R     DFFQSRX1       1    -     -     0    2610    (-,-) 
#-----------------------------------------------------------------------------------------------------------



Path 18: VIOLATED (-1811 ps) Setup Check with Pin csm_inst_right_reg_reg[31]/CLK->D
          Group: C2C
     Startpoint: (R) csm_inst_round_counter_reg[3]/CLK
          Clock: (R) clk
       Endpoint: (F) csm_inst_right_reg_reg[31]/D
          Clock: (R) clk

                     Capture       Launch     
        Clock Edge:+    1000            0     
       Src Latency:+       0            0     
       Net Latency:+       0 (I)        0 (I) 
           Arrival:=    1000            0     
                                              
             Setup:-     208                  
     Required Time:=     792                  
      Launch Clock:-       0                  
         Data Path:-    2603                  
             Slack:=   -1811                  

#-----------------------------------------------------------------------------------------------------------
#           Timing Point            Flags    Arc   Edge   Cell     Fanout Load Trans Delay Arrival Instance 
#                                                                         (fF)  (ps)  (ps)   (ps)  Location 
#-----------------------------------------------------------------------------------------------------------
  csm_inst_round_counter_reg[3]/CLK -       -      R     (arrival)    335    -     0     0       0    (-,-) 
  csm_inst_round_counter_reg[3]/Q   -       CLK->Q R     DFFQSRX1       1  8.1   136   193     193    (-,-) 
  fopt43/Z                          -       A->Z   F     INVX4          2 24.4    99    89     282    (-,-) 
  fopt42/Z                          -       A->Z   R     INVX8          3 25.9    69    64     346    (-,-) 
  fopt25/Z                          -       A->Z   F     INVX8          2 24.4    54    50     396    (-,-) 
  fopt20/Z                          -       A->Z   R     INVX8          4 27.2    63    54     450    (-,-) 
  fopt19/Z                          -       A->Z   F     INVX4          8 27.7    95    78     528    (-,-) 
  g135602/Z                         -       A->Z   R     NAND2X1        3 11.1   207   142     670    (-,-) 
  g135182/Z                         -       A->Z   F     NAND2X1        3 11.1   141   116     786    (-,-) 
  g134291/Z                         -       A->Z   F     MUX2X1         2  8.2    81   205     991    (-,-) 
  g133383/Z                         -       A->Z   F     AND2X1         1  5.3    68   107    1098    (-,-) 
  g133351/Z                         -       B->Z   R     NOR2X1         1  5.3   111    83    1181    (-,-) 
  g133113/Z                         -       A->Z   F     NAND3X1        1  4.9    77    63    1244    (-,-) 
  g132906/Z                         -       A->Z   R     NAND2X1        1  4.8   114    84    1328    (-,-) 
  g132602/Z                         -       A->Z   F     NAND2X1        1  6.5    86    73    1401    (-,-) 
  g132317/Z                         -       S->Z   R     MUX2X1         1  8.1   138   186    1586    (-,-) 
  g132221/Z                         -       A->Z   F     INVX4          4 23.5    97    87    1674    (-,-) 
  g132220/Z                         -       A->Z   R     INVX8          5 20.7    62    57    1731    (-,-) 
  g131736/Z                         -       A->Z   F     NAND2X1        2  9.4   102    78    1810    (-,-) 
  g131385/Z                         -       B->Z   R     NOR2X1         5 17.9   288   195    2004    (-,-) 
  g131064__6260/Z                   -       A->Z   F     NAND3X1        1  5.2   111    80    2084    (-,-) 
  g130701__8246/Z                   -       B->Z   R     NAND3X1        2  8.5   209   154    2238    (-,-) 
  g130574__8428/Z                   -       B->Z   F     NOR2X1         1  4.9    97    88    2326    (-,-) 
  g130467__6131/Z                   -       A->Z   F     AND2X1         1  5.3    67   110    2437    (-,-) 
  g130409__5115/Z                   -       A->Z   R     NAND3X1        1  5.2   161    93    2530    (-,-) 
  g130329__2883/Z                   -       C->Z   F     NAND3X1        1  4.4    74    73    2603    (-,-) 
  csm_inst_right_reg_reg[31]/D      -       -      F     DFFQSRX1       1    -     -     0    2603    (-,-) 
#-----------------------------------------------------------------------------------------------------------



Path 19: VIOLATED (-1808 ps) Setup Check with Pin csm_inst_right_reg_reg[10]/CLK->D
          Group: C2C
     Startpoint: (R) csm_inst_round_counter_reg[3]/CLK
          Clock: (R) clk
       Endpoint: (F) csm_inst_right_reg_reg[10]/D
          Clock: (R) clk

                     Capture       Launch     
        Clock Edge:+    1000            0     
       Src Latency:+       0            0     
       Net Latency:+       0 (I)        0 (I) 
           Arrival:=    1000            0     
                                              
             Setup:-     209                  
     Required Time:=     791                  
      Launch Clock:-       0                  
         Data Path:-    2599                  
             Slack:=   -1808                  

#-----------------------------------------------------------------------------------------------------------
#           Timing Point            Flags    Arc   Edge   Cell     Fanout Load Trans Delay Arrival Instance 
#                                                                         (fF)  (ps)  (ps)   (ps)  Location 
#-----------------------------------------------------------------------------------------------------------
  csm_inst_round_counter_reg[3]/CLK -       -      R     (arrival)    335    -     0     0       0    (-,-) 
  csm_inst_round_counter_reg[3]/Q   -       CLK->Q R     DFFQSRX1       1  8.1   136   193     193    (-,-) 
  fopt43/Z                          -       A->Z   F     INVX4          2 24.4    99    89     282    (-,-) 
  fopt42/Z                          -       A->Z   R     INVX8          3 25.9    69    64     346    (-,-) 
  fopt25/Z                          -       A->Z   F     INVX8          2 24.4    54    50     396    (-,-) 
  fopt20/Z                          -       A->Z   R     INVX8          4 27.2    63    54     450    (-,-) 
  fopt19/Z                          -       A->Z   F     INVX4          8 27.7    95    78     528    (-,-) 
  g135627/Z                         -       A->Z   R     NAND2X1        3 11.1   207   142     670    (-,-) 
  g135501/Z                         -       A->Z   F     NAND2X1        4 14.1   163   135     805    (-,-) 
  g134991/Z                         -       A->Z   R     NAND2X1        1  4.8   114   109     914    (-,-) 
  g134162/Z                         -       A->Z   F     NAND2X1        1  4.9    74    63     977    (-,-) 
  g133610/Z                         -       A->Z   R     NAND2X1        1  4.8   128    83    1060    (-,-) 
  g133278/Z                         -       A->Z   R     AND2X1         1  5.3    95   105    1165    (-,-) 
  g133112/Z                         -       A->Z   F     NAND3X1        1  4.9    78    61    1226    (-,-) 
  g132917/Z                         -       A->Z   R     NAND2X1        1  4.8   114    84    1310    (-,-) 
  g132869/Z                         -       A->Z   F     NAND2X1        1  6.5    86    73    1383    (-,-) 
  g132290/Z                         -       S->Z   R     MUX2X1         2 11.3   184   212    1596    (-,-) 
  g131948/Z                         -       A->Z   F     INVX4          4 17.7    94    83    1679    (-,-) 
  g131583/Z                         -       A->Z   R     NAND2X1        1  8.1   164   117    1796    (-,-) 
  g131493/Z                         -       A->Z   F     INVX4          8 29.8   119   106    1902    (-,-) 
  g131492/Z                         -       A->Z   R     INVX2          3 11.1   107    94    1996    (-,-) 
  g131173__8246/Z                   -       A->Z   F     NAND2X1        1  5.2    75    64    2060    (-,-) 
  g130826__9945/Z                   -       B->Z   R     NAND3X1        1  5.3   162   116    2176    (-,-) 
  g130681__9315/Z                   -       A->Z   F     NAND3X1        1  5.2    89    71    2247    (-,-) 
  g130537__7410/Z                   -       A->Z   R     NOR2X1         2  8.9   161   130    2377    (-,-) 
  g130453__4319/Z                   -       A->Z   F     NAND3X1        1  4.9    87    69    2446    (-,-) 
  g130388__7410/Z                   -       A->Z   R     NAND2X1        1  5.3   129    91    2537    (-,-) 
  g130343__1617/Z                   -       A->Z   F     NAND3X1        1  4.4    77    62    2599    (-,-) 
  csm_inst_right_reg_reg[10]/D      -       -      F     DFFQSRX1       1    -     -     0    2599    (-,-) 
#-----------------------------------------------------------------------------------------------------------



Path 20: VIOLATED (-1807 ps) Setup Check with Pin csm_inst_right_reg_reg[17]/CLK->D
          Group: C2C
     Startpoint: (R) csm_inst_round_counter_reg[3]/CLK
          Clock: (R) clk
       Endpoint: (F) csm_inst_right_reg_reg[17]/D
          Clock: (R) clk

                     Capture       Launch     
        Clock Edge:+    1000            0     
       Src Latency:+       0            0     
       Net Latency:+       0 (I)        0 (I) 
           Arrival:=    1000            0     
                                              
             Setup:-     209                  
     Required Time:=     791                  
      Launch Clock:-       0                  
         Data Path:-    2598                  
             Slack:=   -1807                  

#-----------------------------------------------------------------------------------------------------------
#           Timing Point            Flags    Arc   Edge   Cell     Fanout Load Trans Delay Arrival Instance 
#                                                                         (fF)  (ps)  (ps)   (ps)  Location 
#-----------------------------------------------------------------------------------------------------------
  csm_inst_round_counter_reg[3]/CLK -       -      R     (arrival)    335    -     0     0       0    (-,-) 
  csm_inst_round_counter_reg[3]/Q   -       CLK->Q R     DFFQSRX1       1  8.1   136   193     193    (-,-) 
  fopt43/Z                          -       A->Z   F     INVX4          2 24.4    99    89     282    (-,-) 
  fopt42/Z                          -       A->Z   R     INVX8          3 25.9    69    64     346    (-,-) 
  fopt25/Z                          -       A->Z   F     INVX8          2 24.4    54    50     396    (-,-) 
  fopt20/Z                          -       A->Z   R     INVX8          4 27.2    63    54     450    (-,-) 
  fopt17/Z                          -       A->Z   F     INVX8          8 30.1    60    55     505    (-,-) 
  fopt15/Z                          -       A->Z   R     INVX2          2  8.0    76    64     568    (-,-) 
  g135730/Z                         -       A->Z   F     NAND2X1        3 11.4   131    92     661    (-,-) 
  g135215/Z                         -       A->Z   R     NAND2X1        4 14.3   253   180     841    (-,-) 
  g134236/Z                         -       A->Z   R     MUX2X1         2  8.0   137   162    1003    (-,-) 
  g133395/Z                         -       A->Z   F     NAND2X1        1  4.8    88    65    1068    (-,-) 
  g133305/Z                         -       B->Z   R     NAND2X1        1  5.3   122   105    1173    (-,-) 
  g133139/Z                         -       B->Z   F     NOR2X1         1  5.3   104    78    1251    (-,-) 
  g132876/Z                         -       A->Z   R     NAND3X1        1  6.5   180   116    1367    (-,-) 
  g132310/Z                         -       S->Z   F     MUX2X1         1 13.0   107   202    1568    (-,-) 
  g132135/Z                         -       A->Z   R     INVX8         12 49.4   107    92    1660    (-,-) 
  g131547/Z                         -       A->Z   R     AND2X1         4 16.1   250   193    1853    (-,-) 
  g131407/Z                         -       A->Z   F     INVX2          3 11.6   117    99    1952    (-,-) 
  g131142__2802/Z                   -       A->Z   R     NAND2X1        1  4.8   118    96    2048    (-,-) 
  g131092__6260/Z                   -       A->Z   F     NAND2X1        1  5.2    77    65    2113    (-,-) 
  g130675__6131/Z                   -       B->Z   R     NAND3X1        1  5.3   164   117    2230    (-,-) 
  g130582__8246/Z                   -       A->Z   F     NAND3X1        2  8.1   112    90    2320    (-,-) 
  g130481__2398/Z                   -       A->Z   F     AND2X1         1  5.3    67   114    2434    (-,-) 
  g130417__1666/Z                   -       A->Z   R     NAND3X1        1  5.2   162    93    2527    (-,-) 
  g130333__6417/Z                   -       B->Z   F     NAND3X1        1  4.4    79    71    2598    (-,-) 
  csm_inst_right_reg_reg[17]/D      -       -      F     DFFQSRX1       1    -     -     0    2598    (-,-) 
#-----------------------------------------------------------------------------------------------------------



Path 21: VIOLATED (-1804 ps) Setup Check with Pin csm_inst_right_reg_reg[0]/CLK->D
          Group: C2C
     Startpoint: (R) csm_inst_round_counter_reg[3]/CLK
          Clock: (R) clk
       Endpoint: (R) csm_inst_right_reg_reg[0]/D
          Clock: (R) clk

                     Capture       Launch     
        Clock Edge:+    1000            0     
       Src Latency:+       0            0     
       Net Latency:+       0 (I)        0 (I) 
           Arrival:=    1000            0     
                                              
             Setup:-     205                  
     Required Time:=     795                  
      Launch Clock:-       0                  
         Data Path:-    2599                  
             Slack:=   -1804                  

#-----------------------------------------------------------------------------------------------------------
#           Timing Point            Flags    Arc   Edge   Cell     Fanout Load Trans Delay Arrival Instance 
#                                                                         (fF)  (ps)  (ps)   (ps)  Location 
#-----------------------------------------------------------------------------------------------------------
  csm_inst_round_counter_reg[3]/CLK -       -      R     (arrival)    335    -     0     0       0    (-,-) 
  csm_inst_round_counter_reg[3]/Q   -       CLK->Q R     DFFQSRX1       1  8.1   136   193     193    (-,-) 
  fopt43/Z                          -       A->Z   F     INVX4          2 24.4    99    89     282    (-,-) 
  fopt42/Z                          -       A->Z   R     INVX8          3 25.9    69    64     346    (-,-) 
  fopt25/Z                          -       A->Z   F     INVX8          2 24.4    54    50     396    (-,-) 
  fopt20/Z                          -       A->Z   R     INVX8          4 27.2    63    54     450    (-,-) 
  fopt19/Z                          -       A->Z   F     INVX4          8 27.7    95    78     528    (-,-) 
  g135628/Z                         -       A->Z   R     NAND2X1        3 11.1   207   142     670    (-,-) 
  g135217/Z                         -       A->Z   F     NAND2X1        4 14.4   165   136     806    (-,-) 
  g134253/Z                         -       A->Z   F     MUX2X1         2  8.2    82   209    1016    (-,-) 
  g133491/Z                         -       A->Z   R     NAND2X1        1  5.3   130    90    1105    (-,-) 
  g133129/Z                         -       A->Z   F     NAND3X1        1  4.9    81    65    1171    (-,-) 
  g132891/Z                         -       A->Z   R     NAND2X1        1  4.8   119    86    1256    (-,-) 
  g132624/Z                         -       A->Z   F     NAND2X1        1  6.5    88    74    1330    (-,-) 
  g132294/Z                         -       S->Z   R     MUX2X1         1  8.1   138   186    1516    (-,-) 
  fopt136058/Z                      -       A->Z   F     INVX4          7 28.6   110    98    1614    (-,-) 
  fopt136052/Z                      -       A->Z   R     INVX2          3 12.0   111    96    1709    (-,-) 
  g135969/Z                         -       A->Z   R     AND2X1         5 17.9   276   208    1917    (-,-) 
  g131202__7098/Z                   -       A->Z   F     NAND2X1        1  4.8   103    77    1994    (-,-) 
  g130915__2346/Z                   -       B->Z   R     NAND2X1        1  5.3   124   110    2103    (-,-) 
  g130848__1881/Z                   -       A->Z   F     NAND3X1        1  5.2    82    66    2169    (-,-) 
  g130585__1881/Z                   -       C->Z   R     NAND3X1        2  8.1   203   158    2328    (-,-) 
  g130449__5477/Z                   -       B->Z   R     OR2X1          1  4.8    89   120    2447    (-,-) 
  g130384__9945/Z                   -       A->Z   F     NAND2X1        1  5.3    79    62    2509    (-,-) 
  g130338__4319/Z                   -       A->Z   R     NAND3X1        1  4.4   148    90    2599    (-,-) 
  csm_inst_right_reg_reg[0]/D       -       -      R     DFFQSRX1       1    -     -     0    2599    (-,-) 
#-----------------------------------------------------------------------------------------------------------



Path 22: VIOLATED (-1803 ps) Setup Check with Pin csm_inst_right_reg_reg[28]/CLK->D
          Group: C2C
     Startpoint: (R) csm_inst_round_counter_reg[3]/CLK
          Clock: (R) clk
       Endpoint: (R) csm_inst_right_reg_reg[28]/D
          Clock: (R) clk

                     Capture       Launch     
        Clock Edge:+    1000            0     
       Src Latency:+       0            0     
       Net Latency:+       0 (I)        0 (I) 
           Arrival:=    1000            0     
                                              
             Setup:-     205                  
     Required Time:=     795                  
      Launch Clock:-       0                  
         Data Path:-    2598                  
             Slack:=   -1803                  

#-----------------------------------------------------------------------------------------------------------
#           Timing Point            Flags    Arc   Edge   Cell     Fanout Load Trans Delay Arrival Instance 
#                                                                         (fF)  (ps)  (ps)   (ps)  Location 
#-----------------------------------------------------------------------------------------------------------
  csm_inst_round_counter_reg[3]/CLK -       -      R     (arrival)    335    -     0     0       0    (-,-) 
  csm_inst_round_counter_reg[3]/Q   -       CLK->Q R     DFFQSRX1       1  8.1   136   193     193    (-,-) 
  fopt43/Z                          -       A->Z   F     INVX4          2 24.4    99    89     282    (-,-) 
  fopt13/Z                          -       A->Z   R     INVX8          8 52.8   111    94     375    (-,-) 
  fopt9/Z                           -       A->Z   F     INVX4          6 24.4    94    83     458    (-,-) 
  g135618/Z                         -       A->Z   R     NAND2X1        2  8.9   176   123     582    (-,-) 
  g135530/Z                         -       A->Z   F     INVX2          2  9.3    92    80     662    (-,-) 
  g135199/Z                         -       A->Z   R     NOR2X1         2  8.9   161   130     792    (-,-) 
  g135026/Z                         -       A->Z   F     INVX2          3 11.3    98    86     878    (-,-) 
  g134550/Z                         -       A->Z   R     NAND2X1        1  4.8   144    90     968    (-,-) 
  g134139/Z                         -       A->Z   R     AND2X1         1  4.8    88   102    1070    (-,-) 
  g133336/Z                         -       A->Z   R     AND2X1         1  5.3    95   102    1173    (-,-) 
  g133079/Z                         -       A->Z   F     NAND3X1        1  4.9    78    61    1233    (-,-) 
  g132885/Z                         -       A->Z   R     NAND2X1        1  4.8   119    84    1318    (-,-) 
  g132630/Z                         -       A->Z   F     NAND2X1        1  6.5    88    74    1391    (-,-) 
  g132311/Z                         -       S->Z   R     MUX2X1         2 11.3   184   213    1604    (-,-) 
  g132147/Z                         -       A->Z   F     INVX4          3 19.3    98    87    1691    (-,-) 
  g131580/Z                         -       B->Z   R     NAND2X1        1  8.1   162   131    1822    (-,-) 
  fopt136046/Z                      -       A->Z   F     INVX4          3 16.2    84    76    1898    (-,-) 
  fopt136045/Z                      -       A->Z   R     INVX4          4 21.3    94    81    1979    (-,-) 
  g131373__7098/Z                   -       A->Z   F     NAND2X1        2  8.6    98    82    2060    (-,-) 
  g131062__2398/Z                   -       A->Z   R     NAND2X1        1  4.8   115    90    2151    (-,-) 
  g130846__7098/Z                   -       A->Z   F     NAND2X1        1  4.9    74    63    2214    (-,-) 
  g130591__9315/Z                   -       A->Z   R     NAND2X1        2  8.5   167   114    2328    (-,-) 
  g130470__7482/Z                   -       A->Z   F     NAND2X1        1  5.3    89    73    2401    (-,-) 
  g130373__1705/Z                   -       B->Z   F     OR2X1          1  5.3    69   110    2510    (-,-) 
  g130322__1881/Z                   -       A->Z   R     NAND3X1        1  4.4   149    87    2598    (-,-) 
  csm_inst_right_reg_reg[28]/D      -       -      R     DFFQSRX1       1    -     -     0    2598    (-,-) 
#-----------------------------------------------------------------------------------------------------------



Path 23: VIOLATED (-1794 ps) Setup Check with Pin csm_inst_right_reg_reg[20]/CLK->D
          Group: C2C
     Startpoint: (R) csm_inst_round_counter_reg[3]/CLK
          Clock: (R) clk
       Endpoint: (F) csm_inst_right_reg_reg[20]/D
          Clock: (R) clk

                     Capture       Launch     
        Clock Edge:+    1000            0     
       Src Latency:+       0            0     
       Net Latency:+       0 (I)        0 (I) 
           Arrival:=    1000            0     
                                              
             Setup:-     208                  
     Required Time:=     792                  
      Launch Clock:-       0                  
         Data Path:-    2586                  
             Slack:=   -1794                  

#-----------------------------------------------------------------------------------------------------------
#           Timing Point            Flags    Arc   Edge   Cell     Fanout Load Trans Delay Arrival Instance 
#                                                                         (fF)  (ps)  (ps)   (ps)  Location 
#-----------------------------------------------------------------------------------------------------------
  csm_inst_round_counter_reg[3]/CLK -       -      R     (arrival)    335    -     0     0       0    (-,-) 
  csm_inst_round_counter_reg[3]/Q   -       CLK->Q R     DFFQSRX1       1  8.1   136   193     193    (-,-) 
  fopt43/Z                          -       A->Z   F     INVX4          2 24.4    99    89     282    (-,-) 
  fopt42/Z                          -       A->Z   R     INVX8          3 25.9    69    64     346    (-,-) 
  fopt25/Z                          -       A->Z   F     INVX8          2 24.4    54    50     396    (-,-) 
  fopt20/Z                          -       A->Z   R     INVX8          4 27.2    63    54     450    (-,-) 
  fopt17/Z                          -       A->Z   F     INVX8          8 30.1    60    55     505    (-,-) 
  g135612/Z                         -       A->Z   R     NAND2X1        3 11.1   207   131     636    (-,-) 
  g135169/Z                         -       A->Z   F     NAND2X1        3 11.2   142   117     753    (-,-) 
  g134252/Z                         -       A->Z   F     MUX2X1         2  8.2    81   205     957    (-,-) 
  g133429/Z                         -       A->Z   R     NAND2X1        1  4.8   128    86    1043    (-,-) 
  g133337/Z                         -       A->Z   R     AND2X1         1  5.3    95   105    1148    (-,-) 
  g133081/Z                         -       A->Z   F     NAND3X1        1  4.9    77    61    1209    (-,-) 
  g132886/Z                         -       A->Z   R     NAND2X1        1  4.8   114    84    1293    (-,-) 
  g132629/Z                         -       A->Z   F     NAND2X1        1  6.5    86    73    1366    (-,-) 
  g132301/Z                         -       A->Z   R     XOR2X1         1  8.1   149   173    1539    (-,-) 
  g132045/Z                         -       A->Z   F     INVX4          3 14.4    76    69    1608    (-,-) 
  g132044/Z                         -       A->Z   R     INVX4          6 29.7   122    96    1703    (-,-) 
  g131565/Z                         -       A->Z   F     NAND2X1        1  8.1   101    84    1787    (-,-) 
  g131437/Z                         -       A->Z   R     INVX4          5 18.3    87    78    1866    (-,-) 
  g131231__6131/Z                   -       A->Z   F     NAND2X1        2  8.9    99    82    1948    (-,-) 
  g131111/Z                         -       A->Z   R     INVX2          2  8.0    82    75    2023    (-,-) 
  g130942__2883/Z                   -       A->Z   R     AND2X1         1  5.2    94   100    2123    (-,-) 
  g130721__5107/Z                   -       A->Z   F     NOR2X1         1  5.2    90    87    2210    (-,-) 
  g130422__5107/Z                   -       C->Z   R     NAND3X1        2  8.9   215   168    2378    (-,-) 
  g130393/Z                         -       A->Z   F     INVX2          1  4.9    73    60    2438    (-,-) 
  g130353__4733/Z                   -       A->Z   R     NAND2X1        1  5.3   123    87    2525    (-,-) 
  g130303__8428/Z                   -       A->Z   F     NAND3X1        1  4.4    76    61    2586    (-,-) 
  csm_inst_right_reg_reg[20]/D      -       -      F     DFFQSRX1       1    -     -     0    2586    (-,-) 
#-----------------------------------------------------------------------------------------------------------



Path 24: VIOLATED (-1794 ps) Setup Check with Pin csm_inst_right_reg_reg[14]/CLK->D
          Group: C2C
     Startpoint: (R) csm_inst_round_counter_reg[3]/CLK
          Clock: (R) clk
       Endpoint: (R) csm_inst_right_reg_reg[14]/D
          Clock: (R) clk

                     Capture       Launch     
        Clock Edge:+    1000            0     
       Src Latency:+       0            0     
       Net Latency:+       0 (I)        0 (I) 
           Arrival:=    1000            0     
                                              
             Setup:-     197                  
     Required Time:=     803                  
      Launch Clock:-       0                  
         Data Path:-    2597                  
             Slack:=   -1794                  

#-----------------------------------------------------------------------------------------------------------
#           Timing Point            Flags    Arc   Edge   Cell     Fanout Load Trans Delay Arrival Instance 
#                                                                         (fF)  (ps)  (ps)   (ps)  Location 
#-----------------------------------------------------------------------------------------------------------
  csm_inst_round_counter_reg[3]/CLK -       -      R     (arrival)    335    -     0     0       0    (-,-) 
  csm_inst_round_counter_reg[3]/Q   -       CLK->Q R     DFFQSRX1       1  8.1   136   193     193    (-,-) 
  fopt43/Z                          -       A->Z   F     INVX4          2 24.4    99    89     282    (-,-) 
  fopt42/Z                          -       A->Z   R     INVX8          3 25.9    69    64     346    (-,-) 
  fopt41/Z                          -       A->Z   F     INVX4          4 26.8    93    78     424    (-,-) 
  fopt39/Z                          -       A->Z   R     INVX4          4 16.1    78    72     496    (-,-) 
  fopt38/Z                          -       A->Z   F     INVX2          2  8.2    64    59     555    (-,-) 
  g135635/Z                         -       A->Z   R     NAND2X1        3 11.1   207   132     687    (-,-) 
  g135240/Z                         -       B->Z   F     NAND2X1        4 14.5   166   131     818    (-,-) 
  g134233/Z                         -       B->Z   F     MUX2X1         2  8.2    82   210    1027    (-,-) 
  g133450/Z                         -       A->Z   R     NAND2X1        1  4.8   136    86    1113    (-,-) 
  g133288/Z                         -       A->Z   R     AND2X1         1  5.2    94   105    1218    (-,-) 
  g132616/Z                         -       B->Z   F     NAND3X1        1  6.5    92    76    1294    (-,-) 
  g132275/Z                         -       S->Z   R     MUX2X1         2 11.3   184   214    1508    (-,-) 
  g131826/Z                         -       A->Z   F     INVX4          4 15.7    88    78    1585    (-,-) 
  g131553/Z                         -       B->Z   F     AND2X1         4 15.8   162   185    1771    (-,-) 
  g131236__6161/Z                   -       A->Z   R     NAND2X1        2  8.9   179   146    1916    (-,-) 
  g131115/Z                         -       A->Z   F     INVX2          2  8.2    87    76    1992    (-,-) 
  g130900__1617/Z                   -       A->Z   R     NAND2X1        1  5.3   121    92    2084    (-,-) 
  g130857__1666/Z                   -       A->Z   F     NAND3X1        1  5.3    82    66    2150    (-,-) 
  g130550__1617/Z                   -       B->Z   R     NOR2X1         1  5.3   111    87    2237    (-,-) 
  g130454__8428/Z                   -       A->Z   F     NAND3X1        1  6.5    89    72    2309    (-,-) 
  g130363__2398/Z                   -       A->Z   R     XOR2X1         1  4.8   104   146    2455    (-,-) 
  g130332__7410/Z                   -       A->Z   F     NAND2X1        1  4.9    76    62    2516    (-,-) 
  g130300__5107/Z                   -       A->Z   R     NAND2X1        1  4.4   108    81    2597    (-,-) 
  csm_inst_right_reg_reg[14]/D      -       -      R     DFFQSRX1       1    -     -     0    2597    (-,-) 
#-----------------------------------------------------------------------------------------------------------



Path 25: VIOLATED (-1790 ps) Setup Check with Pin csm_inst_right_reg_reg[8]/CLK->D
          Group: C2C
     Startpoint: (R) csm_inst_round_counter_reg[2]/CLK
          Clock: (R) clk
       Endpoint: (F) csm_inst_right_reg_reg[8]/D
          Clock: (R) clk

                     Capture       Launch     
        Clock Edge:+    1000            0     
       Src Latency:+       0            0     
       Net Latency:+       0 (I)        0 (I) 
           Arrival:=    1000            0     
                                              
             Setup:-     209                  
     Required Time:=     791                  
      Launch Clock:-       0                  
         Data Path:-    2582                  
             Slack:=   -1790                  

#------------------------------------------------------------------------------------------------------------
#           Timing Point            Flags    Arc   Edge   Cell     Fanout  Load Trans Delay Arrival Instance 
#                                                                          (fF)  (ps)  (ps)   (ps)  Location 
#------------------------------------------------------------------------------------------------------------
  csm_inst_round_counter_reg[2]/CLK -       -      R     (arrival)    335     -     0     0       0    (-,-) 
  csm_inst_round_counter_reg[2]/Q   -       CLK->Q R     DFFQSRX1       3  14.8   232   248     248    (-,-) 
  g135916/Z                         -       A->Z   F     INVX4          5  26.3   125   109     358    (-,-) 
  g135677/Z                         -       A->Z   R     NAND2X1        2   9.0   176   134     492    (-,-) 
  g135523/Z                         -       B->Z   F     NOR2X1         1   8.1   120   109     600    (-,-) 
  g135372/Z                         -       A->Z   R     INVX4          2  26.5   118   101     702    (-,-) 
  g135371/Z                         -       A->Z   F     INVX16        46 150.1   131   111     812    (-,-) 
  g134734/Z                         -       A->Z   R     NAND2X1        1   4.8   123   100     912    (-,-) 
  g134136/Z                         -       A->Z   F     NAND2X1        1   5.2    79    66     978    (-,-) 
  g133738/Z                         -       A->Z   R     NOR2X1         1   5.3   111    98    1077    (-,-) 
  g133114/Z                         -       A->Z   F     NAND3X1        1   4.9    78    63    1139    (-,-) 
  g132919/Z                         -       A->Z   R     NAND2X1        1   5.3   125    89    1228    (-,-) 
  g132868/Z                         -       A->Z   F     NAND3X1        1   6.5    92    74    1302    (-,-) 
  g132319/Z                         -       S->Z   R     MUX2X1         1   8.1   138   187    1489    (-,-) 
  g132249/Z                         -       A->Z   F     INVX4          1  13.0    70    64    1553    (-,-) 
  g132248/Z                         -       A->Z   R     INVX8          5  31.2    72    63    1615    (-,-) 
  g131390/Z                         -       B->Z   R     XOR2X1         1   8.1   137   151    1766    (-,-) 
  g131270/Z                         -       A->Z   F     INVX4          6  28.7   110    98    1864    (-,-) 
  g131077__1881/Z                   -       A->Z   R     NAND2X1        1   5.3   121    98    1962    (-,-) 
  g130806__5107/Z                   -       A->Z   F     NAND3X1        1   5.3    90    66    2028    (-,-) 
  g130691__6260/Z                   -       A->Z   R     NAND3X1        1   5.3   162   101    2129    (-,-) 
  g130475__2883/Z                   -       B->Z   F     NOR2X1         1   5.3    96    85    2214    (-,-) 
  g130421__2398/Z                   -       A->Z   R     NAND3X1        1   6.5   180   113    2327    (-,-) 
  g130330__2346/Z                   -       A->Z   F     XOR2X1         1   4.9    94    99    2426    (-,-) 
  g130302__4319/Z                   -       A->Z   R     NAND2X1        1   5.3   129    94    2520    (-,-) 
  g130280__2398/Z                   -       A->Z   F     NAND3X1        1   4.4    77    62    2582    (-,-) 
  csm_inst_right_reg_reg[8]/D       -       -      F     DFFQSRX1       1     -     -     0    2582    (-,-) 
#------------------------------------------------------------------------------------------------------------



Path 26: VIOLATED (-1785 ps) Setup Check with Pin csm_inst_right_reg_reg[15]/CLK->D
          Group: C2C
     Startpoint: (R) csm_inst_round_counter_reg[3]/CLK
          Clock: (R) clk
       Endpoint: (R) csm_inst_right_reg_reg[15]/D
          Clock: (R) clk

                     Capture       Launch     
        Clock Edge:+    1000            0     
       Src Latency:+       0            0     
       Net Latency:+       0 (I)        0 (I) 
           Arrival:=    1000            0     
                                              
             Setup:-     205                  
     Required Time:=     795                  
      Launch Clock:-       0                  
         Data Path:-    2580                  
             Slack:=   -1785                  

#-----------------------------------------------------------------------------------------------------------
#           Timing Point            Flags    Arc   Edge   Cell     Fanout Load Trans Delay Arrival Instance 
#                                                                         (fF)  (ps)  (ps)   (ps)  Location 
#-----------------------------------------------------------------------------------------------------------
  csm_inst_round_counter_reg[3]/CLK -       -      R     (arrival)    335    -     0     0       0    (-,-) 
  csm_inst_round_counter_reg[3]/Q   -       CLK->Q R     DFFQSRX1       1  8.1   136   193     193    (-,-) 
  fopt43/Z                          -       A->Z   F     INVX4          2 24.4    99    89     282    (-,-) 
  fopt42/Z                          -       A->Z   R     INVX8          3 25.9    69    64     346    (-,-) 
  fopt25/Z                          -       A->Z   F     INVX8          2 24.4    54    50     396    (-,-) 
  fopt20/Z                          -       A->Z   R     INVX8          4 27.2    63    54     450    (-,-) 
  fopt17/Z                          -       A->Z   F     INVX8          8 30.1    60    55     505    (-,-) 
  g135586/Z                         -       A->Z   R     NAND2X1        3 11.1   207   131     636    (-,-) 
  g135179/Z                         -       B->Z   F     NAND2X1        3 11.1   141   111     747    (-,-) 
  g134232/Z                         -       A->Z   F     MUX2X1         2  8.2    84   205     951    (-,-) 
  g133376/Z                         -       A->Z   R     NAND2X1        1  4.8   128    86    1038    (-,-) 
  g133333/Z                         -       A->Z   R     AND2X1         1  5.3    95   105    1143    (-,-) 
  g133106/Z                         -       A->Z   F     NAND3X1        1  4.9    77    61    1203    (-,-) 
  g132912/Z                         -       A->Z   R     NAND2X1        1  4.8   119    84    1288    (-,-) 
  g132875/Z                         -       B->Z   F     NAND2X1        1  6.5    84    74    1362    (-,-) 
  g132288/Z                         -       S->Z   R     MUX2X1         1  8.1   138   186    1547    (-,-) 
  g131930/Z                         -       A->Z   F     INVX4          4 22.5    95    85    1632    (-,-) 
  g131927/Z                         -       A->Z   R     INVX8          7 25.1    67    62    1694    (-,-) 
  g131379__6161/Z                   -       B->Z   R     MUX2X1         1  5.7   104   126    1821    (-,-) 
  fopt136032/Z                      -       A->Z   F     INVX2          2 11.8    87    77    1898    (-,-) 
  fopt136031/Z                      -       A->Z   R     INVX4          2  8.5    56    52    1950    (-,-) 
  g130978__5107/Z                   -       A->Z   F     NAND2X1        1  4.9    64    53    2003    (-,-) 
  g130776__2398/Z                   -       A->Z   R     NAND2X1        1  4.8   114    80    2084    (-,-) 
  g130664__4319/Z                   -       A->Z   F     NAND2X1        1  5.3    77    65    2149    (-,-) 
  g130488__3680/Z                   -       A->Z   R     NAND3X1        2  9.3   221   130    2279    (-,-) 
  g130460/Z                         -       A->Z   F     INVX2          1  4.9    74    60    2339    (-,-) 
  g130390__5477/Z                   -       A->Z   R     NAND2X1        1  4.8   120    83    2423    (-,-) 
  g130350__1881/Z                   -       A->Z   F     NAND2X1        1  5.3    81    66    2489    (-,-) 
  g130304__5526/Z                   -       A->Z   R     NAND3X1        1  4.4   149    91    2580    (-,-) 
  csm_inst_right_reg_reg[15]/D      -       -      R     DFFQSRX1       1    -     -     0    2580    (-,-) 
#-----------------------------------------------------------------------------------------------------------



Path 27: VIOLATED (-1784 ps) Setup Check with Pin csm_inst_right_reg_reg[4]/CLK->D
          Group: C2C
     Startpoint: (R) csm_inst_round_counter_reg[3]/CLK
          Clock: (R) clk
       Endpoint: (R) csm_inst_right_reg_reg[4]/D
          Clock: (R) clk

                     Capture       Launch     
        Clock Edge:+    1000            0     
       Src Latency:+       0            0     
       Net Latency:+       0 (I)        0 (I) 
           Arrival:=    1000            0     
                                              
             Setup:-     205                  
     Required Time:=     795                  
      Launch Clock:-       0                  
         Data Path:-    2579                  
             Slack:=   -1784                  

#-----------------------------------------------------------------------------------------------------------
#           Timing Point            Flags    Arc   Edge   Cell     Fanout Load Trans Delay Arrival Instance 
#                                                                         (fF)  (ps)  (ps)   (ps)  Location 
#-----------------------------------------------------------------------------------------------------------
  csm_inst_round_counter_reg[3]/CLK -       -      R     (arrival)    335    -     0     0       0    (-,-) 
  csm_inst_round_counter_reg[3]/Q   -       CLK->Q R     DFFQSRX1       1  8.1   136   193     193    (-,-) 
  fopt43/Z                          -       A->Z   F     INVX4          2 24.4    99    89     282    (-,-) 
  fopt42/Z                          -       A->Z   R     INVX8          3 25.9    69    64     346    (-,-) 
  fopt25/Z                          -       A->Z   F     INVX8          2 24.4    54    50     396    (-,-) 
  fopt24/Z                          -       A->Z   R     INVX8         10 43.2    90    70     466    (-,-) 
  g135578/Z                         -       A->Z   F     NAND2X1        3 11.4   131    96     562    (-,-) 
  g135982/Z                         -       A->Z   R     NAND2X1        5 17.0   291   202     764    (-,-) 
  g135300/Z                         -       A->Z   F     INVX1          1  5.3   110    83     847    (-,-) 
  g134810/Z                         -       B->Z   R     NOR2X1         1  5.3   116    94     941    (-,-) 
  g133830/Z                         -       B->Z   F     NOR2X1         1  5.3    94    77    1018    (-,-) 
  g133719/Z                         -       A->Z   R     NAND3X1        1  5.2   161   101    1120    (-,-) 
  g133131/Z                         -       A->Z   F     NOR2X1         1  4.9   101   100    1220    (-,-) 
  g132623/Z                         -       A->Z   R     NAND2X1        1  6.5   138   106    1325    (-,-) 
  g132278/Z                         -       S->Z   F     MUX2X1         2  8.9    85   183    1508    (-,-) 
  g131844/Z                         -       A->Z   R     INVX2          4 15.7   132   104    1612    (-,-) 
  g131586/Z                         -       A->Z   R     AND2X1         1  8.1   135   129    1741    (-,-) 
  g131508/Z                         -       A->Z   F     INVX4          5 26.7   105    93    1834    (-,-) 
  g131507/Z                         -       A->Z   R     INVX8          6 21.5    64    60    1894    (-,-) 
  g131315__5122/Z                   -       A->Z   F     NAND2X1        1  4.9    71    55    1949    (-,-) 
  g130951__4319/Z                   -       A->Z   R     NAND2X1        1  4.8   114    82    2031    (-,-) 
  g130785__2802/Z                   -       A->Z   F     NAND2X1        1  4.9    74    63    2094    (-,-) 
  g130633__8428/Z                   -       A->Z   R     NAND2X1        1  5.3   121    88    2182    (-,-) 
  g130533__9945/Z                   -       B->Z   F     NOR2X1         1  5.3    91    78    2260    (-,-) 
  g130455__5526/Z                   -       A->Z   R     NAND3X1        2  8.5   209   128    2388    (-,-) 
  g130379__5115/Z                   -       A->Z   F     NAND2X1        1  5.2    96    76    2464    (-,-) 
  g130325__4733/Z                   -       B->Z   R     NAND3X1        1  4.4   149   115    2579    (-,-) 
  csm_inst_right_reg_reg[4]/D       -       -      R     DFFQSRX1       1    -     -     0    2579    (-,-) 
#-----------------------------------------------------------------------------------------------------------



Path 28: VIOLATED (-1783 ps) Setup Check with Pin csm_inst_right_reg_reg[21]/CLK->D
          Group: C2C
     Startpoint: (R) csm_inst_round_counter_reg[3]/CLK
          Clock: (R) clk
       Endpoint: (F) csm_inst_right_reg_reg[21]/D
          Clock: (R) clk

                     Capture       Launch     
        Clock Edge:+    1000            0     
       Src Latency:+       0            0     
       Net Latency:+       0 (I)        0 (I) 
           Arrival:=    1000            0     
                                              
             Setup:-     208                  
     Required Time:=     792                  
      Launch Clock:-       0                  
         Data Path:-    2574                  
             Slack:=   -1783                  

#-----------------------------------------------------------------------------------------------------------
#           Timing Point            Flags    Arc   Edge   Cell     Fanout Load Trans Delay Arrival Instance 
#                                                                         (fF)  (ps)  (ps)   (ps)  Location 
#-----------------------------------------------------------------------------------------------------------
  csm_inst_round_counter_reg[3]/CLK -       -      R     (arrival)    335    -     0     0       0    (-,-) 
  csm_inst_round_counter_reg[3]/Q   -       CLK->Q R     DFFQSRX1       1  8.1   136   193     193    (-,-) 
  fopt43/Z                          -       A->Z   F     INVX4          2 24.4    99    89     282    (-,-) 
  fopt42/Z                          -       A->Z   R     INVX8          3 25.9    69    64     346    (-,-) 
  fopt25/Z                          -       A->Z   F     INVX8          2 24.4    54    50     396    (-,-) 
  fopt20/Z                          -       A->Z   R     INVX8          4 27.2    63    54     450    (-,-) 
  fopt17/Z                          -       A->Z   F     INVX8          8 30.1    60    55     505    (-,-) 
  fopt15/Z                          -       A->Z   R     INVX2          2  8.0    76    64     568    (-,-) 
  g135727/Z                         -       A->Z   F     NAND2X1        3 11.3   130    92     660    (-,-) 
  g135469/Z                         -       A->Z   R     NAND2X1        2  7.6   158   124     784    (-,-) 
  g135279/Z                         -       A->Z   R     BUFX1          2  8.0   133   122     907    (-,-) 
  g134538/Z                         -       A->Z   F     NAND2X1        1  4.8    90    65     972    (-,-) 
  g133976/Z                         -       B->Z   R     NAND2X1        1  5.2   120   104    1076    (-,-) 
  g133663/Z                         -       A->Z   F     NOR2X1         1  5.3    96    94    1170    (-,-) 
  g133086/Z                         -       A->Z   R     NAND3X1        1  5.2   161   102    1272    (-,-) 
  g132632/Z                         -       A->Z   F     NOR2X1         1  6.5   114   111    1382    (-,-) 
  g132306/Z                         -       S->Z   R     MUX2X1         1  8.1   138   192    1575    (-,-) 
  g132094/Z                         -       A->Z   F     INVX4          6 29.8   114   100    1675    (-,-) 
  g132087/Z                         -       A->Z   R     INVX8          5 18.3    61    57    1732    (-,-) 
  g131580/Z                         -       A->Z   F     NAND2X1        1  8.1    92    72    1804    (-,-) 
  fopt136046/Z                      -       A->Z   R     INVX4          3 16.1    78    71    1875    (-,-) 
  fopt136045/Z                      -       A->Z   F     INVX4          4 21.4    79    71    1946    (-,-) 
  fopt136044/Z                      -       A->Z   R     INVX4          2  8.9    55    51    1998    (-,-) 
  g130906__6131/Z                   -       A->Z   F     NAND3X1        1  5.3    81    55    2052    (-,-) 
  g130667__6783/Z                   -       A->Z   R     NAND3X1        1  4.8   154    94    2147    (-,-) 
  g130529__7482/Z                   -       A->Z   F     NAND2X1        1  5.2    85    70    2217    (-,-) 
  g130487__6783/Z                   -       B->Z   R     NAND3X1        2  8.9   215   149    2366    (-,-) 
  g130459/Z                         -       A->Z   F     INVX2          1  4.9    73    60    2426    (-,-) 
  g130399__6783/Z                   -       A->Z   R     NAND2X1        1  5.3   122    87    2513    (-,-) 
  g130335__2398/Z                   -       A->Z   F     NAND3X1        1  4.4    76    61    2574    (-,-) 
  csm_inst_right_reg_reg[21]/D      -       -      F     DFFQSRX1       1    -     -     0    2574    (-,-) 
#-----------------------------------------------------------------------------------------------------------



Path 29: VIOLATED (-1774 ps) Setup Check with Pin csm_inst_right_reg_reg[26]/CLK->D
          Group: C2C
     Startpoint: (R) csm_inst_round_counter_reg[3]/CLK
          Clock: (R) clk
       Endpoint: (R) csm_inst_right_reg_reg[26]/D
          Clock: (R) clk

                     Capture       Launch     
        Clock Edge:+    1000            0     
       Src Latency:+       0            0     
       Net Latency:+       0 (I)        0 (I) 
           Arrival:=    1000            0     
                                              
             Setup:-     205                  
     Required Time:=     795                  
      Launch Clock:-       0                  
         Data Path:-    2569                  
             Slack:=   -1774                  

#-----------------------------------------------------------------------------------------------------------
#           Timing Point            Flags    Arc   Edge   Cell     Fanout Load Trans Delay Arrival Instance 
#                                                                         (fF)  (ps)  (ps)   (ps)  Location 
#-----------------------------------------------------------------------------------------------------------
  csm_inst_round_counter_reg[3]/CLK -       -      R     (arrival)    335    -     0     0       0    (-,-) 
  csm_inst_round_counter_reg[3]/Q   -       CLK->Q R     DFFQSRX1       1  8.1   136   193     193    (-,-) 
  fopt43/Z                          -       A->Z   F     INVX4          2 24.4    99    89     282    (-,-) 
  fopt42/Z                          -       A->Z   R     INVX8          3 25.9    69    64     346    (-,-) 
  fopt25/Z                          -       A->Z   F     INVX8          2 24.4    54    50     396    (-,-) 
  fopt20/Z                          -       A->Z   R     INVX8          4 27.2    63    54     450    (-,-) 
  fopt19/Z                          -       A->Z   F     INVX4          8 27.7    95    78     528    (-,-) 
  g135625/Z                         -       A->Z   R     NAND2X1        3 11.1   207   142     670    (-,-) 
  g135246/Z                         -       A->Z   F     NAND2X1        4 14.5   166   137     807    (-,-) 
  g134296/Z                         -       A->Z   F     MUX2X1         2  8.2    82   209    1016    (-,-) 
  g133480/Z                         -       A->Z   R     NAND2X1        1  4.8   120    86    1102    (-,-) 
  g133330/Z                         -       A->Z   F     NAND2X1        1  5.3    79    66    1168    (-,-) 
  g133175/Z                         -       B->Z   R     NOR2X1         1  4.8   104    82    1250    (-,-) 
  g132863/Z                         -       A->Z   F     NAND2X1        1  6.5    84    71    1322    (-,-) 
  g132280/Z                         -       S->Z   R     MUX2X1         1  8.1   138   186    1507    (-,-) 
  fopt136064/Z                      -       A->Z   F     INVX4          3 19.4    87    79    1586    (-,-) 
  fopt136063/Z                      -       A->Z   R     INVX4          2  8.9    57    53    1639    (-,-) 
  g131742/Z                         -       A->Z   R     AND2X1         4 14.3   224   172    1811    (-,-) 
  g131632/Z                         -       A->Z   R     BUFX1          2  8.9   147   133    1944    (-,-) 
  g131312__1617/Z                   -       A->Z   F     NAND2X1        1  4.9    81    67    2011    (-,-) 
  g130961__7098/Z                   -       A->Z   R     NAND2X1        1  4.8   114    86    2097    (-,-) 
  g130803__6417/Z                   -       A->Z   F     NAND2X1        2  8.6   103    85    2182    (-,-) 
  g130645__5115/Z                   -       A->Z   R     NAND2X1        1  4.8   120    92    2274    (-,-) 
  g130504__9315/Z                   -       A->Z   F     NAND2X1        1  4.9    96    64    2338    (-,-) 
  g130439__7482/Z                   -       A->Z   F     AND2X1         1  5.2    66   110    2447    (-,-) 
  g130337__6260/Z                   -       C->Z   R     NAND3X1        1  4.4   148   122    2569    (-,-) 
  csm_inst_right_reg_reg[26]/D      -       -      R     DFFQSRX1       1    -     -     0    2569    (-,-) 
#-----------------------------------------------------------------------------------------------------------



Path 30: VIOLATED (-1751 ps) Setup Check with Pin csm_inst_right_reg_reg[30]/CLK->D
          Group: C2C
     Startpoint: (R) csm_inst_round_counter_reg[3]/CLK
          Clock: (R) clk
       Endpoint: (F) csm_inst_right_reg_reg[30]/D
          Clock: (R) clk

                     Capture       Launch     
        Clock Edge:+    1000            0     
       Src Latency:+       0            0     
       Net Latency:+       0 (I)        0 (I) 
           Arrival:=    1000            0     
                                              
             Setup:-     209                  
     Required Time:=     791                  
      Launch Clock:-       0                  
         Data Path:-    2542                  
             Slack:=   -1751                  

#-----------------------------------------------------------------------------------------------------------
#           Timing Point            Flags    Arc   Edge   Cell     Fanout Load Trans Delay Arrival Instance 
#                                                                         (fF)  (ps)  (ps)   (ps)  Location 
#-----------------------------------------------------------------------------------------------------------
  csm_inst_round_counter_reg[3]/CLK -       -      R     (arrival)    335    -     0     0       0    (-,-) 
  csm_inst_round_counter_reg[3]/Q   -       CLK->Q R     DFFQSRX1       1  8.1   136   193     193    (-,-) 
  fopt43/Z                          -       A->Z   F     INVX4          2 24.4    99    89     282    (-,-) 
  fopt42/Z                          -       A->Z   R     INVX8          3 25.9    69    64     346    (-,-) 
  fopt25/Z                          -       A->Z   F     INVX8          2 24.4    54    50     396    (-,-) 
  fopt20/Z                          -       A->Z   R     INVX8          4 27.2    63    54     450    (-,-) 
  fopt17/Z                          -       A->Z   F     INVX8          8 30.1    60    55     505    (-,-) 
  fopt14/Z                          -       A->Z   R     INVX2          2  8.0    76    64     568    (-,-) 
  g135691/Z                         -       A->Z   F     NAND2X1        3 11.4   131    92     661    (-,-) 
  g135491/Z                         -       A->Z   R     NAND2X1        4 14.3   253   180     841    (-,-) 
  g134831/Z                         -       B->Z   F     NAND2X1        1  4.9    89    73     914    (-,-) 
  g134010/Z                         -       A->Z   R     NAND2X1        1  4.8   115    88    1002    (-,-) 
  g133405/Z                         -       A->Z   F     NAND2X1        1  4.8    85    62    1064    (-,-) 
  g133301/Z                         -       B->Z   F     AND2X1         1  5.2    66   123    1187    (-,-) 
  g132617/Z                         -       C->Z   R     NAND3X1        1  6.5   180   140    1326    (-,-) 
  g132300/Z                         -       S->Z   F     MUX2X1         1 13.0   107   202    1528    (-,-) 
  g132034/Z                         -       A->Z   R     INVX8          6 29.6    76    70    1598    (-,-) 
  g132029/Z                         -       A->Z   F     INVX8         10 36.0    69    64    1662    (-,-) 
  g131750/Z                         -       A->Z   R     NAND2X1        1  8.1   161   109    1771    (-,-) 
  g131650/Z                         -       A->Z   F     INVX4          6 22.6   100    90    1861    (-,-) 
  g131217__2398/Z                   -       A->Z   R     NAND2X1        2  8.4   167   122    1983    (-,-) 
  g130926__6783/Z                   -       A->Z   F     NAND2X1        1  4.9    86    70    2053    (-,-) 
  g130868__6783/Z                   -       A->Z   R     NAND2X1        2  8.9   173   121    2174    (-,-) 
  g130795/Z                         -       A->Z   F     INVX2          1  5.2    68    58    2232    (-,-) 
  g130506__2883/Z                   -       A->Z   R     NOR2X1         1  5.3   116    96    2328    (-,-) 
  g130375__8246/Z                   -       A->Z   F     NAND3X1        1  4.9    78    63    2392    (-,-) 
  g130347__8246/Z                   -       A->Z   R     NAND2X1        1  5.3   125    89    2480    (-,-) 
  g130323__5115/Z                   -       A->Z   F     NAND3X1        1  4.4    79    62    2542    (-,-) 
  csm_inst_right_reg_reg[30]/D      -       -      F     DFFQSRX1       1    -     -     0    2542    (-,-) 
#-----------------------------------------------------------------------------------------------------------



Path 31: VIOLATED (-1745 ps) Setup Check with Pin csm_inst_right_reg_reg[2]/CLK->D
          Group: C2C
     Startpoint: (R) csm_inst_round_counter_reg[2]/CLK
          Clock: (R) clk
       Endpoint: (R) csm_inst_right_reg_reg[2]/D
          Clock: (R) clk

                     Capture       Launch     
        Clock Edge:+    1000            0     
       Src Latency:+       0            0     
       Net Latency:+       0 (I)        0 (I) 
           Arrival:=    1000            0     
                                              
             Setup:-     197                  
     Required Time:=     803                  
      Launch Clock:-       0                  
         Data Path:-    2548                  
             Slack:=   -1745                  

#------------------------------------------------------------------------------------------------------------
#           Timing Point            Flags    Arc   Edge   Cell     Fanout  Load Trans Delay Arrival Instance 
#                                                                          (fF)  (ps)  (ps)   (ps)  Location 
#------------------------------------------------------------------------------------------------------------
  csm_inst_round_counter_reg[2]/CLK -       -      R     (arrival)    335     -     0     0       0    (-,-) 
  csm_inst_round_counter_reg[2]/Q   -       CLK->Q R     DFFQSRX1       3  14.8   232   248     248    (-,-) 
  g135916/Z                         -       A->Z   F     INVX4          5  26.3   125   109     358    (-,-) 
  g135677/Z                         -       A->Z   R     NAND2X1        2   9.0   176   134     492    (-,-) 
  g135523/Z                         -       B->Z   F     NOR2X1         1   8.1   120   109     600    (-,-) 
  g135372/Z                         -       A->Z   R     INVX4          2  26.5   118   101     702    (-,-) 
  g135371/Z                         -       A->Z   F     INVX16        46 150.1   131   111     812    (-,-) 
  g134952/Z                         -       A->Z   R     NAND2X1        1   4.8   127   100     912    (-,-) 
  g134120/Z                         -       A->Z   F     NAND2X1        1   5.2    79    67     979    (-,-) 
  g133749/Z                         -       A->Z   R     NOR2X1         1   5.3   111    98    1077    (-,-) 
  g133169/Z                         -       A->Z   F     NAND3X1        1   4.9    78    63    1140    (-,-) 
  g132922/Z                         -       A->Z   F     AND2X1         1   5.3    67   106    1246    (-,-) 
  g132865/Z                         -       B->Z   R     NOR2X1         1   6.5   127    93    1338    (-,-) 
  g132316/Z                         -       S->Z   F     MUX2X1         1   8.1    81   179    1518    (-,-) 
  g132210/Z                         -       A->Z   R     INVX4          4  25.8   109    89    1606    (-,-) 
  g132202/Z                         -       A->Z   F     INVX8          4  15.3    50    46    1653    (-,-) 
  g131753/Z                         -       A->Z   R     NAND2X1        1   8.1   161   103    1756    (-,-) 
  g131655/Z                         -       A->Z   F     INVX4          6  23.1   102    91    1847    (-,-) 
  g131308__8428/Z                   -       A->Z   R     NAND2X1        1   4.8   120    92    1939    (-,-) 
  g130829__1666/Z                   -       A->Z   F     NAND2X1        1   4.9    76    64    2002    (-,-) 
  g130678__7482/Z                   -       A->Z   R     NAND2X1        1   4.8   114    84    2086    (-,-) 
  g130564__2883/Z                   -       A->Z   R     AND2X1         1   5.3    95   104    2190    (-,-) 
  g130456__6783/Z                   -       A->Z   F     NAND3X1        1   6.5    89    69    2260    (-,-) 
  g130362__5477/Z                   -       A->Z   R     XOR2X1         1   4.8   104   146    2405    (-,-) 
  g130331__1666/Z                   -       A->Z   F     NAND2X1        1   4.9    76    62    2467    (-,-) 
  g130301__6260/Z                   -       A->Z   R     NAND2X1        1   4.4   108    81    2548    (-,-) 
  csm_inst_right_reg_reg[2]/D       -       -      R     DFFQSRX1       1     -     -     0    2548    (-,-) 
#------------------------------------------------------------------------------------------------------------



Path 32: VIOLATED (-1725 ps) Setup Check with Pin csm_inst_right_reg_reg[19]/CLK->D
          Group: C2C
     Startpoint: (R) csm_inst_round_counter_reg[3]/CLK
          Clock: (R) clk
       Endpoint: (R) csm_inst_right_reg_reg[19]/D
          Clock: (R) clk

                     Capture       Launch     
        Clock Edge:+    1000            0     
       Src Latency:+       0            0     
       Net Latency:+       0 (I)        0 (I) 
           Arrival:=    1000            0     
                                              
             Setup:-     205                  
     Required Time:=     795                  
      Launch Clock:-       0                  
         Data Path:-    2520                  
             Slack:=   -1725                  

#-----------------------------------------------------------------------------------------------------------
#           Timing Point            Flags    Arc   Edge   Cell     Fanout Load Trans Delay Arrival Instance 
#                                                                         (fF)  (ps)  (ps)   (ps)  Location 
#-----------------------------------------------------------------------------------------------------------
  csm_inst_round_counter_reg[3]/CLK -       -      R     (arrival)    335    -     0     0       0    (-,-) 
  csm_inst_round_counter_reg[3]/Q   -       CLK->Q R     DFFQSRX1       1  8.1   136   193     193    (-,-) 
  fopt43/Z                          -       A->Z   F     INVX4          2 24.4    99    89     282    (-,-) 
  fopt42/Z                          -       A->Z   R     INVX8          3 25.9    69    64     346    (-,-) 
  fopt25/Z                          -       A->Z   F     INVX8          2 24.4    54    50     396    (-,-) 
  fopt20/Z                          -       A->Z   R     INVX8          4 27.2    63    54     450    (-,-) 
  fopt17/Z                          -       A->Z   F     INVX8          8 30.1    60    55     505    (-,-) 
  fopt14/Z                          -       A->Z   R     INVX2          2  8.0    76    64     568    (-,-) 
  g135691/Z                         -       A->Z   F     NAND2X1        3 11.4   131    92     661    (-,-) 
  g135240/Z                         -       A->Z   R     NAND2X1        4 14.3   253   180     841    (-,-) 
  g134233/Z                         -       B->Z   R     MUX2X1         2  8.0   137   162    1003    (-,-) 
  g133450/Z                         -       A->Z   F     NAND2X1        1  4.9    89    66    1069    (-,-) 
  g133288/Z                         -       A->Z   F     AND2X1         1  5.2    66   108    1177    (-,-) 
  g132616/Z                         -       B->Z   R     NAND3X1        1  6.5   180   123    1300    (-,-) 
  g132275/Z                         -       S->Z   F     MUX2X1         2 11.3    98   194    1494    (-,-) 
  g131826/Z                         -       A->Z   R     INVX4          4 15.6    78    72    1566    (-,-) 
  g135966/Z                         -       A->Z   R     AND2X1         2  7.6   128   120    1686    (-,-) 
  fopt136042/Z                      -       A->Z   R     BUFX1          4 13.9   218   169    1854    (-,-) 
  g131303__5477/Z                   -       A->Z   F     NAND2X1        1  4.9    95    74    1929    (-,-) 
  g130922__6260/Z                   -       A->Z   R     NAND2X1        1  4.8   117    90    2018    (-,-) 
  g130797__9315/Z                   -       A->Z   F     NAND2X1        1  4.8    74    63    2081    (-,-) 
  g130646__7482/Z                   -       B->Z   R     NAND2X1        2  8.5   167   127    2208    (-,-) 
  g130526__6131/Z                   -       A->Z   R     AND2X1         1  5.3    96   108    2316    (-,-) 
  g130482__5107/Z                   -       B->Z   F     NOR2X1         1  5.2    95    73    2388    (-,-) 
  g130334__5477/Z                   -       C->Z   R     NAND3X1        1  4.4   149   131    2520    (-,-) 
  csm_inst_right_reg_reg[19]/D      -       -      R     DFFQSRX1       1    -     -     0    2520    (-,-) 
#-----------------------------------------------------------------------------------------------------------



Path 33: VIOLATED (-352 ps) Setup Check with Pin csm_inst_left_reg_reg[31]/CLK->D
          Group: C2C
     Startpoint: (R) csm_inst_state_reg[0]/CLK
          Clock: (R) clk
       Endpoint: (R) csm_inst_left_reg_reg[31]/D
          Clock: (R) clk

                     Capture       Launch     
        Clock Edge:+    1000            0     
       Src Latency:+       0            0     
       Net Latency:+       0 (I)        0 (I) 
           Arrival:=    1000            0     
                                              
             Setup:-     205                  
     Required Time:=     795                  
      Launch Clock:-       0                  
         Data Path:-    1146                  
             Slack:=    -352                  

#------------------------------------------------------------------------------------------------------
#        Timing Point         Flags    Arc   Edge   Cell     Fanout  Load Trans Delay Arrival Instance 
#                                                                    (fF)  (ps)  (ps)   (ps)  Location 
#------------------------------------------------------------------------------------------------------
  csm_inst_state_reg[0]/CLK   -       -      R     (arrival)    335     -     0     0       0    (-,-) 
  csm_inst_state_reg[0]/Q     -       CLK->Q R     DFFQSRX1       6  22.8   348   314     314    (-,-) 
  g135667/Z                   -       A->Z   F     NAND2X1        1   4.9   116    82     396    (-,-) 
  g135264/Z                   -       A->Z   R     NAND2X1        3  12.5   226   160     556    (-,-) 
  g135003/Z                   -       B->Z   F     NOR2X1         2  25.7   282   224     780    (-,-) 
  g134665/Z                   -       A->Z   R     INVX16        64 204.0   220   193     973    (-,-) 
  g133912/Z                   -       A->Z   F     NAND2X1        1   5.3    98    78    1050    (-,-) 
  g133659/Z                   -       A->Z   R     NAND3X1        1   4.4   149    96    1146    (-,-) 
  csm_inst_left_reg_reg[31]/D -       -      R     DFFQSRX1       1     -     -     0    1146    (-,-) 
#------------------------------------------------------------------------------------------------------



Path 34: VIOLATED (-352 ps) Setup Check with Pin csm_inst_left_reg_reg[30]/CLK->D
          Group: C2C
     Startpoint: (R) csm_inst_state_reg[0]/CLK
          Clock: (R) clk
       Endpoint: (R) csm_inst_left_reg_reg[30]/D
          Clock: (R) clk

                     Capture       Launch     
        Clock Edge:+    1000            0     
       Src Latency:+       0            0     
       Net Latency:+       0 (I)        0 (I) 
           Arrival:=    1000            0     
                                              
             Setup:-     205                  
     Required Time:=     795                  
      Launch Clock:-       0                  
         Data Path:-    1146                  
             Slack:=    -352                  

#------------------------------------------------------------------------------------------------------
#        Timing Point         Flags    Arc   Edge   Cell     Fanout  Load Trans Delay Arrival Instance 
#                                                                    (fF)  (ps)  (ps)   (ps)  Location 
#------------------------------------------------------------------------------------------------------
  csm_inst_state_reg[0]/CLK   -       -      R     (arrival)    335     -     0     0       0    (-,-) 
  csm_inst_state_reg[0]/Q     -       CLK->Q R     DFFQSRX1       6  22.8   348   314     314    (-,-) 
  g135667/Z                   -       A->Z   F     NAND2X1        1   4.9   116    82     396    (-,-) 
  g135264/Z                   -       A->Z   R     NAND2X1        3  12.5   226   160     556    (-,-) 
  g135003/Z                   -       B->Z   F     NOR2X1         2  25.7   282   224     780    (-,-) 
  g134665/Z                   -       A->Z   R     INVX16        64 204.0   220   193     973    (-,-) 
  g133910/Z                   -       A->Z   F     NAND2X1        1   5.3    98    78    1050    (-,-) 
  g133654/Z                   -       A->Z   R     NAND3X1        1   4.4   149    96    1146    (-,-) 
  csm_inst_left_reg_reg[30]/D -       -      R     DFFQSRX1       1     -     -     0    1146    (-,-) 
#------------------------------------------------------------------------------------------------------



Path 35: VIOLATED (-352 ps) Setup Check with Pin csm_inst_left_reg_reg[29]/CLK->D
          Group: C2C
     Startpoint: (R) csm_inst_state_reg[0]/CLK
          Clock: (R) clk
       Endpoint: (R) csm_inst_left_reg_reg[29]/D
          Clock: (R) clk

                     Capture       Launch     
        Clock Edge:+    1000            0     
       Src Latency:+       0            0     
       Net Latency:+       0 (I)        0 (I) 
           Arrival:=    1000            0     
                                              
             Setup:-     205                  
     Required Time:=     795                  
      Launch Clock:-       0                  
         Data Path:-    1146                  
             Slack:=    -352                  

#------------------------------------------------------------------------------------------------------
#        Timing Point         Flags    Arc   Edge   Cell     Fanout  Load Trans Delay Arrival Instance 
#                                                                    (fF)  (ps)  (ps)   (ps)  Location 
#------------------------------------------------------------------------------------------------------
  csm_inst_state_reg[0]/CLK   -       -      R     (arrival)    335     -     0     0       0    (-,-) 
  csm_inst_state_reg[0]/Q     -       CLK->Q R     DFFQSRX1       6  22.8   348   314     314    (-,-) 
  g135667/Z                   -       A->Z   F     NAND2X1        1   4.9   116    82     396    (-,-) 
  g135264/Z                   -       A->Z   R     NAND2X1        3  12.5   226   160     556    (-,-) 
  g135003/Z                   -       B->Z   F     NOR2X1         2  25.7   282   224     780    (-,-) 
  g134665/Z                   -       A->Z   R     INVX16        64 204.0   220   193     973    (-,-) 
  g133906/Z                   -       A->Z   F     NAND2X1        1   5.3    98    78    1050    (-,-) 
  g133648/Z                   -       A->Z   R     NAND3X1        1   4.4   149    96    1146    (-,-) 
  csm_inst_left_reg_reg[29]/D -       -      R     DFFQSRX1       1     -     -     0    1146    (-,-) 
#------------------------------------------------------------------------------------------------------



Path 36: VIOLATED (-352 ps) Setup Check with Pin csm_inst_left_reg_reg[28]/CLK->D
          Group: C2C
     Startpoint: (R) csm_inst_state_reg[0]/CLK
          Clock: (R) clk
       Endpoint: (R) csm_inst_left_reg_reg[28]/D
          Clock: (R) clk

                     Capture       Launch     
        Clock Edge:+    1000            0     
       Src Latency:+       0            0     
       Net Latency:+       0 (I)        0 (I) 
           Arrival:=    1000            0     
                                              
             Setup:-     205                  
     Required Time:=     795                  
      Launch Clock:-       0                  
         Data Path:-    1146                  
             Slack:=    -352                  

#------------------------------------------------------------------------------------------------------
#        Timing Point         Flags    Arc   Edge   Cell     Fanout  Load Trans Delay Arrival Instance 
#                                                                    (fF)  (ps)  (ps)   (ps)  Location 
#------------------------------------------------------------------------------------------------------
  csm_inst_state_reg[0]/CLK   -       -      R     (arrival)    335     -     0     0       0    (-,-) 
  csm_inst_state_reg[0]/Q     -       CLK->Q R     DFFQSRX1       6  22.8   348   314     314    (-,-) 
  g135667/Z                   -       A->Z   F     NAND2X1        1   4.9   116    82     396    (-,-) 
  g135264/Z                   -       A->Z   R     NAND2X1        3  12.5   226   160     556    (-,-) 
  g135003/Z                   -       B->Z   F     NOR2X1         2  25.7   282   224     780    (-,-) 
  g134665/Z                   -       A->Z   R     INVX16        64 204.0   220   193     973    (-,-) 
  g133905/Z                   -       A->Z   F     NAND2X1        1   5.3    98    78    1050    (-,-) 
  g133759/Z                   -       A->Z   R     NAND3X1        1   4.4   149    96    1146    (-,-) 
  csm_inst_left_reg_reg[28]/D -       -      R     DFFQSRX1       1     -     -     0    1146    (-,-) 
#------------------------------------------------------------------------------------------------------



Path 37: VIOLATED (-352 ps) Setup Check with Pin csm_inst_left_reg_reg[27]/CLK->D
          Group: C2C
     Startpoint: (R) csm_inst_state_reg[0]/CLK
          Clock: (R) clk
       Endpoint: (R) csm_inst_left_reg_reg[27]/D
          Clock: (R) clk

                     Capture       Launch     
        Clock Edge:+    1000            0     
       Src Latency:+       0            0     
       Net Latency:+       0 (I)        0 (I) 
           Arrival:=    1000            0     
                                              
             Setup:-     205                  
     Required Time:=     795                  
      Launch Clock:-       0                  
         Data Path:-    1146                  
             Slack:=    -352                  

#------------------------------------------------------------------------------------------------------
#        Timing Point         Flags    Arc   Edge   Cell     Fanout  Load Trans Delay Arrival Instance 
#                                                                    (fF)  (ps)  (ps)   (ps)  Location 
#------------------------------------------------------------------------------------------------------
  csm_inst_state_reg[0]/CLK   -       -      R     (arrival)    335     -     0     0       0    (-,-) 
  csm_inst_state_reg[0]/Q     -       CLK->Q R     DFFQSRX1       6  22.8   348   314     314    (-,-) 
  g135667/Z                   -       A->Z   F     NAND2X1        1   4.9   116    82     396    (-,-) 
  g135264/Z                   -       A->Z   R     NAND2X1        3  12.5   226   160     556    (-,-) 
  g135003/Z                   -       B->Z   F     NOR2X1         2  25.7   282   224     780    (-,-) 
  g134665/Z                   -       A->Z   R     INVX16        64 204.0   220   193     973    (-,-) 
  g133961/Z                   -       A->Z   F     NAND2X1        1   5.3    98    78    1050    (-,-) 
  g133755/Z                   -       A->Z   R     NAND3X1        1   4.4   149    96    1146    (-,-) 
  csm_inst_left_reg_reg[27]/D -       -      R     DFFQSRX1       1     -     -     0    1146    (-,-) 
#------------------------------------------------------------------------------------------------------



Path 38: VIOLATED (-352 ps) Setup Check with Pin csm_inst_left_reg_reg[26]/CLK->D
          Group: C2C
     Startpoint: (R) csm_inst_state_reg[0]/CLK
          Clock: (R) clk
       Endpoint: (R) csm_inst_left_reg_reg[26]/D
          Clock: (R) clk

                     Capture       Launch     
        Clock Edge:+    1000            0     
       Src Latency:+       0            0     
       Net Latency:+       0 (I)        0 (I) 
           Arrival:=    1000            0     
                                              
             Setup:-     205                  
     Required Time:=     795                  
      Launch Clock:-       0                  
         Data Path:-    1146                  
             Slack:=    -352                  

#------------------------------------------------------------------------------------------------------
#        Timing Point         Flags    Arc   Edge   Cell     Fanout  Load Trans Delay Arrival Instance 
#                                                                    (fF)  (ps)  (ps)   (ps)  Location 
#------------------------------------------------------------------------------------------------------
  csm_inst_state_reg[0]/CLK   -       -      R     (arrival)    335     -     0     0       0    (-,-) 
  csm_inst_state_reg[0]/Q     -       CLK->Q R     DFFQSRX1       6  22.8   348   314     314    (-,-) 
  g135667/Z                   -       A->Z   F     NAND2X1        1   4.9   116    82     396    (-,-) 
  g135264/Z                   -       A->Z   R     NAND2X1        3  12.5   226   160     556    (-,-) 
  g135003/Z                   -       B->Z   F     NOR2X1         2  25.7   282   224     780    (-,-) 
  g134665/Z                   -       A->Z   R     INVX16        64 204.0   220   193     973    (-,-) 
  g133960/Z                   -       A->Z   F     NAND2X1        1   5.3    98    78    1050    (-,-) 
  g133750/Z                   -       A->Z   R     NAND3X1        1   4.4   149    96    1146    (-,-) 
  csm_inst_left_reg_reg[26]/D -       -      R     DFFQSRX1       1     -     -     0    1146    (-,-) 
#------------------------------------------------------------------------------------------------------



Path 39: VIOLATED (-352 ps) Setup Check with Pin csm_inst_left_reg_reg[25]/CLK->D
          Group: C2C
     Startpoint: (R) csm_inst_state_reg[0]/CLK
          Clock: (R) clk
       Endpoint: (R) csm_inst_left_reg_reg[25]/D
          Clock: (R) clk

                     Capture       Launch     
        Clock Edge:+    1000            0     
       Src Latency:+       0            0     
       Net Latency:+       0 (I)        0 (I) 
           Arrival:=    1000            0     
                                              
             Setup:-     205                  
     Required Time:=     795                  
      Launch Clock:-       0                  
         Data Path:-    1146                  
             Slack:=    -352                  

#------------------------------------------------------------------------------------------------------
#        Timing Point         Flags    Arc   Edge   Cell     Fanout  Load Trans Delay Arrival Instance 
#                                                                    (fF)  (ps)  (ps)   (ps)  Location 
#------------------------------------------------------------------------------------------------------
  csm_inst_state_reg[0]/CLK   -       -      R     (arrival)    335     -     0     0       0    (-,-) 
  csm_inst_state_reg[0]/Q     -       CLK->Q R     DFFQSRX1       6  22.8   348   314     314    (-,-) 
  g135667/Z                   -       A->Z   F     NAND2X1        1   4.9   116    82     396    (-,-) 
  g135264/Z                   -       A->Z   R     NAND2X1        3  12.5   226   160     556    (-,-) 
  g135003/Z                   -       B->Z   F     NOR2X1         2  25.7   282   224     780    (-,-) 
  g134665/Z                   -       A->Z   R     INVX16        64 204.0   220   193     973    (-,-) 
  g133956/Z                   -       A->Z   F     NAND2X1        1   5.3    98    78    1050    (-,-) 
  g133747/Z                   -       A->Z   R     NAND3X1        1   4.4   149    96    1146    (-,-) 
  csm_inst_left_reg_reg[25]/D -       -      R     DFFQSRX1       1     -     -     0    1146    (-,-) 
#------------------------------------------------------------------------------------------------------



Path 40: VIOLATED (-352 ps) Setup Check with Pin csm_inst_left_reg_reg[24]/CLK->D
          Group: C2C
     Startpoint: (R) csm_inst_state_reg[0]/CLK
          Clock: (R) clk
       Endpoint: (R) csm_inst_left_reg_reg[24]/D
          Clock: (R) clk

                     Capture       Launch     
        Clock Edge:+    1000            0     
       Src Latency:+       0            0     
       Net Latency:+       0 (I)        0 (I) 
           Arrival:=    1000            0     
                                              
             Setup:-     205                  
     Required Time:=     795                  
      Launch Clock:-       0                  
         Data Path:-    1146                  
             Slack:=    -352                  

#------------------------------------------------------------------------------------------------------
#        Timing Point         Flags    Arc   Edge   Cell     Fanout  Load Trans Delay Arrival Instance 
#                                                                    (fF)  (ps)  (ps)   (ps)  Location 
#------------------------------------------------------------------------------------------------------
  csm_inst_state_reg[0]/CLK   -       -      R     (arrival)    335     -     0     0       0    (-,-) 
  csm_inst_state_reg[0]/Q     -       CLK->Q R     DFFQSRX1       6  22.8   348   314     314    (-,-) 
  g135667/Z                   -       A->Z   F     NAND2X1        1   4.9   116    82     396    (-,-) 
  g135264/Z                   -       A->Z   R     NAND2X1        3  12.5   226   160     556    (-,-) 
  g135003/Z                   -       B->Z   F     NOR2X1         2  25.7   282   224     780    (-,-) 
  g134665/Z                   -       A->Z   R     INVX16        64 204.0   220   193     973    (-,-) 
  g133954/Z                   -       A->Z   F     NAND2X1        1   5.3    98    78    1050    (-,-) 
  g133742/Z                   -       A->Z   R     NAND3X1        1   4.4   149    96    1146    (-,-) 
  csm_inst_left_reg_reg[24]/D -       -      R     DFFQSRX1       1     -     -     0    1146    (-,-) 
#------------------------------------------------------------------------------------------------------



Path 41: VIOLATED (-352 ps) Setup Check with Pin csm_inst_left_reg_reg[23]/CLK->D
          Group: C2C
     Startpoint: (R) csm_inst_state_reg[0]/CLK
          Clock: (R) clk
       Endpoint: (R) csm_inst_left_reg_reg[23]/D
          Clock: (R) clk

                     Capture       Launch     
        Clock Edge:+    1000            0     
       Src Latency:+       0            0     
       Net Latency:+       0 (I)        0 (I) 
           Arrival:=    1000            0     
                                              
             Setup:-     205                  
     Required Time:=     795                  
      Launch Clock:-       0                  
         Data Path:-    1146                  
             Slack:=    -352                  

#------------------------------------------------------------------------------------------------------
#        Timing Point         Flags    Arc   Edge   Cell     Fanout  Load Trans Delay Arrival Instance 
#                                                                    (fF)  (ps)  (ps)   (ps)  Location 
#------------------------------------------------------------------------------------------------------
  csm_inst_state_reg[0]/CLK   -       -      R     (arrival)    335     -     0     0       0    (-,-) 
  csm_inst_state_reg[0]/Q     -       CLK->Q R     DFFQSRX1       6  22.8   348   314     314    (-,-) 
  g135667/Z                   -       A->Z   F     NAND2X1        1   4.9   116    82     396    (-,-) 
  g135264/Z                   -       A->Z   R     NAND2X1        3  12.5   226   160     556    (-,-) 
  g135003/Z                   -       B->Z   F     NOR2X1         2  25.7   282   224     780    (-,-) 
  g134665/Z                   -       A->Z   R     INVX16        64 204.0   220   193     973    (-,-) 
  g133951/Z                   -       A->Z   F     NAND2X1        1   5.3    98    78    1050    (-,-) 
  g133740/Z                   -       A->Z   R     NAND3X1        1   4.4   149    96    1146    (-,-) 
  csm_inst_left_reg_reg[23]/D -       -      R     DFFQSRX1       1     -     -     0    1146    (-,-) 
#------------------------------------------------------------------------------------------------------



Path 42: VIOLATED (-352 ps) Setup Check with Pin csm_inst_left_reg_reg[22]/CLK->D
          Group: C2C
     Startpoint: (R) csm_inst_state_reg[0]/CLK
          Clock: (R) clk
       Endpoint: (R) csm_inst_left_reg_reg[22]/D
          Clock: (R) clk

                     Capture       Launch     
        Clock Edge:+    1000            0     
       Src Latency:+       0            0     
       Net Latency:+       0 (I)        0 (I) 
           Arrival:=    1000            0     
                                              
             Setup:-     205                  
     Required Time:=     795                  
      Launch Clock:-       0                  
         Data Path:-    1146                  
             Slack:=    -352                  

#------------------------------------------------------------------------------------------------------
#        Timing Point         Flags    Arc   Edge   Cell     Fanout  Load Trans Delay Arrival Instance 
#                                                                    (fF)  (ps)  (ps)   (ps)  Location 
#------------------------------------------------------------------------------------------------------
  csm_inst_state_reg[0]/CLK   -       -      R     (arrival)    335     -     0     0       0    (-,-) 
  csm_inst_state_reg[0]/Q     -       CLK->Q R     DFFQSRX1       6  22.8   348   314     314    (-,-) 
  g135667/Z                   -       A->Z   F     NAND2X1        1   4.9   116    82     396    (-,-) 
  g135264/Z                   -       A->Z   R     NAND2X1        3  12.5   226   160     556    (-,-) 
  g135003/Z                   -       B->Z   F     NOR2X1         2  25.7   282   224     780    (-,-) 
  g134665/Z                   -       A->Z   R     INVX16        64 204.0   220   193     973    (-,-) 
  g133948/Z                   -       A->Z   F     NAND2X1        1   5.3    98    78    1050    (-,-) 
  g133737/Z                   -       A->Z   R     NAND3X1        1   4.4   149    96    1146    (-,-) 
  csm_inst_left_reg_reg[22]/D -       -      R     DFFQSRX1       1     -     -     0    1146    (-,-) 
#------------------------------------------------------------------------------------------------------



Path 43: VIOLATED (-352 ps) Setup Check with Pin csm_inst_left_reg_reg[21]/CLK->D
          Group: C2C
     Startpoint: (R) csm_inst_state_reg[0]/CLK
          Clock: (R) clk
       Endpoint: (R) csm_inst_left_reg_reg[21]/D
          Clock: (R) clk

                     Capture       Launch     
        Clock Edge:+    1000            0     
       Src Latency:+       0            0     
       Net Latency:+       0 (I)        0 (I) 
           Arrival:=    1000            0     
                                              
             Setup:-     205                  
     Required Time:=     795                  
      Launch Clock:-       0                  
         Data Path:-    1146                  
             Slack:=    -352                  

#------------------------------------------------------------------------------------------------------
#        Timing Point         Flags    Arc   Edge   Cell     Fanout  Load Trans Delay Arrival Instance 
#                                                                    (fF)  (ps)  (ps)   (ps)  Location 
#------------------------------------------------------------------------------------------------------
  csm_inst_state_reg[0]/CLK   -       -      R     (arrival)    335     -     0     0       0    (-,-) 
  csm_inst_state_reg[0]/Q     -       CLK->Q R     DFFQSRX1       6  22.8   348   314     314    (-,-) 
  g135667/Z                   -       A->Z   F     NAND2X1        1   4.9   116    82     396    (-,-) 
  g135264/Z                   -       A->Z   R     NAND2X1        3  12.5   226   160     556    (-,-) 
  g135003/Z                   -       B->Z   F     NOR2X1         2  25.7   282   224     780    (-,-) 
  g134665/Z                   -       A->Z   R     INVX16        64 204.0   220   193     973    (-,-) 
  g133943/Z                   -       A->Z   F     NAND2X1        1   5.3    98    78    1050    (-,-) 
  g133736/Z                   -       A->Z   R     NAND3X1        1   4.4   149    96    1146    (-,-) 
  csm_inst_left_reg_reg[21]/D -       -      R     DFFQSRX1       1     -     -     0    1146    (-,-) 
#------------------------------------------------------------------------------------------------------



Path 44: VIOLATED (-352 ps) Setup Check with Pin csm_inst_left_reg_reg[20]/CLK->D
          Group: C2C
     Startpoint: (R) csm_inst_state_reg[0]/CLK
          Clock: (R) clk
       Endpoint: (R) csm_inst_left_reg_reg[20]/D
          Clock: (R) clk

                     Capture       Launch     
        Clock Edge:+    1000            0     
       Src Latency:+       0            0     
       Net Latency:+       0 (I)        0 (I) 
           Arrival:=    1000            0     
                                              
             Setup:-     205                  
     Required Time:=     795                  
      Launch Clock:-       0                  
         Data Path:-    1146                  
             Slack:=    -352                  

#------------------------------------------------------------------------------------------------------
#        Timing Point         Flags    Arc   Edge   Cell     Fanout  Load Trans Delay Arrival Instance 
#                                                                    (fF)  (ps)  (ps)   (ps)  Location 
#------------------------------------------------------------------------------------------------------
  csm_inst_state_reg[0]/CLK   -       -      R     (arrival)    335     -     0     0       0    (-,-) 
  csm_inst_state_reg[0]/Q     -       CLK->Q R     DFFQSRX1       6  22.8   348   314     314    (-,-) 
  g135667/Z                   -       A->Z   F     NAND2X1        1   4.9   116    82     396    (-,-) 
  g135264/Z                   -       A->Z   R     NAND2X1        3  12.5   226   160     556    (-,-) 
  g135003/Z                   -       B->Z   F     NOR2X1         2  25.7   282   224     780    (-,-) 
  g134665/Z                   -       A->Z   R     INVX16        64 204.0   220   193     973    (-,-) 
  g133939/Z                   -       A->Z   F     NAND2X1        1   5.3    98    78    1050    (-,-) 
  g133735/Z                   -       A->Z   R     NAND3X1        1   4.4   149    96    1146    (-,-) 
  csm_inst_left_reg_reg[20]/D -       -      R     DFFQSRX1       1     -     -     0    1146    (-,-) 
#------------------------------------------------------------------------------------------------------



Path 45: VIOLATED (-352 ps) Setup Check with Pin csm_inst_left_reg_reg[19]/CLK->D
          Group: C2C
     Startpoint: (R) csm_inst_state_reg[0]/CLK
          Clock: (R) clk
       Endpoint: (R) csm_inst_left_reg_reg[19]/D
          Clock: (R) clk

                     Capture       Launch     
        Clock Edge:+    1000            0     
       Src Latency:+       0            0     
       Net Latency:+       0 (I)        0 (I) 
           Arrival:=    1000            0     
                                              
             Setup:-     205                  
     Required Time:=     795                  
      Launch Clock:-       0                  
         Data Path:-    1146                  
             Slack:=    -352                  

#------------------------------------------------------------------------------------------------------
#        Timing Point         Flags    Arc   Edge   Cell     Fanout  Load Trans Delay Arrival Instance 
#                                                                    (fF)  (ps)  (ps)   (ps)  Location 
#------------------------------------------------------------------------------------------------------
  csm_inst_state_reg[0]/CLK   -       -      R     (arrival)    335     -     0     0       0    (-,-) 
  csm_inst_state_reg[0]/Q     -       CLK->Q R     DFFQSRX1       6  22.8   348   314     314    (-,-) 
  g135667/Z                   -       A->Z   F     NAND2X1        1   4.9   116    82     396    (-,-) 
  g135264/Z                   -       A->Z   R     NAND2X1        3  12.5   226   160     556    (-,-) 
  g135003/Z                   -       B->Z   F     NOR2X1         2  25.7   282   224     780    (-,-) 
  g134665/Z                   -       A->Z   R     INVX16        64 204.0   220   193     973    (-,-) 
  g133935/Z                   -       A->Z   F     NAND2X1        1   5.3    98    78    1050    (-,-) 
  g133733/Z                   -       A->Z   R     NAND3X1        1   4.4   149    96    1146    (-,-) 
  csm_inst_left_reg_reg[19]/D -       -      R     DFFQSRX1       1     -     -     0    1146    (-,-) 
#------------------------------------------------------------------------------------------------------



Path 46: VIOLATED (-352 ps) Setup Check with Pin csm_inst_left_reg_reg[18]/CLK->D
          Group: C2C
     Startpoint: (R) csm_inst_state_reg[0]/CLK
          Clock: (R) clk
       Endpoint: (R) csm_inst_left_reg_reg[18]/D
          Clock: (R) clk

                     Capture       Launch     
        Clock Edge:+    1000            0     
       Src Latency:+       0            0     
       Net Latency:+       0 (I)        0 (I) 
           Arrival:=    1000            0     
                                              
             Setup:-     205                  
     Required Time:=     795                  
      Launch Clock:-       0                  
         Data Path:-    1146                  
             Slack:=    -352                  

#------------------------------------------------------------------------------------------------------
#        Timing Point         Flags    Arc   Edge   Cell     Fanout  Load Trans Delay Arrival Instance 
#                                                                    (fF)  (ps)  (ps)   (ps)  Location 
#------------------------------------------------------------------------------------------------------
  csm_inst_state_reg[0]/CLK   -       -      R     (arrival)    335     -     0     0       0    (-,-) 
  csm_inst_state_reg[0]/Q     -       CLK->Q R     DFFQSRX1       6  22.8   348   314     314    (-,-) 
  g135667/Z                   -       A->Z   F     NAND2X1        1   4.9   116    82     396    (-,-) 
  g135264/Z                   -       A->Z   R     NAND2X1        3  12.5   226   160     556    (-,-) 
  g135003/Z                   -       B->Z   F     NOR2X1         2  25.7   282   224     780    (-,-) 
  g134665/Z                   -       A->Z   R     INVX16        64 204.0   220   193     973    (-,-) 
  g133931/Z                   -       A->Z   F     NAND2X1        1   5.3    98    78    1050    (-,-) 
  g133732/Z                   -       A->Z   R     NAND3X1        1   4.4   149    96    1146    (-,-) 
  csm_inst_left_reg_reg[18]/D -       -      R     DFFQSRX1       1     -     -     0    1146    (-,-) 
#------------------------------------------------------------------------------------------------------



Path 47: VIOLATED (-352 ps) Setup Check with Pin csm_inst_left_reg_reg[17]/CLK->D
          Group: C2C
     Startpoint: (R) csm_inst_state_reg[0]/CLK
          Clock: (R) clk
       Endpoint: (R) csm_inst_left_reg_reg[17]/D
          Clock: (R) clk

                     Capture       Launch     
        Clock Edge:+    1000            0     
       Src Latency:+       0            0     
       Net Latency:+       0 (I)        0 (I) 
           Arrival:=    1000            0     
                                              
             Setup:-     205                  
     Required Time:=     795                  
      Launch Clock:-       0                  
         Data Path:-    1146                  
             Slack:=    -352                  

#------------------------------------------------------------------------------------------------------
#        Timing Point         Flags    Arc   Edge   Cell     Fanout  Load Trans Delay Arrival Instance 
#                                                                    (fF)  (ps)  (ps)   (ps)  Location 
#------------------------------------------------------------------------------------------------------
  csm_inst_state_reg[0]/CLK   -       -      R     (arrival)    335     -     0     0       0    (-,-) 
  csm_inst_state_reg[0]/Q     -       CLK->Q R     DFFQSRX1       6  22.8   348   314     314    (-,-) 
  g135667/Z                   -       A->Z   F     NAND2X1        1   4.9   116    82     396    (-,-) 
  g135264/Z                   -       A->Z   R     NAND2X1        3  12.5   226   160     556    (-,-) 
  g135003/Z                   -       B->Z   F     NOR2X1         2  25.7   282   224     780    (-,-) 
  g134665/Z                   -       A->Z   R     INVX16        64 204.0   220   193     973    (-,-) 
  g133904/Z                   -       A->Z   F     NAND2X1        1   5.3    98    78    1050    (-,-) 
  g133728/Z                   -       A->Z   R     NAND3X1        1   4.4   149    96    1146    (-,-) 
  csm_inst_left_reg_reg[17]/D -       -      R     DFFQSRX1       1     -     -     0    1146    (-,-) 
#------------------------------------------------------------------------------------------------------



Path 48: VIOLATED (-352 ps) Setup Check with Pin csm_inst_left_reg_reg[16]/CLK->D
          Group: C2C
     Startpoint: (R) csm_inst_state_reg[0]/CLK
          Clock: (R) clk
       Endpoint: (R) csm_inst_left_reg_reg[16]/D
          Clock: (R) clk

                     Capture       Launch     
        Clock Edge:+    1000            0     
       Src Latency:+       0            0     
       Net Latency:+       0 (I)        0 (I) 
           Arrival:=    1000            0     
                                              
             Setup:-     205                  
     Required Time:=     795                  
      Launch Clock:-       0                  
         Data Path:-    1146                  
             Slack:=    -352                  

#------------------------------------------------------------------------------------------------------
#        Timing Point         Flags    Arc   Edge   Cell     Fanout  Load Trans Delay Arrival Instance 
#                                                                    (fF)  (ps)  (ps)   (ps)  Location 
#------------------------------------------------------------------------------------------------------
  csm_inst_state_reg[0]/CLK   -       -      R     (arrival)    335     -     0     0       0    (-,-) 
  csm_inst_state_reg[0]/Q     -       CLK->Q R     DFFQSRX1       6  22.8   348   314     314    (-,-) 
  g135667/Z                   -       A->Z   F     NAND2X1        1   4.9   116    82     396    (-,-) 
  g135264/Z                   -       A->Z   R     NAND2X1        3  12.5   226   160     556    (-,-) 
  g135003/Z                   -       B->Z   F     NOR2X1         2  25.7   282   224     780    (-,-) 
  g134665/Z                   -       A->Z   R     INVX16        64 204.0   220   193     973    (-,-) 
  g133921/Z                   -       A->Z   F     NAND2X1        1   5.3    98    78    1050    (-,-) 
  g133658/Z                   -       A->Z   R     NAND3X1        1   4.4   149    96    1146    (-,-) 
  csm_inst_left_reg_reg[16]/D -       -      R     DFFQSRX1       1     -     -     0    1146    (-,-) 
#------------------------------------------------------------------------------------------------------



Path 49: VIOLATED (-352 ps) Setup Check with Pin csm_inst_left_reg_reg[15]/CLK->D
          Group: C2C
     Startpoint: (R) csm_inst_state_reg[0]/CLK
          Clock: (R) clk
       Endpoint: (R) csm_inst_left_reg_reg[15]/D
          Clock: (R) clk

                     Capture       Launch     
        Clock Edge:+    1000            0     
       Src Latency:+       0            0     
       Net Latency:+       0 (I)        0 (I) 
           Arrival:=    1000            0     
                                              
             Setup:-     205                  
     Required Time:=     795                  
      Launch Clock:-       0                  
         Data Path:-    1146                  
             Slack:=    -352                  

#------------------------------------------------------------------------------------------------------
#        Timing Point         Flags    Arc   Edge   Cell     Fanout  Load Trans Delay Arrival Instance 
#                                                                    (fF)  (ps)  (ps)   (ps)  Location 
#------------------------------------------------------------------------------------------------------
  csm_inst_state_reg[0]/CLK   -       -      R     (arrival)    335     -     0     0       0    (-,-) 
  csm_inst_state_reg[0]/Q     -       CLK->Q R     DFFQSRX1       6  22.8   348   314     314    (-,-) 
  g135667/Z                   -       A->Z   F     NAND2X1        1   4.9   116    82     396    (-,-) 
  g135264/Z                   -       A->Z   R     NAND2X1        3  12.5   226   160     556    (-,-) 
  g135003/Z                   -       B->Z   F     NOR2X1         2  25.7   282   224     780    (-,-) 
  g134665/Z                   -       A->Z   R     INVX16        64 204.0   220   193     973    (-,-) 
  g133940/Z                   -       A->Z   F     NAND2X1        1   5.3    98    78    1050    (-,-) 
  g133711/Z                   -       A->Z   R     NAND3X1        1   4.4   149    96    1146    (-,-) 
  csm_inst_left_reg_reg[15]/D -       -      R     DFFQSRX1       1     -     -     0    1146    (-,-) 
#------------------------------------------------------------------------------------------------------



Path 50: VIOLATED (-352 ps) Setup Check with Pin csm_inst_left_reg_reg[14]/CLK->D
          Group: C2C
     Startpoint: (R) csm_inst_state_reg[0]/CLK
          Clock: (R) clk
       Endpoint: (R) csm_inst_left_reg_reg[14]/D
          Clock: (R) clk

                     Capture       Launch     
        Clock Edge:+    1000            0     
       Src Latency:+       0            0     
       Net Latency:+       0 (I)        0 (I) 
           Arrival:=    1000            0     
                                              
             Setup:-     205                  
     Required Time:=     795                  
      Launch Clock:-       0                  
         Data Path:-    1146                  
             Slack:=    -352                  

#------------------------------------------------------------------------------------------------------
#        Timing Point         Flags    Arc   Edge   Cell     Fanout  Load Trans Delay Arrival Instance 
#                                                                    (fF)  (ps)  (ps)   (ps)  Location 
#------------------------------------------------------------------------------------------------------
  csm_inst_state_reg[0]/CLK   -       -      R     (arrival)    335     -     0     0       0    (-,-) 
  csm_inst_state_reg[0]/Q     -       CLK->Q R     DFFQSRX1       6  22.8   348   314     314    (-,-) 
  g135667/Z                   -       A->Z   F     NAND2X1        1   4.9   116    82     396    (-,-) 
  g135264/Z                   -       A->Z   R     NAND2X1        3  12.5   226   160     556    (-,-) 
  g135003/Z                   -       B->Z   F     NOR2X1         2  25.7   282   224     780    (-,-) 
  g134665/Z                   -       A->Z   R     INVX16        64 204.0   220   193     973    (-,-) 
  g133958/Z                   -       A->Z   F     NAND2X1        1   5.3    98    78    1050    (-,-) 
  g133655/Z                   -       A->Z   R     NAND3X1        1   4.4   149    96    1146    (-,-) 
  csm_inst_left_reg_reg[14]/D -       -      R     DFFQSRX1       1     -     -     0    1146    (-,-) 
#------------------------------------------------------------------------------------------------------

