============================================================
  Generated by:           Genus(TM) Synthesis Solution 21.15-s080_1
  Generated on:           Nov 30 2025  05:19:57 pm
  Module:                 TopModule
  Operating conditions:   PVT_1P8V_25C 
  Interconnect mode:      global
  Area mode:              timing library
============================================================


Path 1: MET (3260 ps) Setup Check with Pin csm_inst_right_reg_reg[22]/CLK->D
          Group: C2C
     Startpoint: (R) csm_inst_round_counter_reg[0]/CLK
          Clock: (R) clk
       Endpoint: (R) csm_inst_right_reg_reg[22]/D
          Clock: (R) clk

                     Capture       Launch     
        Clock Edge:+   10000            0     
       Src Latency:+       0            0     
       Net Latency:+       0 (I)        0 (I) 
           Arrival:=   10000            0     
                                              
             Setup:-     213                  
     Required Time:=    9787                  
      Launch Clock:-       0                  
         Data Path:-    6527                  
             Slack:=    3260                  

#------------------------------------------------------------------------------------------------------------
#           Timing Point            Flags    Arc   Edge   Cell     Fanout  Load Trans Delay Arrival Instance 
#                                                                          (fF)  (ps)  (ps)   (ps)  Location 
#------------------------------------------------------------------------------------------------------------
  csm_inst_round_counter_reg[0]/CLK -       -      R     (arrival)    335     -     0     0       0    (-,-) 
  csm_inst_round_counter_reg[0]/Q   -       CLK->Q R     DFFQSRX1      17  83.6  1228   812     812    (-,-) 
  g63752/Z                          -       A->Z   F     INVX2          2  11.4   246   145     957    (-,-) 
  g63622/Z                          -       A->Z   R     NOR2X1        14  60.7   900   575    1532    (-,-) 
  g63402/Z                          -       A->Z   R     AND2X1        23  97.6  1430   871    2403    (-,-) 
  g63255/Z                          -       A->Z   R     BUFX1         24 102.1  1496   894    3296    (-,-) 
  g62775/Z                          -       A->Z   F     NAND2X1        1   6.8   275   107    3404    (-,-) 
  g62340/Z                          -       B->Z   R     NAND2X1        1   7.2   178   177    3581    (-,-) 
  g62084/Z                          -       A->Z   F     NOR2X1         1   7.3   124   120    3701    (-,-) 
  g61563/Z                          -       A->Z   R     NAND3X1        1   6.8   194   124    3826    (-,-) 
  g61144/Z                          -       A->Z   R     AND2X1         1   7.3   126   126    3952    (-,-) 
  g61076/Z                          -       B->Z   F     NOR2X1         1  12.8   172   125    4077    (-,-) 
  g60694/Z                          -       B->Z   R     XOR2X1        14  66.1   976   627    4704    (-,-) 
  g60680/Z                          -       A->Z   F     INVX2          3  15.6   252   173    4876    (-,-) 
  g60595/Z                          -       A->Z   R     NOR2X1         5  24.3   384   283    5159    (-,-) 
  g60540__8246/Z                    -       A->Z   F     NAND2X1        2  12.0   186   144    5303    (-,-) 
  g60479/Z                          -       A->Z   R     INVX2          2  11.0   120   111    5414    (-,-) 
  g60223__4733/Z                    -       A->Z   F     NAND2X1        1   7.3   162    79    5493    (-,-) 
  g59920__1705/Z                    -       A->Z   R     NAND3X1        1   7.7   198   144    5637    (-,-) 
  g59862/Z                          -       A->Z   F     INVX2          1   7.2    85    72    5709    (-,-) 
  g59682__8428/Z                    -       C->Z   R     NAND3X1        1   7.3   192   152    5862    (-,-) 
  g59633__8246/Z                    -       B->Z   F     NOR2X1         1   6.9   123   102    5964    (-,-) 
  g59628__3680/Z                    -       A->Z   R     NAND2X1        1  12.8   231   165    6129    (-,-) 
  g59588__2346/Z                    -       B->Z   R     XOR2X1         1   6.8   124   159    6288    (-,-) 
  g59548__5122/Z                    -       A->Z   F     NAND2X1        1   7.3   262    80    6368    (-,-) 
  g59531__2883/Z                    -       A->Z   R     NAND3X1        1   6.4   201   160    6527    (-,-) 
  csm_inst_right_reg_reg[22]/D      -       -      R     DFFQSRX1       1     -     -     0    6527    (-,-) 
#------------------------------------------------------------------------------------------------------------



Path 2: MET (3279 ps) Setup Check with Pin csm_inst_right_reg_reg[31]/CLK->D
          Group: C2C
     Startpoint: (R) csm_inst_round_counter_reg[0]/CLK
          Clock: (R) clk
       Endpoint: (R) csm_inst_right_reg_reg[31]/D
          Clock: (R) clk

                     Capture       Launch     
        Clock Edge:+   10000            0     
       Src Latency:+       0            0     
       Net Latency:+       0 (I)        0 (I) 
           Arrival:=   10000            0     
                                              
             Setup:-     212                  
     Required Time:=    9788                  
      Launch Clock:-       0                  
         Data Path:-    6509                  
             Slack:=    3279                  

#------------------------------------------------------------------------------------------------------------
#           Timing Point            Flags    Arc   Edge   Cell     Fanout  Load Trans Delay Arrival Instance 
#                                                                          (fF)  (ps)  (ps)   (ps)  Location 
#------------------------------------------------------------------------------------------------------------
  csm_inst_round_counter_reg[0]/CLK -       -      R     (arrival)    335     -     0     0       0    (-,-) 
  csm_inst_round_counter_reg[0]/Q   -       CLK->Q R     DFFQSRX1      17  83.6  1228   812     812    (-,-) 
  g63752/Z                          -       A->Z   F     INVX2          2  11.4   246   145     957    (-,-) 
  g63622/Z                          -       A->Z   R     NOR2X1        14  60.7   900   575    1532    (-,-) 
  g63402/Z                          -       A->Z   R     AND2X1        23  97.6  1430   871    2403    (-,-) 
  g63255/Z                          -       A->Z   R     BUFX1         24 102.1  1496   894    3296    (-,-) 
  g62775/Z                          -       A->Z   F     NAND2X1        1   6.8   275   107    3404    (-,-) 
  g62340/Z                          -       B->Z   R     NAND2X1        1   7.2   178   177    3581    (-,-) 
  g62084/Z                          -       A->Z   F     NOR2X1         1   7.3   124   120    3701    (-,-) 
  g61563/Z                          -       A->Z   R     NAND3X1        1   6.8   194   124    3826    (-,-) 
  g61144/Z                          -       A->Z   R     AND2X1         1   7.3   126   126    3952    (-,-) 
  g61076/Z                          -       B->Z   F     NOR2X1         1  12.8   172   125    4077    (-,-) 
  g60694/Z                          -       B->Z   R     XOR2X1        14  66.1   976   627    4704    (-,-) 
  g60680/Z                          -       A->Z   F     INVX2          3  15.6   252   173    4876    (-,-) 
  g60595/Z                          -       A->Z   R     NOR2X1         5  24.3   384   283    5159    (-,-) 
  g60463__1617/Z                    -       B->Z   F     NOR2X1         3  16.2   229   200    5359    (-,-) 
  g60396/Z                          -       A->Z   R     INVX2          3  16.1   160   147    5506    (-,-) 
  g60345__9315/Z                    -       A->Z   F     NAND3X1        1   6.9   129    82    5587    (-,-) 
  g59934__2346/Z                    -       A->Z   F     AND2X1         1   7.3    85   130    5717    (-,-) 
  g59810__6131/Z                    -       B->Z   R     NOR2X1         1   7.2   155   103    5821    (-,-) 
  g59680__6260/Z                    -       A->Z   F     NOR2X1         1   7.3   120   115    5935    (-,-) 
  g59623__6260/Z                    -       A->Z   R     NAND3X1        1  12.8   272   173    6108    (-,-) 
  g59580__1881/Z                    -       B->Z   R     XOR2X1         1   6.8   124   162    6270    (-,-) 
  g59534__7410/Z                    -       A->Z   F     NAND2X1        1   7.3   262    80    6350    (-,-) 
  g59520__5122/Z                    -       A->Z   R     NAND3X1        1   6.4   191   160    6509    (-,-) 
  csm_inst_right_reg_reg[31]/D      -       -      R     DFFQSRX1       1     -     -     0    6509    (-,-) 
#------------------------------------------------------------------------------------------------------------



Path 3: MET (3283 ps) Setup Check with Pin csm_inst_right_reg_reg[0]/CLK->D
          Group: C2C
     Startpoint: (R) csm_inst_round_counter_reg[3]/CLK
          Clock: (R) clk
       Endpoint: (R) csm_inst_right_reg_reg[0]/D
          Clock: (R) clk

                     Capture       Launch     
        Clock Edge:+   10000            0     
       Src Latency:+       0            0     
       Net Latency:+       0 (I)        0 (I) 
           Arrival:=   10000            0     
                                              
             Setup:-     212                  
     Required Time:=    9788                  
      Launch Clock:-       0                  
         Data Path:-    6505                  
             Slack:=    3283                  

#------------------------------------------------------------------------------------------------------------
#           Timing Point            Flags    Arc   Edge   Cell     Fanout  Load Trans Delay Arrival Instance 
#                                                                          (fF)  (ps)  (ps)   (ps)  Location 
#------------------------------------------------------------------------------------------------------------
  csm_inst_round_counter_reg[3]/CLK -       -      R     (arrival)    335     -     0     0       0    (-,-) 
  csm_inst_round_counter_reg[3]/Q   -       CLK->Q R     DFFQSRX1      20  88.9  1305   855     855    (-,-) 
  g63750/Z                          -       A->Z   F     INVX4         58 250.0   933   790    1645    (-,-) 
  g63749/Z                          -       A->Z   R     INVX2         39 164.7  1270  1002    2647    (-,-) 
  g63677/Z                          -       A->Z   F     NAND2X1        3  15.1   350   210    2858    (-,-) 
  g63501/Z                          -       B->Z   R     NAND2X1        3  15.1   289   271    3128    (-,-) 
  g62819/Z                          -       A->Z   F     NAND2X1        1   6.8   187    95    3223    (-,-) 
  g62408/Z                          -       B->Z   R     NAND2X1        2  11.0   209   185    3407    (-,-) 
  g62019/Z                          -       A->Z   F     NAND2X1        1   6.9   163    89    3496    (-,-) 
  g61689/Z                          -       A->Z   R     NAND2X1        1   7.3   179   132    3629    (-,-) 
  g61578/Z                          -       B->Z   F     NOR2X1         1   7.3   120   103    3732    (-,-) 
  g61170/Z                          -       A->Z   R     NAND3X1        1   6.8   214   123    3855    (-,-) 
  g61050/Z                          -       A->Z   F     NAND2X1        1   6.9   243    90    3945    (-,-) 
  g60811/Z                          -       A->Z   R     NAND2X1        1  12.8   231   202    4147    (-,-) 
  g60659/Z                          -       B->Z   R     XOR2X1         6  30.5   461   354    4501    (-,-) 
  g60624/Z                          -       A->Z   F     INVX2          7  39.6   302   256    4757    (-,-) 
  g60466__5122/Z                    -       B->Z   R     NOR2X1         5  25.2   402   311    5068    (-,-) 
  g60266__5526/Z                    -       B->Z   F     NOR2X1         5  25.9   307   266    5334    (-,-) 
  g60156/Z                          -       A->Z   R     INVX2          4  26.2   241   214    5548    (-,-) 
  g59911__5107/Z                    -       A->Z   R     OR2X1          1   7.3   124   170    5718    (-,-) 
  g59774__6783/Z                    -       A->Z   F     NAND3X1        1   7.7   113    81    5799    (-,-) 
  g59753/Z                          -       A->Z   R     INVX2          1   7.3    81    75    5874    (-,-) 
  g59698__4733/Z                    -       A->Z   F     NAND3X1        1   7.2   101    70    5944    (-,-) 
  g59622__5107/Z                    -       A->Z   R     NOR2X1         1  12.8   218   163    6107    (-,-) 
  g59586__9945/Z                    -       B->Z   R     XOR2X1         1   6.8   127   158    6265    (-,-) 
  g59565__2398/Z                    -       A->Z   F     NAND2X1        1   7.3   262    80    6345    (-,-) 
  g59521__8246/Z                    -       A->Z   R     NAND3X1        1   6.4   191   160    6505    (-,-) 
  csm_inst_right_reg_reg[0]/D       -       -      R     DFFQSRX1       1     -     -     0    6505    (-,-) 
#------------------------------------------------------------------------------------------------------------



Path 4: MET (3295 ps) Setup Check with Pin csm_inst_right_reg_reg[3]/CLK->D
          Group: C2C
     Startpoint: (R) csm_inst_round_counter_reg[3]/CLK
          Clock: (R) clk
       Endpoint: (R) csm_inst_right_reg_reg[3]/D
          Clock: (R) clk

                     Capture       Launch     
        Clock Edge:+   10000            0     
       Src Latency:+       0            0     
       Net Latency:+       0 (I)        0 (I) 
           Arrival:=   10000            0     
                                              
             Setup:-     212                  
     Required Time:=    9788                  
      Launch Clock:-       0                  
         Data Path:-    6492                  
             Slack:=    3295                  

#------------------------------------------------------------------------------------------------------------
#           Timing Point            Flags    Arc   Edge   Cell     Fanout  Load Trans Delay Arrival Instance 
#                                                                          (fF)  (ps)  (ps)   (ps)  Location 
#------------------------------------------------------------------------------------------------------------
  csm_inst_round_counter_reg[3]/CLK -       -      R     (arrival)    335     -     0     0       0    (-,-) 
  csm_inst_round_counter_reg[3]/Q   -       CLK->Q R     DFFQSRX1      20  88.9  1305   855     855    (-,-) 
  g63750/Z                          -       A->Z   F     INVX4         58 250.0   933   790    1645    (-,-) 
  g63749/Z                          -       A->Z   R     INVX2         39 164.7  1270  1002    2647    (-,-) 
  g63677/Z                          -       A->Z   F     NAND2X1        3  15.1   350   210    2858    (-,-) 
  g63501/Z                          -       B->Z   R     NAND2X1        3  15.1   289   271    3128    (-,-) 
  g62819/Z                          -       A->Z   F     NAND2X1        1   6.8   187    95    3223    (-,-) 
  g62408/Z                          -       B->Z   R     NAND2X1        2  11.0   209   185    3407    (-,-) 
  g61855/Z                          -       A->Z   F     NAND2X1        1   6.9   126    89    3496    (-,-) 
  g61734/Z                          -       A->Z   R     NAND2X1        1   7.3   173   120    3617    (-,-) 
  g61538/Z                          -       B->Z   F     NOR2X1         1   7.3   120   102    3719    (-,-) 
  g61158/Z                          -       A->Z   R     NAND3X1        1   6.8   214   123    3842    (-,-) 
  g61011/Z                          -       A->Z   F     NAND2X1        1   6.9   243    90    3932    (-,-) 
  g60798/Z                          -       A->Z   R     NAND2X1        1  12.8   231   202    4134    (-,-) 
  g60660/Z                          -       B->Z   R     XOR2X1         5  24.8   378   307    4441    (-,-) 
  g60625/Z                          -       A->Z   F     INVX2         10  48.1   323   273    4714    (-,-) 
  g60460__5526/Z                    -       A->Z   F     OR2X1          4  20.7   210   241    4955    (-,-) 
  g60384__4319/Z                    -       A->Z   R     NAND2X1        7  33.5   530   363    5318    (-,-) 
  g60087__6783/Z                    -       A->Z   F     NAND2X1        1   7.3   166   111    5429    (-,-) 
  g59908__6417/Z                    -       A->Z   R     NAND3X1        1   6.8   186   138    5567    (-,-) 
  g59713__5526/Z                    -       A->Z   F     NAND2X1        1   7.2   135    90    5656    (-,-) 
  g59651__5107/Z                    -       B->Z   R     NAND3X1        1   7.2   191   151    5808    (-,-) 
  g63938/Z                          -       A->Z   F     NOR2X1         1   7.3   126   123    5931    (-,-) 
  g63937/Z                          -       A->Z   R     NAND3X1        1  12.8   272   175    6106    (-,-) 
  g59577__8246/Z                    -       B->Z   R     XOR2X1         1   6.8   125   162    6268    (-,-) 
  g59536__5477/Z                    -       A->Z   F     NAND2X1        1   7.3   205    80    6347    (-,-) 
  g59502__4319/Z                    -       A->Z   R     NAND3X1        1   6.4   191   145    6492    (-,-) 
  csm_inst_right_reg_reg[3]/D       -       -      R     DFFQSRX1       1     -     -     0    6492    (-,-) 
#------------------------------------------------------------------------------------------------------------



Path 5: MET (3299 ps) Setup Check with Pin csm_inst_right_reg_reg[10]/CLK->D
          Group: C2C
     Startpoint: (R) csm_inst_round_counter_reg[3]/CLK
          Clock: (R) clk
       Endpoint: (F) csm_inst_right_reg_reg[10]/D
          Clock: (R) clk

                     Capture       Launch     
        Clock Edge:+   10000            0     
       Src Latency:+       0            0     
       Net Latency:+       0 (I)        0 (I) 
           Arrival:=   10000            0     
                                              
             Setup:-     223                  
     Required Time:=    9777                  
      Launch Clock:-       0                  
         Data Path:-    6478                  
             Slack:=    3299                  

#------------------------------------------------------------------------------------------------------------
#           Timing Point            Flags    Arc   Edge   Cell     Fanout  Load Trans Delay Arrival Instance 
#                                                                          (fF)  (ps)  (ps)   (ps)  Location 
#------------------------------------------------------------------------------------------------------------
  csm_inst_round_counter_reg[3]/CLK -       -      R     (arrival)    335     -     0     0       0    (-,-) 
  csm_inst_round_counter_reg[3]/Q   -       CLK->Q R     DFFQSRX1      20  88.9  1305   855     855    (-,-) 
  g63750/Z                          -       A->Z   F     INVX4         58 250.0   933   790    1645    (-,-) 
  g63749/Z                          -       A->Z   R     INVX2         39 164.7  1270  1002    2647    (-,-) 
  g63677/Z                          -       A->Z   F     NAND2X1        3  15.1   350   210    2858    (-,-) 
  g63501/Z                          -       B->Z   R     NAND2X1        3  15.1   289   271    3128    (-,-) 
  g62819/Z                          -       A->Z   F     NAND2X1        1   6.8   187    95    3223    (-,-) 
  g62408/Z                          -       B->Z   R     NAND2X1        2  11.0   209   185    3407    (-,-) 
  g62019/Z                          -       A->Z   F     NAND2X1        1   6.9   163    89    3496    (-,-) 
  g61689/Z                          -       A->Z   R     NAND2X1        1   7.3   179   132    3629    (-,-) 
  g61578/Z                          -       B->Z   F     NOR2X1         1   7.3   120   103    3732    (-,-) 
  g61170/Z                          -       A->Z   R     NAND3X1        1   6.8   214   123    3855    (-,-) 
  g61050/Z                          -       A->Z   F     NAND2X1        1   6.9   243    90    3945    (-,-) 
  g60811/Z                          -       A->Z   R     NAND2X1        1  12.8   231   202    4147    (-,-) 
  g60659/Z                          -       B->Z   R     XOR2X1         6  30.5   461   354    4501    (-,-) 
  g60624/Z                          -       A->Z   F     INVX2          7  39.6   302   256    4757    (-,-) 
  g60466__5122/Z                    -       B->Z   R     NOR2X1         5  25.2   402   311    5068    (-,-) 
  g60266__5526/Z                    -       B->Z   F     NOR2X1         5  25.9   307   266    5334    (-,-) 
  g60156/Z                          -       A->Z   R     INVX2          4  26.2   241   214    5548    (-,-) 
  g59924__6131/Z                    -       B->Z   R     XOR2X1         2  12.0   204   202    5750    (-,-) 
  g59710__6260/Z                    -       B->Z   F     NOR2X1         1   7.3   165   107    5857    (-,-) 
  g59709__5107/Z                    -       B->Z   R     NOR2X1         1   7.3   150   127    5984    (-,-) 
  g59599__6783/Z                    -       A->Z   F     NAND3X1        1  12.8   144   112    6096    (-,-) 
  g59550__7098/Z                    -       B->Z   F     XOR2X1         1   6.9   108   176    6272    (-,-) 
  g59507__1617/Z                    -       A->Z   R     NAND2X1        1   7.3   314   115    6387    (-,-) 
  g59493__6260/Z                    -       A->Z   F     NAND3X1        1   6.4   125    91    6478    (-,-) 
  csm_inst_right_reg_reg[10]/D      -       -      F     DFFQSRX1       1     -     -     0    6478    (-,-) 
#------------------------------------------------------------------------------------------------------------



Path 6: MET (3307 ps) Setup Check with Pin csm_inst_right_reg_reg[20]/CLK->D
          Group: C2C
     Startpoint: (R) csm_inst_round_counter_reg[3]/CLK
          Clock: (R) clk
       Endpoint: (R) csm_inst_right_reg_reg[20]/D
          Clock: (R) clk

                     Capture       Launch     
        Clock Edge:+   10000            0     
       Src Latency:+       0            0     
       Net Latency:+       0 (I)        0 (I) 
           Arrival:=   10000            0     
                                              
             Setup:-     212                  
     Required Time:=    9788                  
      Launch Clock:-       0                  
         Data Path:-    6480                  
             Slack:=    3307                  

#------------------------------------------------------------------------------------------------------------
#           Timing Point            Flags    Arc   Edge   Cell     Fanout  Load Trans Delay Arrival Instance 
#                                                                          (fF)  (ps)  (ps)   (ps)  Location 
#------------------------------------------------------------------------------------------------------------
  csm_inst_round_counter_reg[3]/CLK -       -      R     (arrival)    335     -     0     0       0    (-,-) 
  csm_inst_round_counter_reg[3]/Q   -       CLK->Q R     DFFQSRX1      20  88.9  1305   855     855    (-,-) 
  g63750/Z                          -       A->Z   F     INVX4         58 250.0   933   790    1645    (-,-) 
  g63749/Z                          -       A->Z   R     INVX2         39 164.7  1270  1002    2647    (-,-) 
  g63677/Z                          -       A->Z   F     NAND2X1        3  15.1   350   210    2858    (-,-) 
  g63501/Z                          -       B->Z   R     NAND2X1        3  15.1   289   271    3128    (-,-) 
  g62819/Z                          -       A->Z   F     NAND2X1        1   6.8   187    95    3223    (-,-) 
  g62408/Z                          -       B->Z   R     NAND2X1        2  11.0   209   185    3407    (-,-) 
  g62019/Z                          -       A->Z   F     NAND2X1        1   6.9   163    89    3496    (-,-) 
  g61689/Z                          -       A->Z   R     NAND2X1        1   7.3   179   132    3629    (-,-) 
  g61578/Z                          -       B->Z   F     NOR2X1         1   7.3   120   103    3732    (-,-) 
  g61170/Z                          -       A->Z   R     NAND3X1        1   6.8   214   123    3855    (-,-) 
  g61050/Z                          -       A->Z   F     NAND2X1        1   6.9   243    90    3945    (-,-) 
  g60811/Z                          -       A->Z   R     NAND2X1        1  12.8   231   202    4147    (-,-) 
  g60659/Z                          -       B->Z   R     XOR2X1         6  30.5   461   354    4501    (-,-) 
  g60624/Z                          -       A->Z   F     INVX2          7  39.6   302   256    4757    (-,-) 
  g60466__5122/Z                    -       B->Z   R     NOR2X1         5  25.2   402   311    5068    (-,-) 
  g60266__5526/Z                    -       B->Z   F     NOR2X1         5  25.9   307   266    5334    (-,-) 
  g60156/Z                          -       A->Z   R     INVX2          4  26.2   241   214    5548    (-,-) 
  g60064__5122/Z                    -       A->Z   F     NAND3X1        1   7.3   150    93    5640    (-,-) 
  g59794__6417/Z                    -       A->Z   R     NAND3X1        1   7.3   193   137    5777    (-,-) 
  g59676__6417/Z                    -       B->Z   F     NOR2X1         1   7.2   126   105    5882    (-,-) 
  g59616__2346/Z                    -       C->Z   R     NAND3X1        1  12.8   272   212    6094    (-,-) 
  g59592__5477/Z                    -       B->Z   R     XOR2X1         1   6.8   126   162    6256    (-,-) 
  g59544__3680/Z                    -       A->Z   F     NAND2X1        1   7.3   205    80    6335    (-,-) 
  g59529__9315/Z                    -       A->Z   R     NAND3X1        1   6.4   191   145    6480    (-,-) 
  csm_inst_right_reg_reg[20]/D      -       -      R     DFFQSRX1       1     -     -     0    6480    (-,-) 
#------------------------------------------------------------------------------------------------------------



Path 7: MET (3345 ps) Setup Check with Pin csm_inst_right_reg_reg[12]/CLK->D
          Group: C2C
     Startpoint: (R) csm_inst_round_counter_reg[0]/CLK
          Clock: (R) clk
       Endpoint: (R) csm_inst_right_reg_reg[12]/D
          Clock: (R) clk

                     Capture       Launch     
        Clock Edge:+   10000            0     
       Src Latency:+       0            0     
       Net Latency:+       0 (I)        0 (I) 
           Arrival:=   10000            0     
                                              
             Setup:-     213                  
     Required Time:=    9787                  
      Launch Clock:-       0                  
         Data Path:-    6443                  
             Slack:=    3345                  

#------------------------------------------------------------------------------------------------------------
#           Timing Point            Flags    Arc   Edge   Cell     Fanout  Load Trans Delay Arrival Instance 
#                                                                          (fF)  (ps)  (ps)   (ps)  Location 
#------------------------------------------------------------------------------------------------------------
  csm_inst_round_counter_reg[0]/CLK -       -      R     (arrival)    335     -     0     0       0    (-,-) 
  csm_inst_round_counter_reg[0]/Q   -       CLK->Q R     DFFQSRX1      17  83.6  1228   812     812    (-,-) 
  g63752/Z                          -       A->Z   F     INVX2          2  11.4   246   145     957    (-,-) 
  g63622/Z                          -       A->Z   R     NOR2X1        14  60.7   900   575    1532    (-,-) 
  g63402/Z                          -       A->Z   R     AND2X1        23  97.6  1430   871    2403    (-,-) 
  g63255/Z                          -       A->Z   R     BUFX1         24 102.1  1496   894    3296    (-,-) 
  g62775/Z                          -       A->Z   F     NAND2X1        1   6.8   275   107    3404    (-,-) 
  g62340/Z                          -       B->Z   R     NAND2X1        1   7.2   178   177    3581    (-,-) 
  g62084/Z                          -       A->Z   F     NOR2X1         1   7.3   124   120    3701    (-,-) 
  g61563/Z                          -       A->Z   R     NAND3X1        1   6.8   194   124    3826    (-,-) 
  g61144/Z                          -       A->Z   R     AND2X1         1   7.3   126   126    3952    (-,-) 
  g61076/Z                          -       B->Z   F     NOR2X1         1  12.8   172   125    4077    (-,-) 
  g60694/Z                          -       B->Z   R     XOR2X1        14  66.1   976   627    4704    (-,-) 
  g60680/Z                          -       A->Z   F     INVX2          3  15.6   252   173    4876    (-,-) 
  g60595/Z                          -       A->Z   R     NOR2X1         5  24.3   384   283    5159    (-,-) 
  g60463__1617/Z                    -       B->Z   F     NOR2X1         3  16.2   229   200    5359    (-,-) 
  g60396/Z                          -       A->Z   R     INVX2          3  16.1   160   147    5506    (-,-) 
  g60142__5526/Z                    -       A->Z   F     NAND3X1        2  11.5   188   107    5613    (-,-) 
  g59819__2346/Z                    -       B->Z   R     NAND2X1        1   7.3   160   154    5767    (-,-) 
  g59657__3680/Z                    -       B->Z   F     NOR2X1         1   7.3   126    99    5867    (-,-) 
  g59624__4319/Z                    -       A->Z   R     NAND3X1        1  12.8   272   175    6042    (-,-) 
  g59585__9315/Z                    -       B->Z   R     XOR2X1         1   6.8   124   162    6203    (-,-) 
  g59551__6131/Z                    -       A->Z   F     NAND2X1        1   7.3   262    80    6283    (-,-) 
  g59525__5115/Z                    -       A->Z   R     NAND3X1        1   6.4   201   160    6443    (-,-) 
  csm_inst_right_reg_reg[12]/D      -       -      R     DFFQSRX1       1     -     -     0    6443    (-,-) 
#------------------------------------------------------------------------------------------------------------



Path 8: MET (3352 ps) Setup Check with Pin csm_inst_right_reg_reg[30]/CLK->D
          Group: C2C
     Startpoint: (R) csm_inst_round_counter_reg[3]/CLK
          Clock: (R) clk
       Endpoint: (F) csm_inst_right_reg_reg[30]/D
          Clock: (R) clk

                     Capture       Launch     
        Clock Edge:+   10000            0     
       Src Latency:+       0            0     
       Net Latency:+       0 (I)        0 (I) 
           Arrival:=   10000            0     
                                              
             Setup:-     220                  
     Required Time:=    9780                  
      Launch Clock:-       0                  
         Data Path:-    6428                  
             Slack:=    3352                  

#------------------------------------------------------------------------------------------------------------
#           Timing Point            Flags    Arc   Edge   Cell     Fanout  Load Trans Delay Arrival Instance 
#                                                                          (fF)  (ps)  (ps)   (ps)  Location 
#------------------------------------------------------------------------------------------------------------
  csm_inst_round_counter_reg[3]/CLK -       -      R     (arrival)    335     -     0     0       0    (-,-) 
  csm_inst_round_counter_reg[3]/Q   -       CLK->Q R     DFFQSRX1      20  88.9  1305   855     855    (-,-) 
  g63750/Z                          -       A->Z   F     INVX4         58 250.0   933   790    1645    (-,-) 
  g63749/Z                          -       A->Z   R     INVX2         39 164.7  1270  1002    2647    (-,-) 
  g63654/Z                          -       A->Z   F     NAND2X1        3  15.1   350   210    2858    (-,-) 
  g63354/Z                          -       B->Z   R     NAND2X1        4  19.3   342   307    3164    (-,-) 
  g62588/Z                          -       A->Z   R     MUX2X1         2  11.0   184   191    3355    (-,-) 
  g61987/Z                          -       A->Z   F     NAND2X1        1   6.8   218    86    3442    (-,-) 
  g61717/Z                          -       B->Z   R     NAND2X1        1   7.3   166   162    3604    (-,-) 
  g61544/Z                          -       B->Z   F     NOR2X1         1   7.3   121   101    3705    (-,-) 
  g61161/Z                          -       A->Z   R     NAND3X1        1   6.8   204   123    3828    (-,-) 
  g61017/Z                          -       A->Z   F     NAND2X1        1   7.3   222    92    3920    (-,-) 
  g60802/Z                          -       A->Z   R     NAND3X1        1  12.8   272   205    4125    (-,-) 
  g60655/Z                          -       B->Z   R     XOR2X1         4  21.0   323   279    4404    (-,-) 
  g60620/Z                          -       A->Z   F     INVX2         10  46.9   307   255    4659    (-,-) 
  g60562__6783/Z                    -       B->Z   R     NAND2X1        6  30.7   494   385    5044    (-,-) 
  g60370__7482/Z                    -       B->Z   R     OR2X1          3  16.1   253   230    5274    (-,-) 
  g60089__1617/Z                    -       B->Z   F     NOR2X1         1   7.3   179   113    5387    (-,-) 
  g59896__6131/Z                    -       B->Z   R     NOR2X1         1   7.3   152   130    5517    (-,-) 
  g59757__7482/Z                    -       B->Z   F     NOR2X1         1   7.3   147    98    5614    (-,-) 
  g59690__1705/Z                    -       B->Z   R     NOR2X1         1   7.3   147   121    5736    (-,-) 
  g59652__6260/Z                    -       A->Z   F     NAND3X1        1   7.2   107    82    5817    (-,-) 
  g63940/Z                          -       A->Z   R     NOR2X1         1   7.3   143   120    5937    (-,-) 
  g63939/Z                          -       A->Z   F     NAND3X1        1  12.8   151   111    6048    (-,-) 
  g59581__5115/Z                    -       B->Z   F     XOR2X1         1   6.9   108   179    6227    (-,-) 
  g59539__6260/Z                    -       A->Z   R     NAND2X1        1   7.3   253   115    6341    (-,-) 
  g59519__1705/Z                    -       A->Z   F     NAND3X1        1   6.4   115    87    6428    (-,-) 
  csm_inst_right_reg_reg[30]/D      -       -      F     DFFQSRX1       1     -     -     0    6428    (-,-) 
#------------------------------------------------------------------------------------------------------------



Path 9: MET (3370 ps) Setup Check with Pin csm_inst_right_reg_reg[21]/CLK->D
          Group: C2C
     Startpoint: (R) csm_inst_round_counter_reg[3]/CLK
          Clock: (R) clk
       Endpoint: (R) csm_inst_right_reg_reg[21]/D
          Clock: (R) clk

                     Capture       Launch     
        Clock Edge:+   10000            0     
       Src Latency:+       0            0     
       Net Latency:+       0 (I)        0 (I) 
           Arrival:=   10000            0     
                                              
             Setup:-     212                  
     Required Time:=    9788                  
      Launch Clock:-       0                  
         Data Path:-    6418                  
             Slack:=    3370                  

#------------------------------------------------------------------------------------------------------------
#           Timing Point            Flags    Arc   Edge   Cell     Fanout  Load Trans Delay Arrival Instance 
#                                                                          (fF)  (ps)  (ps)   (ps)  Location 
#------------------------------------------------------------------------------------------------------------
  csm_inst_round_counter_reg[3]/CLK -       -      R     (arrival)    335     -     0     0       0    (-,-) 
  csm_inst_round_counter_reg[3]/Q   -       CLK->Q R     DFFQSRX1      20  88.9  1305   855     855    (-,-) 
  g63750/Z                          -       A->Z   F     INVX4         58 250.0   933   790    1645    (-,-) 
  g63749/Z                          -       A->Z   R     INVX2         39 164.7  1270  1002    2647    (-,-) 
  g63677/Z                          -       A->Z   F     NAND2X1        3  15.1   350   210    2858    (-,-) 
  g63501/Z                          -       B->Z   R     NAND2X1        3  15.1   289   271    3128    (-,-) 
  g62819/Z                          -       A->Z   F     NAND2X1        1   6.8   187    95    3223    (-,-) 
  g62408/Z                          -       B->Z   R     NAND2X1        2  11.0   209   185    3407    (-,-) 
  g61855/Z                          -       A->Z   F     NAND2X1        1   6.9   126    89    3496    (-,-) 
  g61734/Z                          -       A->Z   R     NAND2X1        1   7.3   173   120    3617    (-,-) 
  g61538/Z                          -       B->Z   F     NOR2X1         1   7.3   120   102    3719    (-,-) 
  g61158/Z                          -       A->Z   R     NAND3X1        1   6.8   214   123    3842    (-,-) 
  g61011/Z                          -       A->Z   F     NAND2X1        1   6.9   243    90    3932    (-,-) 
  g60798/Z                          -       A->Z   R     NAND2X1        1  12.8   231   202    4134    (-,-) 
  g60660/Z                          -       B->Z   R     XOR2X1         5  24.8   378   307    4441    (-,-) 
  g60625/Z                          -       A->Z   F     INVX2         10  48.1   323   273    4714    (-,-) 
  g60460__5526/Z                    -       A->Z   F     OR2X1          4  20.7   210   241    4955    (-,-) 
  g60384__4319/Z                    -       A->Z   R     NAND2X1        7  33.5   530   363    5318    (-,-) 
  g60274/Z                          -       A->Z   F     INVX2          2  11.6   163   121    5439    (-,-) 
  g60068__1881/Z                    -       A->Z   R     NAND2X1        1   6.8   194   128    5567    (-,-) 
  g59897__1881/Z                    -       A->Z   F     NAND2X1        1   6.9   107    88    5655    (-,-) 
  g59748__8246/Z                    -       A->Z   R     NAND2X1        1   7.3   176   114    5769    (-,-) 
  g59706__6417/Z                    -       A->Z   F     NAND3X1        1   7.2   108    86    5856    (-,-) 
  g59617__1666/Z                    -       A->Z   R     NOR2X1         1  12.8   217   164    6020    (-,-) 
  g59584__6161/Z                    -       B->Z   R     XOR2X1         1   6.8   127   158    6178    (-,-) 
  g59552__1881/Z                    -       A->Z   F     NAND2X1        1   7.3   262    80    6258    (-,-) 
  g59530__9945/Z                    -       A->Z   R     NAND3X1        1   6.4   191   160    6418    (-,-) 
  csm_inst_right_reg_reg[21]/D      -       -      R     DFFQSRX1       1     -     -     0    6418    (-,-) 
#------------------------------------------------------------------------------------------------------------



Path 10: MET (3376 ps) Setup Check with Pin csm_inst_right_reg_reg[18]/CLK->D
          Group: C2C
     Startpoint: (R) csm_inst_round_counter_reg[3]/CLK
          Clock: (R) clk
       Endpoint: (R) csm_inst_right_reg_reg[18]/D
          Clock: (R) clk

                     Capture       Launch     
        Clock Edge:+   10000            0     
       Src Latency:+       0            0     
       Net Latency:+       0 (I)        0 (I) 
           Arrival:=   10000            0     
                                              
             Setup:-     213                  
     Required Time:=    9787                  
      Launch Clock:-       0                  
         Data Path:-    6411                  
             Slack:=    3376                  

#------------------------------------------------------------------------------------------------------------
#           Timing Point            Flags    Arc   Edge   Cell     Fanout  Load Trans Delay Arrival Instance 
#                                                                          (fF)  (ps)  (ps)   (ps)  Location 
#------------------------------------------------------------------------------------------------------------
  csm_inst_round_counter_reg[3]/CLK -       -      R     (arrival)    335     -     0     0       0    (-,-) 
  csm_inst_round_counter_reg[3]/Q   -       CLK->Q R     DFFQSRX1      20  88.9  1305   855     855    (-,-) 
  g63750/Z                          -       A->Z   F     INVX4         58 250.0   933   790    1645    (-,-) 
  g63749/Z                          -       A->Z   R     INVX2         39 164.7  1270  1002    2647    (-,-) 
  g63669/Z                          -       A->Z   F     NAND2X1        3  15.1   350   210    2858    (-,-) 
  g63342/Z                          -       B->Z   R     NAND2X1        4  19.3   342   307    3164    (-,-) 
  g62562/Z                          -       B->Z   R     MUX2X1         2  11.0   187   190    3355    (-,-) 
  g61912/Z                          -       A->Z   F     NAND2X1        1   7.3   242    90    3445    (-,-) 
  g61706/Z                          -       A->Z   R     NAND3X1        1   7.3   207   164    3609    (-,-) 
  g61519/Z                          -       B->Z   F     NOR2X1         1   7.3   130   107    3716    (-,-) 
  g61153/Z                          -       B->Z   F     OR2X1          1   6.9    90   128    3844    (-,-) 
  g61069/Z                          -       A->Z   R     NAND2X1        1  12.8   231   155    3999    (-,-) 
  g60722/Z                          -       B->Z   R     XOR2X1        12  61.5   909   608    4607    (-,-) 
  g60707/Z                          -       A->Z   F     INVX2          7  33.5   362   283    4890    (-,-) 
  g60605/Z                          -       B->Z   R     NOR2X1         6  28.3   448   353    5243    (-,-) 
  g60508__1617/Z                    -       A->Z   F     NAND2X1        1   7.2   162   108    5351    (-,-) 
  g60128__6161/Z                    -       C->Z   R     NAND3X1        1   6.8   186   174    5525    (-,-) 
  g59823__5477/Z                    -       A->Z   F     NAND2X1        1   6.9   142    87    5612    (-,-) 
  g59728__9315/Z                    -       A->Z   R     NAND2X1        1   7.3   153   125    5738    (-,-) 
  g59705__7410/Z                    -       B->Z   F     NOR2X1         1   7.3   126    98    5835    (-,-) 
  g59626__5526/Z                    -       A->Z   R     NAND3X1        1  12.8   272   175    6010    (-,-) 
  g59593__2398/Z                    -       B->Z   R     XOR2X1         1   6.8   124   162    6172    (-,-) 
  g59543__6783/Z                    -       A->Z   F     NAND2X1        1   7.3   262    80    6252    (-,-) 
  g59528__6161/Z                    -       A->Z   R     NAND3X1        1   6.4   201   160    6411    (-,-) 
  csm_inst_right_reg_reg[18]/D      -       -      R     DFFQSRX1       1     -     -     0    6411    (-,-) 
#------------------------------------------------------------------------------------------------------------



Path 11: MET (3378 ps) Setup Check with Pin csm_inst_right_reg_reg[28]/CLK->D
          Group: C2C
     Startpoint: (R) csm_inst_round_counter_reg[3]/CLK
          Clock: (R) clk
       Endpoint: (F) csm_inst_right_reg_reg[28]/D
          Clock: (R) clk

                     Capture       Launch     
        Clock Edge:+   10000            0     
       Src Latency:+       0            0     
       Net Latency:+       0 (I)        0 (I) 
           Arrival:=   10000            0     
                                              
             Setup:-     223                  
     Required Time:=    9777                  
      Launch Clock:-       0                  
         Data Path:-    6399                  
             Slack:=    3378                  

#------------------------------------------------------------------------------------------------------------
#           Timing Point            Flags    Arc   Edge   Cell     Fanout  Load Trans Delay Arrival Instance 
#                                                                          (fF)  (ps)  (ps)   (ps)  Location 
#------------------------------------------------------------------------------------------------------------
  csm_inst_round_counter_reg[3]/CLK -       -      R     (arrival)    335     -     0     0       0    (-,-) 
  csm_inst_round_counter_reg[3]/Q   -       CLK->Q R     DFFQSRX1      20  88.9  1305   855     855    (-,-) 
  g63750/Z                          -       A->Z   F     INVX4         58 250.0   933   790    1645    (-,-) 
  g63749/Z                          -       A->Z   R     INVX2         39 164.7  1270  1002    2647    (-,-) 
  g63677/Z                          -       A->Z   F     NAND2X1        3  15.1   350   210    2858    (-,-) 
  g63501/Z                          -       B->Z   R     NAND2X1        3  15.1   289   271    3128    (-,-) 
  g62819/Z                          -       A->Z   F     NAND2X1        1   6.8   187    95    3223    (-,-) 
  g62408/Z                          -       B->Z   R     NAND2X1        2  11.0   209   185    3407    (-,-) 
  g61855/Z                          -       A->Z   F     NAND2X1        1   6.9   126    89    3496    (-,-) 
  g61734/Z                          -       A->Z   R     NAND2X1        1   7.3   173   120    3617    (-,-) 
  g61538/Z                          -       B->Z   F     NOR2X1         1   7.3   120   102    3719    (-,-) 
  g61158/Z                          -       A->Z   R     NAND3X1        1   6.8   214   123    3842    (-,-) 
  g61011/Z                          -       A->Z   F     NAND2X1        1   6.9   243    90    3932    (-,-) 
  g60798/Z                          -       A->Z   R     NAND2X1        1  12.8   231   202    4134    (-,-) 
  g60660/Z                          -       B->Z   R     XOR2X1         5  24.8   378   307    4441    (-,-) 
  g60625/Z                          -       A->Z   F     INVX2         10  48.1   323   273    4714    (-,-) 
  g60460__5526/Z                    -       A->Z   F     OR2X1          4  20.7   210   241    4955    (-,-) 
  g60384__4319/Z                    -       A->Z   R     NAND2X1        7  33.5   530   363    5318    (-,-) 
  g60274/Z                          -       A->Z   F     INVX2          2  11.6   163   121    5439    (-,-) 
  g60086__5526/Z                    -       A->Z   R     NAND3X1        1   7.2   221   140    5580    (-,-) 
  g59769__5107/Z                    -       B->Z   F     NAND3X1        1   7.2   111    93    5672    (-,-) 
  g63942/Z                          -       A->Z   R     NOR2X1         1   6.8   134   116    5789    (-,-) 
  g63941/Z                          -       A->Z   R     AND2X1         1   7.3   124   122    5911    (-,-) 
  g59661__5122/Z                    -       A->Z   F     NAND3X1        1  12.8   142   107    6018    (-,-) 
  g59601__1617/Z                    -       B->Z   F     XOR2X1         1   6.9   108   176    6194    (-,-) 
  g59567__6260/Z                    -       A->Z   R     NAND2X1        1   7.3   314   115    6308    (-,-) 
  g59553__5115/Z                    -       A->Z   F     NAND3X1        1   6.4   125    91    6399    (-,-) 
  csm_inst_right_reg_reg[28]/D      -       -      F     DFFQSRX1       1     -     -     0    6399    (-,-) 
#------------------------------------------------------------------------------------------------------------



Path 12: MET (3386 ps) Setup Check with Pin csm_inst_right_reg_reg[24]/CLK->D
          Group: C2C
     Startpoint: (R) csm_inst_round_counter_reg[0]/CLK
          Clock: (R) clk
       Endpoint: (F) csm_inst_right_reg_reg[24]/D
          Clock: (R) clk

                     Capture       Launch     
        Clock Edge:+   10000            0     
       Src Latency:+       0            0     
       Net Latency:+       0 (I)        0 (I) 
           Arrival:=   10000            0     
                                              
             Setup:-     223                  
     Required Time:=    9777                  
      Launch Clock:-       0                  
         Data Path:-    6392                  
             Slack:=    3386                  

#------------------------------------------------------------------------------------------------------------
#           Timing Point            Flags    Arc   Edge   Cell     Fanout  Load Trans Delay Arrival Instance 
#                                                                          (fF)  (ps)  (ps)   (ps)  Location 
#------------------------------------------------------------------------------------------------------------
  csm_inst_round_counter_reg[0]/CLK -       -      R     (arrival)    335     -     0     0       0    (-,-) 
  csm_inst_round_counter_reg[0]/Q   -       CLK->Q R     DFFQSRX1      17  83.6  1228   812     812    (-,-) 
  g63752/Z                          -       A->Z   F     INVX2          2  11.4   246   145     957    (-,-) 
  g63622/Z                          -       A->Z   R     NOR2X1        14  60.7   900   575    1532    (-,-) 
  g63402/Z                          -       A->Z   R     AND2X1        23  97.6  1430   871    2403    (-,-) 
  g63255/Z                          -       A->Z   R     BUFX1         24 102.1  1496   894    3296    (-,-) 
  g63025/Z                          -       A->Z   F     NAND2X1        1   6.8   275   107    3404    (-,-) 
  g61727/Z                          -       B->Z   R     NAND2X1        1   7.3   179   178    3582    (-,-) 
  g61570/Z                          -       B->Z   F     NOR2X1         1   7.3   122   103    3686    (-,-) 
  g61167/Z                          -       A->Z   R     NAND3X1        1   6.8   202   124    3809    (-,-) 
  g61041/Z                          -       A->Z   F     NAND2X1        1   6.9   218    89    3898    (-,-) 
  g60808/Z                          -       A->Z   R     NAND2X1        1  12.8   231   195    4093    (-,-) 
  g60657/Z                          -       B->Z   R     XOR2X1         9  43.5   649   461    4553    (-,-) 
  g60476__9945/Z                    -       A->Z   F     NAND2X1        7  39.6   454   362    4916    (-,-) 
  g60402/Z                          -       A->Z   R     INVX2          6  28.4   284   261    5176    (-,-) 
  g60380__5477/Z                    -       A->Z   F     NOR2X1         4  20.5   288   224    5400    (-,-) 
  g59987__9315/Z                    -       A->Z   R     NAND2X1        1   6.8   164   159    5559    (-,-) 
  g59847__2346/Z                    -       A->Z   F     NAND2X1        1   6.9   101    84    5643    (-,-) 
  g59738__6260/Z                    -       A->Z   R     NAND2X1        1   7.3   215   112    5756    (-,-) 
  g59646__1666/Z                    -       A->Z   F     NAND3X1        1   7.2   115    90    5846    (-,-) 
  g59618__7410/Z                    -       A->Z   F     OR2X1          1  12.8   137   171    6016    (-,-) 
  g59583__4733/Z                    -       B->Z   F     XOR2X1         1   6.9    94   174    6190    (-,-) 
  g59545__1617/Z                    -       A->Z   R     NAND2X1        1   7.3   314   110    6301    (-,-) 
  g59518__2802/Z                    -       A->Z   F     NAND3X1        1   6.4   125    91    6392    (-,-) 
  csm_inst_right_reg_reg[24]/D      -       -      F     DFFQSRX1       1     -     -     0    6392    (-,-) 
#------------------------------------------------------------------------------------------------------------



Path 13: MET (3388 ps) Setup Check with Pin csm_inst_right_reg_reg[6]/CLK->D
          Group: C2C
     Startpoint: (R) csm_inst_round_counter_reg[0]/CLK
          Clock: (R) clk
       Endpoint: (F) csm_inst_right_reg_reg[6]/D
          Clock: (R) clk

                     Capture       Launch     
        Clock Edge:+   10000            0     
       Src Latency:+       0            0     
       Net Latency:+       0 (I)        0 (I) 
           Arrival:=   10000            0     
                                              
             Setup:-     220                  
     Required Time:=    9780                  
      Launch Clock:-       0                  
         Data Path:-    6392                  
             Slack:=    3388                  

#------------------------------------------------------------------------------------------------------------
#           Timing Point            Flags    Arc   Edge   Cell     Fanout  Load Trans Delay Arrival Instance 
#                                                                          (fF)  (ps)  (ps)   (ps)  Location 
#------------------------------------------------------------------------------------------------------------
  csm_inst_round_counter_reg[0]/CLK -       -      R     (arrival)    335     -     0     0       0    (-,-) 
  csm_inst_round_counter_reg[0]/Q   -       CLK->Q R     DFFQSRX1      17  83.6  1228   812     812    (-,-) 
  g63752/Z                          -       A->Z   F     INVX2          2  11.4   246   145     957    (-,-) 
  g63622/Z                          -       A->Z   R     NOR2X1        14  60.7   900   575    1532    (-,-) 
  g63402/Z                          -       A->Z   R     AND2X1        23  97.6  1430   871    2403    (-,-) 
  g63255/Z                          -       A->Z   R     BUFX1         24 102.1  1496   894    3296    (-,-) 
  g62775/Z                          -       A->Z   F     NAND2X1        1   6.8   275   107    3404    (-,-) 
  g62340/Z                          -       B->Z   R     NAND2X1        1   7.2   178   177    3581    (-,-) 
  g62084/Z                          -       A->Z   F     NOR2X1         1   7.3   124   120    3701    (-,-) 
  g61563/Z                          -       A->Z   R     NAND3X1        1   6.8   194   124    3826    (-,-) 
  g61144/Z                          -       A->Z   R     AND2X1         1   7.3   126   126    3952    (-,-) 
  g61076/Z                          -       B->Z   F     NOR2X1         1  12.8   172   125    4077    (-,-) 
  g60694/Z                          -       B->Z   R     XOR2X1        14  66.1   976   627    4704    (-,-) 
  g60680/Z                          -       A->Z   F     INVX2          3  15.6   252   173    4876    (-,-) 
  g60595/Z                          -       A->Z   R     NOR2X1         5  24.3   384   283    5159    (-,-) 
  g60463__1617/Z                    -       B->Z   F     NOR2X1         3  16.2   229   200    5359    (-,-) 
  g60320__2346/Z                    -       A->Z   R     NAND2X1        1   6.8   182   145    5504    (-,-) 
  g60020__7410/Z                    -       A->Z   F     NAND2X1        1   6.9   105    87    5591    (-,-) 
  g59892__1705/Z                    -       A->Z   R     NAND2X1        1   7.3   180   114    5705    (-,-) 
  g59776__1617/Z                    -       A->Z   F     NAND3X1        1   7.3   109    87    5792    (-,-) 
  g59677__5477/Z                    -       B->Z   R     NOR2X1         1   7.3   143   111    5903    (-,-) 
  g59644__2346/Z                    -       A->Z   F     NAND3X1        1  12.8   143   111    6014    (-,-) 
  g59606__7098/Z                    -       B->Z   F     XOR2X1         1   6.9   108   176    6190    (-,-) 
  g59568__4319/Z                    -       A->Z   R     NAND2X1        1   7.3   253   115    6305    (-,-) 
  g59555__4733/Z                    -       A->Z   F     NAND3X1        1   6.4   115    87    6392    (-,-) 
  csm_inst_right_reg_reg[6]/D       -       -      F     DFFQSRX1       1     -     -     0    6392    (-,-) 
#------------------------------------------------------------------------------------------------------------



Path 14: MET (3403 ps) Setup Check with Pin csm_inst_right_reg_reg[25]/CLK->D
          Group: C2C
     Startpoint: (R) csm_inst_round_counter_reg[3]/CLK
          Clock: (R) clk
       Endpoint: (R) csm_inst_right_reg_reg[25]/D
          Clock: (R) clk

                     Capture       Launch     
        Clock Edge:+   10000            0     
       Src Latency:+       0            0     
       Net Latency:+       0 (I)        0 (I) 
           Arrival:=   10000            0     
                                              
             Setup:-     212                  
     Required Time:=    9788                  
      Launch Clock:-       0                  
         Data Path:-    6385                  
             Slack:=    3403                  

#------------------------------------------------------------------------------------------------------------
#           Timing Point            Flags    Arc   Edge   Cell     Fanout  Load Trans Delay Arrival Instance 
#                                                                          (fF)  (ps)  (ps)   (ps)  Location 
#------------------------------------------------------------------------------------------------------------
  csm_inst_round_counter_reg[3]/CLK -       -      R     (arrival)    335     -     0     0       0    (-,-) 
  csm_inst_round_counter_reg[3]/Q   -       CLK->Q R     DFFQSRX1      20  88.9  1305   855     855    (-,-) 
  g63750/Z                          -       A->Z   F     INVX4         58 250.0   933   790    1645    (-,-) 
  g63749/Z                          -       A->Z   R     INVX2         39 164.7  1270  1002    2647    (-,-) 
  g63677/Z                          -       A->Z   F     NAND2X1        3  15.1   350   210    2858    (-,-) 
  g63501/Z                          -       B->Z   R     NAND2X1        3  15.1   289   271    3128    (-,-) 
  g62819/Z                          -       A->Z   F     NAND2X1        1   6.8   187    95    3223    (-,-) 
  g62408/Z                          -       B->Z   R     NAND2X1        2  11.0   209   185    3407    (-,-) 
  g62019/Z                          -       A->Z   F     NAND2X1        1   6.9   163    89    3496    (-,-) 
  g61689/Z                          -       A->Z   R     NAND2X1        1   7.3   179   132    3629    (-,-) 
  g61578/Z                          -       B->Z   F     NOR2X1         1   7.3   120   103    3732    (-,-) 
  g61170/Z                          -       A->Z   R     NAND3X1        1   6.8   214   123    3855    (-,-) 
  g61050/Z                          -       A->Z   F     NAND2X1        1   6.9   243    90    3945    (-,-) 
  g60811/Z                          -       A->Z   R     NAND2X1        1  12.8   231   202    4147    (-,-) 
  g60659/Z                          -       B->Z   R     XOR2X1         6  30.5   461   354    4501    (-,-) 
  g60624/Z                          -       A->Z   F     INVX2          7  39.6   302   256    4757    (-,-) 
  g60466__5122/Z                    -       B->Z   R     NOR2X1         5  25.2   402   311    5068    (-,-) 
  g60266__5526/Z                    -       B->Z   F     NOR2X1         5  25.9   307   266    5334    (-,-) 
  g60141__8428/Z                    -       A->Z   R     NAND2X1        2  11.5   261   209    5543    (-,-) 
  g59874__9315/Z                    -       A->Z   F     NAND2X1        1   6.9   119    93    5636    (-,-) 
  g59759__6161/Z                    -       A->Z   R     NAND2X1        1   6.8   171   114    5750    (-,-) 
  g59619__6417/Z                    -       B->Z   F     NAND2X1        1   7.3    98    85    5835    (-,-) 
  g59600__3680/Z                    -       B->Z   R     NOR2X1         1  12.8   217   152    5987    (-,-) 
  g59563__6417/Z                    -       B->Z   R     XOR2X1         1   6.8   127   158    6145    (-,-) 
  g59505__6783/Z                    -       A->Z   F     NAND2X1        1   7.3   262    80    6225    (-,-) 
  g59491__2398/Z                    -       A->Z   R     NAND3X1        1   6.4   191   160    6385    (-,-) 
  csm_inst_right_reg_reg[25]/D      -       -      R     DFFQSRX1       1     -     -     0    6385    (-,-) 
#------------------------------------------------------------------------------------------------------------



Path 15: MET (3451 ps) Setup Check with Pin csm_inst_right_reg_reg[7]/CLK->D
          Group: C2C
     Startpoint: (R) csm_inst_round_counter_reg[3]/CLK
          Clock: (R) clk
       Endpoint: (R) csm_inst_right_reg_reg[7]/D
          Clock: (R) clk

                     Capture       Launch     
        Clock Edge:+   10000            0     
       Src Latency:+       0            0     
       Net Latency:+       0 (I)        0 (I) 
           Arrival:=   10000            0     
                                              
             Setup:-     213                  
     Required Time:=    9787                  
      Launch Clock:-       0                  
         Data Path:-    6336                  
             Slack:=    3451                  

#------------------------------------------------------------------------------------------------------------
#           Timing Point            Flags    Arc   Edge   Cell     Fanout  Load Trans Delay Arrival Instance 
#                                                                          (fF)  (ps)  (ps)   (ps)  Location 
#------------------------------------------------------------------------------------------------------------
  csm_inst_round_counter_reg[3]/CLK -       -      R     (arrival)    335     -     0     0       0    (-,-) 
  csm_inst_round_counter_reg[3]/Q   -       CLK->Q R     DFFQSRX1      20  88.9  1305   855     855    (-,-) 
  g63750/Z                          -       A->Z   F     INVX4         58 250.0   933   790    1645    (-,-) 
  g63749/Z                          -       A->Z   R     INVX2         39 164.7  1270  1002    2647    (-,-) 
  g63669/Z                          -       A->Z   F     NAND2X1        3  15.1   350   210    2858    (-,-) 
  g63342/Z                          -       B->Z   R     NAND2X1        4  19.3   342   307    3164    (-,-) 
  g62562/Z                          -       B->Z   R     MUX2X1         2  11.0   187   190    3355    (-,-) 
  g61912/Z                          -       A->Z   F     NAND2X1        1   7.3   242    90    3445    (-,-) 
  g61706/Z                          -       A->Z   R     NAND3X1        1   7.3   207   164    3609    (-,-) 
  g61519/Z                          -       B->Z   F     NOR2X1         1   7.3   130   107    3716    (-,-) 
  g61153/Z                          -       B->Z   F     OR2X1          1   6.9    90   128    3844    (-,-) 
  g61069/Z                          -       A->Z   R     NAND2X1        1  12.8   231   155    3999    (-,-) 
  g60722/Z                          -       B->Z   R     XOR2X1        12  61.5   909   608    4607    (-,-) 
  g60707/Z                          -       A->Z   F     INVX2          7  33.5   362   283    4890    (-,-) 
  g60605/Z                          -       B->Z   R     NOR2X1         6  28.3   448   353    5243    (-,-) 
  g60220__1881/Z                    -       A->Z   F     NAND2X1        1   7.2   154   108    5351    (-,-) 
  g59839__1881/Z                    -       C->Z   R     NAND3X1        1   6.8   186   171    5522    (-,-) 
  g59720__8246/Z                    -       A->Z   F     NAND2X1        1   7.3   179    90    5612    (-,-) 
  g59669__6161/Z                    -       A->Z   R     NAND3X1        1   7.2   191   145    5758    (-,-) 
  g59643__2883/Z                    -       A->Z   F     NOR2X1         1  12.8   170   156    5914    (-,-) 
  g59596__4319/Z                    -       B->Z   F     XOR2X1         1   7.3    99   187    6101    (-,-) 
  g59569__8428/Z                    -       B->Z   F     OR2X1          1   7.3    91   125    6225    (-,-) 
  g59556__6161/Z                    -       A->Z   R     NAND3X1        1   6.4   201   111    6336    (-,-) 
  csm_inst_right_reg_reg[7]/D       -       -      R     DFFQSRX1       1     -     -     0    6336    (-,-) 
#------------------------------------------------------------------------------------------------------------



Path 16: MET (3460 ps) Setup Check with Pin csm_inst_right_reg_reg[19]/CLK->D
          Group: C2C
     Startpoint: (R) csm_inst_round_counter_reg[3]/CLK
          Clock: (R) clk
       Endpoint: (F) csm_inst_right_reg_reg[19]/D
          Clock: (R) clk

                     Capture       Launch     
        Clock Edge:+   10000            0     
       Src Latency:+       0            0     
       Net Latency:+       0 (I)        0 (I) 
           Arrival:=   10000            0     
                                              
             Setup:-     220                  
     Required Time:=    9780                  
      Launch Clock:-       0                  
         Data Path:-    6320                  
             Slack:=    3460                  

#------------------------------------------------------------------------------------------------------------
#           Timing Point            Flags    Arc   Edge   Cell     Fanout  Load Trans Delay Arrival Instance 
#                                                                          (fF)  (ps)  (ps)   (ps)  Location 
#------------------------------------------------------------------------------------------------------------
  csm_inst_round_counter_reg[3]/CLK -       -      R     (arrival)    335     -     0     0       0    (-,-) 
  csm_inst_round_counter_reg[3]/Q   -       CLK->Q R     DFFQSRX1      20  88.9  1305   855     855    (-,-) 
  g63750/Z                          -       A->Z   F     INVX4         58 250.0   933   790    1645    (-,-) 
  g63749/Z                          -       A->Z   R     INVX2         39 164.7  1270  1002    2647    (-,-) 
  g63689/Z                          -       A->Z   F     NAND2X1        3  15.2   351   211    2859    (-,-) 
  g63512/Z                          -       B->Z   R     NAND2X1        4  19.3   342   307    3166    (-,-) 
  g62597/Z                          -       A->Z   R     MUX2X1         2  11.0   187   191    3357    (-,-) 
  g62001/Z                          -       A->Z   F     NAND2X1        1   7.3   224    90    3447    (-,-) 
  g61542/Z                          -       A->Z   R     NAND3X1        1   7.3   214   159    3606    (-,-) 
  g61133/Z                          -       B->Z   F     NOR2X1         1   7.3   126   108    3714    (-,-) 
  g61015/Z                          -       B->Z   R     NOR2X1         1   7.3   215   116    3829    (-,-) 
  g60800/Z                          -       B->Z   F     NOR2X1         1  12.8   163   144    3974    (-,-) 
  g60654/Z                          -       B->Z   R     XOR2X1        13  61.9   915   590    4563    (-,-) 
  g60559__4319/Z                    -       A->Z   F     NAND2X1        6  29.8   432   325    4888    (-,-) 
  g60367__6131/Z                    -       B->Z   R     NOR2X1         3  15.6   301   264    5153    (-,-) 
  g60057__8428/Z                    -       A->Z   F     NAND2X1        1   6.9   168    96    5249    (-,-) 
  g59804__1617/Z                    -       A->Z   R     NAND2X1        1   6.8   152   129    5378    (-,-) 
  g59730__2883/Z                    -       A->Z   F     NAND2X1        1   7.3   163    84    5463    (-,-) 
  g59654__8428/Z                    -       A->Z   R     NAND3X1        1   7.7   199   145    5608    (-,-) 
  g59645/Z                          -       A->Z   F     INVX2          1   7.3    86    73    5681    (-,-) 
  g59621__2398/Z                    -       A->Z   R     NAND3X1        1   7.3   193   116    5797    (-,-) 
  g59598__5526/Z                    -       B->Z   F     NOR2X1         1  12.8   170   141    5938    (-,-) 
  g59564__5477/Z                    -       B->Z   F     XOR2X1         1   6.9    97   185    6122    (-,-) 
  g59506__3680/Z                    -       A->Z   R     NAND2X1        1   7.3   253   111    6234    (-,-) 
  g59492__5107/Z                    -       A->Z   F     NAND3X1        1   6.4   115    87    6320    (-,-) 
  csm_inst_right_reg_reg[19]/D      -       -      F     DFFQSRX1       1     -     -     0    6320    (-,-) 
#------------------------------------------------------------------------------------------------------------



Path 17: MET (3474 ps) Setup Check with Pin csm_inst_right_reg_reg[14]/CLK->D
          Group: C2C
     Startpoint: (R) csm_inst_round_counter_reg[3]/CLK
          Clock: (R) clk
       Endpoint: (F) csm_inst_right_reg_reg[14]/D
          Clock: (R) clk

                     Capture       Launch     
        Clock Edge:+   10000            0     
       Src Latency:+       0            0     
       Net Latency:+       0 (I)        0 (I) 
           Arrival:=   10000            0     
                                              
             Setup:-     220                  
     Required Time:=    9780                  
      Launch Clock:-       0                  
         Data Path:-    6306                  
             Slack:=    3474                  

#------------------------------------------------------------------------------------------------------------
#           Timing Point            Flags    Arc   Edge   Cell     Fanout  Load Trans Delay Arrival Instance 
#                                                                          (fF)  (ps)  (ps)   (ps)  Location 
#------------------------------------------------------------------------------------------------------------
  csm_inst_round_counter_reg[3]/CLK -       -      R     (arrival)    335     -     0     0       0    (-,-) 
  csm_inst_round_counter_reg[3]/Q   -       CLK->Q R     DFFQSRX1      20  88.9  1305   855     855    (-,-) 
  g63750/Z                          -       A->Z   F     INVX4         58 250.0   933   790    1645    (-,-) 
  g63749/Z                          -       A->Z   R     INVX2         39 164.7  1270  1002    2647    (-,-) 
  g63657/Z                          -       A->Z   F     NAND2X1        3  15.1   350   210    2858    (-,-) 
  g63363/Z                          -       B->Z   R     NAND2X1        4  19.3   342   307    3164    (-,-) 
  g62573/Z                          -       B->Z   R     MUX2X1         2  11.0   185   190    3355    (-,-) 
  g61800/Z                          -       A->Z   F     NAND2X1        1   6.8   218    86    3441    (-,-) 
  g61712/Z                          -       B->Z   R     NAND2X1        1   7.3   166   162    3604    (-,-) 
  g61555/Z                          -       B->Z   F     NOR2X1         1   7.3   122   101    3704    (-,-) 
  g61160/Z                          -       A->Z   R     NAND3X1        1   6.8   214   124    3828    (-,-) 
  g61016/Z                          -       A->Z   F     NAND2X1        1   7.3   131    93    3921    (-,-) 
  g60801/Z                          -       A->Z   R     NAND3X1        1  12.8   272   177    4098    (-,-) 
  g60651/Z                          -       B->Z   R     XOR2X1        10  48.5   721   504    4602    (-,-) 
  g60617/Z                          -       A->Z   F     INVX2          2  11.5   189   132    4734    (-,-) 
  g60561__5526/Z                    -       B->Z   R     NOR2X1         5  25.2   399   278    5011    (-,-) 
  g60489/Z                          -       A->Z   F     INVX2          2  11.8   146   115    5127    (-,-) 
  g60325__2398/Z                    -       A->Z   R     NOR2X1         1   7.3   206   126    5253    (-,-) 
  g60067__6131/Z                    -       B->Z   R     OR2X1          1   6.8   117   136    5389    (-,-) 
  g59886__8428/Z                    -       A->Z   F     NAND2X1        1   7.3   105    78    5468    (-,-) 
  g59787__6161/Z                    -       A->Z   R     NAND3X1        1   7.7   198   126    5594    (-,-) 
  g59755/Z                          -       A->Z   F     INVX2          1   7.3    86    73    5666    (-,-) 
  g59647__7410/Z                    -       A->Z   R     NAND3X1        1   7.3   192   116    5783    (-,-) 
  g59627__6783/Z                    -       B->Z   F     NOR2X1         1  12.8   170   140    5923    (-,-) 
  g59590__7410/Z                    -       B->Z   F     XOR2X1         1   6.9    97   185    6108    (-,-) 
  g59546__2802/Z                    -       A->Z   R     NAND2X1        1   7.3   253   111    6219    (-,-) 
  g59526__7482/Z                    -       A->Z   F     NAND3X1        1   6.4   115    87    6306    (-,-) 
  csm_inst_right_reg_reg[14]/D      -       -      F     DFFQSRX1       1     -     -     0    6306    (-,-) 
#------------------------------------------------------------------------------------------------------------



Path 18: MET (3494 ps) Setup Check with Pin csm_inst_right_reg_reg[8]/CLK->D
          Group: C2C
     Startpoint: (R) csm_inst_round_counter_reg[0]/CLK
          Clock: (R) clk
       Endpoint: (F) csm_inst_right_reg_reg[8]/D
          Clock: (R) clk

                     Capture       Launch     
        Clock Edge:+   10000            0     
       Src Latency:+       0            0     
       Net Latency:+       0 (I)        0 (I) 
           Arrival:=   10000            0     
                                              
             Setup:-     223                  
     Required Time:=    9777                  
      Launch Clock:-       0                  
         Data Path:-    6283                  
             Slack:=    3494                  

#------------------------------------------------------------------------------------------------------------
#           Timing Point            Flags    Arc   Edge   Cell     Fanout  Load Trans Delay Arrival Instance 
#                                                                          (fF)  (ps)  (ps)   (ps)  Location 
#------------------------------------------------------------------------------------------------------------
  csm_inst_round_counter_reg[0]/CLK -       -      R     (arrival)    335     -     0     0       0    (-,-) 
  csm_inst_round_counter_reg[0]/Q   -       CLK->Q R     DFFQSRX1      17  83.6  1228   812     812    (-,-) 
  g63752/Z                          -       A->Z   F     INVX2          2  11.4   246   145     957    (-,-) 
  g63622/Z                          -       A->Z   R     NOR2X1        14  60.7   900   575    1532    (-,-) 
  g63402/Z                          -       A->Z   R     AND2X1        23  97.6  1430   871    2403    (-,-) 
  g63255/Z                          -       A->Z   R     BUFX1         24 102.1  1496   894    3296    (-,-) 
  g62682/Z                          -       A->Z   F     NAND2X1        1   6.8   275   107    3404    (-,-) 
  g62392/Z                          -       B->Z   R     NAND2X1        1   7.2   178   177    3581    (-,-) 
  g61692/Z                          -       A->Z   F     NOR2X1         1   7.3   124   120    3701    (-,-) 
  g61588/Z                          -       A->Z   R     NAND3X1        1   6.8   204   124    3826    (-,-) 
  g61154/Z                          -       A->Z   F     NAND2X1        1   6.9   218    89    3914    (-,-) 
  g61065/Z                          -       A->Z   R     NAND2X1        1  12.8   231   195    4109    (-,-) 
  g60712/Z                          -       B->Z   R     XOR2X1         7  34.4   517   386    4495    (-,-) 
  g60697/Z                          -       A->Z   F     INVX2          6  29.2   262   216    4712    (-,-) 
  g60578__1881/Z                    -       B->Z   R     NOR2X1         1   7.2   166   147    4859    (-,-) 
  g60568__8246/Z                    -       A->Z   R     OR2X1          4  22.4   342   285    5144    (-,-) 
  g60361__1617/Z                    -       A->Z   R     AND2X1         2  11.5   185   165    5309    (-,-) 
  g60059__6783/Z                    -       A->Z   F     NAND2X1        1   6.9   119    87    5396    (-,-) 
  g59922__8246/Z                    -       A->Z   R     NAND2X1        1   6.8   151   114    5510    (-,-) 
  g59765__7410/Z                    -       A->Z   F     NAND2X1        1   7.2   121    84    5594    (-,-) 
  g59655__5526/Z                    -       B->Z   R     NAND3X1        1   7.2   190   147    5740    (-,-) 
  g59615__2883/Z                    -       A->Z   F     NOR2X1         1  12.8   170   156    5897    (-,-) 
  g59591__6417/Z                    -       B->Z   F     XOR2X1         1   6.9    97   185    6081    (-,-) 
  g59541__8428/Z                    -       A->Z   R     NAND2X1        1   7.3   314   111    6192    (-,-) 
  g59524__1881/Z                    -       A->Z   F     NAND3X1        1   6.4   125    91    6283    (-,-) 
  csm_inst_right_reg_reg[8]/D       -       -      F     DFFQSRX1       1     -     -     0    6283    (-,-) 
#------------------------------------------------------------------------------------------------------------



Path 19: MET (3495 ps) Setup Check with Pin csm_inst_right_reg_reg[29]/CLK->D
          Group: C2C
     Startpoint: (R) csm_inst_round_counter_reg[3]/CLK
          Clock: (R) clk
       Endpoint: (R) csm_inst_right_reg_reg[29]/D
          Clock: (R) clk

                     Capture       Launch     
        Clock Edge:+   10000            0     
       Src Latency:+       0            0     
       Net Latency:+       0 (I)        0 (I) 
           Arrival:=   10000            0     
                                              
             Setup:-     212                  
     Required Time:=    9788                  
      Launch Clock:-       0                  
         Data Path:-    6293                  
             Slack:=    3495                  

#------------------------------------------------------------------------------------------------------------
#           Timing Point            Flags    Arc   Edge   Cell     Fanout  Load Trans Delay Arrival Instance 
#                                                                          (fF)  (ps)  (ps)   (ps)  Location 
#------------------------------------------------------------------------------------------------------------
  csm_inst_round_counter_reg[3]/CLK -       -      R     (arrival)    335     -     0     0       0    (-,-) 
  csm_inst_round_counter_reg[3]/Q   -       CLK->Q R     DFFQSRX1      20  88.9  1305   855     855    (-,-) 
  g63750/Z                          -       A->Z   F     INVX4         58 250.0   933   790    1645    (-,-) 
  g63749/Z                          -       A->Z   R     INVX2         39 164.7  1270  1002    2647    (-,-) 
  g63669/Z                          -       A->Z   F     NAND2X1        3  15.1   350   210    2858    (-,-) 
  g63342/Z                          -       B->Z   R     NAND2X1        4  19.3   342   307    3164    (-,-) 
  g62562/Z                          -       B->Z   R     MUX2X1         2  11.0   187   190    3355    (-,-) 
  g61912/Z                          -       A->Z   F     NAND2X1        1   7.3   242    90    3445    (-,-) 
  g61706/Z                          -       A->Z   R     NAND3X1        1   7.3   207   164    3609    (-,-) 
  g61519/Z                          -       B->Z   F     NOR2X1         1   7.3   130   107    3716    (-,-) 
  g61153/Z                          -       B->Z   F     OR2X1          1   6.9    90   128    3844    (-,-) 
  g61069/Z                          -       A->Z   R     NAND2X1        1  12.8   231   155    3999    (-,-) 
  g60722/Z                          -       B->Z   R     XOR2X1        12  61.5   909   608    4607    (-,-) 
  g60707/Z                          -       A->Z   F     INVX2          7  33.5   362   283    4890    (-,-) 
  g60592/Z                          -       B->Z   R     NOR2X1         4  19.3   334   280    5170    (-,-) 
  g60414__1881/Z                    -       A->Z   F     NAND2X1        1   6.8   158    98    5268    (-,-) 
  g60321__1666/Z                    -       B->Z   R     NAND2X1        1   7.3   201   144    5413    (-,-) 
  g60104__2346/Z                    -       A->Z   F     NAND3X1        1   7.2   186    89    5502    (-,-) 
  g59770__6260/Z                    -       C->Z   R     NAND3X1        1   7.2   192   185    5687    (-,-) 
  g59611__4733/Z                    -       A->Z   R     OR2X1          1  12.8   203   210    5897    (-,-) 
  g59587__2883/Z                    -       B->Z   R     XOR2X1         1   6.8   123   157    6054    (-,-) 
  g59538__5107/Z                    -       A->Z   F     NAND2X1        1   7.3   262    79    6134    (-,-) 
  g59533__1666/Z                    -       A->Z   R     NAND3X1        1   6.4   191   160    6293    (-,-) 
  csm_inst_right_reg_reg[29]/D      -       -      R     DFFQSRX1       1     -     -     0    6293    (-,-) 
#------------------------------------------------------------------------------------------------------------



Path 20: MET (3506 ps) Setup Check with Pin csm_inst_right_reg_reg[9]/CLK->D
          Group: C2C
     Startpoint: (R) csm_inst_round_counter_reg[3]/CLK
          Clock: (R) clk
       Endpoint: (R) csm_inst_right_reg_reg[9]/D
          Clock: (R) clk

                     Capture       Launch     
        Clock Edge:+   10000            0     
       Src Latency:+       0            0     
       Net Latency:+       0 (I)        0 (I) 
           Arrival:=   10000            0     
                                              
             Setup:-     212                  
     Required Time:=    9788                  
      Launch Clock:-       0                  
         Data Path:-    6282                  
             Slack:=    3506                  

#------------------------------------------------------------------------------------------------------------
#           Timing Point            Flags    Arc   Edge   Cell     Fanout  Load Trans Delay Arrival Instance 
#                                                                          (fF)  (ps)  (ps)   (ps)  Location 
#------------------------------------------------------------------------------------------------------------
  csm_inst_round_counter_reg[3]/CLK -       -      R     (arrival)    335     -     0     0       0    (-,-) 
  csm_inst_round_counter_reg[3]/Q   -       CLK->Q R     DFFQSRX1      20  88.9  1305   855     855    (-,-) 
  g63750/Z                          -       A->Z   F     INVX4         58 250.0   933   790    1645    (-,-) 
  g63749/Z                          -       A->Z   R     INVX2         39 164.7  1270  1002    2647    (-,-) 
  g63685/Z                          -       A->Z   F     NAND2X1        3  15.1   350   210    2858    (-,-) 
  g63379/Z                          -       B->Z   R     NAND2X1        4  19.3   342   307    3164    (-,-) 
  g63098/Z                          -       A->Z   F     NAND2X1        1   6.9   188   100    3264    (-,-) 
  g62378/Z                          -       A->Z   R     NAND2X1        1   6.8   152   135    3399    (-,-) 
  g62011/Z                          -       A->Z   F     NAND2X1        1   6.9   163    82    3481    (-,-) 
  g61732/Z                          -       A->Z   R     NAND2X1        1   7.3   179   132    3613    (-,-) 
  g61576/Z                          -       B->Z   F     NOR2X1         1   7.3   123   103    3717    (-,-) 
  g61169/Z                          -       A->Z   R     NAND3X1        1   6.8   215   124    3841    (-,-) 
  g61049/Z                          -       A->Z   F     NAND2X1        1   6.9   218    90    3930    (-,-) 
  g60810/Z                          -       A->Z   R     NAND2X1        1  12.8   231   195    4125    (-,-) 
  g60658/Z                          -       B->Z   R     XOR2X1         9  44.0   656   465    4590    (-,-) 
  g60623/Z                          -       A->Z   F     INVX2          5  24.9   265   209    4799    (-,-) 
  g60471__5115/Z                    -       A->Z   R     NOR2X1         7  32.6   499   352    5151    (-,-) 
  g60371__4733/Z                    -       A->Z   R     AND2X1         3  15.6   245   201    5352    (-,-) 
  g60114__5526/Z                    -       A->Z   F     NAND3X1        1   7.3   155    93    5445    (-,-) 
  g59756__5115/Z                    -       A->Z   R     NAND3X1        1   7.2   192   138    5583    (-,-) 
  g59671__9945/Z                    -       A->Z   F     NOR2X1         1   7.3   126   123    5706    (-,-) 
  g59641__9315/Z                    -       A->Z   R     NAND3X1        1  12.8   272   175    5881    (-,-) 
  g59605__8246/Z                    -       B->Z   R     XOR2X1         1   6.8   124   162    6043    (-,-) 
  g59572__3680/Z                    -       A->Z   F     NAND2X1        1   7.3   262    80    6122    (-,-) 
  g59557__9315/Z                    -       A->Z   R     NAND3X1        1   6.4   191   160    6282    (-,-) 
  csm_inst_right_reg_reg[9]/D       -       -      R     DFFQSRX1       1     -     -     0    6282    (-,-) 
#------------------------------------------------------------------------------------------------------------



Path 21: MET (3512 ps) Setup Check with Pin csm_inst_right_reg_reg[26]/CLK->D
          Group: C2C
     Startpoint: (R) csm_inst_round_counter_reg[0]/CLK
          Clock: (R) clk
       Endpoint: (F) csm_inst_right_reg_reg[26]/D
          Clock: (R) clk

                     Capture       Launch     
        Clock Edge:+   10000            0     
       Src Latency:+       0            0     
       Net Latency:+       0 (I)        0 (I) 
           Arrival:=   10000            0     
                                              
             Setup:-     223                  
     Required Time:=    9777                  
      Launch Clock:-       0                  
         Data Path:-    6265                  
             Slack:=    3512                  

#------------------------------------------------------------------------------------------------------------
#           Timing Point            Flags    Arc   Edge   Cell     Fanout  Load Trans Delay Arrival Instance 
#                                                                          (fF)  (ps)  (ps)   (ps)  Location 
#------------------------------------------------------------------------------------------------------------
  csm_inst_round_counter_reg[0]/CLK -       -      R     (arrival)    335     -     0     0       0    (-,-) 
  csm_inst_round_counter_reg[0]/Q   -       CLK->Q R     DFFQSRX1      17  83.6  1228   812     812    (-,-) 
  g63752/Z                          -       A->Z   F     INVX2          2  11.4   246   145     957    (-,-) 
  g63622/Z                          -       A->Z   R     NOR2X1        14  60.7   900   575    1532    (-,-) 
  g63402/Z                          -       A->Z   R     AND2X1        23  97.6  1430   871    2403    (-,-) 
  g63255/Z                          -       A->Z   R     BUFX1         24 102.1  1496   894    3296    (-,-) 
  g62682/Z                          -       A->Z   F     NAND2X1        1   6.8   275   107    3404    (-,-) 
  g62392/Z                          -       B->Z   R     NAND2X1        1   7.2   178   177    3581    (-,-) 
  g61692/Z                          -       A->Z   F     NOR2X1         1   7.3   124   120    3701    (-,-) 
  g61588/Z                          -       A->Z   R     NAND3X1        1   6.8   204   124    3826    (-,-) 
  g61154/Z                          -       A->Z   F     NAND2X1        1   6.9   218    89    3914    (-,-) 
  g61065/Z                          -       A->Z   R     NAND2X1        1  12.8   231   195    4109    (-,-) 
  g60712/Z                          -       B->Z   R     XOR2X1         7  34.4   517   386    4495    (-,-) 
  g60697/Z                          -       A->Z   F     INVX2          6  29.2   262   216    4712    (-,-) 
  g60578__1881/Z                    -       B->Z   R     NOR2X1         1   7.2   166   147    4859    (-,-) 
  g60568__8246/Z                    -       A->Z   R     OR2X1          4  22.4   342   285    5144    (-,-) 
  g60493/Z                          -       A->Z   F     INVX2          4  20.2   182   153    5296    (-,-) 
  g60341__5115/Z                    -       A->Z   R     NAND3X1        1   6.8   210   142    5439    (-,-) 
  g59809__7098/Z                    -       B->Z   F     NAND2X1        1   6.9   107    85    5524    (-,-) 
  g59714__6783/Z                    -       A->Z   R     NAND2X1        1   7.2   202   114    5638    (-,-) 
  g59649__5477/Z                    -       B->Z   F     NAND3X1        1   7.3   110    92    5730    (-,-) 
  g59613__9315/Z                    -       B->Z   F     OR2X1          1  12.8   137   159    5889    (-,-) 
  g59578__7098/Z                    -       B->Z   F     XOR2X1         1   6.9    94   174    6064    (-,-) 
  g59535__6417/Z                    -       A->Z   R     NAND2X1        1   7.3   314   110    6174    (-,-) 
  g59504__5526/Z                    -       A->Z   F     NAND3X1        1   6.4   125    91    6265    (-,-) 
  csm_inst_right_reg_reg[26]/D      -       -      F     DFFQSRX1       1     -     -     0    6265    (-,-) 
#------------------------------------------------------------------------------------------------------------



Path 22: MET (3513 ps) Setup Check with Pin csm_inst_right_reg_reg[15]/CLK->D
          Group: C2C
     Startpoint: (R) csm_inst_round_counter_reg[3]/CLK
          Clock: (R) clk
       Endpoint: (R) csm_inst_right_reg_reg[15]/D
          Clock: (R) clk

                     Capture       Launch     
        Clock Edge:+   10000            0     
       Src Latency:+       0            0     
       Net Latency:+       0 (I)        0 (I) 
           Arrival:=   10000            0     
                                              
             Setup:-     212                  
     Required Time:=    9788                  
      Launch Clock:-       0                  
         Data Path:-    6274                  
             Slack:=    3513                  

#------------------------------------------------------------------------------------------------------------
#           Timing Point            Flags    Arc   Edge   Cell     Fanout  Load Trans Delay Arrival Instance 
#                                                                          (fF)  (ps)  (ps)   (ps)  Location 
#------------------------------------------------------------------------------------------------------------
  csm_inst_round_counter_reg[3]/CLK -       -      R     (arrival)    335     -     0     0       0    (-,-) 
  csm_inst_round_counter_reg[3]/Q   -       CLK->Q R     DFFQSRX1      20  88.9  1305   855     855    (-,-) 
  g63750/Z                          -       A->Z   F     INVX4         58 250.0   933   790    1645    (-,-) 
  g63749/Z                          -       A->Z   R     INVX2         39 164.7  1270  1002    2647    (-,-) 
  g63685/Z                          -       A->Z   F     NAND2X1        3  15.1   350   210    2858    (-,-) 
  g63379/Z                          -       B->Z   R     NAND2X1        4  19.3   342   307    3164    (-,-) 
  g63098/Z                          -       A->Z   F     NAND2X1        1   6.9   188   100    3264    (-,-) 
  g62378/Z                          -       A->Z   R     NAND2X1        1   6.8   152   135    3399    (-,-) 
  g62011/Z                          -       A->Z   F     NAND2X1        1   6.9   163    82    3481    (-,-) 
  g61732/Z                          -       A->Z   R     NAND2X1        1   7.3   179   132    3613    (-,-) 
  g61576/Z                          -       B->Z   F     NOR2X1         1   7.3   123   103    3717    (-,-) 
  g61169/Z                          -       A->Z   R     NAND3X1        1   6.8   215   124    3841    (-,-) 
  g61049/Z                          -       A->Z   F     NAND2X1        1   6.9   218    90    3930    (-,-) 
  g60810/Z                          -       A->Z   R     NAND2X1        1  12.8   231   195    4125    (-,-) 
  g60658/Z                          -       B->Z   R     XOR2X1         9  44.0   656   465    4590    (-,-) 
  g60623/Z                          -       A->Z   F     INVX2          5  24.9   265   209    4799    (-,-) 
  g60471__5115/Z                    -       A->Z   R     NOR2X1         7  32.6   499   352    5151    (-,-) 
  g60371__4733/Z                    -       A->Z   R     AND2X1         3  15.6   245   201    5352    (-,-) 
  g60066__7098/Z                    -       A->Z   R     AND2X1         1   7.2   125   127    5479    (-,-) 
  g59727__6161/Z                    -       A->Z   F     NOR2X1         1   7.3   114   107    5586    (-,-) 
  g59674__1666/Z                    -       A->Z   R     NAND3X1        1   7.3   193   126    5712    (-,-) 
  g59639__4733/Z                    -       B->Z   F     NOR2X1         1  12.8   170   141    5853    (-,-) 
  g59607__6131/Z                    -       B->Z   F     XOR2X1         1   7.3    99   187    6039    (-,-) 
  g59571__6783/Z                    -       B->Z   F     OR2X1          1   7.3    91   124    6164    (-,-) 
  g59560__2346/Z                    -       A->Z   R     NAND3X1        1   6.4   191   111    6274    (-,-) 
  csm_inst_right_reg_reg[15]/D      -       -      R     DFFQSRX1       1     -     -     0    6274    (-,-) 
#------------------------------------------------------------------------------------------------------------



Path 23: MET (3517 ps) Setup Check with Pin csm_inst_right_reg_reg[5]/CLK->D
          Group: C2C
     Startpoint: (R) csm_inst_round_counter_reg[0]/CLK
          Clock: (R) clk
       Endpoint: (R) csm_inst_right_reg_reg[5]/D
          Clock: (R) clk

                     Capture       Launch     
        Clock Edge:+   10000            0     
       Src Latency:+       0            0     
       Net Latency:+       0 (I)        0 (I) 
           Arrival:=   10000            0     
                                              
             Setup:-     213                  
     Required Time:=    9787                  
      Launch Clock:-       0                  
         Data Path:-    6270                  
             Slack:=    3517                  

#------------------------------------------------------------------------------------------------------------
#           Timing Point            Flags    Arc   Edge   Cell     Fanout  Load Trans Delay Arrival Instance 
#                                                                          (fF)  (ps)  (ps)   (ps)  Location 
#------------------------------------------------------------------------------------------------------------
  csm_inst_round_counter_reg[0]/CLK -       -      R     (arrival)    335     -     0     0       0    (-,-) 
  csm_inst_round_counter_reg[0]/Q   -       CLK->Q R     DFFQSRX1      17  83.6  1228   812     812    (-,-) 
  g63752/Z                          -       A->Z   F     INVX2          2  11.4   246   145     957    (-,-) 
  g63622/Z                          -       A->Z   R     NOR2X1        14  60.7   900   575    1532    (-,-) 
  g63402/Z                          -       A->Z   R     AND2X1        23  97.6  1430   871    2403    (-,-) 
  g63255/Z                          -       A->Z   R     BUFX1         24 102.1  1496   894    3296    (-,-) 
  g63125/Z                          -       A->Z   F     NAND2X1        1   6.8   275   107    3404    (-,-) 
  g62318/Z                          -       B->Z   R     NAND2X1        1   7.3   179   178    3582    (-,-) 
  g62069/Z                          -       B->Z   F     NOR2X1         1   7.3   121   103    3686    (-,-) 
  g61510/Z                          -       A->Z   R     NAND3X1        1   6.8   198   123    3809    (-,-) 
  g61137/Z                          -       A->Z   F     NAND2X1        1   6.9   243    88    3897    (-,-) 
  g61082/Z                          -       A->Z   R     NAND2X1        1  12.8   231   202    4099    (-,-) 
  g60713/Z                          -       B->Z   R     XOR2X1         7  34.3   516   385    4484    (-,-) 
  g60698/Z                          -       A->Z   F     INVX2          7  33.6   285   238    4723    (-,-) 
  g60600/Z                          -       B->Z   R     NOR2X1         6  29.7   462   342    5065    (-,-) 
  g60547__6161/Z                    -       A->Z   F     NAND2X1        4  21.5   276   218    5283    (-,-) 
  g59831__3680/Z                    -       B->Z   R     NAND3X1        1   6.8   187   190    5474    (-,-) 
  g59711__4319/Z                    -       A->Z   F     NAND2X1        1   6.9   120    87    5561    (-,-) 
  g59668__4733/Z                    -       A->Z   F     AND2X1         1   7.2    84   127    5688    (-,-) 
  g59614__9945/Z                    -       B->Z   R     NAND3X1        1  12.8   272   181    5869    (-,-) 
  g59582__7482/Z                    -       B->Z   R     XOR2X1         1   6.8   124   162    6031    (-,-) 
  g59540__4319/Z                    -       A->Z   F     NAND2X1        1   7.3   262    80    6110    (-,-) 
  g59523__6131/Z                    -       A->Z   R     NAND3X1        1   6.4   201   160    6270    (-,-) 
  csm_inst_right_reg_reg[5]/D       -       -      R     DFFQSRX1       1     -     -     0    6270    (-,-) 
#------------------------------------------------------------------------------------------------------------



Path 24: MET (3521 ps) Setup Check with Pin csm_inst_right_reg_reg[2]/CLK->D
          Group: C2C
     Startpoint: (R) csm_inst_round_counter_reg[3]/CLK
          Clock: (R) clk
       Endpoint: (R) csm_inst_right_reg_reg[2]/D
          Clock: (R) clk

                     Capture       Launch     
        Clock Edge:+   10000            0     
       Src Latency:+       0            0     
       Net Latency:+       0 (I)        0 (I) 
           Arrival:=   10000            0     
                                              
             Setup:-     213                  
     Required Time:=    9787                  
      Launch Clock:-       0                  
         Data Path:-    6266                  
             Slack:=    3521                  

#------------------------------------------------------------------------------------------------------------
#           Timing Point            Flags    Arc   Edge   Cell     Fanout  Load Trans Delay Arrival Instance 
#                                                                          (fF)  (ps)  (ps)   (ps)  Location 
#------------------------------------------------------------------------------------------------------------
  csm_inst_round_counter_reg[3]/CLK -       -      R     (arrival)    335     -     0     0       0    (-,-) 
  csm_inst_round_counter_reg[3]/Q   -       CLK->Q R     DFFQSRX1      20  88.9  1305   855     855    (-,-) 
  g63750/Z                          -       A->Z   F     INVX4         58 250.0   933   790    1645    (-,-) 
  g63749/Z                          -       A->Z   R     INVX2         39 164.7  1270  1002    2647    (-,-) 
  g63657/Z                          -       A->Z   F     NAND2X1        3  15.1   350   210    2858    (-,-) 
  g63363/Z                          -       B->Z   R     NAND2X1        4  19.3   342   307    3164    (-,-) 
  g62616/Z                          -       A->Z   R     MUX2X1         2  11.0   186   191    3355    (-,-) 
  g62016/Z                          -       A->Z   F     NAND2X1        1   7.2   223    90    3445    (-,-) 
  g61582/Z                          -       B->Z   R     NAND3X1        1   7.3   192   180    3624    (-,-) 
  g61172/Z                          -       B->Z   F     NOR2X1         1   7.3   124   106    3730    (-,-) 
  g61052/Z                          -       B->Z   R     NOR2X1         1   7.3   232   115    3845    (-,-) 
  g60813/Z                          -       B->Z   F     NOR2X1         1  12.8   172   147    3992    (-,-) 
  g60664/Z                          -       B->Z   R     XOR2X1         7  33.8   508   362    4354    (-,-) 
  g60629/Z                          -       A->Z   F     INVX2          8  38.5   308   259    4613    (-,-) 
  g60548__9315/Z                    -       B->Z   R     NOR2X1         4  20.6   343   275    4889    (-,-) 
  g60483/Z                          -       A->Z   F     INVX2          1   6.8   105    80    4969    (-,-) 
  g60374__9945/Z                    -       B->Z   R     NAND2X1        3  16.4   282   202    5171    (-,-) 
  g60031__1617/Z                    -       A->Z   F     NAND2X1        2  12.0   164   131    5302    (-,-) 
  g59925/Z                          -       A->Z   R     INVX2          1   6.8    89    84    5386    (-,-) 
  g59841__7482/Z                    -       A->Z   F     NAND2X1        1   7.3   121    74    5459    (-,-) 
  g59791__2346/Z                    -       A->Z   R     NAND3X1        1   7.3   192   128    5587    (-,-) 
  g59683__5526/Z                    -       B->Z   F     NOR2X1         1   7.3   119   106    5692    (-,-) 
  g59625__8428/Z                    -       A->Z   R     NAND3X1        1  12.8   272   173    5865    (-,-) 
  g59594__5107/Z                    -       B->Z   R     XOR2X1         1   6.8   124   162    6027    (-,-) 
  g59542__5526/Z                    -       A->Z   F     NAND2X1        1   7.3   262    80    6106    (-,-) 
  g59527__4733/Z                    -       A->Z   R     NAND3X1        1   6.4   201   160    6266    (-,-) 
  csm_inst_right_reg_reg[2]/D       -       -      R     DFFQSRX1       1     -     -     0    6266    (-,-) 
#------------------------------------------------------------------------------------------------------------



Path 25: MET (3523 ps) Setup Check with Pin csm_inst_right_reg_reg[11]/CLK->D
          Group: C2C
     Startpoint: (R) csm_inst_round_counter_reg[0]/CLK
          Clock: (R) clk
       Endpoint: (F) csm_inst_right_reg_reg[11]/D
          Clock: (R) clk

                     Capture       Launch     
        Clock Edge:+   10000            0     
       Src Latency:+       0            0     
       Net Latency:+       0 (I)        0 (I) 
           Arrival:=   10000            0     
                                              
             Setup:-     220                  
     Required Time:=    9780                  
      Launch Clock:-       0                  
         Data Path:-    6257                  
             Slack:=    3523                  

#------------------------------------------------------------------------------------------------------------
#           Timing Point            Flags    Arc   Edge   Cell     Fanout  Load Trans Delay Arrival Instance 
#                                                                          (fF)  (ps)  (ps)   (ps)  Location 
#------------------------------------------------------------------------------------------------------------
  csm_inst_round_counter_reg[0]/CLK -       -      R     (arrival)    335     -     0     0       0    (-,-) 
  csm_inst_round_counter_reg[0]/Q   -       CLK->Q R     DFFQSRX1      17  83.6  1228   812     812    (-,-) 
  g63752/Z                          -       A->Z   F     INVX2          2  11.4   246   145     957    (-,-) 
  g63622/Z                          -       A->Z   R     NOR2X1        14  60.7   900   575    1532    (-,-) 
  g63402/Z                          -       A->Z   R     AND2X1        23  97.6  1430   871    2403    (-,-) 
  g63255/Z                          -       A->Z   R     BUFX1         24 102.1  1496   894    3296    (-,-) 
  g63125/Z                          -       A->Z   F     NAND2X1        1   6.8   275   107    3404    (-,-) 
  g62318/Z                          -       B->Z   R     NAND2X1        1   7.3   179   178    3582    (-,-) 
  g62069/Z                          -       B->Z   F     NOR2X1         1   7.3   121   103    3686    (-,-) 
  g61510/Z                          -       A->Z   R     NAND3X1        1   6.8   198   123    3809    (-,-) 
  g61137/Z                          -       A->Z   F     NAND2X1        1   6.9   243    88    3897    (-,-) 
  g61082/Z                          -       A->Z   R     NAND2X1        1  12.8   231   202    4099    (-,-) 
  g60713/Z                          -       B->Z   R     XOR2X1         7  34.3   516   385    4484    (-,-) 
  g60698/Z                          -       A->Z   F     INVX2          7  33.6   285   238    4723    (-,-) 
  g60600/Z                          -       B->Z   R     NOR2X1         6  29.7   462   342    5065    (-,-) 
  g60547__6161/Z                    -       A->Z   F     NAND2X1        4  21.5   276   218    5283    (-,-) 
  g60482/Z                          -       A->Z   R     INVX2          1   6.8   109   103    5386    (-,-) 
  g60290__9945/Z                    -       A->Z   F     NAND2X1        1   7.2   119    76    5462    (-,-) 
  g59780__8246/Z                    -       B->Z   R     NAND3X1        1   7.3   193   147    5609    (-,-) 
  g59672__2883/Z                    -       B->Z   F     NOR2X1         1   7.3   115   106    5714    (-,-) 
  g59659__2802/Z                    -       A->Z   R     NAND3X1        1  12.8   272   172    5886    (-,-) 
  g59597__8428/Z                    -       B->Z   R     XOR2X1         1   7.3   130   166    6052    (-,-) 
  g59570__5526/Z                    -       B->Z   R     OR2X1          1   7.3   125   132    6184    (-,-) 
  g59558__9945/Z                    -       A->Z   F     NAND3X1        1   6.4   114    73    6257    (-,-) 
  csm_inst_right_reg_reg[11]/D      -       -      F     DFFQSRX1       1     -     -     0    6257    (-,-) 
#------------------------------------------------------------------------------------------------------------



Path 26: MET (3524 ps) Setup Check with Pin csm_inst_right_reg_reg[13]/CLK->D
          Group: C2C
     Startpoint: (R) csm_inst_round_counter_reg[3]/CLK
          Clock: (R) clk
       Endpoint: (F) csm_inst_right_reg_reg[13]/D
          Clock: (R) clk

                     Capture       Launch     
        Clock Edge:+   10000            0     
       Src Latency:+       0            0     
       Net Latency:+       0 (I)        0 (I) 
           Arrival:=   10000            0     
                                              
             Setup:-     223                  
     Required Time:=    9777                  
      Launch Clock:-       0                  
         Data Path:-    6253                  
             Slack:=    3524                  

#------------------------------------------------------------------------------------------------------------
#           Timing Point            Flags    Arc   Edge   Cell     Fanout  Load Trans Delay Arrival Instance 
#                                                                          (fF)  (ps)  (ps)   (ps)  Location 
#------------------------------------------------------------------------------------------------------------
  csm_inst_round_counter_reg[3]/CLK -       -      R     (arrival)    335     -     0     0       0    (-,-) 
  csm_inst_round_counter_reg[3]/Q   -       CLK->Q R     DFFQSRX1      20  88.9  1305   855     855    (-,-) 
  g63750/Z                          -       A->Z   F     INVX4         58 250.0   933   790    1645    (-,-) 
  g63749/Z                          -       A->Z   R     INVX2         39 164.7  1270  1002    2647    (-,-) 
  g63677/Z                          -       A->Z   F     NAND2X1        3  15.1   350   210    2858    (-,-) 
  g63501/Z                          -       B->Z   R     NAND2X1        3  15.1   289   271    3128    (-,-) 
  g62819/Z                          -       A->Z   F     NAND2X1        1   6.8   187    95    3223    (-,-) 
  g62408/Z                          -       B->Z   R     NAND2X1        2  11.0   209   185    3407    (-,-) 
  g61855/Z                          -       A->Z   F     NAND2X1        1   6.9   126    89    3496    (-,-) 
  g61734/Z                          -       A->Z   R     NAND2X1        1   7.3   173   120    3617    (-,-) 
  g61538/Z                          -       B->Z   F     NOR2X1         1   7.3   120   102    3719    (-,-) 
  g61158/Z                          -       A->Z   R     NAND3X1        1   6.8   214   123    3842    (-,-) 
  g61011/Z                          -       A->Z   F     NAND2X1        1   6.9   243    90    3932    (-,-) 
  g60798/Z                          -       A->Z   R     NAND2X1        1  12.8   231   202    4134    (-,-) 
  g60660/Z                          -       B->Z   R     XOR2X1         5  24.8   378   307    4441    (-,-) 
  g60625/Z                          -       A->Z   F     INVX2         10  48.1   323   273    4714    (-,-) 
  g60460__5526/Z                    -       A->Z   F     OR2X1          4  20.7   210   241    4955    (-,-) 
  g60384__4319/Z                    -       A->Z   R     NAND2X1        7  33.5   530   363    5318    (-,-) 
  g60119__1705/Z                    -       A->Z   F     NAND3X1        1   7.2   165   106    5424    (-,-) 
  g59784__5115/Z                    -       C->Z   R     NAND3X1        1   7.3   193   179    5603    (-,-) 
  g59673__2346/Z                    -       B->Z   R     OR2X1          1   7.3   124   140    5742    (-,-) 
  g59640__6161/Z                    -       B->Z   F     NOR2X1         1  12.8   170   124    5867    (-,-) 
  g59602__2802/Z                    -       B->Z   F     XOR2X1         1   6.9    97   184    6051    (-,-) 
  g59573__1617/Z                    -       A->Z   R     NAND2X1        1   7.3   314   111    6162    (-,-) 
  g59559__2883/Z                    -       A->Z   F     NAND3X1        1   6.4   125    91    6253    (-,-) 
  csm_inst_right_reg_reg[13]/D      -       -      F     DFFQSRX1       1     -     -     0    6253    (-,-) 
#------------------------------------------------------------------------------------------------------------



Path 27: MET (3527 ps) Setup Check with Pin csm_inst_right_reg_reg[1]/CLK->D
          Group: C2C
     Startpoint: (R) csm_inst_round_counter_reg[3]/CLK
          Clock: (R) clk
       Endpoint: (R) csm_inst_right_reg_reg[1]/D
          Clock: (R) clk

                     Capture       Launch     
        Clock Edge:+   10000            0     
       Src Latency:+       0            0     
       Net Latency:+       0 (I)        0 (I) 
           Arrival:=   10000            0     
                                              
             Setup:-     213                  
     Required Time:=    9787                  
      Launch Clock:-       0                  
         Data Path:-    6260                  
             Slack:=    3527                  

#------------------------------------------------------------------------------------------------------------
#           Timing Point            Flags    Arc   Edge   Cell     Fanout  Load Trans Delay Arrival Instance 
#                                                                          (fF)  (ps)  (ps)   (ps)  Location 
#------------------------------------------------------------------------------------------------------------
  csm_inst_round_counter_reg[3]/CLK -       -      R     (arrival)    335     -     0     0       0    (-,-) 
  csm_inst_round_counter_reg[3]/Q   -       CLK->Q R     DFFQSRX1      20  88.9  1305   855     855    (-,-) 
  g63750/Z                          -       A->Z   F     INVX4         58 250.0   933   790    1645    (-,-) 
  g63749/Z                          -       A->Z   R     INVX2         39 164.7  1270  1002    2647    (-,-) 
  g63685/Z                          -       A->Z   F     NAND2X1        3  15.1   350   210    2858    (-,-) 
  g63379/Z                          -       B->Z   R     NAND2X1        4  19.3   342   307    3164    (-,-) 
  g63098/Z                          -       A->Z   F     NAND2X1        1   6.9   188   100    3264    (-,-) 
  g62378/Z                          -       A->Z   R     NAND2X1        1   6.8   152   135    3399    (-,-) 
  g62011/Z                          -       A->Z   F     NAND2X1        1   6.9   163    82    3481    (-,-) 
  g61732/Z                          -       A->Z   R     NAND2X1        1   7.3   179   132    3613    (-,-) 
  g61576/Z                          -       B->Z   F     NOR2X1         1   7.3   123   103    3717    (-,-) 
  g61169/Z                          -       A->Z   R     NAND3X1        1   6.8   215   124    3841    (-,-) 
  g61049/Z                          -       A->Z   F     NAND2X1        1   6.9   218    90    3930    (-,-) 
  g60810/Z                          -       A->Z   R     NAND2X1        1  12.8   231   195    4125    (-,-) 
  g60658/Z                          -       B->Z   R     XOR2X1         9  44.0   656   465    4590    (-,-) 
  g60623/Z                          -       A->Z   F     INVX2          5  24.9   265   209    4799    (-,-) 
  g60471__5115/Z                    -       A->Z   R     NOR2X1         7  32.6   499   352    5151    (-,-) 
  g60371__4733/Z                    -       A->Z   R     AND2X1         3  15.6   245   201    5352    (-,-) 
  g60090__2802/Z                    -       A->Z   F     NAND2X1        1   6.8   116    91    5443    (-,-) 
  g59742__6783/Z                    -       B->Z   R     NAND2X1        1   7.2   151   130    5573    (-,-) 
  g59699__6161/Z                    -       A->Z   F     NOR2X1         1   7.3   119   114    5686    (-,-) 
  g59658__1617/Z                    -       A->Z   R     NAND3X1        1  12.8   272   173    5859    (-,-) 
  g59604__5122/Z                    -       B->Z   R     XOR2X1         1   6.8   124   162    6021    (-,-) 
  g59574__2802/Z                    -       A->Z   F     NAND2X1        1   7.3   262    80    6101    (-,-) 
  g59554__7482/Z                    -       A->Z   R     NAND3X1        1   6.4   201   160    6260    (-,-) 
  csm_inst_right_reg_reg[1]/D       -       -      R     DFFQSRX1       1     -     -     0    6260    (-,-) 
#------------------------------------------------------------------------------------------------------------



Path 28: MET (3528 ps) Setup Check with Pin csm_inst_right_reg_reg[27]/CLK->D
          Group: C2C
     Startpoint: (R) csm_inst_round_counter_reg[3]/CLK
          Clock: (R) clk
       Endpoint: (R) csm_inst_right_reg_reg[27]/D
          Clock: (R) clk

                     Capture       Launch     
        Clock Edge:+   10000            0     
       Src Latency:+       0            0     
       Net Latency:+       0 (I)        0 (I) 
           Arrival:=   10000            0     
                                              
             Setup:-     213                  
     Required Time:=    9787                  
      Launch Clock:-       0                  
         Data Path:-    6260                  
             Slack:=    3528                  

#------------------------------------------------------------------------------------------------------------
#           Timing Point            Flags    Arc   Edge   Cell     Fanout  Load Trans Delay Arrival Instance 
#                                                                          (fF)  (ps)  (ps)   (ps)  Location 
#------------------------------------------------------------------------------------------------------------
  csm_inst_round_counter_reg[3]/CLK -       -      R     (arrival)    335     -     0     0       0    (-,-) 
  csm_inst_round_counter_reg[3]/Q   -       CLK->Q R     DFFQSRX1      20  88.9  1305   855     855    (-,-) 
  g63750/Z                          -       A->Z   F     INVX4         58 250.0   933   790    1645    (-,-) 
  g63749/Z                          -       A->Z   R     INVX2         39 164.7  1270  1002    2647    (-,-) 
  g63660/Z                          -       A->Z   F     NAND2X1        3  15.1   350   210    2858    (-,-) 
  g63368/Z                          -       B->Z   R     NAND2X1        4  19.3   342   307    3164    (-,-) 
  g62555/Z                          -       A->Z   R     MUX2X1         2  11.0   185   191    3355    (-,-) 
  g61994/Z                          -       A->Z   F     NAND2X1        1   7.3   175    90    3445    (-,-) 
  g61754/Z                          -       A->Z   R     NAND3X1        1   7.3   211   145    3590    (-,-) 
  g61445/Z                          -       B->Z   F     NOR2X1         1   7.3   129   108    3698    (-,-) 
  g61136/Z                          -       B->Z   F     OR2X1          1   6.9    90   128    3826    (-,-) 
  g61083/Z                          -       A->Z   R     NAND2X1        1  12.8   231   155    3981    (-,-) 
  g60720/Z                          -       B->Z   R     XOR2X1        12  61.7   912   610    4591    (-,-) 
  g60600/Z                          -       A->Z   F     NOR2X1         6  29.8   464   397    4988    (-,-) 
  g60547__6161/Z                    -       A->Z   R     NAND2X1        4  21.5   377   344    5331    (-,-) 
  g60102__9945/Z                    -       A->Z   R     OR2X1          1   7.2   124   185    5517    (-,-) 
  g59869__1881/Z                    -       B->Z   F     NAND3X1        1   7.3   107    84    5601    (-,-) 
  g59716__1617/Z                    -       B->Z   R     NOR2X1         1   6.8   135   106    5707    (-,-) 
  g59609__5115/Z                    -       B->Z   R     AND2X1         1  12.8   203   171    5878    (-,-) 
  g59566__5107/Z                    -       B->Z   R     XOR2X1         1   6.8   123   157    6035    (-,-) 
  g59537__2398/Z                    -       A->Z   F     NAND2X1        1   7.3   205    79    6114    (-,-) 
  g59503__8428/Z                    -       A->Z   R     NAND3X1        1   6.4   201   145    6260    (-,-) 
  csm_inst_right_reg_reg[27]/D      -       -      R     DFFQSRX1       1     -     -     0    6260    (-,-) 
#------------------------------------------------------------------------------------------------------------



Path 29: MET (3554 ps) Setup Check with Pin csm_inst_right_reg_reg[17]/CLK->D
          Group: C2C
     Startpoint: (R) csm_inst_round_counter_reg[0]/CLK
          Clock: (R) clk
       Endpoint: (F) csm_inst_right_reg_reg[17]/D
          Clock: (R) clk

                     Capture       Launch     
        Clock Edge:+   10000            0     
       Src Latency:+       0            0     
       Net Latency:+       0 (I)        0 (I) 
           Arrival:=   10000            0     
                                              
             Setup:-     220                  
     Required Time:=    9780                  
      Launch Clock:-       0                  
         Data Path:-    6226                  
             Slack:=    3554                  

#------------------------------------------------------------------------------------------------------------
#           Timing Point            Flags    Arc   Edge   Cell     Fanout  Load Trans Delay Arrival Instance 
#                                                                          (fF)  (ps)  (ps)   (ps)  Location 
#------------------------------------------------------------------------------------------------------------
  csm_inst_round_counter_reg[0]/CLK -       -      R     (arrival)    335     -     0     0       0    (-,-) 
  csm_inst_round_counter_reg[0]/Q   -       CLK->Q R     DFFQSRX1      17  83.6  1228   812     812    (-,-) 
  g63752/Z                          -       A->Z   F     INVX2          2  11.4   246   145     957    (-,-) 
  g63622/Z                          -       A->Z   R     NOR2X1        14  60.7   900   575    1532    (-,-) 
  g63402/Z                          -       A->Z   R     AND2X1        23  97.6  1430   871    2403    (-,-) 
  g63255/Z                          -       A->Z   R     BUFX1         24 102.1  1496   894    3296    (-,-) 
  g63125/Z                          -       A->Z   F     NAND2X1        1   6.8   275   107    3404    (-,-) 
  g62318/Z                          -       B->Z   R     NAND2X1        1   7.3   179   178    3582    (-,-) 
  g62069/Z                          -       B->Z   F     NOR2X1         1   7.3   121   103    3686    (-,-) 
  g61510/Z                          -       A->Z   R     NAND3X1        1   6.8   198   123    3809    (-,-) 
  g61137/Z                          -       A->Z   F     NAND2X1        1   6.9   243    88    3897    (-,-) 
  g61082/Z                          -       A->Z   R     NAND2X1        1  12.8   231   202    4099    (-,-) 
  g60713/Z                          -       B->Z   R     XOR2X1         7  34.3   516   385    4484    (-,-) 
  g60698/Z                          -       A->Z   F     INVX2          7  33.6   285   238    4723    (-,-) 
  g60600/Z                          -       B->Z   R     NOR2X1         6  29.7   462   342    5065    (-,-) 
  g60547__6161/Z                    -       A->Z   F     NAND2X1        4  21.5   276   218    5283    (-,-) 
  g60227__2883/Z                    -       B->Z   F     OR2X1          1   7.2    89   154    5437    (-,-) 
  g59788__9315/Z                    -       B->Z   R     NAND3X1        1   7.3   193   137    5574    (-,-) 
  g59675__7410/Z                    -       B->Z   F     NOR2X1         1   7.3   126   106    5680    (-,-) 
  g59642__9945/Z                    -       A->Z   R     NAND3X1        1  12.8   273   175    5855    (-,-) 
  g59595__6260/Z                    -       B->Z   R     XOR2X1         1   7.3   131   166    6021    (-,-) 
  g59579__6131/Z                    -       B->Z   R     OR2X1          1   7.3   125   132    6153    (-,-) 
  g59562__7410/Z                    -       A->Z   F     NAND3X1        1   6.4   114    73    6226    (-,-) 
  csm_inst_right_reg_reg[17]/D      -       -      F     DFFQSRX1       1     -     -     0    6226    (-,-) 
#------------------------------------------------------------------------------------------------------------



Path 30: MET (3563 ps) Setup Check with Pin csm_inst_right_reg_reg[4]/CLK->D
          Group: C2C
     Startpoint: (R) csm_inst_round_counter_reg[3]/CLK
          Clock: (R) clk
       Endpoint: (R) csm_inst_right_reg_reg[4]/D
          Clock: (R) clk

                     Capture       Launch     
        Clock Edge:+   10000            0     
       Src Latency:+       0            0     
       Net Latency:+       0 (I)        0 (I) 
           Arrival:=   10000            0     
                                              
             Setup:-     212                  
     Required Time:=    9788                  
      Launch Clock:-       0                  
         Data Path:-    6225                  
             Slack:=    3563                  

#------------------------------------------------------------------------------------------------------------
#           Timing Point            Flags    Arc   Edge   Cell     Fanout  Load Trans Delay Arrival Instance 
#                                                                          (fF)  (ps)  (ps)   (ps)  Location 
#------------------------------------------------------------------------------------------------------------
  csm_inst_round_counter_reg[3]/CLK -       -      R     (arrival)    335     -     0     0       0    (-,-) 
  csm_inst_round_counter_reg[3]/Q   -       CLK->Q R     DFFQSRX1      20  88.9  1305   855     855    (-,-) 
  g63750/Z                          -       A->Z   F     INVX4         58 250.0   933   790    1645    (-,-) 
  g63749/Z                          -       A->Z   R     INVX2         39 164.7  1270  1002    2647    (-,-) 
  g63689/Z                          -       A->Z   F     NAND2X1        3  15.2   351   211    2859    (-,-) 
  g63512/Z                          -       B->Z   R     NAND2X1        4  19.3   342   307    3166    (-,-) 
  g62597/Z                          -       A->Z   R     MUX2X1         2  11.0   187   191    3357    (-,-) 
  g62001/Z                          -       A->Z   F     NAND2X1        1   7.3   224    90    3447    (-,-) 
  g61542/Z                          -       A->Z   R     NAND3X1        1   7.3   214   159    3606    (-,-) 
  g61133/Z                          -       B->Z   F     NOR2X1         1   7.3   126   108    3714    (-,-) 
  g61015/Z                          -       B->Z   R     NOR2X1         1   7.3   215   116    3829    (-,-) 
  g60800/Z                          -       B->Z   F     NOR2X1         1  12.8   163   144    3974    (-,-) 
  g60654/Z                          -       B->Z   R     XOR2X1        13  61.9   915   590    4563    (-,-) 
  g60559__4319/Z                    -       A->Z   F     NAND2X1        6  29.8   432   325    4888    (-,-) 
  g60307__1705/Z                    -       B->Z   R     NOR2X1         1   7.3   199   182    5070    (-,-) 
  g60074__9945/Z                    -       B->Z   F     NOR2X1         1   7.3   194   106    5176    (-,-) 
  g59898__5115/Z                    -       A->Z   R     NAND3X1        1   6.8   188   146    5322    (-,-) 
  g59718__1705/Z                    -       A->Z   F     NAND2X1        1   7.3   130    90    5413    (-,-) 
  g59665__1881/Z                    -       A->Z   R     NAND3X1        1   7.3   192   131    5543    (-,-) 
  g59632__5122/Z                    -       B->Z   F     NOR2X1         1   7.3   126   106    5649    (-,-) 
  g59608__1881/Z                    -       A->Z   R     NAND3X1        1  12.8   273   175    5824    (-,-) 
  g59589__1666/Z                    -       B->Z   R     XOR2X1         1   6.8   124   162    5986    (-,-) 
  g59547__1705/Z                    -       A->Z   F     NAND2X1        1   7.3   262    80    6065    (-,-) 
  g59522__7098/Z                    -       A->Z   R     NAND3X1        1   6.4   191   160    6225    (-,-) 
  csm_inst_right_reg_reg[4]/D       -       -      R     DFFQSRX1       1     -     -     0    6225    (-,-) 
#------------------------------------------------------------------------------------------------------------



Path 31: MET (3626 ps) Setup Check with Pin csm_inst_right_reg_reg[16]/CLK->D
          Group: C2C
     Startpoint: (R) csm_inst_round_counter_reg[0]/CLK
          Clock: (R) clk
       Endpoint: (R) csm_inst_right_reg_reg[16]/D
          Clock: (R) clk

                     Capture       Launch     
        Clock Edge:+   10000            0     
       Src Latency:+       0            0     
       Net Latency:+       0 (I)        0 (I) 
           Arrival:=   10000            0     
                                              
             Setup:-     212                  
     Required Time:=    9788                  
      Launch Clock:-       0                  
         Data Path:-    6162                  
             Slack:=    3626                  

#------------------------------------------------------------------------------------------------------------
#           Timing Point            Flags    Arc   Edge   Cell     Fanout  Load Trans Delay Arrival Instance 
#                                                                          (fF)  (ps)  (ps)   (ps)  Location 
#------------------------------------------------------------------------------------------------------------
  csm_inst_round_counter_reg[0]/CLK -       -      R     (arrival)    335     -     0     0       0    (-,-) 
  csm_inst_round_counter_reg[0]/Q   -       CLK->Q R     DFFQSRX1      17  83.6  1228   812     812    (-,-) 
  g63752/Z                          -       A->Z   F     INVX2          2  11.4   246   145     957    (-,-) 
  g63622/Z                          -       A->Z   R     NOR2X1        14  60.7   900   575    1532    (-,-) 
  g63402/Z                          -       A->Z   R     AND2X1        23  97.6  1430   871    2403    (-,-) 
  g63255/Z                          -       A->Z   R     BUFX1         24 102.1  1496   894    3296    (-,-) 
  g63191/Z                          -       A->Z   F     NAND2X1        1   6.9   277   109    3406    (-,-) 
  g62415/Z                          -       A->Z   R     NAND2X1        1   7.3   173   162    3568    (-,-) 
  g62127/Z                          -       B->Z   F     NOR2X1         1   7.3   123   102    3670    (-,-) 
  g61589/Z                          -       A->Z   R     NAND3X1        1   6.8   198   124    3794    (-,-) 
  g61155/Z                          -       A->Z   R     AND2X1         1   7.3   125   126    3920    (-,-) 
  g61064/Z                          -       B->Z   F     NOR2X1         1  12.8   172   125    4045    (-,-) 
  g60690/Z                          -       B->Z   R     XOR2X1         8  37.9   568   396    4440    (-,-) 
  g60676/Z                          -       A->Z   F     INVX2          6  29.5   274   224    4664    (-,-) 
  g60465__1705/Z                    -       A->Z   R     NOR2X1         5  29.8   463   331    4995    (-,-) 
  g60363__1705/Z                    -       A->Z   R     AND2X1         2  11.0   178   163    5158    (-,-) 
  g60061__1617/Z                    -       A->Z   R     AND2X1         1   7.3   124   126    5284    (-,-) 
  g59865__5122/Z                    -       B->Z   F     NOR2X1         1   7.3   119    92    5375    (-,-) 
  g59743__3680/Z                    -       B->Z   R     NOR2X1         1   7.3   161   114    5489    (-,-) 
  g59704__1666/Z                    -       B->Z   F     NOR2X1         1   7.3   119   100    5588    (-,-) 
  g59660__1705/Z                    -       A->Z   R     NAND3X1        1  12.8   272   173    5761    (-,-) 
  g59603__1705/Z                    -       B->Z   R     XOR2X1         1   6.8   124   162    5923    (-,-) 
  g59575__1705/Z                    -       A->Z   F     NAND2X1        1   7.3   262    80    6002    (-,-) 
  g59561__1666/Z                    -       A->Z   R     NAND3X1        1   6.4   191   160    6162    (-,-) 
  csm_inst_right_reg_reg[16]/D      -       -      R     DFFQSRX1       1     -     -     0    6162    (-,-) 
#------------------------------------------------------------------------------------------------------------



Path 32: MET (3635 ps) Setup Check with Pin csm_inst_right_reg_reg[23]/CLK->D
          Group: C2C
     Startpoint: (R) csm_inst_round_counter_reg[0]/CLK
          Clock: (R) clk
       Endpoint: (F) csm_inst_right_reg_reg[23]/D
          Clock: (R) clk

                     Capture       Launch     
        Clock Edge:+   10000            0     
       Src Latency:+       0            0     
       Net Latency:+       0 (I)        0 (I) 
           Arrival:=   10000            0     
                                              
             Setup:-     220                  
     Required Time:=    9780                  
      Launch Clock:-       0                  
         Data Path:-    6146                  
             Slack:=    3635                  

#------------------------------------------------------------------------------------------------------------
#           Timing Point            Flags    Arc   Edge   Cell     Fanout  Load Trans Delay Arrival Instance 
#                                                                          (fF)  (ps)  (ps)   (ps)  Location 
#------------------------------------------------------------------------------------------------------------
  csm_inst_round_counter_reg[0]/CLK -       -      R     (arrival)    335     -     0     0       0    (-,-) 
  csm_inst_round_counter_reg[0]/Q   -       CLK->Q R     DFFQSRX1      17  83.6  1228   812     812    (-,-) 
  g63752/Z                          -       A->Z   F     INVX2          2  11.4   246   145     957    (-,-) 
  g63622/Z                          -       A->Z   R     NOR2X1        14  60.7   900   575    1532    (-,-) 
  g63402/Z                          -       A->Z   R     AND2X1        23  97.6  1430   871    2403    (-,-) 
  g63255/Z                          -       A->Z   R     BUFX1         24 102.1  1496   894    3296    (-,-) 
  g62666/Z                          -       A->Z   F     NAND2X1        1   6.8   275   107    3404    (-,-) 
  g62309/Z                          -       B->Z   R     NAND2X1        1   7.3   179   178    3582    (-,-) 
  g62094/Z                          -       B->Z   F     NOR2X1         1   7.3   123   103    3686    (-,-) 
  g61571/Z                          -       A->Z   R     NAND3X1        1   6.8   194   124    3810    (-,-) 
  g61149/Z                          -       A->Z   R     AND2X1         1   7.3   136   126    3936    (-,-) 
  g61071/Z                          -       B->Z   F     NOR2X1         1  12.8   172   127    4063    (-,-) 
  g60718/Z                          -       B->Z   R     XOR2X1        10  46.6   694   467    4530    (-,-) 
  g60703/Z                          -       A->Z   F     INVX2          6  29.1   297   237    4767    (-,-) 
  g60555__5477/Z                    -       A->Z   R     NOR2X1         5  23.4   378   283    5050    (-,-) 
  g60328__4319/Z                    -       A->Z   F     NAND2X1        1   6.8   139   101    5151    (-,-) 
  g59807__5122/Z                    -       B->Z   R     NAND2X1        1   6.8   148   134    5285    (-,-) 
  g59732__1666/Z                    -       A->Z   F     NAND2X1        1   7.3   120    84    5369    (-,-) 
  g59689__2802/Z                    -       A->Z   R     NAND3X1        1   7.3   193   127    5496    (-,-) 
  g59650__2398/Z                    -       B->Z   F     NOR2X1         1   7.3   119   106    5602    (-,-) 
  g59629__1617/Z                    -       A->Z   R     NAND3X1        1  12.8   272   173    5774    (-,-) 
  g59576__5122/Z                    -       B->Z   R     XOR2X1         1   7.3   131   166    5940    (-,-) 
  g59549__8246/Z                    -       B->Z   R     OR2X1          1   7.3   125   132    6072    (-,-) 
  g59532__2346/Z                    -       A->Z   F     NAND3X1        1   6.4   114    73    6146    (-,-) 
  csm_inst_right_reg_reg[23]/D      -       -      F     DFFQSRX1       1     -     -     0    6146    (-,-) 
#------------------------------------------------------------------------------------------------------------



Path 33: MET (6905 ps) Setup Check with Pin csm_inst_round_counter_reg[3]/CLK->D
          Group: C2C
     Startpoint: (R) csm_inst_round_counter_reg[3]/CLK
          Clock: (R) clk
       Endpoint: (R) csm_inst_round_counter_reg[3]/D
          Clock: (R) clk

                     Capture       Launch     
        Clock Edge:+   10000            0     
       Src Latency:+       0            0     
       Net Latency:+       0 (I)        0 (I) 
           Arrival:=   10000            0     
                                              
             Setup:-     207                  
     Required Time:=    9793                  
      Launch Clock:-       0                  
         Data Path:-    2888                  
             Slack:=    6905                  

#------------------------------------------------------------------------------------------------------------
#           Timing Point            Flags    Arc   Edge   Cell     Fanout  Load Trans Delay Arrival Instance 
#                                                                          (fF)  (ps)  (ps)   (ps)  Location 
#------------------------------------------------------------------------------------------------------------
  csm_inst_round_counter_reg[3]/CLK -       -      R     (arrival)    335     -     0     0       0    (-,-) 
  csm_inst_round_counter_reg[3]/Q   -       CLK->Q R     DFFQSRX1      20  88.9  1305   855     855    (-,-) 
  g63750/Z                          -       A->Z   F     INVX4         58 250.0   933   790    1645    (-,-) 
  g63749/Z                          -       A->Z   R     INVX2         39 164.7  1270  1002    2647    (-,-) 
  g61814/Z                          -       B->Z   F     NAND2X1        1   6.8   225    84    2732    (-,-) 
  g61705/Z                          -       B->Z   R     NAND2X1        1   6.4   157   156    2888    (-,-) 
  csm_inst_round_counter_reg[3]/D   -       -      R     DFFQSRX1       1     -     -     0    2888    (-,-) 
#------------------------------------------------------------------------------------------------------------



Path 34: MET (6927 ps) Setup Check with Pin csm_inst_state_reg[0]/CLK->D
          Group: C2C
     Startpoint: (R) csm_inst_round_counter_reg[3]/CLK
          Clock: (R) clk
       Endpoint: (R) csm_inst_state_reg[0]/D
          Clock: (R) clk

                     Capture       Launch     
        Clock Edge:+   10000            0     
       Src Latency:+       0            0     
       Net Latency:+       0 (I)        0 (I) 
           Arrival:=   10000            0     
                                              
             Setup:-     207                  
     Required Time:=    9793                  
      Launch Clock:-       0                  
         Data Path:-    2866                  
             Slack:=    6927                  

#------------------------------------------------------------------------------------------------------------
#           Timing Point            Flags    Arc   Edge   Cell     Fanout  Load Trans Delay Arrival Instance 
#                                                                          (fF)  (ps)  (ps)   (ps)  Location 
#------------------------------------------------------------------------------------------------------------
  csm_inst_round_counter_reg[3]/CLK -       -      R     (arrival)    335     -     0     0       0    (-,-) 
  csm_inst_round_counter_reg[3]/Q   -       CLK->Q R     DFFQSRX1      20  88.9  1305   855     855    (-,-) 
  g63750/Z                          -       A->Z   F     INVX4         58 250.0   933   790    1645    (-,-) 
  g63749/Z                          -       A->Z   R     INVX2         39 164.7  1270  1002    2647    (-,-) 
  g62419/Z                          -       C->Z   F     NAND3X1        1   6.9   284    65    2712    (-,-) 
  g61854/Z                          -       A->Z   R     NAND2X1        1   6.4   157   154    2866    (-,-) 
  csm_inst_state_reg[0]/D           -       -      R     DFFQSRX1       1     -     -     0    2866    (-,-) 
#------------------------------------------------------------------------------------------------------------



Path 35: MET (7003 ps) Setup Check with Pin csm_inst_left_reg_reg[31]/CLK->D
          Group: C2C
     Startpoint: (R) csm_inst_state_reg[1]/CLK
          Clock: (R) clk
       Endpoint: (R) csm_inst_left_reg_reg[31]/D
          Clock: (R) clk

                     Capture       Launch     
        Clock Edge:+   10000            0     
       Src Latency:+       0            0     
       Net Latency:+       0 (I)        0 (I) 
           Arrival:=   10000            0     
                                              
             Setup:-     213                  
     Required Time:=    9787                  
      Launch Clock:-       0                  
         Data Path:-    2784                  
             Slack:=    7003                  

#------------------------------------------------------------------------------------------------------
#        Timing Point         Flags    Arc   Edge   Cell     Fanout  Load Trans Delay Arrival Instance 
#                                                                    (fF)  (ps)  (ps)   (ps)  Location 
#------------------------------------------------------------------------------------------------------
  csm_inst_state_reg[1]/CLK   -       -      R     (arrival)    335     -     0     0       0    (-,-) 
  csm_inst_state_reg[1]/Q     -       CLK->Q R     DFFQSRX1       2  12.4   198   228     228    (-,-) 
  g63766/Z                    -       A->Z   F     INVX2          3  16.3   130   115     343    (-,-) 
  g63618/Z                    -       A->Z   F     OR2X1          4  21.2   214   221     564    (-,-) 
  g63405/Z                    -       B->Z   R     NOR2X1        16  69.9  1023   645    1209    (-,-) 
  drc_bufs63886/Z             -       A->Z   F     INVX2          6  30.4   359   272    1481    (-,-) 
  drc_bufs63883/Z             -       A->Z   R     INVX2         49 207.3  1565  1000    2480    (-,-) 
  g62811/Z                    -       A->Z   F     NAND2X1        1   7.2   290   114    2594    (-,-) 
  g62046/Z                    -       B->Z   R     NAND3X1        1   6.4   201   191    2784    (-,-) 
  csm_inst_left_reg_reg[31]/D -       -      R     DFFQSRX1       1     -     -     0    2784    (-,-) 
#------------------------------------------------------------------------------------------------------



Path 36: MET (7003 ps) Setup Check with Pin csm_inst_left_reg_reg[30]/CLK->D
          Group: C2C
     Startpoint: (R) csm_inst_state_reg[1]/CLK
          Clock: (R) clk
       Endpoint: (R) csm_inst_left_reg_reg[30]/D
          Clock: (R) clk

                     Capture       Launch     
        Clock Edge:+   10000            0     
       Src Latency:+       0            0     
       Net Latency:+       0 (I)        0 (I) 
           Arrival:=   10000            0     
                                              
             Setup:-     213                  
     Required Time:=    9787                  
      Launch Clock:-       0                  
         Data Path:-    2784                  
             Slack:=    7003                  

#------------------------------------------------------------------------------------------------------
#        Timing Point         Flags    Arc   Edge   Cell     Fanout  Load Trans Delay Arrival Instance 
#                                                                    (fF)  (ps)  (ps)   (ps)  Location 
#------------------------------------------------------------------------------------------------------
  csm_inst_state_reg[1]/CLK   -       -      R     (arrival)    335     -     0     0       0    (-,-) 
  csm_inst_state_reg[1]/Q     -       CLK->Q R     DFFQSRX1       2  12.4   198   228     228    (-,-) 
  g63766/Z                    -       A->Z   F     INVX2          3  16.3   130   115     343    (-,-) 
  g63618/Z                    -       A->Z   F     OR2X1          4  21.2   214   221     564    (-,-) 
  g63405/Z                    -       B->Z   R     NOR2X1        16  69.9  1023   645    1209    (-,-) 
  drc_bufs63886/Z             -       A->Z   F     INVX2          6  30.4   359   272    1481    (-,-) 
  drc_bufs63883/Z             -       A->Z   R     INVX2         49 207.3  1565  1000    2480    (-,-) 
  g62802/Z                    -       A->Z   F     NAND2X1        1   7.2   290   114    2594    (-,-) 
  g62045/Z                    -       B->Z   R     NAND3X1        1   6.4   201   191    2784    (-,-) 
  csm_inst_left_reg_reg[30]/D -       -      R     DFFQSRX1       1     -     -     0    2784    (-,-) 
#------------------------------------------------------------------------------------------------------



Path 37: MET (7003 ps) Setup Check with Pin csm_inst_left_reg_reg[29]/CLK->D
          Group: C2C
     Startpoint: (R) csm_inst_state_reg[1]/CLK
          Clock: (R) clk
       Endpoint: (R) csm_inst_left_reg_reg[29]/D
          Clock: (R) clk

                     Capture       Launch     
        Clock Edge:+   10000            0     
       Src Latency:+       0            0     
       Net Latency:+       0 (I)        0 (I) 
           Arrival:=   10000            0     
                                              
             Setup:-     213                  
     Required Time:=    9787                  
      Launch Clock:-       0                  
         Data Path:-    2784                  
             Slack:=    7003                  

#------------------------------------------------------------------------------------------------------
#        Timing Point         Flags    Arc   Edge   Cell     Fanout  Load Trans Delay Arrival Instance 
#                                                                    (fF)  (ps)  (ps)   (ps)  Location 
#------------------------------------------------------------------------------------------------------
  csm_inst_state_reg[1]/CLK   -       -      R     (arrival)    335     -     0     0       0    (-,-) 
  csm_inst_state_reg[1]/Q     -       CLK->Q R     DFFQSRX1       2  12.4   198   228     228    (-,-) 
  g63766/Z                    -       A->Z   F     INVX2          3  16.3   130   115     343    (-,-) 
  g63618/Z                    -       A->Z   F     OR2X1          4  21.2   214   221     564    (-,-) 
  g63405/Z                    -       B->Z   R     NOR2X1        16  69.9  1023   645    1209    (-,-) 
  drc_bufs63886/Z             -       A->Z   F     INVX2          6  30.4   359   272    1481    (-,-) 
  drc_bufs63883/Z             -       A->Z   R     INVX2         49 207.3  1565  1000    2480    (-,-) 
  g62788/Z                    -       A->Z   F     NAND2X1        1   7.2   290   114    2594    (-,-) 
  g62037/Z                    -       B->Z   R     NAND3X1        1   6.4   201   191    2784    (-,-) 
  csm_inst_left_reg_reg[29]/D -       -      R     DFFQSRX1       1     -     -     0    2784    (-,-) 
#------------------------------------------------------------------------------------------------------



Path 38: MET (7003 ps) Setup Check with Pin csm_inst_left_reg_reg[28]/CLK->D
          Group: C2C
     Startpoint: (R) csm_inst_state_reg[1]/CLK
          Clock: (R) clk
       Endpoint: (R) csm_inst_left_reg_reg[28]/D
          Clock: (R) clk

                     Capture       Launch     
        Clock Edge:+   10000            0     
       Src Latency:+       0            0     
       Net Latency:+       0 (I)        0 (I) 
           Arrival:=   10000            0     
                                              
             Setup:-     213                  
     Required Time:=    9787                  
      Launch Clock:-       0                  
         Data Path:-    2784                  
             Slack:=    7003                  

#------------------------------------------------------------------------------------------------------
#        Timing Point         Flags    Arc   Edge   Cell     Fanout  Load Trans Delay Arrival Instance 
#                                                                    (fF)  (ps)  (ps)   (ps)  Location 
#------------------------------------------------------------------------------------------------------
  csm_inst_state_reg[1]/CLK   -       -      R     (arrival)    335     -     0     0       0    (-,-) 
  csm_inst_state_reg[1]/Q     -       CLK->Q R     DFFQSRX1       2  12.4   198   228     228    (-,-) 
  g63766/Z                    -       A->Z   F     INVX2          3  16.3   130   115     343    (-,-) 
  g63618/Z                    -       A->Z   F     OR2X1          4  21.2   214   221     564    (-,-) 
  g63405/Z                    -       B->Z   R     NOR2X1        16  69.9  1023   645    1209    (-,-) 
  drc_bufs63886/Z             -       A->Z   F     INVX2          6  30.4   359   272    1481    (-,-) 
  drc_bufs63883/Z             -       A->Z   R     INVX2         49 207.3  1565  1000    2480    (-,-) 
  g62648/Z                    -       A->Z   F     NAND2X1        1   7.2   290   114    2594    (-,-) 
  g62036/Z                    -       B->Z   R     NAND3X1        1   6.4   201   191    2784    (-,-) 
  csm_inst_left_reg_reg[28]/D -       -      R     DFFQSRX1       1     -     -     0    2784    (-,-) 
#------------------------------------------------------------------------------------------------------



Path 39: MET (7003 ps) Setup Check with Pin csm_inst_left_reg_reg[26]/CLK->D
          Group: C2C
     Startpoint: (R) csm_inst_state_reg[1]/CLK
          Clock: (R) clk
       Endpoint: (R) csm_inst_left_reg_reg[26]/D
          Clock: (R) clk

                     Capture       Launch     
        Clock Edge:+   10000            0     
       Src Latency:+       0            0     
       Net Latency:+       0 (I)        0 (I) 
           Arrival:=   10000            0     
                                              
             Setup:-     213                  
     Required Time:=    9787                  
      Launch Clock:-       0                  
         Data Path:-    2784                  
             Slack:=    7003                  

#------------------------------------------------------------------------------------------------------
#        Timing Point         Flags    Arc   Edge   Cell     Fanout  Load Trans Delay Arrival Instance 
#                                                                    (fF)  (ps)  (ps)   (ps)  Location 
#------------------------------------------------------------------------------------------------------
  csm_inst_state_reg[1]/CLK   -       -      R     (arrival)    335     -     0     0       0    (-,-) 
  csm_inst_state_reg[1]/Q     -       CLK->Q R     DFFQSRX1       2  12.4   198   228     228    (-,-) 
  g63766/Z                    -       A->Z   F     INVX2          3  16.3   130   115     343    (-,-) 
  g63618/Z                    -       A->Z   F     OR2X1          4  21.2   214   221     564    (-,-) 
  g63405/Z                    -       B->Z   R     NOR2X1        16  69.9  1023   645    1209    (-,-) 
  drc_bufs63886/Z             -       A->Z   F     INVX2          6  30.4   359   272    1481    (-,-) 
  drc_bufs63883/Z             -       A->Z   R     INVX2         49 207.3  1565  1000    2480    (-,-) 
  g63197/Z                    -       A->Z   F     NAND2X1        1   7.2   290   114    2594    (-,-) 
  g62123/Z                    -       B->Z   R     NAND3X1        1   6.4   201   191    2784    (-,-) 
  csm_inst_left_reg_reg[26]/D -       -      R     DFFQSRX1       1     -     -     0    2784    (-,-) 
#------------------------------------------------------------------------------------------------------



Path 40: MET (7003 ps) Setup Check with Pin csm_inst_left_reg_reg[25]/CLK->D
          Group: C2C
     Startpoint: (R) csm_inst_state_reg[1]/CLK
          Clock: (R) clk
       Endpoint: (R) csm_inst_left_reg_reg[25]/D
          Clock: (R) clk

                     Capture       Launch     
        Clock Edge:+   10000            0     
       Src Latency:+       0            0     
       Net Latency:+       0 (I)        0 (I) 
           Arrival:=   10000            0     
                                              
             Setup:-     213                  
     Required Time:=    9787                  
      Launch Clock:-       0                  
         Data Path:-    2784                  
             Slack:=    7003                  

#------------------------------------------------------------------------------------------------------
#        Timing Point         Flags    Arc   Edge   Cell     Fanout  Load Trans Delay Arrival Instance 
#                                                                    (fF)  (ps)  (ps)   (ps)  Location 
#------------------------------------------------------------------------------------------------------
  csm_inst_state_reg[1]/CLK   -       -      R     (arrival)    335     -     0     0       0    (-,-) 
  csm_inst_state_reg[1]/Q     -       CLK->Q R     DFFQSRX1       2  12.4   198   228     228    (-,-) 
  g63766/Z                    -       A->Z   F     INVX2          3  16.3   130   115     343    (-,-) 
  g63618/Z                    -       A->Z   F     OR2X1          4  21.2   214   221     564    (-,-) 
  g63405/Z                    -       B->Z   R     NOR2X1        16  69.9  1023   645    1209    (-,-) 
  drc_bufs63886/Z             -       A->Z   F     INVX2          6  30.4   359   272    1481    (-,-) 
  drc_bufs63883/Z             -       A->Z   R     INVX2         49 207.3  1565  1000    2480    (-,-) 
  g63180/Z                    -       A->Z   F     NAND2X1        1   7.2   290   114    2594    (-,-) 
  g62118/Z                    -       B->Z   R     NAND3X1        1   6.4   201   191    2784    (-,-) 
  csm_inst_left_reg_reg[25]/D -       -      R     DFFQSRX1       1     -     -     0    2784    (-,-) 
#------------------------------------------------------------------------------------------------------



Path 41: MET (7003 ps) Setup Check with Pin csm_inst_left_reg_reg[23]/CLK->D
          Group: C2C
     Startpoint: (R) csm_inst_state_reg[1]/CLK
          Clock: (R) clk
       Endpoint: (R) csm_inst_left_reg_reg[23]/D
          Clock: (R) clk

                     Capture       Launch     
        Clock Edge:+   10000            0     
       Src Latency:+       0            0     
       Net Latency:+       0 (I)        0 (I) 
           Arrival:=   10000            0     
                                              
             Setup:-     213                  
     Required Time:=    9787                  
      Launch Clock:-       0                  
         Data Path:-    2784                  
             Slack:=    7003                  

#------------------------------------------------------------------------------------------------------
#        Timing Point         Flags    Arc   Edge   Cell     Fanout  Load Trans Delay Arrival Instance 
#                                                                    (fF)  (ps)  (ps)   (ps)  Location 
#------------------------------------------------------------------------------------------------------
  csm_inst_state_reg[1]/CLK   -       -      R     (arrival)    335     -     0     0       0    (-,-) 
  csm_inst_state_reg[1]/Q     -       CLK->Q R     DFFQSRX1       2  12.4   198   228     228    (-,-) 
  g63766/Z                    -       A->Z   F     INVX2          3  16.3   130   115     343    (-,-) 
  g63618/Z                    -       A->Z   F     OR2X1          4  21.2   214   221     564    (-,-) 
  g63405/Z                    -       B->Z   R     NOR2X1        16  69.9  1023   645    1209    (-,-) 
  drc_bufs63886/Z             -       A->Z   F     INVX2          6  30.4   359   272    1481    (-,-) 
  drc_bufs63883/Z             -       A->Z   R     INVX2         49 207.3  1565  1000    2480    (-,-) 
  g62992/Z                    -       A->Z   F     NAND2X1        1   7.2   290   114    2594    (-,-) 
  g62115/Z                    -       B->Z   R     NAND3X1        1   6.4   201   191    2784    (-,-) 
  csm_inst_left_reg_reg[23]/D -       -      R     DFFQSRX1       1     -     -     0    2784    (-,-) 
#------------------------------------------------------------------------------------------------------



Path 42: MET (7003 ps) Setup Check with Pin csm_inst_left_reg_reg[22]/CLK->D
          Group: C2C
     Startpoint: (R) csm_inst_state_reg[1]/CLK
          Clock: (R) clk
       Endpoint: (R) csm_inst_left_reg_reg[22]/D
          Clock: (R) clk

                     Capture       Launch     
        Clock Edge:+   10000            0     
       Src Latency:+       0            0     
       Net Latency:+       0 (I)        0 (I) 
           Arrival:=   10000            0     
                                              
             Setup:-     213                  
     Required Time:=    9787                  
      Launch Clock:-       0                  
         Data Path:-    2784                  
             Slack:=    7003                  

#------------------------------------------------------------------------------------------------------
#        Timing Point         Flags    Arc   Edge   Cell     Fanout  Load Trans Delay Arrival Instance 
#                                                                    (fF)  (ps)  (ps)   (ps)  Location 
#------------------------------------------------------------------------------------------------------
  csm_inst_state_reg[1]/CLK   -       -      R     (arrival)    335     -     0     0       0    (-,-) 
  csm_inst_state_reg[1]/Q     -       CLK->Q R     DFFQSRX1       2  12.4   198   228     228    (-,-) 
  g63766/Z                    -       A->Z   F     INVX2          3  16.3   130   115     343    (-,-) 
  g63618/Z                    -       A->Z   F     OR2X1          4  21.2   214   221     564    (-,-) 
  g63405/Z                    -       B->Z   R     NOR2X1        16  69.9  1023   645    1209    (-,-) 
  drc_bufs63886/Z             -       A->Z   F     INVX2          6  30.4   359   272    1481    (-,-) 
  drc_bufs63883/Z             -       A->Z   R     INVX2         49 207.3  1565  1000    2480    (-,-) 
  g63140/Z                    -       A->Z   F     NAND2X1        1   7.2   290   114    2594    (-,-) 
  g62113/Z                    -       B->Z   R     NAND3X1        1   6.4   201   191    2784    (-,-) 
  csm_inst_left_reg_reg[22]/D -       -      R     DFFQSRX1       1     -     -     0    2784    (-,-) 
#------------------------------------------------------------------------------------------------------



Path 43: MET (7003 ps) Setup Check with Pin csm_inst_left_reg_reg[21]/CLK->D
          Group: C2C
     Startpoint: (R) csm_inst_state_reg[1]/CLK
          Clock: (R) clk
       Endpoint: (R) csm_inst_left_reg_reg[21]/D
          Clock: (R) clk

                     Capture       Launch     
        Clock Edge:+   10000            0     
       Src Latency:+       0            0     
       Net Latency:+       0 (I)        0 (I) 
           Arrival:=   10000            0     
                                              
             Setup:-     213                  
     Required Time:=    9787                  
      Launch Clock:-       0                  
         Data Path:-    2784                  
             Slack:=    7003                  

#------------------------------------------------------------------------------------------------------
#        Timing Point         Flags    Arc   Edge   Cell     Fanout  Load Trans Delay Arrival Instance 
#                                                                    (fF)  (ps)  (ps)   (ps)  Location 
#------------------------------------------------------------------------------------------------------
  csm_inst_state_reg[1]/CLK   -       -      R     (arrival)    335     -     0     0       0    (-,-) 
  csm_inst_state_reg[1]/Q     -       CLK->Q R     DFFQSRX1       2  12.4   198   228     228    (-,-) 
  g63766/Z                    -       A->Z   F     INVX2          3  16.3   130   115     343    (-,-) 
  g63618/Z                    -       A->Z   F     OR2X1          4  21.2   214   221     564    (-,-) 
  g63405/Z                    -       B->Z   R     NOR2X1        16  69.9  1023   645    1209    (-,-) 
  drc_bufs63886/Z             -       A->Z   F     INVX2          6  30.4   359   272    1481    (-,-) 
  drc_bufs63883/Z             -       A->Z   R     INVX2         49 207.3  1565  1000    2480    (-,-) 
  g63017/Z                    -       A->Z   F     NAND2X1        1   7.2   290   114    2594    (-,-) 
  g62111/Z                    -       B->Z   R     NAND3X1        1   6.4   201   191    2784    (-,-) 
  csm_inst_left_reg_reg[21]/D -       -      R     DFFQSRX1       1     -     -     0    2784    (-,-) 
#------------------------------------------------------------------------------------------------------



Path 44: MET (7003 ps) Setup Check with Pin csm_inst_left_reg_reg[20]/CLK->D
          Group: C2C
     Startpoint: (R) csm_inst_state_reg[1]/CLK
          Clock: (R) clk
       Endpoint: (R) csm_inst_left_reg_reg[20]/D
          Clock: (R) clk

                     Capture       Launch     
        Clock Edge:+   10000            0     
       Src Latency:+       0            0     
       Net Latency:+       0 (I)        0 (I) 
           Arrival:=   10000            0     
                                              
             Setup:-     213                  
     Required Time:=    9787                  
      Launch Clock:-       0                  
         Data Path:-    2784                  
             Slack:=    7003                  

#------------------------------------------------------------------------------------------------------
#        Timing Point         Flags    Arc   Edge   Cell     Fanout  Load Trans Delay Arrival Instance 
#                                                                    (fF)  (ps)  (ps)   (ps)  Location 
#------------------------------------------------------------------------------------------------------
  csm_inst_state_reg[1]/CLK   -       -      R     (arrival)    335     -     0     0       0    (-,-) 
  csm_inst_state_reg[1]/Q     -       CLK->Q R     DFFQSRX1       2  12.4   198   228     228    (-,-) 
  g63766/Z                    -       A->Z   F     INVX2          3  16.3   130   115     343    (-,-) 
  g63618/Z                    -       A->Z   F     OR2X1          4  21.2   214   221     564    (-,-) 
  g63405/Z                    -       B->Z   R     NOR2X1        16  69.9  1023   645    1209    (-,-) 
  drc_bufs63886/Z             -       A->Z   F     INVX2          6  30.4   359   272    1481    (-,-) 
  drc_bufs63883/Z             -       A->Z   R     INVX2         49 207.3  1565  1000    2480    (-,-) 
  g63119/Z                    -       A->Z   F     NAND2X1        1   7.2   290   114    2594    (-,-) 
  g62108/Z                    -       B->Z   R     NAND3X1        1   6.4   201   191    2784    (-,-) 
  csm_inst_left_reg_reg[20]/D -       -      R     DFFQSRX1       1     -     -     0    2784    (-,-) 
#------------------------------------------------------------------------------------------------------



Path 45: MET (7003 ps) Setup Check with Pin csm_inst_left_reg_reg[19]/CLK->D
          Group: C2C
     Startpoint: (R) csm_inst_state_reg[1]/CLK
          Clock: (R) clk
       Endpoint: (R) csm_inst_left_reg_reg[19]/D
          Clock: (R) clk

                     Capture       Launch     
        Clock Edge:+   10000            0     
       Src Latency:+       0            0     
       Net Latency:+       0 (I)        0 (I) 
           Arrival:=   10000            0     
                                              
             Setup:-     213                  
     Required Time:=    9787                  
      Launch Clock:-       0                  
         Data Path:-    2784                  
             Slack:=    7003                  

#------------------------------------------------------------------------------------------------------
#        Timing Point         Flags    Arc   Edge   Cell     Fanout  Load Trans Delay Arrival Instance 
#                                                                    (fF)  (ps)  (ps)   (ps)  Location 
#------------------------------------------------------------------------------------------------------
  csm_inst_state_reg[1]/CLK   -       -      R     (arrival)    335     -     0     0       0    (-,-) 
  csm_inst_state_reg[1]/Q     -       CLK->Q R     DFFQSRX1       2  12.4   198   228     228    (-,-) 
  g63766/Z                    -       A->Z   F     INVX2          3  16.3   130   115     343    (-,-) 
  g63618/Z                    -       A->Z   F     OR2X1          4  21.2   214   221     564    (-,-) 
  g63405/Z                    -       B->Z   R     NOR2X1        16  69.9  1023   645    1209    (-,-) 
  drc_bufs63886/Z             -       A->Z   F     INVX2          6  30.4   359   272    1481    (-,-) 
  drc_bufs63883/Z             -       A->Z   R     INVX2         49 207.3  1565  1000    2480    (-,-) 
  g63102/Z                    -       A->Z   F     NAND2X1        1   7.2   290   114    2594    (-,-) 
  g62105/Z                    -       B->Z   R     NAND3X1        1   6.4   201   191    2784    (-,-) 
  csm_inst_left_reg_reg[19]/D -       -      R     DFFQSRX1       1     -     -     0    2784    (-,-) 
#------------------------------------------------------------------------------------------------------



Path 46: MET (7003 ps) Setup Check with Pin csm_inst_left_reg_reg[18]/CLK->D
          Group: C2C
     Startpoint: (R) csm_inst_state_reg[1]/CLK
          Clock: (R) clk
       Endpoint: (R) csm_inst_left_reg_reg[18]/D
          Clock: (R) clk

                     Capture       Launch     
        Clock Edge:+   10000            0     
       Src Latency:+       0            0     
       Net Latency:+       0 (I)        0 (I) 
           Arrival:=   10000            0     
                                              
             Setup:-     213                  
     Required Time:=    9787                  
      Launch Clock:-       0                  
         Data Path:-    2784                  
             Slack:=    7003                  

#------------------------------------------------------------------------------------------------------
#        Timing Point         Flags    Arc   Edge   Cell     Fanout  Load Trans Delay Arrival Instance 
#                                                                    (fF)  (ps)  (ps)   (ps)  Location 
#------------------------------------------------------------------------------------------------------
  csm_inst_state_reg[1]/CLK   -       -      R     (arrival)    335     -     0     0       0    (-,-) 
  csm_inst_state_reg[1]/Q     -       CLK->Q R     DFFQSRX1       2  12.4   198   228     228    (-,-) 
  g63766/Z                    -       A->Z   F     INVX2          3  16.3   130   115     343    (-,-) 
  g63618/Z                    -       A->Z   F     OR2X1          4  21.2   214   221     564    (-,-) 
  g63405/Z                    -       B->Z   R     NOR2X1        16  69.9  1023   645    1209    (-,-) 
  drc_bufs63886/Z             -       A->Z   F     INVX2          6  30.4   359   272    1481    (-,-) 
  drc_bufs63883/Z             -       A->Z   R     INVX2         49 207.3  1565  1000    2480    (-,-) 
  g63091/Z                    -       A->Z   F     NAND2X1        1   7.2   290   114    2594    (-,-) 
  g62104/Z                    -       B->Z   R     NAND3X1        1   6.4   201   191    2784    (-,-) 
  csm_inst_left_reg_reg[18]/D -       -      R     DFFQSRX1       1     -     -     0    2784    (-,-) 
#------------------------------------------------------------------------------------------------------



Path 47: MET (7003 ps) Setup Check with Pin csm_inst_left_reg_reg[14]/CLK->D
          Group: C2C
     Startpoint: (R) csm_inst_state_reg[1]/CLK
          Clock: (R) clk
       Endpoint: (R) csm_inst_left_reg_reg[14]/D
          Clock: (R) clk

                     Capture       Launch     
        Clock Edge:+   10000            0     
       Src Latency:+       0            0     
       Net Latency:+       0 (I)        0 (I) 
           Arrival:=   10000            0     
                                              
             Setup:-     213                  
     Required Time:=    9787                  
      Launch Clock:-       0                  
         Data Path:-    2784                  
             Slack:=    7003                  

#------------------------------------------------------------------------------------------------------
#        Timing Point         Flags    Arc   Edge   Cell     Fanout  Load Trans Delay Arrival Instance 
#                                                                    (fF)  (ps)  (ps)   (ps)  Location 
#------------------------------------------------------------------------------------------------------
  csm_inst_state_reg[1]/CLK   -       -      R     (arrival)    335     -     0     0       0    (-,-) 
  csm_inst_state_reg[1]/Q     -       CLK->Q R     DFFQSRX1       2  12.4   198   228     228    (-,-) 
  g63766/Z                    -       A->Z   F     INVX2          3  16.3   130   115     343    (-,-) 
  g63618/Z                    -       A->Z   F     OR2X1          4  21.2   214   221     564    (-,-) 
  g63405/Z                    -       B->Z   R     NOR2X1        16  69.9  1023   645    1209    (-,-) 
  drc_bufs63886/Z             -       A->Z   F     INVX2          6  30.4   359   272    1481    (-,-) 
  drc_bufs63883/Z             -       A->Z   R     INVX2         49 207.3  1565  1000    2480    (-,-) 
  g62638/Z                    -       A->Z   F     NAND2X1        1   7.2   290   114    2594    (-,-) 
  g62090/Z                    -       B->Z   R     NAND3X1        1   6.4   201   191    2784    (-,-) 
  csm_inst_left_reg_reg[14]/D -       -      R     DFFQSRX1       1     -     -     0    2784    (-,-) 
#------------------------------------------------------------------------------------------------------



Path 48: MET (7003 ps) Setup Check with Pin csm_inst_left_reg_reg[12]/CLK->D
          Group: C2C
     Startpoint: (R) csm_inst_state_reg[1]/CLK
          Clock: (R) clk
       Endpoint: (R) csm_inst_left_reg_reg[12]/D
          Clock: (R) clk

                     Capture       Launch     
        Clock Edge:+   10000            0     
       Src Latency:+       0            0     
       Net Latency:+       0 (I)        0 (I) 
           Arrival:=   10000            0     
                                              
             Setup:-     213                  
     Required Time:=    9787                  
      Launch Clock:-       0                  
         Data Path:-    2784                  
             Slack:=    7003                  

#------------------------------------------------------------------------------------------------------
#        Timing Point         Flags    Arc   Edge   Cell     Fanout  Load Trans Delay Arrival Instance 
#                                                                    (fF)  (ps)  (ps)   (ps)  Location 
#------------------------------------------------------------------------------------------------------
  csm_inst_state_reg[1]/CLK   -       -      R     (arrival)    335     -     0     0       0    (-,-) 
  csm_inst_state_reg[1]/Q     -       CLK->Q R     DFFQSRX1       2  12.4   198   228     228    (-,-) 
  g63766/Z                    -       A->Z   F     INVX2          3  16.3   130   115     343    (-,-) 
  g63618/Z                    -       A->Z   F     OR2X1          4  21.2   214   221     564    (-,-) 
  g63405/Z                    -       B->Z   R     NOR2X1        16  69.9  1023   645    1209    (-,-) 
  drc_bufs63886/Z             -       A->Z   F     INVX2          6  30.4   359   272    1481    (-,-) 
  drc_bufs63883/Z             -       A->Z   R     INVX2         49 207.3  1565  1000    2480    (-,-) 
  g63155/Z                    -       A->Z   F     NAND2X1        1   7.2   290   114    2594    (-,-) 
  g62087/Z                    -       B->Z   R     NAND3X1        1   6.4   201   191    2784    (-,-) 
  csm_inst_left_reg_reg[12]/D -       -      R     DFFQSRX1       1     -     -     0    2784    (-,-) 
#------------------------------------------------------------------------------------------------------



Path 49: MET (7003 ps) Setup Check with Pin csm_inst_left_reg_reg[9]/CLK->D
          Group: C2C
     Startpoint: (R) csm_inst_state_reg[1]/CLK
          Clock: (R) clk
       Endpoint: (R) csm_inst_left_reg_reg[9]/D
          Clock: (R) clk

                     Capture       Launch     
        Clock Edge:+   10000            0     
       Src Latency:+       0            0     
       Net Latency:+       0 (I)        0 (I) 
           Arrival:=   10000            0     
                                              
             Setup:-     213                  
     Required Time:=    9787                  
      Launch Clock:-       0                  
         Data Path:-    2784                  
             Slack:=    7003                  

#-----------------------------------------------------------------------------------------------------
#       Timing Point         Flags    Arc   Edge   Cell     Fanout  Load Trans Delay Arrival Instance 
#                                                                   (fF)  (ps)  (ps)   (ps)  Location 
#-----------------------------------------------------------------------------------------------------
  csm_inst_state_reg[1]/CLK  -       -      R     (arrival)    335     -     0     0       0    (-,-) 
  csm_inst_state_reg[1]/Q    -       CLK->Q R     DFFQSRX1       2  12.4   198   228     228    (-,-) 
  g63766/Z                   -       A->Z   F     INVX2          3  16.3   130   115     343    (-,-) 
  g63618/Z                   -       A->Z   F     OR2X1          4  21.2   214   221     564    (-,-) 
  g63405/Z                   -       B->Z   R     NOR2X1        16  69.9  1023   645    1209    (-,-) 
  drc_bufs63886/Z            -       A->Z   F     INVX2          6  30.4   359   272    1481    (-,-) 
  drc_bufs63883/Z            -       A->Z   R     INVX2         49 207.3  1565  1000    2480    (-,-) 
  g62972/Z                   -       A->Z   F     NAND2X1        1   7.2   290   114    2594    (-,-) 
  g62068/Z                   -       B->Z   R     NAND3X1        1   6.4   201   191    2784    (-,-) 
  csm_inst_left_reg_reg[9]/D -       -      R     DFFQSRX1       1     -     -     0    2784    (-,-) 
#-----------------------------------------------------------------------------------------------------



Path 50: MET (7003 ps) Setup Check with Pin csm_inst_left_reg_reg[8]/CLK->D
          Group: C2C
     Startpoint: (R) csm_inst_state_reg[1]/CLK
          Clock: (R) clk
       Endpoint: (R) csm_inst_left_reg_reg[8]/D
          Clock: (R) clk

                     Capture       Launch     
        Clock Edge:+   10000            0     
       Src Latency:+       0            0     
       Net Latency:+       0 (I)        0 (I) 
           Arrival:=   10000            0     
                                              
             Setup:-     213                  
     Required Time:=    9787                  
      Launch Clock:-       0                  
         Data Path:-    2784                  
             Slack:=    7003                  

#-----------------------------------------------------------------------------------------------------
#       Timing Point         Flags    Arc   Edge   Cell     Fanout  Load Trans Delay Arrival Instance 
#                                                                   (fF)  (ps)  (ps)   (ps)  Location 
#-----------------------------------------------------------------------------------------------------
  csm_inst_state_reg[1]/CLK  -       -      R     (arrival)    335     -     0     0       0    (-,-) 
  csm_inst_state_reg[1]/Q    -       CLK->Q R     DFFQSRX1       2  12.4   198   228     228    (-,-) 
  g63766/Z                   -       A->Z   F     INVX2          3  16.3   130   115     343    (-,-) 
  g63618/Z                   -       A->Z   F     OR2X1          4  21.2   214   221     564    (-,-) 
  g63405/Z                   -       B->Z   R     NOR2X1        16  69.9  1023   645    1209    (-,-) 
  drc_bufs63886/Z            -       A->Z   F     INVX2          6  30.4   359   272    1481    (-,-) 
  drc_bufs63883/Z            -       A->Z   R     INVX2         49 207.3  1565  1000    2480    (-,-) 
  g62936/Z                   -       A->Z   F     NAND2X1        1   7.2   290   114    2594    (-,-) 
  g62112/Z                   -       B->Z   R     NAND3X1        1   6.4   201   191    2784    (-,-) 
  csm_inst_left_reg_reg[8]/D -       -      R     DFFQSRX1       1     -     -     0    2784    (-,-) 
#-----------------------------------------------------------------------------------------------------

