============================================================
  Generated by:           Genus(TM) Synthesis Solution 21.15-s080_1
  Generated on:           Nov 30 2025  05:19:38 pm
  Module:                 TopModule
  Operating conditions:   PVT_1P8V_25C 
  Interconnect mode:      global
  Area mode:              timing library
============================================================


Path 1: MET (5665 ps) Setup Check with Pin csm_inst_right_reg_reg[10]/clk->d
          Group: C2C
     Startpoint: (R) csm_inst_round_counter_reg[3]/clk
          Clock: (R) clk
       Endpoint: (R) csm_inst_right_reg_reg[10]/d
          Clock: (R) clk

                     Capture       Launch     
        Clock Edge:+   10000            0     
       Src Latency:+       0            0     
       Net Latency:+       0 (I)        0 (I) 
           Arrival:=   10000            0     
                                              
             Setup:-      75                  
     Required Time:=    9925                  
      Launch Clock:-       0                  
         Data Path:-    4259                  
             Slack:=    5665                  

#--------------------------------------------------------------------------------------------------------------------------
#             Timing Point               Flags    Arc    Edge       Cell         Fanout  Load Trans Delay Arrival Instance 
#                                                                                        (fF)  (ps)  (ps)   (ps)  Location 
#--------------------------------------------------------------------------------------------------------------------------
  csm_inst_round_counter_reg[3]/clk      -       -       R     (arrival)            335     -     0     0       0    (-,-) 
  csm_inst_round_counter_reg[3]/q        (u)     clk->q  R     unmapped_d_flop      115 460.0     0   546     546    (-,-) 
  g22519/z                               (u)     in_0->z F     unmapped_nand2         3  12.0     0   189     735    (-,-) 
  g22389/z                               (u)     in_1->z R     unmapped_nand2         3  12.0     0   189     925    (-,-) 
  g22704/z                               (u)     in_0->z F     unmapped_complex2      1   4.0     0   122    1047    (-,-) 
  g21307/z                               (u)     in_1->z R     unmapped_nand2         2   8.0     0   166    1213    (-,-) 
  g20923/z                               (u)     in_0->z F     unmapped_nand2         1   4.0     0   122    1335    (-,-) 
  g20878/z                               (u)     in_1->z R     unmapped_nand2         1   4.0     0   122    1457    (-,-) 
  g20756/z                               (u)     in_1->z R     unmapped_or2           1   4.0     0   122    1580    (-,-) 
  g20649/z                               (u)     in_1->z R     unmapped_or2           1   4.0     0   122    1702    (-,-) 
  g20541/z                               (u)     in_0->z F     unmapped_nand2         1   4.0     0   122    1824    (-,-) 
  g23127/z                               (u)     in_0->z R     unmapped_complex2      2   8.0     0   166    1990    (-,-) 
  g23186/z                               (u)     in_0->z F     unmapped_complex2      1   4.0     0   122    2112    (-,-) 
  g20333/z                               (u)     in_1->z R     unmapped_nand2        15  60.0     0   280    2392    (-,-) 
  csm_inst_f_inst_sbox_inst_sbox7_g607/z (u)     in_0->z F     unmapped_nand2         6  24.0     0   233    2626    (-,-) 
  csm_inst_f_inst_sbox_inst_sbox7_g585/z (u)     in_0->z R     unmapped_nand2        10  40.0     0   257    2882    (-,-) 
  csm_inst_f_inst_sbox_inst_sbox7_g539/z (u)     in_1->z F     unmapped_nand2         3  12.0     0   189    3072    (-,-) 
  csm_inst_f_inst_sbox_inst_sbox7_g511/z (u)     in_0->z R     unmapped_nand2         2   8.0     0   166    3238    (-,-) 
  csm_inst_f_inst_sbox_inst_sbox7_g495/z (u)     in_1->z R     unmapped_or2           1   4.0     0   122    3360    (-,-) 
  csm_inst_f_inst_sbox_inst_sbox7_g479/z (u)     in_1->z F     unmapped_nand2         1   4.0     0   122    3482    (-,-) 
  csm_inst_f_inst_sbox_inst_sbox7_g474/z (u)     in_1->z F     unmapped_complex2      1   4.0     0   122    3604    (-,-) 
  csm_inst_f_inst_sbox_inst_sbox7_g469/z (u)     in_1->z F     unmapped_or2           2   8.0     0   166    3770    (-,-) 
  g5841/z                                (u)     in_1->z F     unmapped_complex2      1   4.0     0   122    3893    (-,-) 
  g5842/z                                (u)     in_1->z R     unmapped_nand2         1   4.0     0   122    4015    (-,-) 
  g5826/z                                (u)     in_1->z F     unmapped_complex2      1   4.0     0   122    4137    (-,-) 
  g5814/z                                (u)     in_1->z R     unmapped_complex2      1   4.0     0   122    4259    (-,-) 
  csm_inst_right_reg_reg[10]/d           -       -       R     unmapped_d_flop        1     -     -     0    4259    (-,-) 
#--------------------------------------------------------------------------------------------------------------------------

(u) : Net has unmapped pin(s).



Path 2: MET (5711 ps) Setup Check with Pin csm_inst_right_reg_reg[3]/clk->d
          Group: C2C
     Startpoint: (R) csm_inst_round_counter_reg[3]/clk
          Clock: (R) clk
       Endpoint: (R) csm_inst_right_reg_reg[3]/d
          Clock: (R) clk

                     Capture       Launch     
        Clock Edge:+   10000            0     
       Src Latency:+       0            0     
       Net Latency:+       0 (I)        0 (I) 
           Arrival:=   10000            0     
                                              
             Setup:-      75                  
     Required Time:=    9925                  
      Launch Clock:-       0                  
         Data Path:-    4214                  
             Slack:=    5711                  

#--------------------------------------------------------------------------------------------------------------------------
#             Timing Point               Flags    Arc    Edge       Cell         Fanout  Load Trans Delay Arrival Instance 
#                                                                                        (fF)  (ps)  (ps)   (ps)  Location 
#--------------------------------------------------------------------------------------------------------------------------
  csm_inst_round_counter_reg[3]/clk      -       -       R     (arrival)            335     -     0     0       0    (-,-) 
  csm_inst_round_counter_reg[3]/q        (u)     clk->q  R     unmapped_d_flop      115 460.0     0   546     546    (-,-) 
  g22502/z                               (u)     in_0->z R     unmapped_complex2      3  12.0     0   189     735    (-,-) 
  g22302/z                               (u)     in_1->z F     unmapped_nand2         4  16.0     0   211     947    (-,-) 
  g21585/z                               (u)     in_0->z R     unmapped_nand2         1   4.0     0   122    1069    (-,-) 
  g21279/z                               (u)     in_1->z F     unmapped_nand2         2   8.0     0   166    1235    (-,-) 
  g23082/z                               (u)     in_0->z R     unmapped_complex2      1   4.0     0   122    1357    (-,-) 
  g20818/z                               (u)     in_1->z F     unmapped_nand2         1   4.0     0   122    1479    (-,-) 
  g20764/z                               (u)     in_0->z F     unmapped_or2           1   4.0     0   122    1601    (-,-) 
  g20629/z                               (u)     in_1->z F     unmapped_or2           1   4.0     0   122    1724    (-,-) 
  g20554/z                               (u)     in_0->z R     unmapped_complex2      1   4.0     0   122    1846    (-,-) 
  g23158/z                               (u)     in_0->z F     unmapped_complex2      2   8.0     0   166    2012    (-,-) 
  g23248/z                               (u)     in_0->z R     unmapped_complex2      1   4.0     0   122    2134    (-,-) 
  g20441/z                               (u)     in_1->z F     unmapped_nand2        13  52.0     0   271    2405    (-,-) 
  csm_inst_f_inst_sbox_inst_sbox6_g617/z (u)     in_1->z R     unmapped_nand2         4  16.0     0   211    2616    (-,-) 
  csm_inst_f_inst_sbox_inst_sbox6_g575/z (u)     in_0->z R     unmapped_or2           2   8.0     0   166    2782    (-,-) 
  csm_inst_f_inst_sbox_inst_sbox6_g552/z (u)     in_0->z R     unmapped_or2           2   8.0     0   166    2948    (-,-) 
  csm_inst_f_inst_sbox_inst_sbox6_g529/z (u)     in_0->z F     unmapped_nand2         1   4.0     0   122    3070    (-,-) 
  csm_inst_f_inst_sbox_inst_sbox6_g507/z (u)     in_1->z R     unmapped_complex2      1   4.0     0   122    3192    (-,-) 
  csm_inst_f_inst_sbox_inst_sbox6_g490/z (u)     in_0->z F     unmapped_complex2      1   4.0     0   122    3315    (-,-) 
  csm_inst_f_inst_sbox_inst_sbox6_g485/z (u)     in_1->z F     unmapped_or2           1   4.0     0   122    3437    (-,-) 
  csm_inst_f_inst_sbox_inst_sbox6_g481/z (u)     in_1->z F     unmapped_or2           1   4.0     0   122    3559    (-,-) 
  csm_inst_f_inst_sbox_inst_sbox6_g476/z (u)     in_0->z F     unmapped_or2           2   8.0     0   166    3725    (-,-) 
  g5773/z                                (u)     in_1->z F     unmapped_complex2      1   4.0     0   122    3847    (-,-) 
  g5774/z                                (u)     in_1->z R     unmapped_nand2         1   4.0     0   122    3970    (-,-) 
  g5758/z                                (u)     in_1->z F     unmapped_complex2      1   4.0     0   122    4092    (-,-) 
  g5746/z                                (u)     in_1->z R     unmapped_complex2      1   4.0     0   122    4214    (-,-) 
  csm_inst_right_reg_reg[3]/d            -       -       R     unmapped_d_flop        1     -     -     0    4214    (-,-) 
#--------------------------------------------------------------------------------------------------------------------------

(u) : Net has unmapped pin(s).



Path 3: MET (5762 ps) Setup Check with Pin csm_inst_right_reg_reg[6]/clk->d
          Group: C2C
     Startpoint: (R) csm_inst_round_counter_reg[3]/clk
          Clock: (R) clk
       Endpoint: (R) csm_inst_right_reg_reg[6]/d
          Clock: (R) clk

                     Capture       Launch     
        Clock Edge:+   10000            0     
       Src Latency:+       0            0     
       Net Latency:+       0 (I)        0 (I) 
           Arrival:=   10000            0     
                                              
             Setup:-      75                  
     Required Time:=    9925                  
      Launch Clock:-       0                  
         Data Path:-    4163                  
             Slack:=    5762                  

#---------------------------------------------------------------------------------------------------------------------------
#              Timing Point               Flags    Arc    Edge       Cell         Fanout  Load Trans Delay Arrival Instance 
#                                                                                         (fF)  (ps)  (ps)   (ps)  Location 
#---------------------------------------------------------------------------------------------------------------------------
  csm_inst_round_counter_reg[3]/clk       -       -       R     (arrival)            335     -     0     0       0    (-,-) 
  csm_inst_round_counter_reg[3]/q         (u)     clk->q  R     unmapped_d_flop      115 460.0     0   546     546    (-,-) 
  g22588/z                                (u)     in_0->z F     unmapped_nand2         3  12.0     0   189     735    (-,-) 
  g22415/z                                (u)     in_1->z R     unmapped_nand2         4  16.0     0   211     947    (-,-) 
  g21913/z                                (u)     in_0->z F     unmapped_complex2      1   4.0     0   122    1069    (-,-) 
  g21485/z                                (u)     in_0->z R     unmapped_nand2         2   8.0     0   166    1235    (-,-) 
  g23093/z                                (u)     in_0->z F     unmapped_complex2      1   4.0     0   122    1357    (-,-) 
  g20793/z                                (u)     in_1->z R     unmapped_nand2         1   4.0     0   122    1479    (-,-) 
  g20717/z                                (u)     in_1->z R     unmapped_or2           1   4.0     0   122    1601    (-,-) 
  g20639/z                                (u)     in_1->z R     unmapped_or2           1   4.0     0   122    1724    (-,-) 
  g20532/z                                (u)     in_0->z F     unmapped_nand2         1   4.0     0   122    1846    (-,-) 
  g23161/z                                (u)     in_0->z R     unmapped_complex2      2   8.0     0   166    2012    (-,-) 
  g23254/z                                (u)     in_0->z F     unmapped_complex2      1   4.0     0   122    2134    (-,-) 
  g20450/z                                (u)     in_1->z R     unmapped_nand2        13  52.0     0   271    2405    (-,-) 
  csm_inst_f_inst_sbox_inst_sbox4_g74/z   (u)     in_0->z R     unmapped_or2           8  32.0     0   248    2652    (-,-) 
  csm_inst_f_inst_sbox_inst_sbox4_g1245/z (u)     in_1->z R     unmapped_complex2      1   4.0     0   122    2775    (-,-) 
  csm_inst_f_inst_sbox_inst_sbox4_g1216/z (u)     in_1->z R     unmapped_or2           1   4.0     0   122    2897    (-,-) 
  csm_inst_f_inst_sbox_inst_sbox4_g1185/z (u)     in_1->z F     unmapped_nand2         1   4.0     0   122    3019    (-,-) 
  csm_inst_f_inst_sbox_inst_sbox4_g1168/z (u)     in_0->z F     unmapped_complex2      1   4.0     0   122    3141    (-,-) 
  csm_inst_f_inst_sbox_inst_sbox4_g1155/z (u)     in_1->z F     unmapped_or2           1   4.0     0   122    3263    (-,-) 
  csm_inst_f_inst_sbox_inst_sbox4_g1147/z (u)     in_0->z F     unmapped_complex2      1   4.0     0   122    3386    (-,-) 
  csm_inst_f_inst_sbox_inst_sbox4_g1140/z (u)     in_0->z F     unmapped_complex2      1   4.0     0   122    3508    (-,-) 
  csm_inst_f_inst_sbox_inst_sbox4_g1137/z (u)     in_1->z F     unmapped_or2           2   8.0     0   166    3674    (-,-) 
  g5671/z                                 (u)     in_1->z F     unmapped_complex2      1   4.0     0   122    3796    (-,-) 
  g5672/z                                 (u)     in_1->z R     unmapped_nand2         1   4.0     0   122    3918    (-,-) 
  g5656/z                                 (u)     in_1->z F     unmapped_complex2      1   4.0     0   122    4040    (-,-) 
  g5644/z                                 (u)     in_1->z R     unmapped_complex2      1   4.0     0   122    4163    (-,-) 
  csm_inst_right_reg_reg[6]/d             -       -       R     unmapped_d_flop        1     -     -     0    4163    (-,-) 
#---------------------------------------------------------------------------------------------------------------------------

(u) : Net has unmapped pin(s).



Path 4: MET (5786 ps) Setup Check with Pin csm_inst_right_reg_reg[11]/clk->d
          Group: C2C
     Startpoint: (R) csm_inst_round_counter_reg[3]/clk
          Clock: (R) clk
       Endpoint: (R) csm_inst_right_reg_reg[11]/d
          Clock: (R) clk

                     Capture       Launch     
        Clock Edge:+   10000            0     
       Src Latency:+       0            0     
       Net Latency:+       0 (I)        0 (I) 
           Arrival:=   10000            0     
                                              
             Setup:-      75                  
     Required Time:=    9925                  
      Launch Clock:-       0                  
         Data Path:-    4138                  
             Slack:=    5786                  

#--------------------------------------------------------------------------------------------------------------------------
#             Timing Point               Flags    Arc    Edge       Cell         Fanout  Load Trans Delay Arrival Instance 
#                                                                                        (fF)  (ps)  (ps)   (ps)  Location 
#--------------------------------------------------------------------------------------------------------------------------
  csm_inst_round_counter_reg[3]/clk      -       -       R     (arrival)            335     -     0     0       0    (-,-) 
  csm_inst_round_counter_reg[3]/q        (u)     clk->q  F     unmapped_d_flop      115 460.0     0   546     546    (-,-) 
  g22533/z                               (u)     in_0->z R     unmapped_nand2         3  12.0     0   189     735    (-,-) 
  g22383/z                               (u)     in_1->z F     unmapped_nand2         4  16.0     0   211     947    (-,-) 
  g22184/z                               (u)     in_0->z R     unmapped_nand2         1   4.0     0   122    1069    (-,-) 
  g21478/z                               (u)     in_1->z F     unmapped_nand2         2   8.0     0   166    1235    (-,-) 
  g22982/z                               (u)     in_0->z R     unmapped_complex2      1   4.0     0   122    1357    (-,-) 
  g20842/z                               (u)     in_0->z F     unmapped_nand2         1   4.0     0   122    1479    (-,-) 
  g20735/z                               (u)     in_1->z F     unmapped_or2           1   4.0     0   122    1601    (-,-) 
  g20631/z                               (u)     in_1->z F     unmapped_or2           1   4.0     0   122    1724    (-,-) 
  g20553/z                               (u)     in_0->z R     unmapped_nand2         1   4.0     0   122    1846    (-,-) 
  g23131/z                               (u)     in_0->z F     unmapped_complex2      2   8.0     0   166    2012    (-,-) 
  g23194/z                               (u)     in_0->z R     unmapped_complex2      1   4.0     0   122    2134    (-,-) 
  g20348/z                               (u)     in_1->z F     unmapped_nand2        13  52.0     0   271    2405    (-,-) 
  csm_inst_f_inst_sbox_inst_sbox8_g574/z (u)     in_0->z F     unmapped_complex2      3  12.0     0   189    2594    (-,-) 
  csm_inst_f_inst_sbox_inst_sbox8_g525/z (u)     in_1->z F     unmapped_complex2      4  16.0     0   211    2806    (-,-) 
  csm_inst_f_inst_sbox_inst_sbox8_g497/z (u)     in_0->z F     unmapped_or2           3  12.0     0   189    2995    (-,-) 
  csm_inst_f_inst_sbox_inst_sbox8_g484/z (u)     in_1->z F     unmapped_complex2      1   4.0     0   122    3117    (-,-) 
  csm_inst_f_inst_sbox_inst_sbox8_g450/z (u)     in_1->z R     unmapped_complex2      1   4.0     0   122    3239    (-,-) 
  csm_inst_f_inst_sbox_inst_sbox8_g446/z (u)     in_0->z R     unmapped_complex2      1   4.0     0   122    3362    (-,-) 
  csm_inst_f_inst_sbox_inst_sbox8_g436/z (u)     in_1->z R     unmapped_or2           1   4.0     0   122    3484    (-,-) 
  csm_inst_f_inst_sbox_inst_sbox8_g580/z (u)     in_1->z F     unmapped_nor2          2   8.0     0   166    3650    (-,-) 
  g5702/z                                (u)     in_1->z F     unmapped_complex2      1   4.0     0   122    3772    (-,-) 
  g5703/z                                (u)     in_1->z R     unmapped_nand2         1   4.0     0   122    3894    (-,-) 
  g5688/z                                (u)     in_1->z F     unmapped_complex2      1   4.0     0   122    4016    (-,-) 
  g5675/z                                (u)     in_1->z R     unmapped_complex2      1   4.0     0   122    4138    (-,-) 
  csm_inst_right_reg_reg[11]/d           -       -       R     unmapped_d_flop        1     -     -     0    4138    (-,-) 
#--------------------------------------------------------------------------------------------------------------------------

(u) : Net has unmapped pin(s).



Path 5: MET (5788 ps) Setup Check with Pin csm_inst_right_reg_reg[20]/clk->d
          Group: C2C
     Startpoint: (R) csm_inst_round_counter_reg[3]/clk
          Clock: (R) clk
       Endpoint: (R) csm_inst_right_reg_reg[20]/d
          Clock: (R) clk

                     Capture       Launch     
        Clock Edge:+   10000            0     
       Src Latency:+       0            0     
       Net Latency:+       0 (I)        0 (I) 
           Arrival:=   10000            0     
                                              
             Setup:-      75                  
     Required Time:=    9925                  
      Launch Clock:-       0                  
         Data Path:-    4137                  
             Slack:=    5788                  

#--------------------------------------------------------------------------------------------------------------------------
#             Timing Point               Flags    Arc    Edge       Cell         Fanout  Load Trans Delay Arrival Instance 
#                                                                                        (fF)  (ps)  (ps)   (ps)  Location 
#--------------------------------------------------------------------------------------------------------------------------
  csm_inst_round_counter_reg[3]/clk      -       -       R     (arrival)            335     -     0     0       0    (-,-) 
  csm_inst_round_counter_reg[3]/q        (u)     clk->q  F     unmapped_d_flop      115 460.0     0   546     546    (-,-) 
  g22519/z                               (u)     in_0->z R     unmapped_nand2         3  12.0     0   189     735    (-,-) 
  g22389/z                               (u)     in_1->z F     unmapped_nand2         3  12.0     0   189     925    (-,-) 
  g22704/z                               (u)     in_0->z R     unmapped_complex2      1   4.0     0   122    1047    (-,-) 
  g21307/z                               (u)     in_1->z F     unmapped_nand2         2   8.0     0   166    1213    (-,-) 
  g20923/z                               (u)     in_0->z R     unmapped_nand2         1   4.0     0   122    1335    (-,-) 
  g20878/z                               (u)     in_1->z F     unmapped_nand2         1   4.0     0   122    1457    (-,-) 
  g20756/z                               (u)     in_1->z F     unmapped_or2           1   4.0     0   122    1580    (-,-) 
  g20649/z                               (u)     in_1->z F     unmapped_or2           1   4.0     0   122    1702    (-,-) 
  g20541/z                               (u)     in_0->z R     unmapped_nand2         1   4.0     0   122    1824    (-,-) 
  g23127/z                               (u)     in_0->z F     unmapped_complex2      2   8.0     0   166    1990    (-,-) 
  g23186/z                               (u)     in_0->z R     unmapped_complex2      1   4.0     0   122    2112    (-,-) 
  g20333/z                               (u)     in_1->z F     unmapped_nand2        15  60.0     0   280    2392    (-,-) 
  csm_inst_f_inst_sbox_inst_sbox7_g607/z (u)     in_0->z R     unmapped_nand2         6  24.0     0   233    2626    (-,-) 
  csm_inst_f_inst_sbox_inst_sbox7_g585/z (u)     in_0->z F     unmapped_nand2        10  40.0     0   257    2882    (-,-) 
  csm_inst_f_inst_sbox_inst_sbox7_g539/z (u)     in_1->z R     unmapped_nand2         3  12.0     0   189    3072    (-,-) 
  csm_inst_f_inst_sbox_inst_sbox7_g511/z (u)     in_0->z F     unmapped_nand2         2   8.0     0   166    3238    (-,-) 
  csm_inst_f_inst_sbox_inst_sbox7_g497/z (u)     in_0->z R     unmapped_complex2      1   4.0     0   122    3360    (-,-) 
  csm_inst_f_inst_sbox_inst_sbox7_g482/z (u)     in_0->z F     unmapped_nand2         1   4.0     0   122    3482    (-,-) 
  csm_inst_f_inst_sbox_inst_sbox7_g472/z (u)     in_1->z F     unmapped_or2           2   8.0     0   166    3648    (-,-) 
  g5835/z                                (u)     in_1->z F     unmapped_complex2      1   4.0     0   122    3770    (-,-) 
  g5836/z                                (u)     in_1->z R     unmapped_nand2         1   4.0     0   122    3893    (-,-) 
  g5821/z                                (u)     in_1->z F     unmapped_complex2      1   4.0     0   122    4015    (-,-) 
  g5813/z                                (u)     in_1->z R     unmapped_complex2      1   4.0     0   122    4137    (-,-) 
  csm_inst_right_reg_reg[20]/d           -       -       R     unmapped_d_flop        1     -     -     0    4137    (-,-) 
#--------------------------------------------------------------------------------------------------------------------------

(u) : Net has unmapped pin(s).



Path 6: MET (5792 ps) Setup Check with Pin csm_inst_right_reg_reg[5]/clk->d
          Group: C2C
     Startpoint: (R) csm_inst_round_counter_reg[3]/clk
          Clock: (R) clk
       Endpoint: (R) csm_inst_right_reg_reg[5]/d
          Clock: (R) clk

                     Capture       Launch     
        Clock Edge:+   10000            0     
       Src Latency:+       0            0     
       Net Latency:+       0 (I)        0 (I) 
           Arrival:=   10000            0     
                                              
             Setup:-      75                  
     Required Time:=    9925                  
      Launch Clock:-       0                  
         Data Path:-    4133                  
             Slack:=    5792                  

#--------------------------------------------------------------------------------------------------------------------------
#             Timing Point               Flags    Arc    Edge       Cell         Fanout  Load Trans Delay Arrival Instance 
#                                                                                        (fF)  (ps)  (ps)   (ps)  Location 
#--------------------------------------------------------------------------------------------------------------------------
  csm_inst_round_counter_reg[3]/clk      -       -       R     (arrival)            335     -     0     0       0    (-,-) 
  csm_inst_round_counter_reg[3]/q        (u)     clk->q  F     unmapped_d_flop      115 460.0     0   546     546    (-,-) 
  g22501/z                               (u)     in_0->z F     unmapped_complex2      3  12.0     0   189     735    (-,-) 
  g22294/z                               (u)     in_1->z R     unmapped_nand2         4  16.0     0   211     947    (-,-) 
  g21649/z                               (u)     in_0->z F     unmapped_nand2         1   4.0     0   122    1069    (-,-) 
  g21375/z                               (u)     in_1->z R     unmapped_nand2         2   8.0     0   166    1235    (-,-) 
  g23085/z                               (u)     in_0->z F     unmapped_complex2      1   4.0     0   122    1357    (-,-) 
  g20851/z                               (u)     in_1->z R     unmapped_nand2         1   4.0     0   122    1479    (-,-) 
  g20679/z                               (u)     in_0->z R     unmapped_or2           1   4.0     0   122    1601    (-,-) 
  g20597/z                               (u)     in_1->z R     unmapped_or2           1   4.0     0   122    1724    (-,-) 
  g20559/z                               (u)     in_0->z F     unmapped_nand2         1   4.0     0   122    1846    (-,-) 
  g23159/z                               (u)     in_0->z R     unmapped_complex2      2   8.0     0   166    2012    (-,-) 
  g23250/z                               (u)     in_0->z F     unmapped_complex2      1   4.0     0   122    2134    (-,-) 
  g20444/z                               (u)     in_1->z R     unmapped_nand2        11  44.0     0   262    2396    (-,-) 
  csm_inst_f_inst_sbox_inst_sbox8_g579/z (u)     in_1->z R     unmapped_complex2      8  32.0     0   248    2643    (-,-) 
  csm_inst_f_inst_sbox_inst_sbox8_g524/z (u)     in_0->z R     unmapped_or2           5  20.0     0   224    2867    (-,-) 
  csm_inst_f_inst_sbox_inst_sbox8_g512/z (u)     in_0->z R     unmapped_or2           1   4.0     0   122    2989    (-,-) 
  csm_inst_f_inst_sbox_inst_sbox8_g486/z (u)     in_1->z F     unmapped_nand2         1   4.0     0   122    3111    (-,-) 
  csm_inst_f_inst_sbox_inst_sbox8_g448/z (u)     in_1->z F     unmapped_complex2      1   4.0     0   122    3234    (-,-) 
  csm_inst_f_inst_sbox_inst_sbox8_g443/z (u)     in_1->z F     unmapped_or2           1   4.0     0   122    3356    (-,-) 
  csm_inst_f_inst_sbox_inst_sbox8_g435/z (u)     in_0->z F     unmapped_or2           1   4.0     0   122    3478    (-,-) 
  csm_inst_f_inst_sbox_inst_sbox8_g428/z (u)     in_1->z F     unmapped_or2           2   8.0     0   166    3644    (-,-) 
  g5705/z                                (u)     in_1->z F     unmapped_complex2      1   4.0     0   122    3766    (-,-) 
  g5706/z                                (u)     in_1->z R     unmapped_nand2         1   4.0     0   122    3888    (-,-) 
  g5690/z                                (u)     in_1->z F     unmapped_complex2      1   4.0     0   122    4010    (-,-) 
  g5678/z                                (u)     in_1->z R     unmapped_complex2      1   4.0     0   122    4133    (-,-) 
  csm_inst_right_reg_reg[5]/d            -       -       R     unmapped_d_flop        1     -     -     0    4133    (-,-) 
#--------------------------------------------------------------------------------------------------------------------------

(u) : Net has unmapped pin(s).



Path 7: MET (5802 ps) Setup Check with Pin csm_inst_right_reg_reg[8]/clk->d
          Group: C2C
     Startpoint: (R) csm_inst_round_counter_reg[3]/clk
          Clock: (R) clk
       Endpoint: (R) csm_inst_right_reg_reg[8]/d
          Clock: (R) clk

                     Capture       Launch     
        Clock Edge:+   10000            0     
       Src Latency:+       0            0     
       Net Latency:+       0 (I)        0 (I) 
           Arrival:=   10000            0     
                                              
             Setup:-      75                  
     Required Time:=    9925                  
      Launch Clock:-       0                  
         Data Path:-    4122                  
             Slack:=    5802                  

#--------------------------------------------------------------------------------------------------------------------------
#             Timing Point               Flags    Arc    Edge       Cell         Fanout  Load Trans Delay Arrival Instance 
#                                                                                        (fF)  (ps)  (ps)   (ps)  Location 
#--------------------------------------------------------------------------------------------------------------------------
  csm_inst_round_counter_reg[3]/clk      -       -       R     (arrival)            335     -     0     0       0    (-,-) 
  csm_inst_round_counter_reg[3]/q        (u)     clk->q  R     unmapped_d_flop      115 460.0     0   546     546    (-,-) 
  g22588/z                               (u)     in_0->z F     unmapped_nand2         3  12.0     0   189     735    (-,-) 
  g22415/z                               (u)     in_1->z R     unmapped_nand2         4  16.0     0   211     947    (-,-) 
  g21913/z                               (u)     in_0->z F     unmapped_complex2      1   4.0     0   122    1069    (-,-) 
  g21485/z                               (u)     in_0->z R     unmapped_nand2         2   8.0     0   166    1235    (-,-) 
  g23026/z                               (u)     in_0->z F     unmapped_complex2      1   4.0     0   122    1357    (-,-) 
  g20889/z                               (u)     in_1->z R     unmapped_nand2         1   4.0     0   122    1479    (-,-) 
  g20749/z                               (u)     in_0->z R     unmapped_or2           1   4.0     0   122    1601    (-,-) 
  g20635/z                               (u)     in_1->z R     unmapped_or2           1   4.0     0   122    1724    (-,-) 
  g20562/z                               (u)     in_0->z F     unmapped_nand2         1   4.0     0   122    1846    (-,-) 
  g23143/z                               (u)     in_0->z R     unmapped_complex2      2   8.0     0   166    2012    (-,-) 
  g23218/z                               (u)     in_0->z F     unmapped_complex2      1   4.0     0   122    2134    (-,-) 
  g20390/z                               (u)     in_1->z R     unmapped_nand2        13  52.0     0   271    2405    (-,-) 
  csm_inst_f_inst_sbox_inst_sbox3_g566/z (u)     in_1->z F     unmapped_nand2         7  28.0     0   240    2645    (-,-) 
  csm_inst_f_inst_sbox_inst_sbox3_g506/z (u)     in_1->z R     unmapped_nand2         4  16.0     0   211    2856    (-,-) 
  csm_inst_f_inst_sbox_inst_sbox3_g491/z (u)     in_0->z F     unmapped_complex2      1   4.0     0   122    2979    (-,-) 
  csm_inst_f_inst_sbox_inst_sbox3_g465/z (u)     in_0->z R     unmapped_nand2         1   4.0     0   122    3101    (-,-) 
  csm_inst_f_inst_sbox_inst_sbox3_g448/z (u)     in_1->z F     unmapped_complex2      1   4.0     0   122    3223    (-,-) 
  csm_inst_f_inst_sbox_inst_sbox3_g439/z (u)     in_1->z R     unmapped_nand2         1   4.0     0   122    3345    (-,-) 
  csm_inst_f_inst_sbox_inst_sbox3_g434/z (u)     in_1->z R     unmapped_or2           1   4.0     0   122    3467    (-,-) 
  csm_inst_f_inst_sbox_inst_sbox3_g570/z (u)     in_1->z F     unmapped_nor2          2   8.0     0   166    3633    (-,-) 
  g5807/z                                (u)     in_1->z F     unmapped_complex2      1   4.0     0   122    3756    (-,-) 
  g5808/z                                (u)     in_1->z R     unmapped_nand2         1   4.0     0   122    3878    (-,-) 
  g5792/z                                (u)     in_1->z F     unmapped_complex2      1   4.0     0   122    4000    (-,-) 
  g5780/z                                (u)     in_1->z R     unmapped_complex2      1   4.0     0   122    4122    (-,-) 
  csm_inst_right_reg_reg[8]/d            -       -       R     unmapped_d_flop        1     -     -     0    4122    (-,-) 
#--------------------------------------------------------------------------------------------------------------------------

(u) : Net has unmapped pin(s).



Path 8: MET (5805 ps) Setup Check with Pin csm_inst_right_reg_reg[27]/clk->d
          Group: C2C
     Startpoint: (R) csm_inst_round_counter_reg[3]/clk
          Clock: (R) clk
       Endpoint: (R) csm_inst_right_reg_reg[27]/d
          Clock: (R) clk

                     Capture       Launch     
        Clock Edge:+   10000            0     
       Src Latency:+       0            0     
       Net Latency:+       0 (I)        0 (I) 
           Arrival:=   10000            0     
                                              
             Setup:-      75                  
     Required Time:=    9925                  
      Launch Clock:-       0                  
         Data Path:-    4120                  
             Slack:=    5805                  

#--------------------------------------------------------------------------------------------------------------------------
#             Timing Point               Flags    Arc    Edge       Cell         Fanout  Load Trans Delay Arrival Instance 
#                                                                                        (fF)  (ps)  (ps)   (ps)  Location 
#--------------------------------------------------------------------------------------------------------------------------
  csm_inst_round_counter_reg[3]/clk      -       -       R     (arrival)            335     -     0     0       0    (-,-) 
  csm_inst_round_counter_reg[3]/q        (u)     clk->q  F     unmapped_d_flop      115 460.0     0   546     546    (-,-) 
  g22505/z                               (u)     in_0->z F     unmapped_complex2      3  12.0     0   189     735    (-,-) 
  g22390/z                               (u)     in_1->z R     unmapped_nand2         4  16.0     0   211     947    (-,-) 
  g21495/z                               (u)     in_0->z F     unmapped_complex2      1   4.0     0   122    1069    (-,-) 
  g21148/z                               (u)     in_0->z R     unmapped_nand2         2   8.0     0   166    1235    (-,-) 
  g23016/z                               (u)     in_0->z F     unmapped_complex2      1   4.0     0   122    1357    (-,-) 
  g20894/z                               (u)     in_0->z R     unmapped_nand2         1   4.0     0   122    1479    (-,-) 
  g20671/z                               (u)     in_1->z R     unmapped_or2           1   4.0     0   122    1601    (-,-) 
  g20572/z                               (u)     in_1->z R     unmapped_or2           1   4.0     0   122    1724    (-,-) 
  g20558/z                               (u)     in_0->z F     unmapped_nand2         1   4.0     0   122    1846    (-,-) 
  g23140/z                               (u)     in_0->z R     unmapped_complex2      2   8.0     0   166    2012    (-,-) 
  g23212/z                               (u)     in_0->z F     unmapped_complex2      1   4.0     0   122    2134    (-,-) 
  g20378/z                               (u)     in_1->z R     unmapped_nand2        16  64.0     0   285    2419    (-,-) 
  csm_inst_f_inst_sbox_inst_sbox8_g567/z (u)     in_0->z F     unmapped_nand2         5  20.0     0   224    2643    (-,-) 
  csm_inst_f_inst_sbox_inst_sbox8_g557/z (u)     in_1->z F     unmapped_complex2      4  16.0     0   211    2854    (-,-) 
  csm_inst_f_inst_sbox_inst_sbox8_g514/z (u)     in_1->z F     unmapped_or2           1   4.0     0   122    2976    (-,-) 
  csm_inst_f_inst_sbox_inst_sbox8_g477/z (u)     in_1->z R     unmapped_nand2         1   4.0     0   122    3098    (-,-) 
  csm_inst_f_inst_sbox_inst_sbox8_g454/z (u)     in_0->z R     unmapped_complex2      1   4.0     0   122    3221    (-,-) 
  csm_inst_f_inst_sbox_inst_sbox8_g441/z (u)     in_0->z R     unmapped_or2           1   4.0     0   122    3343    (-,-) 
  csm_inst_f_inst_sbox_inst_sbox8_g437/z (u)     in_1->z R     unmapped_or2           1   4.0     0   122    3465    (-,-) 
  csm_inst_f_inst_sbox_inst_sbox8_g581/z (u)     in_1->z F     unmapped_nor2          2   8.0     0   166    3631    (-,-) 
  g5699/z                                (u)     in_1->z F     unmapped_complex2      1   4.0     0   122    3753    (-,-) 
  g5700/z                                (u)     in_1->z R     unmapped_nand2         1   4.0     0   122    3875    (-,-) 
  g5685/z                                (u)     in_1->z F     unmapped_complex2      1   4.0     0   122    3998    (-,-) 
  g5677/z                                (u)     in_1->z R     unmapped_complex2      1   4.0     0   122    4120    (-,-) 
  csm_inst_right_reg_reg[27]/d           -       -       R     unmapped_d_flop        1     -     -     0    4120    (-,-) 
#--------------------------------------------------------------------------------------------------------------------------

(u) : Net has unmapped pin(s).



Path 9: MET (5817 ps) Setup Check with Pin csm_inst_right_reg_reg[25]/clk->d
          Group: C2C
     Startpoint: (R) csm_inst_round_counter_reg[3]/clk
          Clock: (R) clk
       Endpoint: (R) csm_inst_right_reg_reg[25]/d
          Clock: (R) clk

                     Capture       Launch     
        Clock Edge:+   10000            0     
       Src Latency:+       0            0     
       Net Latency:+       0 (I)        0 (I) 
           Arrival:=   10000            0     
                                              
             Setup:-      75                  
     Required Time:=    9925                  
      Launch Clock:-       0                  
         Data Path:-    4108                  
             Slack:=    5817                  

#--------------------------------------------------------------------------------------------------------------------------
#             Timing Point               Flags    Arc    Edge       Cell         Fanout  Load Trans Delay Arrival Instance 
#                                                                                        (fF)  (ps)  (ps)   (ps)  Location 
#--------------------------------------------------------------------------------------------------------------------------
  csm_inst_round_counter_reg[3]/clk      -       -       R     (arrival)            335     -     0     0       0    (-,-) 
  csm_inst_round_counter_reg[3]/q        (u)     clk->q  R     unmapped_d_flop      115 460.0     0   546     546    (-,-) 
  g22549/z                               (u)     in_0->z R     unmapped_complex2      3  12.0     0   189     735    (-,-) 
  g22461/z                               (u)     in_1->z F     unmapped_nand2         4  16.0     0   211     947    (-,-) 
  g21524/z                               (u)     in_0->z R     unmapped_nand2         1   4.0     0   122    1069    (-,-) 
  g21197/z                               (u)     in_1->z F     unmapped_nand2         2   8.0     0   166    1235    (-,-) 
  g23101/z                               (u)     in_0->z R     unmapped_complex2      1   4.0     0   122    1357    (-,-) 
  g20810/z                               (u)     in_1->z F     unmapped_nand2         1   4.0     0   122    1479    (-,-) 
  g20745/z                               (u)     in_1->z F     unmapped_or2           1   4.0     0   122    1601    (-,-) 
  g20589/z                               (u)     in_1->z F     unmapped_or2           1   4.0     0   122    1724    (-,-) 
  g20569/z                               (u)     in_0->z R     unmapped_nand2         1   4.0     0   122    1846    (-,-) 
  g23163/z                               (u)     in_0->z F     unmapped_complex2      2   8.0     0   166    2012    (-,-) 
  g23258/z                               (u)     in_0->z R     unmapped_complex2      1   4.0     0   122    2134    (-,-) 
  g20456/z                               (u)     in_1->z F     unmapped_nand2        12  48.0     0   266    2400    (-,-) 
  csm_inst_f_inst_sbox_inst_sbox7_g102/z (u)     in_0->z F     unmapped_or2           9  36.0     0   252    2652    (-,-) 
  csm_inst_f_inst_sbox_inst_sbox7_g571/z (u)     in_0->z F     unmapped_or2           3  12.0     0   189    2842    (-,-) 
  csm_inst_f_inst_sbox_inst_sbox7_g525/z (u)     in_0->z F     unmapped_or2           1   4.0     0   122    2964    (-,-) 
  csm_inst_f_inst_sbox_inst_sbox7_g502/z (u)     in_1->z R     unmapped_nand2         1   4.0     0   122    3086    (-,-) 
  csm_inst_f_inst_sbox_inst_sbox7_g498/z (u)     in_0->z R     unmapped_complex2      1   4.0     0   122    3208    (-,-) 
  csm_inst_f_inst_sbox_inst_sbox7_g477/z (u)     in_1->z R     unmapped_or2           1   4.0     0   122    3331    (-,-) 
  csm_inst_f_inst_sbox_inst_sbox7_g475/z (u)     in_1->z R     unmapped_or2           1   4.0     0   122    3453    (-,-) 
  csm_inst_f_inst_sbox_inst_sbox7_g620/z (u)     in_1->z F     unmapped_nor2          2   8.0     0   166    3619    (-,-) 
  g5838/z                                (u)     in_1->z F     unmapped_complex2      1   4.0     0   122    3741    (-,-) 
  g5839/z                                (u)     in_1->z R     unmapped_nand2         1   4.0     0   122    3863    (-,-) 
  g5824/z                                (u)     in_1->z F     unmapped_complex2      1   4.0     0   122    3985    (-,-) 
  g5811/z                                (u)     in_1->z R     unmapped_complex2      1   4.0     0   122    4108    (-,-) 
  csm_inst_right_reg_reg[25]/d           -       -       R     unmapped_d_flop        1     -     -     0    4108    (-,-) 
#--------------------------------------------------------------------------------------------------------------------------

(u) : Net has unmapped pin(s).



Path 10: MET (5822 ps) Setup Check with Pin csm_inst_right_reg_reg[2]/clk->d
          Group: C2C
     Startpoint: (R) csm_inst_round_counter_reg[3]/clk
          Clock: (R) clk
       Endpoint: (R) csm_inst_right_reg_reg[2]/d
          Clock: (R) clk

                     Capture       Launch     
        Clock Edge:+   10000            0     
       Src Latency:+       0            0     
       Net Latency:+       0 (I)        0 (I) 
           Arrival:=   10000            0     
                                              
             Setup:-      75                  
     Required Time:=    9925                  
      Launch Clock:-       0                  
         Data Path:-    4102                  
             Slack:=    5822                  

#--------------------------------------------------------------------------------------------------------------------------
#             Timing Point               Flags    Arc    Edge       Cell         Fanout  Load Trans Delay Arrival Instance 
#                                                                                        (fF)  (ps)  (ps)   (ps)  Location 
#--------------------------------------------------------------------------------------------------------------------------
  csm_inst_round_counter_reg[3]/clk      -       -       R     (arrival)            335     -     0     0       0    (-,-) 
  csm_inst_round_counter_reg[3]/q        (u)     clk->q  R     unmapped_d_flop      115 460.0     0   546     546    (-,-) 
  g22591/z                               (u)     in_0->z R     unmapped_complex2      3  12.0     0   189     735    (-,-) 
  g22198/z                               (u)     in_1->z F     unmapped_nand2         4  16.0     0   211     947    (-,-) 
  g21751/z                               (u)     in_0->z R     unmapped_nand2         1   4.0     0   122    1069    (-,-) 
  g21189/z                               (u)     in_1->z F     unmapped_nand2         2   8.0     0   166    1235    (-,-) 
  g23004/z                               (u)     in_0->z R     unmapped_complex2      1   4.0     0   122    1357    (-,-) 
  g20879/z                               (u)     in_0->z F     unmapped_nand2         1   4.0     0   122    1479    (-,-) 
  g20742/z                               (u)     in_1->z F     unmapped_or2           1   4.0     0   122    1601    (-,-) 
  g20660/z                               (u)     in_1->z F     unmapped_or2           1   4.0     0   122    1724    (-,-) 
  g20568/z                               (u)     in_0->z R     unmapped_complex2      1   4.0     0   122    1846    (-,-) 
  g23137/z                               (u)     in_0->z F     unmapped_complex2      2   8.0     0   166    2012    (-,-) 
  g23206/z                               (u)     in_0->z R     unmapped_complex2      1   4.0     0   122    2134    (-,-) 
  g20369/z                               (u)     in_1->z F     unmapped_nand2        15  60.0     0   280    2414    (-,-) 
  csm_inst_f_inst_sbox_inst_sbox3_g554/z (u)     in_0->z F     unmapped_complex2      4  16.0     0   211    2626    (-,-) 
  csm_inst_f_inst_sbox_inst_sbox3_g539/z (u)     in_1->z R     unmapped_nand2         4  16.0     0   211    2837    (-,-) 
  csm_inst_f_inst_sbox_inst_sbox3_g505/z (u)     in_1->z R     unmapped_or2           1   4.0     0   122    2959    (-,-) 
  csm_inst_f_inst_sbox_inst_sbox3_g466/z (u)     in_1->z F     unmapped_nand2         1   4.0     0   122    3081    (-,-) 
  csm_inst_f_inst_sbox_inst_sbox3_g447/z (u)     in_0->z F     unmapped_complex2      1   4.0     0   122    3203    (-,-) 
  csm_inst_f_inst_sbox_inst_sbox3_g442/z (u)     in_1->z F     unmapped_or2           1   4.0     0   122    3326    (-,-) 
  csm_inst_f_inst_sbox_inst_sbox3_g437/z (u)     in_1->z F     unmapped_or2           1   4.0     0   122    3448    (-,-) 
  csm_inst_f_inst_sbox_inst_sbox3_g431/z (u)     in_1->z F     unmapped_or2           2   8.0     0   166    3614    (-,-) 
  g5804/z                                (u)     in_1->z F     unmapped_complex2      1   4.0     0   122    3736    (-,-) 
  g5805/z                                (u)     in_1->z R     unmapped_nand2         1   4.0     0   122    3858    (-,-) 
  g5790/z                                (u)     in_1->z F     unmapped_complex2      1   4.0     0   122    3980    (-,-) 
  g5777/z                                (u)     in_1->z R     unmapped_complex2      1   4.0     0   122    4102    (-,-) 
  csm_inst_right_reg_reg[2]/d            -       -       R     unmapped_d_flop        1     -     -     0    4102    (-,-) 
#--------------------------------------------------------------------------------------------------------------------------

(u) : Net has unmapped pin(s).



Path 11: MET (5831 ps) Setup Check with Pin csm_inst_right_reg_reg[21]/clk->d
          Group: C2C
     Startpoint: (R) csm_inst_round_counter_reg[3]/clk
          Clock: (R) clk
       Endpoint: (R) csm_inst_right_reg_reg[21]/d
          Clock: (R) clk

                     Capture       Launch     
        Clock Edge:+   10000            0     
       Src Latency:+       0            0     
       Net Latency:+       0 (I)        0 (I) 
           Arrival:=   10000            0     
                                              
             Setup:-      75                  
     Required Time:=    9925                  
      Launch Clock:-       0                  
         Data Path:-    4093                  
             Slack:=    5831                  

#--------------------------------------------------------------------------------------------------------------------------
#             Timing Point               Flags    Arc    Edge       Cell         Fanout  Load Trans Delay Arrival Instance 
#                                                                                        (fF)  (ps)  (ps)   (ps)  Location 
#--------------------------------------------------------------------------------------------------------------------------
  csm_inst_round_counter_reg[3]/clk      -       -       R     (arrival)            335     -     0     0       0    (-,-) 
  csm_inst_round_counter_reg[3]/q        (u)     clk->q  R     unmapped_d_flop      115 460.0     0   546     546    (-,-) 
  g22533/z                               (u)     in_0->z F     unmapped_nand2         3  12.0     0   189     735    (-,-) 
  g22437/z                               (u)     in_1->z R     unmapped_nand2         4  16.0     0   211     947    (-,-) 
  g21779/z                               (u)     in_0->z F     unmapped_nand2         1   4.0     0   122    1069    (-,-) 
  g21223/z                               (u)     in_1->z R     unmapped_nand2         2   8.0     0   166    1235    (-,-) 
  g23023/z                               (u)     in_0->z F     unmapped_complex2      1   4.0     0   122    1357    (-,-) 
  g20814/z                               (u)     in_1->z R     unmapped_nand2         1   4.0     0   122    1479    (-,-) 
  g20751/z                               (u)     in_1->z R     unmapped_or2           1   4.0     0   122    1601    (-,-) 
  g20600/z                               (u)     in_1->z R     unmapped_or2           1   4.0     0   122    1724    (-,-) 
  g20543/z                               (u)     in_0->z F     unmapped_complex2      1   4.0     0   122    1846    (-,-) 
  g23142/z                               (u)     in_0->z R     unmapped_complex2      2   8.0     0   166    2012    (-,-) 
  g23216/z                               (u)     in_0->z F     unmapped_complex2      1   4.0     0   122    2134    (-,-) 
  g20387/z                               (u)     in_1->z R     unmapped_nand2        15  60.0     0   280    2414    (-,-) 
  csm_inst_f_inst_sbox_inst_sbox6_g620/z (u)     in_0->z F     unmapped_nand2         5  20.0     0   224    2638    (-,-) 
  csm_inst_f_inst_sbox_inst_sbox6_g605/z (u)     in_0->z F     unmapped_or2           3  12.0     0   189    2828    (-,-) 
  csm_inst_f_inst_sbox_inst_sbox6_g551/z (u)     in_0->z F     unmapped_or2           1   4.0     0   122    2950    (-,-) 
  csm_inst_f_inst_sbox_inst_sbox6_g510/z (u)     in_1->z R     unmapped_nand2         1   4.0     0   122    3072    (-,-) 
  csm_inst_f_inst_sbox_inst_sbox6_g500/z (u)     in_0->z R     unmapped_complex2      1   4.0     0   122    3194    (-,-) 
  csm_inst_f_inst_sbox_inst_sbox6_g492/z (u)     in_1->z R     unmapped_or2           1   4.0     0   122    3316    (-,-) 
  csm_inst_f_inst_sbox_inst_sbox6_g483/z (u)     in_0->z R     unmapped_or2           1   4.0     0   122    3438    (-,-) 
  csm_inst_f_inst_sbox_inst_sbox6_g630/z (u)     in_0->z F     unmapped_nor2          2   8.0     0   166    3604    (-,-) 
  g5770/z                                (u)     in_1->z F     unmapped_complex2      1   4.0     0   122    3727    (-,-) 
  g5771/z                                (u)     in_1->z R     unmapped_nand2         1   4.0     0   122    3849    (-,-) 
  g5756/z                                (u)     in_1->z F     unmapped_complex2      1   4.0     0   122    3971    (-,-) 
  g5743/z                                (u)     in_1->z R     unmapped_complex2      1   4.0     0   122    4093    (-,-) 
  csm_inst_right_reg_reg[21]/d           -       -       R     unmapped_d_flop        1     -     -     0    4093    (-,-) 
#--------------------------------------------------------------------------------------------------------------------------

(u) : Net has unmapped pin(s).



Path 12: MET (5833 ps) Setup Check with Pin csm_inst_right_reg_reg[13]/clk->d
          Group: C2C
     Startpoint: (R) csm_inst_round_counter_reg[3]/clk
          Clock: (R) clk
       Endpoint: (R) csm_inst_right_reg_reg[13]/d
          Clock: (R) clk

                     Capture       Launch     
        Clock Edge:+   10000            0     
       Src Latency:+       0            0     
       Net Latency:+       0 (I)        0 (I) 
           Arrival:=   10000            0     
                                              
             Setup:-      75                  
     Required Time:=    9925                  
      Launch Clock:-       0                  
         Data Path:-    4092                  
             Slack:=    5833                  

#--------------------------------------------------------------------------------------------------------------------------
#             Timing Point               Flags    Arc    Edge       Cell         Fanout  Load Trans Delay Arrival Instance 
#                                                                                        (fF)  (ps)  (ps)   (ps)  Location 
#--------------------------------------------------------------------------------------------------------------------------
  csm_inst_round_counter_reg[3]/clk      -       -       R     (arrival)            335     -     0     0       0    (-,-) 
  csm_inst_round_counter_reg[3]/q        (u)     clk->q  F     unmapped_d_flop      115 460.0     0   546     546    (-,-) 
  g22502/z                               (u)     in_0->z F     unmapped_complex2      3  12.0     0   189     735    (-,-) 
  g22302/z                               (u)     in_1->z R     unmapped_nand2         4  16.0     0   211     947    (-,-) 
  g21585/z                               (u)     in_0->z F     unmapped_nand2         1   4.0     0   122    1069    (-,-) 
  g21279/z                               (u)     in_1->z R     unmapped_nand2         2   8.0     0   166    1235    (-,-) 
  g23082/z                               (u)     in_0->z F     unmapped_complex2      1   4.0     0   122    1357    (-,-) 
  g20818/z                               (u)     in_1->z R     unmapped_nand2         1   4.0     0   122    1479    (-,-) 
  g20764/z                               (u)     in_0->z R     unmapped_or2           1   4.0     0   122    1601    (-,-) 
  g20629/z                               (u)     in_1->z R     unmapped_or2           1   4.0     0   122    1724    (-,-) 
  g20554/z                               (u)     in_0->z F     unmapped_complex2      1   4.0     0   122    1846    (-,-) 
  g23158/z                               (u)     in_0->z R     unmapped_complex2      2   8.0     0   166    2012    (-,-) 
  g23248/z                               (u)     in_0->z F     unmapped_complex2      1   4.0     0   122    2134    (-,-) 
  g20441/z                               (u)     in_1->z R     unmapped_nand2        13  52.0     0   271    2405    (-,-) 
  csm_inst_f_inst_sbox_inst_sbox6_g617/z (u)     in_1->z F     unmapped_nand2         4  16.0     0   211    2616    (-,-) 
  csm_inst_f_inst_sbox_inst_sbox6_g575/z (u)     in_0->z F     unmapped_or2           2   8.0     0   166    2782    (-,-) 
  csm_inst_f_inst_sbox_inst_sbox6_g552/z (u)     in_0->z F     unmapped_or2           2   8.0     0   166    2948    (-,-) 
  csm_inst_f_inst_sbox_inst_sbox6_g530/z (u)     in_1->z F     unmapped_complex2      1   4.0     0   122    3070    (-,-) 
  csm_inst_f_inst_sbox_inst_sbox6_g501/z (u)     in_0->z R     unmapped_nand2         1   4.0     0   122    3192    (-,-) 
  csm_inst_f_inst_sbox_inst_sbox6_g487/z (u)     in_0->z R     unmapped_complex2      1   4.0     0   122    3315    (-,-) 
  csm_inst_f_inst_sbox_inst_sbox6_g482/z (u)     in_1->z R     unmapped_or2           1   4.0     0   122    3437    (-,-) 
  csm_inst_f_inst_sbox_inst_sbox6_g631/z (u)     in_0->z F     unmapped_nor2          2   8.0     0   166    3603    (-,-) 
  g5764/z                                (u)     in_1->z F     unmapped_complex2      1   4.0     0   122    3725    (-,-) 
  g5765/z                                (u)     in_1->z R     unmapped_nand2         1   4.0     0   122    3847    (-,-) 
  g5751/z                                (u)     in_1->z F     unmapped_complex2      1   4.0     0   122    3970    (-,-) 
  g5744/z                                (u)     in_1->z R     unmapped_complex2      1   4.0     0   122    4092    (-,-) 
  csm_inst_right_reg_reg[13]/d           -       -       R     unmapped_d_flop        1     -     -     0    4092    (-,-) 
#--------------------------------------------------------------------------------------------------------------------------

(u) : Net has unmapped pin(s).



Path 13: MET (5848 ps) Setup Check with Pin csm_inst_right_reg_reg[26]/clk->d
          Group: C2C
     Startpoint: (R) csm_inst_round_counter_reg[3]/clk
          Clock: (R) clk
       Endpoint: (R) csm_inst_right_reg_reg[26]/d
          Clock: (R) clk

                     Capture       Launch     
        Clock Edge:+   10000            0     
       Src Latency:+       0            0     
       Net Latency:+       0 (I)        0 (I) 
           Arrival:=   10000            0     
                                              
             Setup:-      75                  
     Required Time:=    9925                  
      Launch Clock:-       0                  
         Data Path:-    4077                  
             Slack:=    5848                  

#--------------------------------------------------------------------------------------------------------------------------
#             Timing Point               Flags    Arc    Edge       Cell         Fanout  Load Trans Delay Arrival Instance 
#                                                                                        (fF)  (ps)  (ps)   (ps)  Location 
#--------------------------------------------------------------------------------------------------------------------------
  csm_inst_round_counter_reg[3]/clk      -       -       R     (arrival)            335     -     0     0       0    (-,-) 
  csm_inst_round_counter_reg[3]/q        (u)     clk->q  R     unmapped_d_flop      115 460.0     0   546     546    (-,-) 
  g22578/z                               (u)     in_0->z R     unmapped_complex2      3  12.0     0   189     735    (-,-) 
  g22238/z                               (u)     in_1->z F     unmapped_nand2         4  16.0     0   211     947    (-,-) 
  g21668/z                               (u)     in_0->z R     unmapped_nand2         1   4.0     0   122    1069    (-,-) 
  g21403/z                               (u)     in_1->z F     unmapped_nand2         2   8.0     0   166    1235    (-,-) 
  g23075/z                               (u)     in_0->z R     unmapped_complex2      1   4.0     0   122    1357    (-,-) 
  g20853/z                               (u)     in_1->z F     unmapped_nand2         1   4.0     0   122    1479    (-,-) 
  g20763/z                               (u)     in_1->z F     unmapped_or2           1   4.0     0   122    1601    (-,-) 
  g20576/z                               (u)     in_1->z F     unmapped_or2           1   4.0     0   122    1724    (-,-) 
  g20534/z                               (u)     in_0->z R     unmapped_complex2      1   4.0     0   122    1846    (-,-) 
  g23156/z                               (u)     in_0->z F     unmapped_complex2      2   8.0     0   166    2012    (-,-) 
  g23244/z                               (u)     in_0->z R     unmapped_complex2      1   4.0     0   122    2134    (-,-) 
  g20435/z                               (u)     in_1->z F     unmapped_nand2        17  68.0     0   287    2421    (-,-) 
  csm_inst_f_inst_sbox_inst_sbox3_g558/z (u)     in_0->z F     unmapped_or2           2   8.0     0   166    2587    (-,-) 
  csm_inst_f_inst_sbox_inst_sbox3_g559/z (u)     in_1->z R     unmapped_nand2         5  20.0     0   224    2811    (-,-) 
  csm_inst_f_inst_sbox_inst_sbox3_g523/z (u)     in_1->z R     unmapped_or2           1   4.0     0   122    2933    (-,-) 
  csm_inst_f_inst_sbox_inst_sbox3_g504/z (u)     in_0->z F     unmapped_nand2         1   4.0     0   122    3055    (-,-) 
  csm_inst_f_inst_sbox_inst_sbox3_g458/z (u)     in_0->z R     unmapped_complex2      1   4.0     0   122    3178    (-,-) 
  csm_inst_f_inst_sbox_inst_sbox3_g443/z (u)     in_1->z F     unmapped_complex2      1   4.0     0   122    3300    (-,-) 
  csm_inst_f_inst_sbox_inst_sbox3_g436/z (u)     in_1->z F     unmapped_or2           1   4.0     0   122    3422    (-,-) 
  csm_inst_f_inst_sbox_inst_sbox3_g430/z (u)     in_1->z F     unmapped_or2           2   8.0     0   166    3588    (-,-) 
  g5801/z                                (u)     in_1->z F     unmapped_complex2      1   4.0     0   122    3710    (-,-) 
  g5802/z                                (u)     in_1->z R     unmapped_nand2         1   4.0     0   122    3832    (-,-) 
  g5787/z                                (u)     in_1->z F     unmapped_complex2      1   4.0     0   122    3954    (-,-) 
  g5779/z                                (u)     in_1->z R     unmapped_complex2      1   4.0     0   122    4077    (-,-) 
  csm_inst_right_reg_reg[26]/d           -       -       R     unmapped_d_flop        1     -     -     0    4077    (-,-) 
#--------------------------------------------------------------------------------------------------------------------------

(u) : Net has unmapped pin(s).



Path 14: MET (5850 ps) Setup Check with Pin csm_inst_right_reg_reg[15]/clk->d
          Group: C2C
     Startpoint: (R) csm_inst_round_counter_reg[3]/clk
          Clock: (R) clk
       Endpoint: (R) csm_inst_right_reg_reg[15]/d
          Clock: (R) clk

                     Capture       Launch     
        Clock Edge:+   10000            0     
       Src Latency:+       0            0     
       Net Latency:+       0 (I)        0 (I) 
           Arrival:=   10000            0     
                                              
             Setup:-      75                  
     Required Time:=    9925                  
      Launch Clock:-       0                  
         Data Path:-    4075                  
             Slack:=    5850                  

#---------------------------------------------------------------------------------------------------------------------
#           Timing Point            Flags    Arc    Edge       Cell         Fanout  Load Trans Delay Arrival Instance 
#                                                                                   (fF)  (ps)  (ps)   (ps)  Location 
#---------------------------------------------------------------------------------------------------------------------
  csm_inst_round_counter_reg[3]/clk -       -       R     (arrival)            335     -     0     0       0    (-,-) 
  csm_inst_round_counter_reg[3]/q   (u)     clk->q  F     unmapped_d_flop      115 460.0     0   546     546    (-,-) 
  g22606/z                          (u)     in_0->z F     unmapped_complex2      3  12.0     0   189     735    (-,-) 
  g22432/z                          (u)     in_1->z R     unmapped_nand2         4  16.0     0   211     947    (-,-) 
  g21821/z                          (u)     in_0->z F     unmapped_nand2         1   4.0     0   122    1069    (-,-) 
  g21311/z                          (u)     in_1->z R     unmapped_nand2         2   8.0     0   166    1235    (-,-) 
  g22951/z                          (u)     in_0->z F     unmapped_complex2      1   4.0     0   122    1357    (-,-) 
  g20850/z                          (u)     in_1->z R     unmapped_nand2         1   4.0     0   122    1479    (-,-) 
  g20758/z                          (u)     in_0->z R     unmapped_or2           1   4.0     0   122    1601    (-,-) 
  g20663/z                          (u)     in_1->z R     unmapped_or2           1   4.0     0   122    1724    (-,-) 
  g20518/z                          (u)     in_0->z F     unmapped_nand2         1   4.0     0   122    1846    (-,-) 
  g23123/z                          (u)     in_0->z R     unmapped_complex2      2   8.0     0   166    2012    (-,-) 
  g23178/z                          (u)     in_0->z F     unmapped_complex2      1   4.0     0   122    2134    (-,-) 
  g20426/z                          (u)     in_1->z R     unmapped_nand2        14  56.0     0   276    2410    (-,-) 
  g20304/z                          (u)     in_0->z R     unmapped_or2           3  12.0     0   189    2599    (-,-) 
  g20289/z                          (u)     in_0->z R     unmapped_or2           2   8.0     0   166    2765    (-,-) 
  g23272/z                          (u)     in_0->z R     unmapped_complex2      2   8.0     0   166    2931    (-,-) 
  g20223/z                          (u)     in_1->z F     unmapped_nand2         1   4.0     0   122    3053    (-,-) 
  g23283/z                          (u)     in_0->z F     unmapped_complex2      1   4.0     0   122    3175    (-,-) 
  g20177/z                          (u)     in_1->z F     unmapped_or2           1   4.0     0   122    3298    (-,-) 
  g20174/z                          (u)     in_0->z F     unmapped_or2           1   4.0     0   122    3420    (-,-) 
  g20165/z                          (u)     in_1->z F     unmapped_or2           2   8.0     0   166    3586    (-,-) 
  g20158/z                          (u)     in_0->z F     unmapped_complex2      1   4.0     0   122    3708    (-,-) 
  g20159/z                          (u)     in_1->z R     unmapped_nand2         1   4.0     0   122    3830    (-,-) 
  g20155/z                          (u)     in_0->z F     unmapped_complex2      1   4.0     0   122    3952    (-,-) 
  g23288/z                          (u)     in_0->z R     unmapped_complex2      1   4.0     0   122    4075    (-,-) 
  csm_inst_right_reg_reg[15]/d      -       -       R     unmapped_d_flop        1     -     -     0    4075    (-,-) 
#---------------------------------------------------------------------------------------------------------------------

(u) : Net has unmapped pin(s).



Path 15: MET (5850 ps) Setup Check with Pin csm_inst_right_reg_reg[9]/clk->d
          Group: C2C
     Startpoint: (R) csm_inst_round_counter_reg[3]/clk
          Clock: (R) clk
       Endpoint: (R) csm_inst_right_reg_reg[9]/d
          Clock: (R) clk

                     Capture       Launch     
        Clock Edge:+   10000            0     
       Src Latency:+       0            0     
       Net Latency:+       0 (I)        0 (I) 
           Arrival:=   10000            0     
                                              
             Setup:-      75                  
     Required Time:=    9925                  
      Launch Clock:-       0                  
         Data Path:-    4075                  
             Slack:=    5850                  

#---------------------------------------------------------------------------------------------------------------------
#           Timing Point            Flags    Arc    Edge       Cell         Fanout  Load Trans Delay Arrival Instance 
#                                                                                   (fF)  (ps)  (ps)   (ps)  Location 
#---------------------------------------------------------------------------------------------------------------------
  csm_inst_round_counter_reg[3]/clk -       -       R     (arrival)            335     -     0     0       0    (-,-) 
  csm_inst_round_counter_reg[3]/q   (u)     clk->q  F     unmapped_d_flop      115 460.0     0   546     546    (-,-) 
  g22606/z                          (u)     in_0->z F     unmapped_complex2      3  12.0     0   189     735    (-,-) 
  g22432/z                          (u)     in_1->z R     unmapped_nand2         4  16.0     0   211     947    (-,-) 
  g21821/z                          (u)     in_0->z F     unmapped_nand2         1   4.0     0   122    1069    (-,-) 
  g21311/z                          (u)     in_1->z R     unmapped_nand2         2   8.0     0   166    1235    (-,-) 
  g22951/z                          (u)     in_0->z F     unmapped_complex2      1   4.0     0   122    1357    (-,-) 
  g20850/z                          (u)     in_1->z R     unmapped_nand2         1   4.0     0   122    1479    (-,-) 
  g20758/z                          (u)     in_0->z R     unmapped_or2           1   4.0     0   122    1601    (-,-) 
  g20663/z                          (u)     in_1->z R     unmapped_or2           1   4.0     0   122    1724    (-,-) 
  g20518/z                          (u)     in_0->z F     unmapped_nand2         1   4.0     0   122    1846    (-,-) 
  g23123/z                          (u)     in_0->z R     unmapped_complex2      2   8.0     0   166    2012    (-,-) 
  g23178/z                          (u)     in_0->z F     unmapped_complex2      1   4.0     0   122    2134    (-,-) 
  g20426/z                          (u)     in_1->z R     unmapped_nand2        14  56.0     0   276    2410    (-,-) 
  g20304/z                          (u)     in_0->z R     unmapped_or2           3  12.0     0   189    2599    (-,-) 
  g20289/z                          (u)     in_0->z R     unmapped_or2           2   8.0     0   166    2765    (-,-) 
  g23272/z                          (u)     in_0->z R     unmapped_complex2      2   8.0     0   166    2931    (-,-) 
  g23280/z                          (u)     in_1->z R     unmapped_complex2      1   4.0     0   122    3053    (-,-) 
  g20198/z                          (u)     in_1->z F     unmapped_nand2         1   4.0     0   122    3175    (-,-) 
  g20180/z                          (u)     in_1->z F     unmapped_or2           1   4.0     0   122    3298    (-,-) 
  g20176/z                          (u)     in_1->z F     unmapped_or2           1   4.0     0   122    3420    (-,-) 
  g20166/z                          (u)     in_1->z F     unmapped_or2           2   8.0     0   166    3586    (-,-) 
  g20161/z                          (u)     in_0->z F     unmapped_complex2      1   4.0     0   122    3708    (-,-) 
  g20162/z                          (u)     in_1->z R     unmapped_nand2         1   4.0     0   122    3830    (-,-) 
  g20156/z                          (u)     in_0->z F     unmapped_complex2      1   4.0     0   122    3952    (-,-) 
  g23289/z                          (u)     in_0->z R     unmapped_complex2      1   4.0     0   122    4075    (-,-) 
  csm_inst_right_reg_reg[9]/d       -       -       R     unmapped_d_flop        1     -     -     0    4075    (-,-) 
#---------------------------------------------------------------------------------------------------------------------

(u) : Net has unmapped pin(s).



Path 16: MET (5853 ps) Setup Check with Pin csm_inst_right_reg_reg[19]/clk->d
          Group: C2C
     Startpoint: (R) csm_inst_round_counter_reg[3]/clk
          Clock: (R) clk
       Endpoint: (R) csm_inst_right_reg_reg[19]/d
          Clock: (R) clk

                     Capture       Launch     
        Clock Edge:+   10000            0     
       Src Latency:+       0            0     
       Net Latency:+       0 (I)        0 (I) 
           Arrival:=   10000            0     
                                              
             Setup:-      75                  
     Required Time:=    9925                  
      Launch Clock:-       0                  
         Data Path:-    4071                  
             Slack:=    5853                  

#--------------------------------------------------------------------------------------------------------------------------
#             Timing Point               Flags    Arc    Edge       Cell         Fanout  Load Trans Delay Arrival Instance 
#                                                                                        (fF)  (ps)  (ps)   (ps)  Location 
#--------------------------------------------------------------------------------------------------------------------------
  csm_inst_round_counter_reg[3]/clk      -       -       R     (arrival)            335     -     0     0       0    (-,-) 
  csm_inst_round_counter_reg[3]/q        (u)     clk->q  F     unmapped_d_flop      115 460.0     0   546     546    (-,-) 
  g22588/z                               (u)     in_0->z R     unmapped_nand2         3  12.0     0   189     735    (-,-) 
  g22415/z                               (u)     in_1->z F     unmapped_nand2         4  16.0     0   211     947    (-,-) 
  g21718/z                               (u)     in_0->z R     unmapped_nand2         1   4.0     0   122    1069    (-,-) 
  g21476/z                               (u)     in_1->z F     unmapped_nand2         2   8.0     0   166    1235    (-,-) 
  g23012/z                               (u)     in_0->z R     unmapped_complex2      1   4.0     0   122    1357    (-,-) 
  g20806/z                               (u)     in_0->z F     unmapped_nand2         1   4.0     0   122    1479    (-,-) 
  g20738/z                               (u)     in_1->z F     unmapped_or2           1   4.0     0   122    1601    (-,-) 
  g20574/z                               (u)     in_1->z F     unmapped_or2           1   4.0     0   122    1724    (-,-) 
  g20539/z                               (u)     in_0->z R     unmapped_nand2         1   4.0     0   122    1846    (-,-) 
  g23139/z                               (u)     in_0->z F     unmapped_complex2      2   8.0     0   166    2012    (-,-) 
  g23210/z                               (u)     in_0->z R     unmapped_complex2      1   4.0     0   122    2134    (-,-) 
  g20375/z                               (u)     in_1->z F     unmapped_nand2        13  52.0     0   271    2405    (-,-) 
  csm_inst_f_inst_sbox_inst_sbox2_g766/z (u)     in_0->z F     unmapped_or2           3  12.0     0   189    2594    (-,-) 
  csm_inst_f_inst_sbox_inst_sbox2_g750/z (u)     in_0->z F     unmapped_or2           4  16.0     0   211    2806    (-,-) 
  csm_inst_f_inst_sbox_inst_sbox2_g705/z (u)     in_1->z F     unmapped_complex2      1   4.0     0   122    2928    (-,-) 
  csm_inst_f_inst_sbox_inst_sbox2_g670/z (u)     in_0->z R     unmapped_nand2         1   4.0     0   122    3050    (-,-) 
  csm_inst_f_inst_sbox_inst_sbox2_g653/z (u)     in_1->z F     unmapped_complex2      1   4.0     0   122    3172    (-,-) 
  csm_inst_f_inst_sbox_inst_sbox2_g648/z (u)     in_0->z R     unmapped_nand2         1   4.0     0   122    3294    (-,-) 
  csm_inst_f_inst_sbox_inst_sbox2_g643/z (u)     in_1->z R     unmapped_or2           1   4.0     0   122    3416    (-,-) 
  csm_inst_f_inst_sbox_inst_sbox2_g791/z (u)     in_1->z F     unmapped_nor2          2   8.0     0   166    3582    (-,-) 
  g5733/z                                (u)     in_1->z F     unmapped_complex2      1   4.0     0   122    3705    (-,-) 
  g5734/z                                (u)     in_1->z R     unmapped_nand2         1   4.0     0   122    3827    (-,-) 
  g5719/z                                (u)     in_1->z F     unmapped_complex2      1   4.0     0   122    3949    (-,-) 
  g5711/z                                (u)     in_1->z R     unmapped_complex2      1   4.0     0   122    4071    (-,-) 
  csm_inst_right_reg_reg[19]/d           -       -       R     unmapped_d_flop        1     -     -     0    4071    (-,-) 
#--------------------------------------------------------------------------------------------------------------------------

(u) : Net has unmapped pin(s).



Path 17: MET (5855 ps) Setup Check with Pin csm_inst_right_reg_reg[30]/clk->d
          Group: C2C
     Startpoint: (R) csm_inst_round_counter_reg[3]/clk
          Clock: (R) clk
       Endpoint: (R) csm_inst_right_reg_reg[30]/d
          Clock: (R) clk

                     Capture       Launch     
        Clock Edge:+   10000            0     
       Src Latency:+       0            0     
       Net Latency:+       0 (I)        0 (I) 
           Arrival:=   10000            0     
                                              
             Setup:-      75                  
     Required Time:=    9925                  
      Launch Clock:-       0                  
         Data Path:-    4070                  
             Slack:=    5855                  

#--------------------------------------------------------------------------------------------------------------------------
#             Timing Point               Flags    Arc    Edge       Cell         Fanout  Load Trans Delay Arrival Instance 
#                                                                                        (fF)  (ps)  (ps)   (ps)  Location 
#--------------------------------------------------------------------------------------------------------------------------
  csm_inst_round_counter_reg[3]/clk      -       -       R     (arrival)            335     -     0     0       0    (-,-) 
  csm_inst_round_counter_reg[3]/q        (u)     clk->q  R     unmapped_d_flop      115 460.0     0   546     546    (-,-) 
  g22588/z                               (u)     in_0->z F     unmapped_nand2         3  12.0     0   189     735    (-,-) 
  g22415/z                               (u)     in_1->z R     unmapped_nand2         4  16.0     0   211     947    (-,-) 
  g21718/z                               (u)     in_0->z F     unmapped_nand2         1   4.0     0   122    1069    (-,-) 
  g21476/z                               (u)     in_1->z R     unmapped_nand2         2   8.0     0   166    1235    (-,-) 
  g23012/z                               (u)     in_0->z F     unmapped_complex2      1   4.0     0   122    1357    (-,-) 
  g20806/z                               (u)     in_0->z R     unmapped_nand2         1   4.0     0   122    1479    (-,-) 
  g20738/z                               (u)     in_1->z R     unmapped_or2           1   4.0     0   122    1601    (-,-) 
  g20574/z                               (u)     in_1->z R     unmapped_or2           1   4.0     0   122    1724    (-,-) 
  g20539/z                               (u)     in_0->z F     unmapped_nand2         1   4.0     0   122    1846    (-,-) 
  g23139/z                               (u)     in_0->z R     unmapped_complex2      2   8.0     0   166    2012    (-,-) 
  g23210/z                               (u)     in_0->z F     unmapped_complex2      1   4.0     0   122    2134    (-,-) 
  g20375/z                               (u)     in_1->z R     unmapped_nand2        13  52.0     0   271    2405    (-,-) 
  csm_inst_f_inst_sbox_inst_sbox2_g789/z (u)     in_0->z F     unmapped_complex2      2   8.0     0   166    2571    (-,-) 
  csm_inst_f_inst_sbox_inst_sbox2_g778/z (u)     in_0->z R     unmapped_nand2         3  12.0     0   189    2760    (-,-) 
  csm_inst_f_inst_sbox_inst_sbox2_g756/z (u)     in_1->z R     unmapped_complex2      2   8.0     0   166    2926    (-,-) 
  csm_inst_f_inst_sbox_inst_sbox2_g697/z (u)     in_0->z R     unmapped_or2           1   4.0     0   122    3048    (-,-) 
  csm_inst_f_inst_sbox_inst_sbox2_g678/z (u)     in_1->z F     unmapped_nand2         1   4.0     0   122    3171    (-,-) 
  csm_inst_f_inst_sbox_inst_sbox2_g649/z (u)     in_0->z F     unmapped_or2           1   4.0     0   122    3293    (-,-) 
  csm_inst_f_inst_sbox_inst_sbox2_g644/z (u)     in_1->z F     unmapped_or2           1   4.0     0   122    3415    (-,-) 
  csm_inst_f_inst_sbox_inst_sbox2_g637/z (u)     in_1->z F     unmapped_or2           2   8.0     0   166    3581    (-,-) 
  g5739/z                                (u)     in_1->z F     unmapped_complex2      1   4.0     0   122    3703    (-,-) 
  g5740/z                                (u)     in_1->z R     unmapped_nand2         1   4.0     0   122    3826    (-,-) 
  g5724/z                                (u)     in_1->z F     unmapped_complex2      1   4.0     0   122    3948    (-,-) 
  g5712/z                                (u)     in_1->z R     unmapped_complex2      1   4.0     0   122    4070    (-,-) 
  csm_inst_right_reg_reg[30]/d           -       -       R     unmapped_d_flop        1     -     -     0    4070    (-,-) 
#--------------------------------------------------------------------------------------------------------------------------

(u) : Net has unmapped pin(s).



Path 18: MET (5861 ps) Setup Check with Pin csm_inst_right_reg_reg[31]/clk->d
          Group: C2C
     Startpoint: (R) csm_inst_round_counter_reg[3]/clk
          Clock: (R) clk
       Endpoint: (R) csm_inst_right_reg_reg[31]/d
          Clock: (R) clk

                     Capture       Launch     
        Clock Edge:+   10000            0     
       Src Latency:+       0            0     
       Net Latency:+       0 (I)        0 (I) 
           Arrival:=   10000            0     
                                              
             Setup:-      75                  
     Required Time:=    9925                  
      Launch Clock:-       0                  
         Data Path:-    4064                  
             Slack:=    5861                  

#---------------------------------------------------------------------------------------------------------------------------
#              Timing Point               Flags    Arc    Edge       Cell         Fanout  Load Trans Delay Arrival Instance 
#                                                                                         (fF)  (ps)  (ps)   (ps)  Location 
#---------------------------------------------------------------------------------------------------------------------------
  csm_inst_round_counter_reg[3]/clk       -       -       R     (arrival)            335     -     0     0       0    (-,-) 
  csm_inst_round_counter_reg[3]/q         (u)     clk->q  F     unmapped_d_flop      115 460.0     0   546     546    (-,-) 
  g22593/z                                (u)     in_0->z F     unmapped_complex2      3  12.0     0   189     735    (-,-) 
  g22323/z                                (u)     in_1->z R     unmapped_nand2         4  16.0     0   211     947    (-,-) 
  g21826/z                                (u)     in_0->z F     unmapped_complex2      1   4.0     0   122    1069    (-,-) 
  g21334/z                                (u)     in_1->z R     unmapped_nand2         2   8.0     0   166    1235    (-,-) 
  g22986/z                                (u)     in_0->z F     unmapped_complex2      1   4.0     0   122    1357    (-,-) 
  g20805/z                                (u)     in_1->z R     unmapped_nand2         1   4.0     0   122    1479    (-,-) 
  g20743/z                                (u)     in_1->z R     unmapped_or2           1   4.0     0   122    1601    (-,-) 
  g20584/z                                (u)     in_1->z R     unmapped_or2           1   4.0     0   122    1724    (-,-) 
  g20529/z                                (u)     in_0->z F     unmapped_complex2      1   4.0     0   122    1846    (-,-) 
  g23132/z                                (u)     in_0->z R     unmapped_complex2      2   8.0     0   166    2012    (-,-) 
  g23196/z                                (u)     in_0->z F     unmapped_complex2      1   4.0     0   122    2134    (-,-) 
  g20351/z                                (u)     in_1->z R     unmapped_nand2        17  68.0     0   287    2421    (-,-) 
  csm_inst_f_inst_sbox_inst_sbox4_g1294/z (u)     in_1->z R     unmapped_or2           4  16.0     0   211    2632    (-,-) 
  csm_inst_f_inst_sbox_inst_sbox4_g1246/z (u)     in_0->z R     unmapped_or2           2   8.0     0   166    2798    (-,-) 
  csm_inst_f_inst_sbox_inst_sbox4_g1221/z (u)     in_0->z R     unmapped_or2           1   4.0     0   122    2920    (-,-) 
  csm_inst_f_inst_sbox_inst_sbox4_g1183/z (u)     in_0->z F     unmapped_nand2         1   4.0     0   122    3043    (-,-) 
  csm_inst_f_inst_sbox_inst_sbox4_g1166/z (u)     in_0->z F     unmapped_complex2      1   4.0     0   122    3165    (-,-) 
  csm_inst_f_inst_sbox_inst_sbox4_g1152/z (u)     in_0->z F     unmapped_complex2      1   4.0     0   122    3287    (-,-) 
  csm_inst_f_inst_sbox_inst_sbox4_g1142/z (u)     in_0->z F     unmapped_complex2      1   4.0     0   122    3409    (-,-) 
  csm_inst_f_inst_sbox_inst_sbox4_g1141/z (u)     in_0->z F     unmapped_or2           2   8.0     0   166    3575    (-,-) 
  g5668/z                                 (u)     in_1->z F     unmapped_complex2      1   4.0     0   122    3698    (-,-) 
  g5669/z                                 (u)     in_1->z R     unmapped_nand2         1   4.0     0   122    3820    (-,-) 
  g5654/z                                 (u)     in_1->z F     unmapped_complex2      1   4.0     0   122    3942    (-,-) 
  g5641/z                                 (u)     in_1->z R     unmapped_complex2      1   4.0     0   122    4064    (-,-) 
  csm_inst_right_reg_reg[31]/d            -       -       R     unmapped_d_flop        1     -     -     0    4064    (-,-) 
#---------------------------------------------------------------------------------------------------------------------------

(u) : Net has unmapped pin(s).



Path 19: MET (5861 ps) Setup Check with Pin csm_inst_right_reg_reg[4]/clk->d
          Group: C2C
     Startpoint: (R) csm_inst_round_counter_reg[3]/clk
          Clock: (R) clk
       Endpoint: (R) csm_inst_right_reg_reg[4]/d
          Clock: (R) clk

                     Capture       Launch     
        Clock Edge:+   10000            0     
       Src Latency:+       0            0     
       Net Latency:+       0 (I)        0 (I) 
           Arrival:=   10000            0     
                                              
             Setup:-      75                  
     Required Time:=    9925                  
      Launch Clock:-       0                  
         Data Path:-    4064                  
             Slack:=    5861                  

#--------------------------------------------------------------------------------------------------------------------------
#             Timing Point               Flags    Arc    Edge       Cell         Fanout  Load Trans Delay Arrival Instance 
#                                                                                        (fF)  (ps)  (ps)   (ps)  Location 
#--------------------------------------------------------------------------------------------------------------------------
  csm_inst_round_counter_reg[3]/clk      -       -       R     (arrival)            335     -     0     0       0    (-,-) 
  csm_inst_round_counter_reg[3]/q        (u)     clk->q  R     unmapped_d_flop      115 460.0     0   546     546    (-,-) 
  g22542/z                               (u)     in_1->z F     unmapped_nand2         3  12.0     0   189     735    (-,-) 
  g22188/z                               (u)     in_1->z R     unmapped_nand2         4  16.0     0   211     947    (-,-) 
  g21631/z                               (u)     in_0->z F     unmapped_nand2         1   4.0     0   122    1069    (-,-) 
  g21347/z                               (u)     in_1->z R     unmapped_nand2         2   8.0     0   166    1235    (-,-) 
  g22959/z                               (u)     in_0->z F     unmapped_complex2      1   4.0     0   122    1357    (-,-) 
  g20846/z                               (u)     in_1->z R     unmapped_nand2         1   4.0     0   122    1479    (-,-) 
  g20741/z                               (u)     in_1->z R     unmapped_or2           1   4.0     0   122    1601    (-,-) 
  g20637/z                               (u)     in_1->z R     unmapped_or2           1   4.0     0   122    1724    (-,-) 
  g20537/z                               (u)     in_0->z F     unmapped_complex2      1   4.0     0   122    1846    (-,-) 
  g23125/z                               (u)     in_0->z R     unmapped_complex2      2   8.0     0   166    2012    (-,-) 
  g23182/z                               (u)     in_0->z F     unmapped_complex2      1   4.0     0   122    2134    (-,-) 
  g20327/z                               (u)     in_1->z R     unmapped_nand2        17  68.0     0   287    2421    (-,-) 
  csm_inst_f_inst_sbox_inst_sbox2_g780/z (u)     in_0->z F     unmapped_complex2      2   8.0     0   166    2587    (-,-) 
  csm_inst_f_inst_sbox_inst_sbox2_g781/z (u)     in_1->z R     unmapped_nand2         4  16.0     0   211    2798    (-,-) 
  csm_inst_f_inst_sbox_inst_sbox2_g760/z (u)     in_0->z R     unmapped_or2           1   4.0     0   122    2920    (-,-) 
  csm_inst_f_inst_sbox_inst_sbox2_g694/z (u)     in_1->z F     unmapped_nand2         1   4.0     0   122    3043    (-,-) 
  csm_inst_f_inst_sbox_inst_sbox2_g679/z (u)     in_1->z R     unmapped_complex2      1   4.0     0   122    3165    (-,-) 
  csm_inst_f_inst_sbox_inst_sbox2_g661/z (u)     in_0->z F     unmapped_complex2      1   4.0     0   122    3287    (-,-) 
  csm_inst_f_inst_sbox_inst_sbox2_g645/z (u)     in_0->z F     unmapped_or2           1   4.0     0   122    3409    (-,-) 
  csm_inst_f_inst_sbox_inst_sbox2_g638/z (u)     in_1->z F     unmapped_or2           2   8.0     0   166    3575    (-,-) 
  g5736/z                                (u)     in_1->z F     unmapped_complex2      1   4.0     0   122    3698    (-,-) 
  g5737/z                                (u)     in_1->z R     unmapped_nand2         1   4.0     0   122    3820    (-,-) 
  g5722/z                                (u)     in_1->z F     unmapped_complex2      1   4.0     0   122    3942    (-,-) 
  g5709/z                                (u)     in_1->z R     unmapped_complex2      1   4.0     0   122    4064    (-,-) 
  csm_inst_right_reg_reg[4]/d            -       -       R     unmapped_d_flop        1     -     -     0    4064    (-,-) 
#--------------------------------------------------------------------------------------------------------------------------

(u) : Net has unmapped pin(s).



Path 20: MET (5868 ps) Setup Check with Pin csm_inst_right_reg_reg[16]/clk->d
          Group: C2C
     Startpoint: (R) csm_inst_round_counter_reg[3]/clk
          Clock: (R) clk
       Endpoint: (R) csm_inst_right_reg_reg[16]/d
          Clock: (R) clk

                     Capture       Launch     
        Clock Edge:+   10000            0     
       Src Latency:+       0            0     
       Net Latency:+       0 (I)        0 (I) 
           Arrival:=   10000            0     
                                              
             Setup:-      75                  
     Required Time:=    9925                  
      Launch Clock:-       0                  
         Data Path:-    4057                  
             Slack:=    5868                  

#--------------------------------------------------------------------------------------------------------------------------
#             Timing Point               Flags    Arc    Edge       Cell         Fanout  Load Trans Delay Arrival Instance 
#                                                                                        (fF)  (ps)  (ps)   (ps)  Location 
#--------------------------------------------------------------------------------------------------------------------------
  csm_inst_round_counter_reg[3]/clk      -       -       R     (arrival)            335     -     0     0       0    (-,-) 
  csm_inst_round_counter_reg[3]/q        (u)     clk->q  R     unmapped_d_flop      115 460.0     0   546     546    (-,-) 
  g22578/z                               (u)     in_0->z R     unmapped_complex2      3  12.0     0   189     735    (-,-) 
  g22238/z                               (u)     in_1->z F     unmapped_nand2         4  16.0     0   211     947    (-,-) 
  g21668/z                               (u)     in_0->z R     unmapped_nand2         1   4.0     0   122    1069    (-,-) 
  g21403/z                               (u)     in_1->z F     unmapped_nand2         2   8.0     0   166    1235    (-,-) 
  g23075/z                               (u)     in_0->z R     unmapped_complex2      1   4.0     0   122    1357    (-,-) 
  g20853/z                               (u)     in_1->z F     unmapped_nand2         1   4.0     0   122    1479    (-,-) 
  g20763/z                               (u)     in_1->z F     unmapped_or2           1   4.0     0   122    1601    (-,-) 
  g20576/z                               (u)     in_1->z F     unmapped_or2           1   4.0     0   122    1724    (-,-) 
  g20534/z                               (u)     in_0->z R     unmapped_complex2      1   4.0     0   122    1846    (-,-) 
  g23156/z                               (u)     in_0->z F     unmapped_complex2      2   8.0     0   166    2012    (-,-) 
  g23244/z                               (u)     in_0->z R     unmapped_complex2      1   4.0     0   122    2134    (-,-) 
  g20435/z                               (u)     in_1->z F     unmapped_nand2        17  68.0     0   287    2421    (-,-) 
  csm_inst_f_inst_sbox_inst_sbox3_g561/z (u)     in_0->z F     unmapped_or2           1   4.0     0   122    2543    (-,-) 
  csm_inst_f_inst_sbox_inst_sbox3_g562/z (u)     in_1->z R     unmapped_nand2         8  32.0     0   248    2791    (-,-) 
  csm_inst_f_inst_sbox_inst_sbox3_g521/z (u)     in_1->z R     unmapped_or2           1   4.0     0   122    2913    (-,-) 
  csm_inst_f_inst_sbox_inst_sbox3_g522/z (u)     in_1->z F     unmapped_nand2         1   4.0     0   122    3035    (-,-) 
  csm_inst_f_inst_sbox_inst_sbox3_g490/z (u)     in_0->z R     unmapped_complex2      1   4.0     0   122    3157    (-,-) 
  csm_inst_f_inst_sbox_inst_sbox3_g467/z (u)     in_1->z F     unmapped_nand2         1   4.0     0   122    3280    (-,-) 
  csm_inst_f_inst_sbox_inst_sbox3_g446/z (u)     in_1->z F     unmapped_or2           1   4.0     0   122    3402    (-,-) 
  csm_inst_f_inst_sbox_inst_sbox3_g435/z (u)     in_1->z F     unmapped_or2           2   8.0     0   166    3568    (-,-) 
  g5798/z                                (u)     in_1->z F     unmapped_complex2      1   4.0     0   122    3690    (-,-) 
  g5799/z                                (u)     in_1->z R     unmapped_nand2         1   4.0     0   122    3812    (-,-) 
  g5785/z                                (u)     in_1->z F     unmapped_complex2      1   4.0     0   122    3934    (-,-) 
  g5778/z                                (u)     in_1->z R     unmapped_complex2      1   4.0     0   122    4057    (-,-) 
  csm_inst_right_reg_reg[16]/d           -       -       R     unmapped_d_flop        1     -     -     0    4057    (-,-) 
#--------------------------------------------------------------------------------------------------------------------------

(u) : Net has unmapped pin(s).



Path 21: MET (5880 ps) Setup Check with Pin csm_inst_right_reg_reg[12]/clk->d
          Group: C2C
     Startpoint: (R) csm_inst_round_counter_reg[3]/clk
          Clock: (R) clk
       Endpoint: (R) csm_inst_right_reg_reg[12]/d
          Clock: (R) clk

                     Capture       Launch     
        Clock Edge:+   10000            0     
       Src Latency:+       0            0     
       Net Latency:+       0 (I)        0 (I) 
           Arrival:=   10000            0     
                                              
             Setup:-      75                  
     Required Time:=    9925                  
      Launch Clock:-       0                  
         Data Path:-    4045                  
             Slack:=    5880                  

#---------------------------------------------------------------------------------------------------------------------------
#              Timing Point               Flags    Arc    Edge       Cell         Fanout  Load Trans Delay Arrival Instance 
#                                                                                         (fF)  (ps)  (ps)   (ps)  Location 
#---------------------------------------------------------------------------------------------------------------------------
  csm_inst_round_counter_reg[3]/clk       -       -       R     (arrival)            335     -     0     0       0    (-,-) 
  csm_inst_round_counter_reg[3]/q         (u)     clk->q  F     unmapped_d_flop      115 460.0     0   546     546    (-,-) 
  g22556/z                                (u)     in_0->z F     unmapped_complex2      3  12.0     0   189     735    (-,-) 
  g22467/z                                (u)     in_1->z R     unmapped_nand2         4  16.0     0   211     947    (-,-) 
  g21778/z                                (u)     in_0->z F     unmapped_complex2      1   4.0     0   122    1069    (-,-) 
  g21241/z                                (u)     in_0->z R     unmapped_nand2         2   8.0     0   166    1235    (-,-) 
  g22974/z                                (u)     in_0->z F     unmapped_complex2      1   4.0     0   122    1357    (-,-) 
  g20868/z                                (u)     in_1->z R     unmapped_nand2         1   4.0     0   122    1479    (-,-) 
  g20750/z                                (u)     in_1->z R     unmapped_or2           1   4.0     0   122    1601    (-,-) 
  g20620/z                                (u)     in_1->z R     unmapped_or2           1   4.0     0   122    1724    (-,-) 
  g20523/z                                (u)     in_0->z F     unmapped_nand2         1   4.0     0   122    1846    (-,-) 
  g23129/z                                (u)     in_0->z R     unmapped_complex2      2   8.0     0   166    2012    (-,-) 
  g23190/z                                (u)     in_0->z F     unmapped_complex2      1   4.0     0   122    2134    (-,-) 
  g20342/z                                (u)     in_1->z R     unmapped_nand2        14  56.0     0   276    2410    (-,-) 
  csm_inst_f_inst_sbox_inst_sbox4_g1296/z (u)     in_0->z R     unmapped_complex2      8  32.0     0   248    2657    (-,-) 
  csm_inst_f_inst_sbox_inst_sbox4_g1239/z (u)     in_1->z R     unmapped_complex2      1   4.0     0   122    2779    (-,-) 
  csm_inst_f_inst_sbox_inst_sbox4_g1203/z (u)     in_1->z R     unmapped_or2           1   4.0     0   122    2902    (-,-) 
  csm_inst_f_inst_sbox_inst_sbox4_g1182/z (u)     in_1->z F     unmapped_nand2         1   4.0     0   122    3024    (-,-) 
  csm_inst_f_inst_sbox_inst_sbox4_g1161/z (u)     in_1->z F     unmapped_or2           1   4.0     0   122    3146    (-,-) 
  csm_inst_f_inst_sbox_inst_sbox4_g1149/z (u)     in_1->z F     unmapped_or2           1   4.0     0   122    3268    (-,-) 
  csm_inst_f_inst_sbox_inst_sbox4_g1144/z (u)     in_0->z F     unmapped_or2           1   4.0     0   122    3390    (-,-) 
  csm_inst_f_inst_sbox_inst_sbox4_g1139/z (u)     in_1->z F     unmapped_or2           2   8.0     0   166    3556    (-,-) 
  g5665/z                                 (u)     in_1->z F     unmapped_complex2      1   4.0     0   122    3678    (-,-) 
  g5666/z                                 (u)     in_1->z R     unmapped_nand2         1   4.0     0   122    3801    (-,-) 
  g5651/z                                 (u)     in_1->z F     unmapped_complex2      1   4.0     0   122    3923    (-,-) 
  g5643/z                                 (u)     in_1->z R     unmapped_complex2      1   4.0     0   122    4045    (-,-) 
  csm_inst_right_reg_reg[12]/d            -       -       R     unmapped_d_flop        1     -     -     0    4045    (-,-) 
#---------------------------------------------------------------------------------------------------------------------------

(u) : Net has unmapped pin(s).



Path 22: MET (5883 ps) Setup Check with Pin csm_inst_right_reg_reg[17]/clk->d
          Group: C2C
     Startpoint: (R) csm_inst_round_counter_reg[3]/clk
          Clock: (R) clk
       Endpoint: (R) csm_inst_right_reg_reg[17]/d
          Clock: (R) clk

                     Capture       Launch     
        Clock Edge:+   10000            0     
       Src Latency:+       0            0     
       Net Latency:+       0 (I)        0 (I) 
           Arrival:=   10000            0     
                                              
             Setup:-      75                  
     Required Time:=    9925                  
      Launch Clock:-       0                  
         Data Path:-    4041                  
             Slack:=    5883                  

#--------------------------------------------------------------------------------------------------------------------------
#             Timing Point               Flags    Arc    Edge       Cell         Fanout  Load Trans Delay Arrival Instance 
#                                                                                        (fF)  (ps)  (ps)   (ps)  Location 
#--------------------------------------------------------------------------------------------------------------------------
  csm_inst_round_counter_reg[3]/clk      -       -       R     (arrival)            335     -     0     0       0    (-,-) 
  csm_inst_round_counter_reg[3]/q        (u)     clk->q  F     unmapped_d_flop      115 460.0     0   546     546    (-,-) 
  g22505/z                               (u)     in_0->z F     unmapped_complex2      3  12.0     0   189     735    (-,-) 
  g22390/z                               (u)     in_1->z R     unmapped_nand2         4  16.0     0   211     947    (-,-) 
  g21495/z                               (u)     in_0->z F     unmapped_complex2      1   4.0     0   122    1069    (-,-) 
  g21148/z                               (u)     in_0->z R     unmapped_nand2         2   8.0     0   166    1235    (-,-) 
  g23016/z                               (u)     in_0->z F     unmapped_complex2      1   4.0     0   122    1357    (-,-) 
  g20894/z                               (u)     in_0->z R     unmapped_nand2         1   4.0     0   122    1479    (-,-) 
  g20671/z                               (u)     in_1->z R     unmapped_or2           1   4.0     0   122    1601    (-,-) 
  g20572/z                               (u)     in_1->z R     unmapped_or2           1   4.0     0   122    1724    (-,-) 
  g20558/z                               (u)     in_0->z F     unmapped_nand2         1   4.0     0   122    1846    (-,-) 
  g23140/z                               (u)     in_0->z R     unmapped_complex2      2   8.0     0   166    2012    (-,-) 
  g23212/z                               (u)     in_0->z F     unmapped_complex2      1   4.0     0   122    2134    (-,-) 
  g20378/z                               (u)     in_1->z R     unmapped_nand2        16  64.0     0   285    2419    (-,-) 
  csm_inst_f_inst_sbox_inst_sbox8_g567/z (u)     in_0->z F     unmapped_nand2         5  20.0     0   224    2643    (-,-) 
  csm_inst_f_inst_sbox_inst_sbox8_g557/z (u)     in_1->z F     unmapped_complex2      4  16.0     0   211    2854    (-,-) 
  csm_inst_f_inst_sbox_inst_sbox8_g500/z (u)     in_0->z R     unmapped_nand2         2   8.0     0   166    3020    (-,-) 
  csm_inst_f_inst_sbox_inst_sbox8_g473/z (u)     in_0->z F     unmapped_complex2      1   4.0     0   122    3142    (-,-) 
  csm_inst_f_inst_sbox_inst_sbox8_g460/z (u)     in_1->z R     unmapped_nand2         1   4.0     0   122    3264    (-,-) 
  csm_inst_f_inst_sbox_inst_sbox8_g439/z (u)     in_0->z R     unmapped_or2           1   4.0     0   122    3387    (-,-) 
  csm_inst_f_inst_sbox_inst_sbox8_g582/z (u)     in_1->z F     unmapped_nor2          2   8.0     0   166    3553    (-,-) 
  g5696/z                                (u)     in_1->z F     unmapped_complex2      1   4.0     0   122    3675    (-,-) 
  g5697/z                                (u)     in_1->z R     unmapped_nand2         1   4.0     0   122    3797    (-,-) 
  g5683/z                                (u)     in_1->z F     unmapped_complex2      1   4.0     0   122    3919    (-,-) 
  g5676/z                                (u)     in_1->z R     unmapped_complex2      1   4.0     0   122    4041    (-,-) 
  csm_inst_right_reg_reg[17]/d           -       -       R     unmapped_d_flop        1     -     -     0    4041    (-,-) 
#--------------------------------------------------------------------------------------------------------------------------

(u) : Net has unmapped pin(s).



Path 23: MET (5894 ps) Setup Check with Pin csm_inst_right_reg_reg[23]/clk->d
          Group: C2C
     Startpoint: (R) csm_inst_round_counter_reg[3]/clk
          Clock: (R) clk
       Endpoint: (R) csm_inst_right_reg_reg[23]/d
          Clock: (R) clk

                     Capture       Launch     
        Clock Edge:+   10000            0     
       Src Latency:+       0            0     
       Net Latency:+       0 (I)        0 (I) 
           Arrival:=   10000            0     
                                              
             Setup:-      75                  
     Required Time:=    9925                  
      Launch Clock:-       0                  
         Data Path:-    4031                  
             Slack:=    5894                  

#---------------------------------------------------------------------------------------------------------------------
#           Timing Point            Flags    Arc    Edge       Cell         Fanout  Load Trans Delay Arrival Instance 
#                                                                                   (fF)  (ps)  (ps)   (ps)  Location 
#---------------------------------------------------------------------------------------------------------------------
  csm_inst_round_counter_reg[3]/clk -       -       R     (arrival)            335     -     0     0       0    (-,-) 
  csm_inst_round_counter_reg[3]/q   (u)     clk->q  R     unmapped_d_flop      115 460.0     0   546     546    (-,-) 
  g22582/z                          (u)     in_0->z F     unmapped_nand2         3  12.0     0   189     735    (-,-) 
  g22377/z                          (u)     in_1->z R     unmapped_nand2         4  16.0     0   211     947    (-,-) 
  g22055/z                          (u)     in_0->z F     unmapped_complex2      1   4.0     0   122    1069    (-,-) 
  g21471/z                          (u)     in_0->z R     unmapped_nand2         2   8.0     0   166    1235    (-,-) 
  g22947/z                          (u)     in_0->z F     unmapped_complex2      1   4.0     0   122    1357    (-,-) 
  g20859/z                          (u)     in_0->z R     unmapped_nand2         1   4.0     0   122    1479    (-,-) 
  g20695/z                          (u)     in_1->z R     unmapped_or2           1   4.0     0   122    1601    (-,-) 
  g20609/z                          (u)     in_1->z R     unmapped_or2           1   4.0     0   122    1724    (-,-) 
  g20549/z                          (u)     in_0->z F     unmapped_complex2      1   4.0     0   122    1846    (-,-) 
  g23122/z                          (u)     in_0->z R     unmapped_complex2      2   8.0     0   166    2012    (-,-) 
  g23176/z                          (u)     in_0->z F     unmapped_complex2      1   4.0     0   122    2134    (-,-) 
  g20354/z                          (u)     in_1->z R     unmapped_nand2        16  64.0     0   285    2419    (-,-) 
  g20313/z                          (u)     in_1->z F     unmapped_complex2      1   4.0     0   122    2541    (-,-) 
  g20314/z                          (u)     in_1->z R     unmapped_nand2         5  20.0     0   224    2765    (-,-) 
  g20266/z                          (u)     in_1->z R     unmapped_or2           1   4.0     0   122    2887    (-,-) 
  g20257/z                          (u)     in_1->z F     unmapped_nand2         1   4.0     0   122    3009    (-,-) 
  g20203/z                          (u)     in_0->z R     unmapped_complex2      1   4.0     0   122    3132    (-,-) 
  g23286/z                          (u)     in_0->z F     unmapped_complex2      1   4.0     0   122    3254    (-,-) 
  g20183/z                          (u)     in_1->z F     unmapped_or2           1   4.0     0   122    3376    (-,-) 
  g20173/z                          (u)     in_1->z F     unmapped_or2           2   8.0     0   166    3542    (-,-) 
  g20171/z                          (u)     in_0->z F     unmapped_or2           1   4.0     0   122    3664    (-,-) 
  g20172/z                          (u)     in_1->z R     unmapped_nand2         1   4.0     0   122    3786    (-,-) 
  g20163/z                          (u)     in_0->z F     unmapped_complex2      1   4.0     0   122    3909    (-,-) 
  g23290/z                          (u)     in_0->z R     unmapped_complex2      1   4.0     0   122    4031    (-,-) 
  csm_inst_right_reg_reg[23]/d      -       -       R     unmapped_d_flop        1     -     -     0    4031    (-,-) 
#---------------------------------------------------------------------------------------------------------------------

(u) : Net has unmapped pin(s).



Path 24: MET (5897 ps) Setup Check with Pin csm_inst_right_reg_reg[22]/clk->d
          Group: C2C
     Startpoint: (R) csm_inst_round_counter_reg[0]/clk
          Clock: (R) clk
       Endpoint: (R) csm_inst_right_reg_reg[22]/d
          Clock: (R) clk

                     Capture       Launch     
        Clock Edge:+   10000            0     
       Src Latency:+       0            0     
       Net Latency:+       0 (I)        0 (I) 
           Arrival:=   10000            0     
                                              
             Setup:-      75                  
     Required Time:=    9925                  
      Launch Clock:-       0                  
         Data Path:-    4028                  
             Slack:=    5897                  

#---------------------------------------------------------------------------------------------------------------------------
#              Timing Point               Flags    Arc    Edge       Cell         Fanout  Load Trans Delay Arrival Instance 
#                                                                                         (fF)  (ps)  (ps)   (ps)  Location 
#---------------------------------------------------------------------------------------------------------------------------
  csm_inst_round_counter_reg[0]/clk       -       -       R     (arrival)            335     -     0     0       0    (-,-) 
  csm_inst_round_counter_reg[0]/q         (u)     clk->q  F     unmapped_d_flop      174 696.0     0   605     605    (-,-) 
  g22614/z                                (u)     in_0->z R     unmapped_complex2     14  56.0     0   276     881    (-,-) 
  g22356/z                                (u)     in_1->z R     unmapped_or2          46 184.0     0   338    1218    (-,-) 
  g22824/z                                (u)     in_0->z R     unmapped_complex2      1   4.0     0   122    1341    (-,-) 
  g21388/z                                (u)     in_1->z F     unmapped_nand2         1   4.0     0   122    1463    (-,-) 
  g20731/z                                (u)     in_1->z F     unmapped_or2           1   4.0     0   122    1585    (-,-) 
  g20662/z                                (u)     in_1->z F     unmapped_or2           1   4.0     0   122    1707    (-,-) 
  g20561/z                                (u)     in_0->z R     unmapped_nand2         1   4.0     0   122    1830    (-,-) 
  g23148/z                                (u)     in_0->z F     unmapped_complex2      2   8.0     0   166    1996    (-,-) 
  g23228/z                                (u)     in_0->z R     unmapped_complex2      1   4.0     0   122    2118    (-,-) 
  g20408/z                                (u)     in_1->z F     unmapped_nand2        18  72.0     0   289    2407    (-,-) 
  csm_inst_f_inst_sbox_inst_sbox4_g1290/z (u)     in_0->z R     unmapped_complex2      3  12.0     0   189    2596    (-,-) 
  csm_inst_f_inst_sbox_inst_sbox4_g1238/z (u)     in_1->z R     unmapped_complex2      2   8.0     0   166    2762    (-,-) 
  csm_inst_f_inst_sbox_inst_sbox4_g1225/z (u)     in_0->z R     unmapped_or2           1   4.0     0   122    2884    (-,-) 
  csm_inst_f_inst_sbox_inst_sbox4_g1192/z (u)     in_1->z F     unmapped_nand2         1   4.0     0   122    3007    (-,-) 
  csm_inst_f_inst_sbox_inst_sbox4_g1156/z (u)     in_1->z F     unmapped_or2           1   4.0     0   122    3129    (-,-) 
  csm_inst_f_inst_sbox_inst_sbox4_g1148/z (u)     in_0->z F     unmapped_complex2      1   4.0     0   122    3251    (-,-) 
  csm_inst_f_inst_sbox_inst_sbox4_g1145/z (u)     in_1->z F     unmapped_or2           1   4.0     0   122    3373    (-,-) 
  csm_inst_f_inst_sbox_inst_sbox4_g1138/z (u)     in_1->z F     unmapped_or2           2   8.0     0   166    3539    (-,-) 
  g5662/z                                 (u)     in_1->z F     unmapped_complex2      1   4.0     0   122    3662    (-,-) 
  g5663/z                                 (u)     in_1->z R     unmapped_nand2         1   4.0     0   122    3784    (-,-) 
  g5649/z                                 (u)     in_1->z F     unmapped_complex2      1   4.0     0   122    3906    (-,-) 
  g5642/z                                 (u)     in_1->z R     unmapped_complex2      1   4.0     0   122    4028    (-,-) 
  csm_inst_right_reg_reg[22]/d            -       -       R     unmapped_d_flop        1     -     -     0    4028    (-,-) 
#---------------------------------------------------------------------------------------------------------------------------

(u) : Net has unmapped pin(s).



Path 25: MET (5898 ps) Setup Check with Pin csm_inst_right_reg_reg[18]/clk->d
          Group: C2C
     Startpoint: (R) csm_inst_round_counter_reg[3]/clk
          Clock: (R) clk
       Endpoint: (R) csm_inst_right_reg_reg[18]/d
          Clock: (R) clk

                     Capture       Launch     
        Clock Edge:+   10000            0     
       Src Latency:+       0            0     
       Net Latency:+       0 (I)        0 (I) 
           Arrival:=   10000            0     
                                              
             Setup:-      75                  
     Required Time:=    9925                  
      Launch Clock:-       0                  
         Data Path:-    4027                  
             Slack:=    5898                  

#--------------------------------------------------------------------------------------------------------------------------
#             Timing Point               Flags    Arc    Edge       Cell         Fanout  Load Trans Delay Arrival Instance 
#                                                                                        (fF)  (ps)  (ps)   (ps)  Location 
#--------------------------------------------------------------------------------------------------------------------------
  csm_inst_round_counter_reg[3]/clk      -       -       R     (arrival)            335     -     0     0       0    (-,-) 
  csm_inst_round_counter_reg[3]/q        (u)     clk->q  R     unmapped_d_flop      115 460.0     0   546     546    (-,-) 
  g22516/z                               (u)     in_0->z F     unmapped_nand2         3  12.0     0   189     735    (-,-) 
  g22411/z                               (u)     in_1->z R     unmapped_nand2         4  16.0     0   211     947    (-,-) 
  g22097/z                               (u)     in_0->z F     unmapped_nand2         1   4.0     0   122    1069    (-,-) 
  g21221/z                               (u)     in_1->z R     unmapped_nand2         2   8.0     0   166    1235    (-,-) 
  g23097/z                               (u)     in_0->z F     unmapped_complex2      1   4.0     0   122    1357    (-,-) 
  g20779/z                               (u)     in_0->z R     unmapped_nand2         1   4.0     0   122    1479    (-,-) 
  g20692/z                               (u)     in_1->z R     unmapped_or2           1   4.0     0   122    1601    (-,-) 
  g20604/z                               (u)     in_1->z R     unmapped_or2           1   4.0     0   122    1724    (-,-) 
  g20550/z                               (u)     in_0->z F     unmapped_nand2         1   4.0     0   122    1846    (-,-) 
  g23162/z                               (u)     in_0->z R     unmapped_complex2      2   8.0     0   166    2012    (-,-) 
  g23256/z                               (u)     in_0->z F     unmapped_complex2      1   4.0     0   122    2134    (-,-) 
  g20453/z                               (u)     in_1->z R     unmapped_nand2        20  80.0     0   293    2427    (-,-) 
  csm_inst_f_inst_sbox_inst_sbox5_g855/z (u)     in_0->z R     unmapped_complex2      1   4.0     0   122    2550    (-,-) 
  csm_inst_f_inst_sbox_inst_sbox5_g856/z (u)     in_1->z F     unmapped_nand2         4  16.0     0   211    2761    (-,-) 
  csm_inst_f_inst_sbox_inst_sbox5_g818/z (u)     in_1->z R     unmapped_complex2      1   4.0     0   122    2883    (-,-) 
  csm_inst_f_inst_sbox_inst_sbox5_g774/z (u)     in_1->z F     unmapped_nand2         1   4.0     0   122    3005    (-,-) 
  csm_inst_f_inst_sbox_inst_sbox5_g746/z (u)     in_1->z R     unmapped_complex2      1   4.0     0   122    3127    (-,-) 
  csm_inst_f_inst_sbox_inst_sbox5_g727/z (u)     in_1->z F     unmapped_complex2      1   4.0     0   122    3250    (-,-) 
  csm_inst_f_inst_sbox_inst_sbox5_g721/z (u)     in_0->z F     unmapped_or2           1   4.0     0   122    3372    (-,-) 
  csm_inst_f_inst_sbox_inst_sbox5_g719/z (u)     in_1->z F     unmapped_or2           2   8.0     0   166    3538    (-,-) 
  g5628/z                                (u)     in_1->z F     unmapped_complex2      1   4.0     0   122    3660    (-,-) 
  g5629/z                                (u)     in_1->z R     unmapped_nand2         1   4.0     0   122    3782    (-,-) 
  g5615/z                                (u)     in_1->z F     unmapped_complex2      1   4.0     0   122    3904    (-,-) 
  g5608/z                                (u)     in_1->z R     unmapped_complex2      1   4.0     0   122    4027    (-,-) 
  csm_inst_right_reg_reg[18]/d           -       -       R     unmapped_d_flop        1     -     -     0    4027    (-,-) 
#--------------------------------------------------------------------------------------------------------------------------

(u) : Net has unmapped pin(s).



Path 26: MET (5898 ps) Setup Check with Pin csm_inst_right_reg_reg[7]/clk->d
          Group: C2C
     Startpoint: (R) csm_inst_round_counter_reg[3]/clk
          Clock: (R) clk
       Endpoint: (R) csm_inst_right_reg_reg[7]/d
          Clock: (R) clk

                     Capture       Launch     
        Clock Edge:+   10000            0     
       Src Latency:+       0            0     
       Net Latency:+       0 (I)        0 (I) 
           Arrival:=   10000            0     
                                              
             Setup:-      75                  
     Required Time:=    9925                  
      Launch Clock:-       0                  
         Data Path:-    4027                  
             Slack:=    5898                  

#--------------------------------------------------------------------------------------------------------------------------
#             Timing Point               Flags    Arc    Edge       Cell         Fanout  Load Trans Delay Arrival Instance 
#                                                                                        (fF)  (ps)  (ps)   (ps)  Location 
#--------------------------------------------------------------------------------------------------------------------------
  csm_inst_round_counter_reg[3]/clk      -       -       R     (arrival)            335     -     0     0       0    (-,-) 
  csm_inst_round_counter_reg[3]/q        (u)     clk->q  R     unmapped_d_flop      115 460.0     0   546     546    (-,-) 
  g22516/z                               (u)     in_0->z F     unmapped_nand2         3  12.0     0   189     735    (-,-) 
  g22411/z                               (u)     in_1->z R     unmapped_nand2         4  16.0     0   211     947    (-,-) 
  g22097/z                               (u)     in_0->z F     unmapped_nand2         1   4.0     0   122    1069    (-,-) 
  g21221/z                               (u)     in_1->z R     unmapped_nand2         2   8.0     0   166    1235    (-,-) 
  g23097/z                               (u)     in_0->z F     unmapped_complex2      1   4.0     0   122    1357    (-,-) 
  g20779/z                               (u)     in_0->z R     unmapped_nand2         1   4.0     0   122    1479    (-,-) 
  g20692/z                               (u)     in_1->z R     unmapped_or2           1   4.0     0   122    1601    (-,-) 
  g20604/z                               (u)     in_1->z R     unmapped_or2           1   4.0     0   122    1724    (-,-) 
  g20550/z                               (u)     in_0->z F     unmapped_nand2         1   4.0     0   122    1846    (-,-) 
  g23162/z                               (u)     in_0->z R     unmapped_complex2      2   8.0     0   166    2012    (-,-) 
  g23256/z                               (u)     in_0->z F     unmapped_complex2      1   4.0     0   122    2134    (-,-) 
  g20453/z                               (u)     in_1->z R     unmapped_nand2        20  80.0     0   293    2427    (-,-) 
  csm_inst_f_inst_sbox_inst_sbox5_g855/z (u)     in_0->z R     unmapped_complex2      1   4.0     0   122    2550    (-,-) 
  csm_inst_f_inst_sbox_inst_sbox5_g856/z (u)     in_1->z F     unmapped_nand2         4  16.0     0   211    2761    (-,-) 
  csm_inst_f_inst_sbox_inst_sbox5_g532/z (u)     in_1->z F     unmapped_complex2      1   4.0     0   122    2883    (-,-) 
  csm_inst_f_inst_sbox_inst_sbox5_g772/z (u)     in_0->z R     unmapped_complex2      1   4.0     0   122    3005    (-,-) 
  csm_inst_f_inst_sbox_inst_sbox5_g748/z (u)     in_1->z F     unmapped_nand2         1   4.0     0   122    3127    (-,-) 
  csm_inst_f_inst_sbox_inst_sbox5_g729/z (u)     in_0->z F     unmapped_complex2      1   4.0     0   122    3250    (-,-) 
  csm_inst_f_inst_sbox_inst_sbox5_g722/z (u)     in_0->z F     unmapped_complex2      1   4.0     0   122    3372    (-,-) 
  csm_inst_f_inst_sbox_inst_sbox5_g716/z (u)     in_1->z F     unmapped_or2           2   8.0     0   166    3538    (-,-) 
  g5634/z                                (u)     in_1->z F     unmapped_complex2      1   4.0     0   122    3660    (-,-) 
  g5635/z                                (u)     in_1->z R     unmapped_nand2         1   4.0     0   122    3782    (-,-) 
  g5620/z                                (u)     in_1->z F     unmapped_complex2      1   4.0     0   122    3904    (-,-) 
  g5607/z                                (u)     in_1->z R     unmapped_complex2      1   4.0     0   122    4027    (-,-) 
  csm_inst_right_reg_reg[7]/d            -       -       R     unmapped_d_flop        1     -     -     0    4027    (-,-) 
#--------------------------------------------------------------------------------------------------------------------------

(u) : Net has unmapped pin(s).



Path 27: MET (5899 ps) Setup Check with Pin csm_inst_right_reg_reg[0]/clk->d
          Group: C2C
     Startpoint: (R) csm_inst_round_counter_reg[3]/clk
          Clock: (R) clk
       Endpoint: (R) csm_inst_right_reg_reg[0]/d
          Clock: (R) clk

                     Capture       Launch     
        Clock Edge:+   10000            0     
       Src Latency:+       0            0     
       Net Latency:+       0 (I)        0 (I) 
           Arrival:=   10000            0     
                                              
             Setup:-      75                  
     Required Time:=    9925                  
      Launch Clock:-       0                  
         Data Path:-    4026                  
             Slack:=    5899                  

#--------------------------------------------------------------------------------------------------------------------------
#             Timing Point               Flags    Arc    Edge       Cell         Fanout  Load Trans Delay Arrival Instance 
#                                                                                        (fF)  (ps)  (ps)   (ps)  Location 
#--------------------------------------------------------------------------------------------------------------------------
  csm_inst_round_counter_reg[3]/clk      -       -       R     (arrival)            335     -     0     0       0    (-,-) 
  csm_inst_round_counter_reg[3]/q        (u)     clk->q  R     unmapped_d_flop      115 460.0     0   546     546    (-,-) 
  g22519/z                               (u)     in_0->z F     unmapped_nand2         3  12.0     0   189     735    (-,-) 
  g22389/z                               (u)     in_1->z R     unmapped_nand2         3  12.0     0   189     925    (-,-) 
  g22704/z                               (u)     in_0->z F     unmapped_complex2      1   4.0     0   122    1047    (-,-) 
  g21307/z                               (u)     in_1->z R     unmapped_nand2         2   8.0     0   166    1213    (-,-) 
  g20923/z                               (u)     in_0->z F     unmapped_nand2         1   4.0     0   122    1335    (-,-) 
  g20878/z                               (u)     in_1->z R     unmapped_nand2         1   4.0     0   122    1457    (-,-) 
  g20756/z                               (u)     in_1->z R     unmapped_or2           1   4.0     0   122    1580    (-,-) 
  g20649/z                               (u)     in_1->z R     unmapped_or2           1   4.0     0   122    1702    (-,-) 
  g20541/z                               (u)     in_0->z F     unmapped_nand2         1   4.0     0   122    1824    (-,-) 
  g23127/z                               (u)     in_0->z R     unmapped_complex2      2   8.0     0   166    1990    (-,-) 
  g23186/z                               (u)     in_0->z F     unmapped_complex2      1   4.0     0   122    2112    (-,-) 
  g20333/z                               (u)     in_1->z R     unmapped_nand2        15  60.0     0   280    2392    (-,-) 
  csm_inst_f_inst_sbox_inst_sbox7_g607/z (u)     in_0->z F     unmapped_nand2         6  24.0     0   233    2626    (-,-) 
  csm_inst_f_inst_sbox_inst_sbox7_g585/z (u)     in_0->z R     unmapped_nand2        10  40.0     0   257    2882    (-,-) 
  csm_inst_f_inst_sbox_inst_sbox7_g559/z (u)     in_1->z F     unmapped_complex2      1   4.0     0   122    3005    (-,-) 
  csm_inst_f_inst_sbox_inst_sbox7_g509/z (u)     in_1->z R     unmapped_nand2         1   4.0     0   122    3127    (-,-) 
  csm_inst_f_inst_sbox_inst_sbox7_g492/z (u)     in_1->z R     unmapped_or2           1   4.0     0   122    3249    (-,-) 
  csm_inst_f_inst_sbox_inst_sbox7_g481/z (u)     in_1->z R     unmapped_or2           1   4.0     0   122    3371    (-,-) 
  csm_inst_f_inst_sbox_inst_sbox7_g619/z (u)     in_1->z F     unmapped_nor2          2   8.0     0   166    3537    (-,-) 
  g5832/z                                (u)     in_1->z F     unmapped_complex2      1   4.0     0   122    3660    (-,-) 
  g5833/z                                (u)     in_1->z R     unmapped_nand2         1   4.0     0   122    3782    (-,-) 
  g5819/z                                (u)     in_1->z F     unmapped_complex2      1   4.0     0   122    3904    (-,-) 
  g5812/z                                (u)     in_1->z R     unmapped_complex2      1   4.0     0   122    4026    (-,-) 
  csm_inst_right_reg_reg[0]/d            -       -       R     unmapped_d_flop        1     -     -     0    4026    (-,-) 
#--------------------------------------------------------------------------------------------------------------------------

(u) : Net has unmapped pin(s).



Path 28: MET (5917 ps) Setup Check with Pin csm_inst_right_reg_reg[28]/clk->d
          Group: C2C
     Startpoint: (R) csm_inst_round_counter_reg[3]/clk
          Clock: (R) clk
       Endpoint: (R) csm_inst_right_reg_reg[28]/d
          Clock: (R) clk

                     Capture       Launch     
        Clock Edge:+   10000            0     
       Src Latency:+       0            0     
       Net Latency:+       0 (I)        0 (I) 
           Arrival:=   10000            0     
                                              
             Setup:-      75                  
     Required Time:=    9925                  
      Launch Clock:-       0                  
         Data Path:-    4007                  
             Slack:=    5917                  

#--------------------------------------------------------------------------------------------------------------------------
#             Timing Point               Flags    Arc    Edge       Cell         Fanout  Load Trans Delay Arrival Instance 
#                                                                                        (fF)  (ps)  (ps)   (ps)  Location 
#--------------------------------------------------------------------------------------------------------------------------
  csm_inst_round_counter_reg[3]/clk      -       -       R     (arrival)            335     -     0     0       0    (-,-) 
  csm_inst_round_counter_reg[3]/q        (u)     clk->q  F     unmapped_d_flop      115 460.0     0   546     546    (-,-) 
  g22519/z                               (u)     in_0->z R     unmapped_nand2         3  12.0     0   189     735    (-,-) 
  g22389/z                               (u)     in_1->z F     unmapped_nand2         3  12.0     0   189     925    (-,-) 
  g22704/z                               (u)     in_0->z R     unmapped_complex2      1   4.0     0   122    1047    (-,-) 
  g21307/z                               (u)     in_1->z F     unmapped_nand2         2   8.0     0   166    1213    (-,-) 
  g20911/z                               (u)     in_0->z R     unmapped_complex2      1   4.0     0   122    1335    (-,-) 
  g20877/z                               (u)     in_0->z F     unmapped_nand2         1   4.0     0   122    1457    (-,-) 
  g20676/z                               (u)     in_1->z F     unmapped_or2           1   4.0     0   122    1580    (-,-) 
  g20621/z                               (u)     in_1->z F     unmapped_or2           1   4.0     0   122    1702    (-,-) 
  g20530/z                               (u)     in_0->z R     unmapped_nand2         1   4.0     0   122    1824    (-,-) 
  g23150/z                               (u)     in_0->z F     unmapped_complex2      2   8.0     0   166    1990    (-,-) 
  g23232/z                               (u)     in_0->z R     unmapped_complex2      1   4.0     0   122    2112    (-,-) 
  g20414/z                               (u)     in_1->z F     unmapped_nand2        14  56.0     0   276    2388    (-,-) 
  csm_inst_f_inst_sbox_inst_sbox6_g628/z (u)     in_0->z R     unmapped_complex2      5  20.0     0   224    2612    (-,-) 
  csm_inst_f_inst_sbox_inst_sbox6_g603/z (u)     in_0->z F     unmapped_nand2         9  36.0     0   252    2864    (-,-) 
  csm_inst_f_inst_sbox_inst_sbox6_g553/z (u)     in_1->z R     unmapped_complex2      1   4.0     0   122    2986    (-,-) 
  csm_inst_f_inst_sbox_inst_sbox6_g511/z (u)     in_1->z F     unmapped_nand2         1   4.0     0   122    3108    (-,-) 
  csm_inst_f_inst_sbox_inst_sbox6_g502/z (u)     in_1->z F     unmapped_or2           1   4.0     0   122    3230    (-,-) 
  csm_inst_f_inst_sbox_inst_sbox6_g488/z (u)     in_1->z F     unmapped_or2           1   4.0     0   122    3353    (-,-) 
  csm_inst_f_inst_sbox_inst_sbox6_g484/z (u)     in_1->z F     unmapped_or2           2   8.0     0   166    3519    (-,-) 
  g5767/z                                (u)     in_1->z F     unmapped_complex2      1   4.0     0   122    3641    (-,-) 
  g5768/z                                (u)     in_1->z R     unmapped_nand2         1   4.0     0   122    3763    (-,-) 
  g5753/z                                (u)     in_1->z F     unmapped_complex2      1   4.0     0   122    3885    (-,-) 
  g5745/z                                (u)     in_1->z R     unmapped_complex2      1   4.0     0   122    4007    (-,-) 
  csm_inst_right_reg_reg[28]/d           -       -       R     unmapped_d_flop        1     -     -     0    4007    (-,-) 
#--------------------------------------------------------------------------------------------------------------------------

(u) : Net has unmapped pin(s).



Path 29: MET (5928 ps) Setup Check with Pin csm_inst_right_reg_reg[24]/clk->d
          Group: C2C
     Startpoint: (R) csm_inst_round_counter_reg[3]/clk
          Clock: (R) clk
       Endpoint: (R) csm_inst_right_reg_reg[24]/d
          Clock: (R) clk

                     Capture       Launch     
        Clock Edge:+   10000            0     
       Src Latency:+       0            0     
       Net Latency:+       0 (I)        0 (I) 
           Arrival:=   10000            0     
                                              
             Setup:-      75                  
     Required Time:=    9925                  
      Launch Clock:-       0                  
         Data Path:-    3996                  
             Slack:=    5928                  

#--------------------------------------------------------------------------------------------------------------------------
#             Timing Point               Flags    Arc    Edge       Cell         Fanout  Load Trans Delay Arrival Instance 
#                                                                                        (fF)  (ps)  (ps)   (ps)  Location 
#--------------------------------------------------------------------------------------------------------------------------
  csm_inst_round_counter_reg[3]/clk      -       -       R     (arrival)            335     -     0     0       0    (-,-) 
  csm_inst_round_counter_reg[3]/q        (u)     clk->q  F     unmapped_d_flop      115 460.0     0   546     546    (-,-) 
  g22516/z                               (u)     in_0->z R     unmapped_nand2         3  12.0     0   189     735    (-,-) 
  g22411/z                               (u)     in_1->z F     unmapped_nand2         4  16.0     0   211     947    (-,-) 
  g22097/z                               (u)     in_0->z R     unmapped_nand2         1   4.0     0   122    1069    (-,-) 
  g21221/z                               (u)     in_1->z F     unmapped_nand2         2   8.0     0   166    1235    (-,-) 
  g23104/z                               (u)     in_0->z R     unmapped_complex2      1   4.0     0   122    1357    (-,-) 
  g20812/z                               (u)     in_1->z F     unmapped_nand2         1   4.0     0   122    1479    (-,-) 
  g20732/z                               (u)     in_1->z F     unmapped_or2           1   4.0     0   122    1601    (-,-) 
  g20652/z                               (u)     in_1->z F     unmapped_or2           1   4.0     0   122    1724    (-,-) 
  g20533/z                               (u)     in_0->z R     unmapped_nand2         1   4.0     0   122    1846    (-,-) 
  g23164/z                               (u)     in_0->z F     unmapped_complex2      2   8.0     0   166    2012    (-,-) 
  g23260/z                               (u)     in_0->z R     unmapped_complex2      1   4.0     0   122    2134    (-,-) 
  g20459/z                               (u)     in_1->z F     unmapped_nand2        16  64.0     0   285    2419    (-,-) 
  csm_inst_f_inst_sbox_inst_sbox5_g852/z (u)     in_1->z R     unmapped_complex2      1   4.0     0   122    2541    (-,-) 
  csm_inst_f_inst_sbox_inst_sbox5_g853/z (u)     in_1->z F     unmapped_nand2         3  12.0     0   189    2731    (-,-) 
  csm_inst_f_inst_sbox_inst_sbox5_g784/z (u)     in_1->z R     unmapped_complex2      1   4.0     0   122    2853    (-,-) 
  csm_inst_f_inst_sbox_inst_sbox5_g753/z (u)     in_0->z F     unmapped_nand2         1   4.0     0   122    2975    (-,-) 
  csm_inst_f_inst_sbox_inst_sbox5_g730/z (u)     in_0->z F     unmapped_complex2      1   4.0     0   122    3097    (-,-) 
  csm_inst_f_inst_sbox_inst_sbox5_g723/z (u)     in_1->z F     unmapped_or2           1   4.0     0   122    3219    (-,-) 
  csm_inst_f_inst_sbox_inst_sbox5_g717/z (u)     in_1->z F     unmapped_or2           1   4.0     0   122    3342    (-,-) 
  csm_inst_f_inst_sbox_inst_sbox5_g715/z (u)     in_1->z F     unmapped_or2           2   8.0     0   166    3508    (-,-) 
  g5637/z                                (u)     in_1->z F     unmapped_complex2      1   4.0     0   122    3630    (-,-) 
  g5638/z                                (u)     in_1->z R     unmapped_nand2         1   4.0     0   122    3752    (-,-) 
  g5622/z                                (u)     in_1->z F     unmapped_complex2      1   4.0     0   122    3874    (-,-) 
  g5610/z                                (u)     in_1->z R     unmapped_complex2      1   4.0     0   122    3996    (-,-) 
  csm_inst_right_reg_reg[24]/d           -       -       R     unmapped_d_flop        1     -     -     0    3996    (-,-) 
#--------------------------------------------------------------------------------------------------------------------------

(u) : Net has unmapped pin(s).



Path 30: MET (5930 ps) Setup Check with Pin csm_inst_right_reg_reg[1]/clk->d
          Group: C2C
     Startpoint: (R) csm_inst_round_counter_reg[3]/clk
          Clock: (R) clk
       Endpoint: (R) csm_inst_right_reg_reg[1]/d
          Clock: (R) clk

                     Capture       Launch     
        Clock Edge:+   10000            0     
       Src Latency:+       0            0     
       Net Latency:+       0 (I)        0 (I) 
           Arrival:=   10000            0     
                                              
             Setup:-      75                  
     Required Time:=    9925                  
      Launch Clock:-       0                  
         Data Path:-    3995                  
             Slack:=    5930                  

#--------------------------------------------------------------------------------------------------------------------------
#             Timing Point               Flags    Arc    Edge       Cell         Fanout  Load Trans Delay Arrival Instance 
#                                                                                        (fF)  (ps)  (ps)   (ps)  Location 
#--------------------------------------------------------------------------------------------------------------------------
  csm_inst_round_counter_reg[3]/clk      -       -       R     (arrival)            335     -     0     0       0    (-,-) 
  csm_inst_round_counter_reg[3]/q        (u)     clk->q  F     unmapped_d_flop      115 460.0     0   546     546    (-,-) 
  g22559/z                               (u)     in_0->z F     unmapped_complex2      3  12.0     0   189     735    (-,-) 
  g22465/z                               (u)     in_1->z R     unmapped_nand2         4  16.0     0   211     947    (-,-) 
  g22059/z                               (u)     in_0->z F     unmapped_nand2         1   4.0     0   122    1069    (-,-) 
  g21373/z                               (u)     in_1->z R     unmapped_nand2         2   8.0     0   166    1235    (-,-) 
  g22933/z                               (u)     in_0->z F     unmapped_complex2      1   4.0     0   122    1357    (-,-) 
  g20825/z                               (u)     in_0->z R     unmapped_nand2         1   4.0     0   122    1479    (-,-) 
  g20677/z                               (u)     in_1->z R     unmapped_or2           1   4.0     0   122    1601    (-,-) 
  g20640/z                               (u)     in_1->z R     unmapped_or2           1   4.0     0   122    1724    (-,-) 
  g20531/z                               (u)     in_0->z F     unmapped_nand2         1   4.0     0   122    1846    (-,-) 
  g23118/z                               (u)     in_0->z R     unmapped_complex2      2   8.0     0   166    2012    (-,-) 
  g23168/z                               (u)     in_0->z F     unmapped_complex2      1   4.0     0   122    2134    (-,-) 
  g20381/z                               (u)     in_1->z R     unmapped_nand2        15  60.0     0   280    2414    (-,-) 
  csm_inst_f_inst_sbox_inst_sbox1_g105/z (u)     in_0->z R     unmapped_or2           8  32.0     0   248    2662    (-,-) 
  g20267/z                               (u)     in_0->z R     unmapped_complex2      3  12.0     0   189    2851    (-,-) 
  g23276/z                               (u)     in_0->z R     unmapped_complex2      1   4.0     0   122    2973    (-,-) 
  g20216/z                               (u)     in_1->z F     unmapped_nand2         1   4.0     0   122    3096    (-,-) 
  g20195/z                               (u)     in_1->z F     unmapped_complex2      1   4.0     0   122    3218    (-,-) 
  g20182/z                               (u)     in_1->z F     unmapped_or2           1   4.0     0   122    3340    (-,-) 
  g20175/z                               (u)     in_1->z F     unmapped_or2           2   8.0     0   166    3506    (-,-) 
  g20168/z                               (u)     in_0->z F     unmapped_complex2      1   4.0     0   122    3628    (-,-) 
  g20169/z                               (u)     in_1->z R     unmapped_nand2         1   4.0     0   122    3750    (-,-) 
  g20164/z                               (u)     in_0->z F     unmapped_complex2      1   4.0     0   122    3873    (-,-) 
  g23287/z                               (u)     in_0->z R     unmapped_complex2      1   4.0     0   122    3995    (-,-) 
  csm_inst_right_reg_reg[1]/d            -       -       R     unmapped_d_flop        1     -     -     0    3995    (-,-) 
#--------------------------------------------------------------------------------------------------------------------------

(u) : Net has unmapped pin(s).



Path 31: MET (5937 ps) Setup Check with Pin csm_inst_right_reg_reg[14]/clk->d
          Group: C2C
     Startpoint: (R) csm_inst_round_counter_reg[3]/clk
          Clock: (R) clk
       Endpoint: (R) csm_inst_right_reg_reg[14]/d
          Clock: (R) clk

                     Capture       Launch     
        Clock Edge:+   10000            0     
       Src Latency:+       0            0     
       Net Latency:+       0 (I)        0 (I) 
           Arrival:=   10000            0     
                                              
             Setup:-      75                  
     Required Time:=    9925                  
      Launch Clock:-       0                  
         Data Path:-    3988                  
             Slack:=    5937                  

#--------------------------------------------------------------------------------------------------------------------------
#             Timing Point               Flags    Arc    Edge       Cell         Fanout  Load Trans Delay Arrival Instance 
#                                                                                        (fF)  (ps)  (ps)   (ps)  Location 
#--------------------------------------------------------------------------------------------------------------------------
  csm_inst_round_counter_reg[3]/clk      -       -       R     (arrival)            335     -     0     0       0    (-,-) 
  csm_inst_round_counter_reg[3]/q        (u)     clk->q  F     unmapped_d_flop      115 460.0     0   546     546    (-,-) 
  g22563/z                               (u)     in_0->z R     unmapped_nand2         3  12.0     0   189     735    (-,-) 
  g22420/z                               (u)     in_1->z F     unmapped_nand2         4  16.0     0   211     947    (-,-) 
  g21802/z                               (u)     in_0->z R     unmapped_complex2      1   4.0     0   122    1069    (-,-) 
  g21283/z                               (u)     in_0->z F     unmapped_nand2         2   8.0     0   166    1235    (-,-) 
  g23060/z                               (u)     in_0->z R     unmapped_complex2      1   4.0     0   122    1357    (-,-) 
  g20792/z                               (u)     in_0->z F     unmapped_nand2         1   4.0     0   122    1479    (-,-) 
  g20711/z                               (u)     in_1->z F     unmapped_or2           1   4.0     0   122    1601    (-,-) 
  g20630/z                               (u)     in_1->z F     unmapped_or2           1   4.0     0   122    1724    (-,-) 
  g20567/z                               (u)     in_0->z R     unmapped_nand2         1   4.0     0   122    1846    (-,-) 
  g23152/z                               (u)     in_0->z F     unmapped_complex2      2   8.0     0   166    2012    (-,-) 
  g23236/z                               (u)     in_0->z R     unmapped_complex2      1   4.0     0   122    2134    (-,-) 
  g20420/z                               (u)     in_1->z F     unmapped_nand2        15  60.0     0   280    2414    (-,-) 
  csm_inst_f_inst_sbox_inst_sbox2_g787/z (u)     in_0->z F     unmapped_complex2      7  28.0     0   240    2655    (-,-) 
  csm_inst_f_inst_sbox_inst_sbox2_g763/z (u)     in_1->z F     unmapped_complex2      3  12.0     0   189    2844    (-,-) 
  csm_inst_f_inst_sbox_inst_sbox2_g695/z (u)     in_1->z F     unmapped_or2           1   4.0     0   122    2966    (-,-) 
  csm_inst_f_inst_sbox_inst_sbox2_g682/z (u)     in_1->z R     unmapped_nand2         1   4.0     0   122    3088    (-,-) 
  csm_inst_f_inst_sbox_inst_sbox2_g657/z (u)     in_1->z R     unmapped_or2           1   4.0     0   122    3211    (-,-) 
  csm_inst_f_inst_sbox_inst_sbox2_g650/z (u)     in_1->z R     unmapped_or2           1   4.0     0   122    3333    (-,-) 
  csm_inst_f_inst_sbox_inst_sbox2_g790/z (u)     in_1->z F     unmapped_nor2          2   8.0     0   166    3499    (-,-) 
  g5730/z                                (u)     in_1->z F     unmapped_complex2      1   4.0     0   122    3621    (-,-) 
  g5731/z                                (u)     in_1->z R     unmapped_nand2         1   4.0     0   122    3743    (-,-) 
  g5717/z                                (u)     in_1->z F     unmapped_complex2      1   4.0     0   122    3865    (-,-) 
  g5710/z                                (u)     in_1->z R     unmapped_complex2      1   4.0     0   122    3988    (-,-) 
  csm_inst_right_reg_reg[14]/d           -       -       R     unmapped_d_flop        1     -     -     0    3988    (-,-) 
#--------------------------------------------------------------------------------------------------------------------------

(u) : Net has unmapped pin(s).



Path 32: MET (5939 ps) Setup Check with Pin csm_inst_right_reg_reg[29]/clk->d
          Group: C2C
     Startpoint: (R) csm_inst_round_counter_reg[3]/clk
          Clock: (R) clk
       Endpoint: (R) csm_inst_right_reg_reg[29]/d
          Clock: (R) clk

                     Capture       Launch     
        Clock Edge:+   10000            0     
       Src Latency:+       0            0     
       Net Latency:+       0 (I)        0 (I) 
           Arrival:=   10000            0     
                                              
             Setup:-      75                  
     Required Time:=    9925                  
      Launch Clock:-       0                  
         Data Path:-    3985                  
             Slack:=    5939                  

#--------------------------------------------------------------------------------------------------------------------------
#             Timing Point               Flags    Arc    Edge       Cell         Fanout  Load Trans Delay Arrival Instance 
#                                                                                        (fF)  (ps)  (ps)   (ps)  Location 
#--------------------------------------------------------------------------------------------------------------------------
  csm_inst_round_counter_reg[3]/clk      -       -       R     (arrival)            335     -     0     0       0    (-,-) 
  csm_inst_round_counter_reg[3]/q        (u)     clk->q  R     unmapped_d_flop      115 460.0     0   546     546    (-,-) 
  g22533/z                               (u)     in_0->z F     unmapped_nand2         3  12.0     0   189     735    (-,-) 
  g22437/z                               (u)     in_1->z R     unmapped_nand2         4  16.0     0   211     947    (-,-) 
  g21779/z                               (u)     in_0->z F     unmapped_nand2         1   4.0     0   122    1069    (-,-) 
  g21223/z                               (u)     in_1->z R     unmapped_nand2         2   8.0     0   166    1235    (-,-) 
  g23000/z                               (u)     in_0->z F     unmapped_complex2      1   4.0     0   122    1357    (-,-) 
  g20769/z                               (u)     in_0->z R     unmapped_nand2         1   4.0     0   122    1479    (-,-) 
  g20675/z                               (u)     in_1->z R     unmapped_or2           1   4.0     0   122    1601    (-,-) 
  g20580/z                               (u)     in_1->z R     unmapped_or2           1   4.0     0   122    1724    (-,-) 
  g20521/z                               (u)     in_0->z F     unmapped_complex2      1   4.0     0   122    1846    (-,-) 
  g23136/z                               (u)     in_0->z R     unmapped_complex2      2   8.0     0   166    2012    (-,-) 
  g23204/z                               (u)     in_0->z F     unmapped_complex2      1   4.0     0   122    2134    (-,-) 
  g20366/z                               (u)     in_1->z R     unmapped_nand2        13  52.0     0   271    2405    (-,-) 
  csm_inst_f_inst_sbox_inst_sbox5_g71/z  (u)     in_1->z R     unmapped_or2           8  32.0     0   248    2652    (-,-) 
  csm_inst_f_inst_sbox_inst_sbox5_g823/z (u)     in_1->z R     unmapped_complex2      3  12.0     0   189    2842    (-,-) 
  csm_inst_f_inst_sbox_inst_sbox5_g779/z (u)     in_1->z F     unmapped_complex2      1   4.0     0   122    2964    (-,-) 
  csm_inst_f_inst_sbox_inst_sbox5_g740/z (u)     in_0->z R     unmapped_complex2      1   4.0     0   122    3086    (-,-) 
  csm_inst_f_inst_sbox_inst_sbox5_g720/z (u)     in_1->z F     unmapped_nand2         1   4.0     0   122    3208    (-,-) 
  csm_inst_f_inst_sbox_inst_sbox5_g718/z (u)     in_1->z F     unmapped_or2           1   4.0     0   122    3331    (-,-) 
  csm_inst_f_inst_sbox_inst_sbox5_g714/z (u)     in_1->z F     unmapped_or2           2   8.0     0   166    3497    (-,-) 
  g5631/z                                (u)     in_1->z F     unmapped_complex2      1   4.0     0   122    3619    (-,-) 
  g5632/z                                (u)     in_1->z R     unmapped_nand2         1   4.0     0   122    3741    (-,-) 
  g5617/z                                (u)     in_1->z F     unmapped_complex2      1   4.0     0   122    3863    (-,-) 
  g5609/z                                (u)     in_1->z R     unmapped_complex2      1   4.0     0   122    3985    (-,-) 
  csm_inst_right_reg_reg[29]/d           -       -       R     unmapped_d_flop        1     -     -     0    3985    (-,-) 
#--------------------------------------------------------------------------------------------------------------------------

(u) : Net has unmapped pin(s).



Path 33: MET (8247 ps) Setup Check with Pin csm_inst_round_counter_reg[3]/clk->d
          Group: C2C
     Startpoint: (R) csm_inst_round_counter_reg[0]/clk
          Clock: (R) clk
       Endpoint: (R) csm_inst_round_counter_reg[3]/d
          Clock: (R) clk

                     Capture       Launch     
        Clock Edge:+   10000            0     
       Src Latency:+       0            0     
       Net Latency:+       0 (I)        0 (I) 
           Arrival:=   10000            0     
                                              
             Setup:-      75                  
     Required Time:=    9925                  
      Launch Clock:-       0                  
         Data Path:-    1678                  
             Slack:=    8247                  

#---------------------------------------------------------------------------------------------------------------------
#           Timing Point            Flags    Arc    Edge       Cell         Fanout  Load Trans Delay Arrival Instance 
#                                                                                   (fF)  (ps)  (ps)   (ps)  Location 
#---------------------------------------------------------------------------------------------------------------------
  csm_inst_round_counter_reg[0]/clk -       -       R     (arrival)            335     -     0     0       0    (-,-) 
  csm_inst_round_counter_reg[0]/q   (u)     clk->q  F     unmapped_d_flop      174 696.0     0   605     605    (-,-) 
  g22610/z                          (u)     in_1->z R     unmapped_nand2        10  40.0     0   257     862    (-,-) 
  g22640/z                          (u)     in_0->z R     unmapped_complex2     38 152.0     0   327    1189    (-,-) 
  g22929/z                          (u)     in_1->z F     unmapped_complex2      1   4.0     0   122    1311    (-,-) 
  g21292/z                          (u)     in_1->z R     unmapped_complex2      1   4.0     0   122    1433    (-,-) 
  g20958/z                          (u)     in_0->z F     unmapped_nand2         1   4.0     0   122    1556    (-,-) 
  g20855/z                          (u)     in_1->z R     unmapped_nand2         1   4.0     0   122    1678    (-,-) 
  csm_inst_round_counter_reg[3]/d   -       -       R     unmapped_d_flop        1     -     -     0    1678    (-,-) 
#---------------------------------------------------------------------------------------------------------------------

(u) : Net has unmapped pin(s).



Path 34: MET (8369 ps) Setup Check with Pin csm_inst_state_reg[0]/clk->d
          Group: C2C
     Startpoint: (R) csm_inst_round_counter_reg[0]/clk
          Clock: (R) clk
       Endpoint: (R) csm_inst_state_reg[0]/d
          Clock: (R) clk

                     Capture       Launch     
        Clock Edge:+   10000            0     
       Src Latency:+       0            0     
       Net Latency:+       0 (I)        0 (I) 
           Arrival:=   10000            0     
                                              
             Setup:-      75                  
     Required Time:=    9925                  
      Launch Clock:-       0                  
         Data Path:-    1556                  
             Slack:=    8369                  

#---------------------------------------------------------------------------------------------------------------------
#           Timing Point            Flags    Arc    Edge       Cell         Fanout  Load Trans Delay Arrival Instance 
#                                                                                   (fF)  (ps)  (ps)   (ps)  Location 
#---------------------------------------------------------------------------------------------------------------------
  csm_inst_round_counter_reg[0]/clk -       -       R     (arrival)            335     -     0     0       0    (-,-) 
  csm_inst_round_counter_reg[0]/q   (u)     clk->q  R     unmapped_d_flop      174 696.0     0   605     605    (-,-) 
  g22610/z                          (u)     in_1->z F     unmapped_nand2        10  40.0     0   257     862    (-,-) 
  g22640/z                          (u)     in_0->z F     unmapped_complex2     38 152.0     0   327    1189    (-,-) 
  g22930/z                          (u)     in_0->z F     unmapped_complex2      1   4.0     0   122    1311    (-,-) 
  g21168/z                          (u)     in_0->z F     unmapped_or2           1   4.0     0   122    1433    (-,-) 
  g21136/z                          (u)     in_1->z R     unmapped_nand2         1   4.0     0   122    1556    (-,-) 
  csm_inst_state_reg[0]/d           -       -       R     unmapped_d_flop        1     -     -     0    1556    (-,-) 
#---------------------------------------------------------------------------------------------------------------------

(u) : Net has unmapped pin(s).



Path 35: MET (8454 ps) Setup Check with Pin csm_inst_round_counter_reg[2]/clk->d
          Group: C2C
     Startpoint: (R) csm_inst_round_counter_reg[0]/clk
          Clock: (R) clk
       Endpoint: (R) csm_inst_round_counter_reg[2]/d
          Clock: (R) clk

                     Capture       Launch     
        Clock Edge:+   10000            0     
       Src Latency:+       0            0     
       Net Latency:+       0 (I)        0 (I) 
           Arrival:=   10000            0     
                                              
             Setup:-      75                  
     Required Time:=    9925                  
      Launch Clock:-       0                  
         Data Path:-    1471                  
             Slack:=    8454                  

#---------------------------------------------------------------------------------------------------------------------
#           Timing Point            Flags    Arc    Edge       Cell         Fanout  Load Trans Delay Arrival Instance 
#                                                                                   (fF)  (ps)  (ps)   (ps)  Location 
#---------------------------------------------------------------------------------------------------------------------
  csm_inst_round_counter_reg[0]/clk -       -       R     (arrival)            335     -     0     0       0    (-,-) 
  csm_inst_round_counter_reg[0]/q   (u)     clk->q  R     unmapped_d_flop      174 696.0     0   605     605    (-,-) 
  g22614/z                          (u)     in_0->z F     unmapped_complex2     14  56.0     0   276     881    (-,-) 
  g22642/z                          (u)     in_0->z F     unmapped_complex2      5  20.0     0   224    1105    (-,-) 
  g22094/z                          (u)     in_0->z F     unmapped_or2           1   4.0     0   122    1227    (-,-) 
  g21217/z                          (u)     in_1->z R     unmapped_nand2         1   4.0     0   122    1349    (-,-) 
  g21066/z                          (u)     in_1->z R     unmapped_complex2      1   4.0     0   122    1471    (-,-) 
  csm_inst_round_counter_reg[2]/d   -       -       R     unmapped_d_flop        1     -     -     0    1471    (-,-) 
#---------------------------------------------------------------------------------------------------------------------

(u) : Net has unmapped pin(s).



Path 36: MET (8461 ps) Setup Check with Pin csm_inst_left_reg_reg[31]/clk->d
          Group: C2C
     Startpoint: (R) csm_inst_state_reg[2]/clk
          Clock: (R) clk
       Endpoint: (R) csm_inst_left_reg_reg[31]/d
          Clock: (R) clk

                     Capture       Launch     
        Clock Edge:+   10000            0     
       Src Latency:+       0            0     
       Net Latency:+       0 (I)        0 (I) 
           Arrival:=   10000            0     
                                              
             Setup:-      75                  
     Required Time:=    9925                  
      Launch Clock:-       0                  
         Data Path:-    1464                  
             Slack:=    8461                  

#---------------------------------------------------------------------------------------------------------------
#        Timing Point         Flags    Arc    Edge       Cell         Fanout  Load Trans Delay Arrival Instance 
#                                                                             (fF)  (ps)  (ps)   (ps)  Location 
#---------------------------------------------------------------------------------------------------------------
  csm_inst_state_reg[2]/clk   -       -       R     (arrival)            335     -     0     0       0    (-,-) 
  csm_inst_state_reg[2]/q     (u)     clk->q  R     unmapped_d_flop        4  16.0     0   348     348    (-,-) 
  g17269/z                    (u)     in_1->z R     unmapped_complex2      6  24.0     0   233     581    (-,-) 
  g5639/z                     (u)     in_0->z F     unmapped_complex2     29 116.0     0   312     894    (-,-) 
  g22070/z                    (u)     in_0->z R     unmapped_nand2        37 148.0     0   326    1219    (-,-) 
  g21342/z                    (u)     in_0->z F     unmapped_nand2         1   4.0     0   122    1341    (-,-) 
  g21030/z                    (u)     in_1->z R     unmapped_complex2      1   4.0     0   122    1464    (-,-) 
  csm_inst_left_reg_reg[31]/d -       -       R     unmapped_d_flop        1     -     -     0    1464    (-,-) 
#---------------------------------------------------------------------------------------------------------------

(u) : Net has unmapped pin(s).



Path 37: MET (8461 ps) Setup Check with Pin csm_inst_left_reg_reg[30]/clk->d
          Group: C2C
     Startpoint: (R) csm_inst_state_reg[2]/clk
          Clock: (R) clk
       Endpoint: (R) csm_inst_left_reg_reg[30]/d
          Clock: (R) clk

                     Capture       Launch     
        Clock Edge:+   10000            0     
       Src Latency:+       0            0     
       Net Latency:+       0 (I)        0 (I) 
           Arrival:=   10000            0     
                                              
             Setup:-      75                  
     Required Time:=    9925                  
      Launch Clock:-       0                  
         Data Path:-    1464                  
             Slack:=    8461                  

#---------------------------------------------------------------------------------------------------------------
#        Timing Point         Flags    Arc    Edge       Cell         Fanout  Load Trans Delay Arrival Instance 
#                                                                             (fF)  (ps)  (ps)   (ps)  Location 
#---------------------------------------------------------------------------------------------------------------
  csm_inst_state_reg[2]/clk   -       -       R     (arrival)            335     -     0     0       0    (-,-) 
  csm_inst_state_reg[2]/q     (u)     clk->q  R     unmapped_d_flop        4  16.0     0   348     348    (-,-) 
  g17269/z                    (u)     in_1->z R     unmapped_complex2      6  24.0     0   233     581    (-,-) 
  g5639/z                     (u)     in_0->z F     unmapped_complex2     29 116.0     0   312     894    (-,-) 
  g22070/z                    (u)     in_0->z R     unmapped_nand2        37 148.0     0   326    1219    (-,-) 
  g21326/z                    (u)     in_0->z F     unmapped_nand2         1   4.0     0   122    1341    (-,-) 
  g21031/z                    (u)     in_1->z R     unmapped_complex2      1   4.0     0   122    1464    (-,-) 
  csm_inst_left_reg_reg[30]/d -       -       R     unmapped_d_flop        1     -     -     0    1464    (-,-) 
#---------------------------------------------------------------------------------------------------------------

(u) : Net has unmapped pin(s).



Path 38: MET (8461 ps) Setup Check with Pin csm_inst_left_reg_reg[29]/clk->d
          Group: C2C
     Startpoint: (R) csm_inst_state_reg[2]/clk
          Clock: (R) clk
       Endpoint: (R) csm_inst_left_reg_reg[29]/d
          Clock: (R) clk

                     Capture       Launch     
        Clock Edge:+   10000            0     
       Src Latency:+       0            0     
       Net Latency:+       0 (I)        0 (I) 
           Arrival:=   10000            0     
                                              
             Setup:-      75                  
     Required Time:=    9925                  
      Launch Clock:-       0                  
         Data Path:-    1464                  
             Slack:=    8461                  

#---------------------------------------------------------------------------------------------------------------
#        Timing Point         Flags    Arc    Edge       Cell         Fanout  Load Trans Delay Arrival Instance 
#                                                                             (fF)  (ps)  (ps)   (ps)  Location 
#---------------------------------------------------------------------------------------------------------------
  csm_inst_state_reg[2]/clk   -       -       R     (arrival)            335     -     0     0       0    (-,-) 
  csm_inst_state_reg[2]/q     (u)     clk->q  R     unmapped_d_flop        4  16.0     0   348     348    (-,-) 
  g17269/z                    (u)     in_1->z R     unmapped_complex2      6  24.0     0   233     581    (-,-) 
  g5639/z                     (u)     in_0->z F     unmapped_complex2     29 116.0     0   312     894    (-,-) 
  g22070/z                    (u)     in_0->z R     unmapped_nand2        37 148.0     0   326    1219    (-,-) 
  g21165/z                    (u)     in_0->z F     unmapped_nand2         1   4.0     0   122    1341    (-,-) 
  g21034/z                    (u)     in_1->z R     unmapped_complex2      1   4.0     0   122    1464    (-,-) 
  csm_inst_left_reg_reg[29]/d -       -       R     unmapped_d_flop        1     -     -     0    1464    (-,-) 
#---------------------------------------------------------------------------------------------------------------

(u) : Net has unmapped pin(s).



Path 39: MET (8461 ps) Setup Check with Pin csm_inst_left_reg_reg[28]/clk->d
          Group: C2C
     Startpoint: (R) csm_inst_state_reg[2]/clk
          Clock: (R) clk
       Endpoint: (R) csm_inst_left_reg_reg[28]/d
          Clock: (R) clk

                     Capture       Launch     
        Clock Edge:+   10000            0     
       Src Latency:+       0            0     
       Net Latency:+       0 (I)        0 (I) 
           Arrival:=   10000            0     
                                              
             Setup:-      75                  
     Required Time:=    9925                  
      Launch Clock:-       0                  
         Data Path:-    1464                  
             Slack:=    8461                  

#---------------------------------------------------------------------------------------------------------------
#        Timing Point         Flags    Arc    Edge       Cell         Fanout  Load Trans Delay Arrival Instance 
#                                                                             (fF)  (ps)  (ps)   (ps)  Location 
#---------------------------------------------------------------------------------------------------------------
  csm_inst_state_reg[2]/clk   -       -       R     (arrival)            335     -     0     0       0    (-,-) 
  csm_inst_state_reg[2]/q     (u)     clk->q  R     unmapped_d_flop        4  16.0     0   348     348    (-,-) 
  g17269/z                    (u)     in_1->z R     unmapped_complex2      6  24.0     0   233     581    (-,-) 
  g5639/z                     (u)     in_0->z F     unmapped_complex2     29 116.0     0   312     894    (-,-) 
  g22070/z                    (u)     in_0->z R     unmapped_nand2        37 148.0     0   326    1219    (-,-) 
  g21397/z                    (u)     in_0->z F     unmapped_nand2         1   4.0     0   122    1341    (-,-) 
  g21040/z                    (u)     in_1->z R     unmapped_complex2      1   4.0     0   122    1464    (-,-) 
  csm_inst_left_reg_reg[28]/d -       -       R     unmapped_d_flop        1     -     -     0    1464    (-,-) 
#---------------------------------------------------------------------------------------------------------------

(u) : Net has unmapped pin(s).



Path 40: MET (8461 ps) Setup Check with Pin csm_inst_left_reg_reg[27]/clk->d
          Group: C2C
     Startpoint: (R) csm_inst_state_reg[2]/clk
          Clock: (R) clk
       Endpoint: (R) csm_inst_left_reg_reg[27]/d
          Clock: (R) clk

                     Capture       Launch     
        Clock Edge:+   10000            0     
       Src Latency:+       0            0     
       Net Latency:+       0 (I)        0 (I) 
           Arrival:=   10000            0     
                                              
             Setup:-      75                  
     Required Time:=    9925                  
      Launch Clock:-       0                  
         Data Path:-    1464                  
             Slack:=    8461                  

#---------------------------------------------------------------------------------------------------------------
#        Timing Point         Flags    Arc    Edge       Cell         Fanout  Load Trans Delay Arrival Instance 
#                                                                             (fF)  (ps)  (ps)   (ps)  Location 
#---------------------------------------------------------------------------------------------------------------
  csm_inst_state_reg[2]/clk   -       -       R     (arrival)            335     -     0     0       0    (-,-) 
  csm_inst_state_reg[2]/q     (u)     clk->q  R     unmapped_d_flop        4  16.0     0   348     348    (-,-) 
  g17269/z                    (u)     in_1->z R     unmapped_complex2      6  24.0     0   233     581    (-,-) 
  g5639/z                     (u)     in_0->z F     unmapped_complex2     29 116.0     0   312     894    (-,-) 
  g22070/z                    (u)     in_0->z R     unmapped_nand2        37 148.0     0   326    1219    (-,-) 
  g21389/z                    (u)     in_0->z F     unmapped_nand2         1   4.0     0   122    1341    (-,-) 
  g21045/z                    (u)     in_1->z R     unmapped_complex2      1   4.0     0   122    1464    (-,-) 
  csm_inst_left_reg_reg[27]/d -       -       R     unmapped_d_flop        1     -     -     0    1464    (-,-) 
#---------------------------------------------------------------------------------------------------------------

(u) : Net has unmapped pin(s).



Path 41: MET (8461 ps) Setup Check with Pin csm_inst_left_reg_reg[26]/clk->d
          Group: C2C
     Startpoint: (R) csm_inst_state_reg[2]/clk
          Clock: (R) clk
       Endpoint: (R) csm_inst_left_reg_reg[26]/d
          Clock: (R) clk

                     Capture       Launch     
        Clock Edge:+   10000            0     
       Src Latency:+       0            0     
       Net Latency:+       0 (I)        0 (I) 
           Arrival:=   10000            0     
                                              
             Setup:-      75                  
     Required Time:=    9925                  
      Launch Clock:-       0                  
         Data Path:-    1464                  
             Slack:=    8461                  

#---------------------------------------------------------------------------------------------------------------
#        Timing Point         Flags    Arc    Edge       Cell         Fanout  Load Trans Delay Arrival Instance 
#                                                                             (fF)  (ps)  (ps)   (ps)  Location 
#---------------------------------------------------------------------------------------------------------------
  csm_inst_state_reg[2]/clk   -       -       R     (arrival)            335     -     0     0       0    (-,-) 
  csm_inst_state_reg[2]/q     (u)     clk->q  R     unmapped_d_flop        4  16.0     0   348     348    (-,-) 
  g17269/z                    (u)     in_1->z R     unmapped_complex2      6  24.0     0   233     581    (-,-) 
  g5639/z                     (u)     in_0->z F     unmapped_complex2     29 116.0     0   312     894    (-,-) 
  g22070/z                    (u)     in_0->z R     unmapped_nand2        37 148.0     0   326    1219    (-,-) 
  g21299/z                    (u)     in_0->z F     unmapped_nand2         1   4.0     0   122    1341    (-,-) 
  g21048/z                    (u)     in_1->z R     unmapped_complex2      1   4.0     0   122    1464    (-,-) 
  csm_inst_left_reg_reg[26]/d -       -       R     unmapped_d_flop        1     -     -     0    1464    (-,-) 
#---------------------------------------------------------------------------------------------------------------

(u) : Net has unmapped pin(s).



Path 42: MET (8461 ps) Setup Check with Pin csm_inst_left_reg_reg[25]/clk->d
          Group: C2C
     Startpoint: (R) csm_inst_state_reg[2]/clk
          Clock: (R) clk
       Endpoint: (R) csm_inst_left_reg_reg[25]/d
          Clock: (R) clk

                     Capture       Launch     
        Clock Edge:+   10000            0     
       Src Latency:+       0            0     
       Net Latency:+       0 (I)        0 (I) 
           Arrival:=   10000            0     
                                              
             Setup:-      75                  
     Required Time:=    9925                  
      Launch Clock:-       0                  
         Data Path:-    1464                  
             Slack:=    8461                  

#---------------------------------------------------------------------------------------------------------------
#        Timing Point         Flags    Arc    Edge       Cell         Fanout  Load Trans Delay Arrival Instance 
#                                                                             (fF)  (ps)  (ps)   (ps)  Location 
#---------------------------------------------------------------------------------------------------------------
  csm_inst_state_reg[2]/clk   -       -       R     (arrival)            335     -     0     0       0    (-,-) 
  csm_inst_state_reg[2]/q     (u)     clk->q  R     unmapped_d_flop        4  16.0     0   348     348    (-,-) 
  g17269/z                    (u)     in_1->z R     unmapped_complex2      6  24.0     0   233     581    (-,-) 
  g5639/z                     (u)     in_0->z F     unmapped_complex2     29 116.0     0   312     894    (-,-) 
  g22070/z                    (u)     in_0->z R     unmapped_nand2        37 148.0     0   326    1219    (-,-) 
  g21220/z                    (u)     in_0->z F     unmapped_nand2         1   4.0     0   122    1341    (-,-) 
  g21056/z                    (u)     in_1->z R     unmapped_complex2      1   4.0     0   122    1464    (-,-) 
  csm_inst_left_reg_reg[25]/d -       -       R     unmapped_d_flop        1     -     -     0    1464    (-,-) 
#---------------------------------------------------------------------------------------------------------------

(u) : Net has unmapped pin(s).



Path 43: MET (8461 ps) Setup Check with Pin csm_inst_left_reg_reg[24]/clk->d
          Group: C2C
     Startpoint: (R) csm_inst_state_reg[2]/clk
          Clock: (R) clk
       Endpoint: (R) csm_inst_left_reg_reg[24]/d
          Clock: (R) clk

                     Capture       Launch     
        Clock Edge:+   10000            0     
       Src Latency:+       0            0     
       Net Latency:+       0 (I)        0 (I) 
           Arrival:=   10000            0     
                                              
             Setup:-      75                  
     Required Time:=    9925                  
      Launch Clock:-       0                  
         Data Path:-    1464                  
             Slack:=    8461                  

#---------------------------------------------------------------------------------------------------------------
#        Timing Point         Flags    Arc    Edge       Cell         Fanout  Load Trans Delay Arrival Instance 
#                                                                             (fF)  (ps)  (ps)   (ps)  Location 
#---------------------------------------------------------------------------------------------------------------
  csm_inst_state_reg[2]/clk   -       -       R     (arrival)            335     -     0     0       0    (-,-) 
  csm_inst_state_reg[2]/q     (u)     clk->q  R     unmapped_d_flop        4  16.0     0   348     348    (-,-) 
  g17269/z                    (u)     in_1->z R     unmapped_complex2      6  24.0     0   233     581    (-,-) 
  g5639/z                     (u)     in_0->z F     unmapped_complex2     29 116.0     0   312     894    (-,-) 
  g22070/z                    (u)     in_0->z R     unmapped_nand2        37 148.0     0   326    1219    (-,-) 
  g21207/z                    (u)     in_0->z F     unmapped_nand2         1   4.0     0   122    1341    (-,-) 
  g21057/z                    (u)     in_1->z R     unmapped_complex2      1   4.0     0   122    1464    (-,-) 
  csm_inst_left_reg_reg[24]/d -       -       R     unmapped_d_flop        1     -     -     0    1464    (-,-) 
#---------------------------------------------------------------------------------------------------------------

(u) : Net has unmapped pin(s).



Path 44: MET (8461 ps) Setup Check with Pin csm_inst_left_reg_reg[23]/clk->d
          Group: C2C
     Startpoint: (R) csm_inst_state_reg[2]/clk
          Clock: (R) clk
       Endpoint: (R) csm_inst_left_reg_reg[23]/d
          Clock: (R) clk

                     Capture       Launch     
        Clock Edge:+   10000            0     
       Src Latency:+       0            0     
       Net Latency:+       0 (I)        0 (I) 
           Arrival:=   10000            0     
                                              
             Setup:-      75                  
     Required Time:=    9925                  
      Launch Clock:-       0                  
         Data Path:-    1464                  
             Slack:=    8461                  

#---------------------------------------------------------------------------------------------------------------
#        Timing Point         Flags    Arc    Edge       Cell         Fanout  Load Trans Delay Arrival Instance 
#                                                                             (fF)  (ps)  (ps)   (ps)  Location 
#---------------------------------------------------------------------------------------------------------------
  csm_inst_state_reg[2]/clk   -       -       R     (arrival)            335     -     0     0       0    (-,-) 
  csm_inst_state_reg[2]/q     (u)     clk->q  R     unmapped_d_flop        4  16.0     0   348     348    (-,-) 
  g17269/z                    (u)     in_1->z R     unmapped_complex2      6  24.0     0   233     581    (-,-) 
  g5639/z                     (u)     in_0->z F     unmapped_complex2     29 116.0     0   312     894    (-,-) 
  g22070/z                    (u)     in_0->z R     unmapped_nand2        37 148.0     0   326    1219    (-,-) 
  g21477/z                    (u)     in_0->z F     unmapped_nand2         1   4.0     0   122    1341    (-,-) 
  g21122/z                    (u)     in_1->z R     unmapped_complex2      1   4.0     0   122    1464    (-,-) 
  csm_inst_left_reg_reg[23]/d -       -       R     unmapped_d_flop        1     -     -     0    1464    (-,-) 
#---------------------------------------------------------------------------------------------------------------

(u) : Net has unmapped pin(s).



Path 45: MET (8461 ps) Setup Check with Pin csm_inst_left_reg_reg[22]/clk->d
          Group: C2C
     Startpoint: (R) csm_inst_state_reg[2]/clk
          Clock: (R) clk
       Endpoint: (R) csm_inst_left_reg_reg[22]/d
          Clock: (R) clk

                     Capture       Launch     
        Clock Edge:+   10000            0     
       Src Latency:+       0            0     
       Net Latency:+       0 (I)        0 (I) 
           Arrival:=   10000            0     
                                              
             Setup:-      75                  
     Required Time:=    9925                  
      Launch Clock:-       0                  
         Data Path:-    1464                  
             Slack:=    8461                  

#---------------------------------------------------------------------------------------------------------------
#        Timing Point         Flags    Arc    Edge       Cell         Fanout  Load Trans Delay Arrival Instance 
#                                                                             (fF)  (ps)  (ps)   (ps)  Location 
#---------------------------------------------------------------------------------------------------------------
  csm_inst_state_reg[2]/clk   -       -       R     (arrival)            335     -     0     0       0    (-,-) 
  csm_inst_state_reg[2]/q     (u)     clk->q  R     unmapped_d_flop        4  16.0     0   348     348    (-,-) 
  g17269/z                    (u)     in_1->z R     unmapped_complex2      6  24.0     0   233     581    (-,-) 
  g5639/z                     (u)     in_0->z F     unmapped_complex2     29 116.0     0   312     894    (-,-) 
  g22070/z                    (u)     in_0->z R     unmapped_nand2        37 148.0     0   326    1219    (-,-) 
  g21434/z                    (u)     in_0->z F     unmapped_nand2         1   4.0     0   122    1341    (-,-) 
  g21060/z                    (u)     in_1->z R     unmapped_complex2      1   4.0     0   122    1464    (-,-) 
  csm_inst_left_reg_reg[22]/d -       -       R     unmapped_d_flop        1     -     -     0    1464    (-,-) 
#---------------------------------------------------------------------------------------------------------------

(u) : Net has unmapped pin(s).



Path 46: MET (8461 ps) Setup Check with Pin csm_inst_left_reg_reg[21]/clk->d
          Group: C2C
     Startpoint: (R) csm_inst_state_reg[2]/clk
          Clock: (R) clk
       Endpoint: (R) csm_inst_left_reg_reg[21]/d
          Clock: (R) clk

                     Capture       Launch     
        Clock Edge:+   10000            0     
       Src Latency:+       0            0     
       Net Latency:+       0 (I)        0 (I) 
           Arrival:=   10000            0     
                                              
             Setup:-      75                  
     Required Time:=    9925                  
      Launch Clock:-       0                  
         Data Path:-    1464                  
             Slack:=    8461                  

#---------------------------------------------------------------------------------------------------------------
#        Timing Point         Flags    Arc    Edge       Cell         Fanout  Load Trans Delay Arrival Instance 
#                                                                             (fF)  (ps)  (ps)   (ps)  Location 
#---------------------------------------------------------------------------------------------------------------
  csm_inst_state_reg[2]/clk   -       -       R     (arrival)            335     -     0     0       0    (-,-) 
  csm_inst_state_reg[2]/q     (u)     clk->q  R     unmapped_d_flop        4  16.0     0   348     348    (-,-) 
  g17269/z                    (u)     in_1->z R     unmapped_complex2      6  24.0     0   233     581    (-,-) 
  g5639/z                     (u)     in_0->z F     unmapped_complex2     29 116.0     0   312     894    (-,-) 
  g22070/z                    (u)     in_0->z R     unmapped_nand2        37 148.0     0   326    1219    (-,-) 
  g21415/z                    (u)     in_0->z F     unmapped_nand2         1   4.0     0   122    1341    (-,-) 
  g21008/z                    (u)     in_1->z R     unmapped_complex2      1   4.0     0   122    1464    (-,-) 
  csm_inst_left_reg_reg[21]/d -       -       R     unmapped_d_flop        1     -     -     0    1464    (-,-) 
#---------------------------------------------------------------------------------------------------------------

(u) : Net has unmapped pin(s).



Path 47: MET (8461 ps) Setup Check with Pin csm_inst_left_reg_reg[20]/clk->d
          Group: C2C
     Startpoint: (R) csm_inst_state_reg[2]/clk
          Clock: (R) clk
       Endpoint: (R) csm_inst_left_reg_reg[20]/d
          Clock: (R) clk

                     Capture       Launch     
        Clock Edge:+   10000            0     
       Src Latency:+       0            0     
       Net Latency:+       0 (I)        0 (I) 
           Arrival:=   10000            0     
                                              
             Setup:-      75                  
     Required Time:=    9925                  
      Launch Clock:-       0                  
         Data Path:-    1464                  
             Slack:=    8461                  

#---------------------------------------------------------------------------------------------------------------
#        Timing Point         Flags    Arc    Edge       Cell         Fanout  Load Trans Delay Arrival Instance 
#                                                                             (fF)  (ps)  (ps)   (ps)  Location 
#---------------------------------------------------------------------------------------------------------------
  csm_inst_state_reg[2]/clk   -       -       R     (arrival)            335     -     0     0       0    (-,-) 
  csm_inst_state_reg[2]/q     (u)     clk->q  R     unmapped_d_flop        4  16.0     0   348     348    (-,-) 
  g17269/z                    (u)     in_1->z R     unmapped_complex2      6  24.0     0   233     581    (-,-) 
  g5639/z                     (u)     in_0->z F     unmapped_complex2     29 116.0     0   312     894    (-,-) 
  g22070/z                    (u)     in_0->z R     unmapped_nand2        37 148.0     0   326    1219    (-,-) 
  g21384/z                    (u)     in_0->z F     unmapped_nand2         1   4.0     0   122    1341    (-,-) 
  g20969/z                    (u)     in_1->z R     unmapped_complex2      1   4.0     0   122    1464    (-,-) 
  csm_inst_left_reg_reg[20]/d -       -       R     unmapped_d_flop        1     -     -     0    1464    (-,-) 
#---------------------------------------------------------------------------------------------------------------

(u) : Net has unmapped pin(s).



Path 48: MET (8461 ps) Setup Check with Pin csm_inst_left_reg_reg[19]/clk->d
          Group: C2C
     Startpoint: (R) csm_inst_state_reg[2]/clk
          Clock: (R) clk
       Endpoint: (R) csm_inst_left_reg_reg[19]/d
          Clock: (R) clk

                     Capture       Launch     
        Clock Edge:+   10000            0     
       Src Latency:+       0            0     
       Net Latency:+       0 (I)        0 (I) 
           Arrival:=   10000            0     
                                              
             Setup:-      75                  
     Required Time:=    9925                  
      Launch Clock:-       0                  
         Data Path:-    1464                  
             Slack:=    8461                  

#---------------------------------------------------------------------------------------------------------------
#        Timing Point         Flags    Arc    Edge       Cell         Fanout  Load Trans Delay Arrival Instance 
#                                                                             (fF)  (ps)  (ps)   (ps)  Location 
#---------------------------------------------------------------------------------------------------------------
  csm_inst_state_reg[2]/clk   -       -       R     (arrival)            335     -     0     0       0    (-,-) 
  csm_inst_state_reg[2]/q     (u)     clk->q  R     unmapped_d_flop        4  16.0     0   348     348    (-,-) 
  g17269/z                    (u)     in_1->z R     unmapped_complex2      6  24.0     0   233     581    (-,-) 
  g5639/z                     (u)     in_0->z F     unmapped_complex2     29 116.0     0   312     894    (-,-) 
  g22070/z                    (u)     in_0->z R     unmapped_nand2        37 148.0     0   326    1219    (-,-) 
  g21356/z                    (u)     in_0->z F     unmapped_nand2         1   4.0     0   122    1341    (-,-) 
  g20919/z                    (u)     in_1->z R     unmapped_complex2      1   4.0     0   122    1464    (-,-) 
  csm_inst_left_reg_reg[19]/d -       -       R     unmapped_d_flop        1     -     -     0    1464    (-,-) 
#---------------------------------------------------------------------------------------------------------------

(u) : Net has unmapped pin(s).



Path 49: MET (8461 ps) Setup Check with Pin csm_inst_left_reg_reg[18]/clk->d
          Group: C2C
     Startpoint: (R) csm_inst_state_reg[2]/clk
          Clock: (R) clk
       Endpoint: (R) csm_inst_left_reg_reg[18]/d
          Clock: (R) clk

                     Capture       Launch     
        Clock Edge:+   10000            0     
       Src Latency:+       0            0     
       Net Latency:+       0 (I)        0 (I) 
           Arrival:=   10000            0     
                                              
             Setup:-      75                  
     Required Time:=    9925                  
      Launch Clock:-       0                  
         Data Path:-    1464                  
             Slack:=    8461                  

#---------------------------------------------------------------------------------------------------------------
#        Timing Point         Flags    Arc    Edge       Cell         Fanout  Load Trans Delay Arrival Instance 
#                                                                             (fF)  (ps)  (ps)   (ps)  Location 
#---------------------------------------------------------------------------------------------------------------
  csm_inst_state_reg[2]/clk   -       -       R     (arrival)            335     -     0     0       0    (-,-) 
  csm_inst_state_reg[2]/q     (u)     clk->q  R     unmapped_d_flop        4  16.0     0   348     348    (-,-) 
  g17269/z                    (u)     in_1->z R     unmapped_complex2      6  24.0     0   233     581    (-,-) 
  g5639/z                     (u)     in_0->z F     unmapped_complex2     29 116.0     0   312     894    (-,-) 
  g22070/z                    (u)     in_0->z R     unmapped_nand2        37 148.0     0   326    1219    (-,-) 
  g21306/z                    (u)     in_0->z F     unmapped_nand2         1   4.0     0   122    1341    (-,-) 
  g20917/z                    (u)     in_1->z R     unmapped_complex2      1   4.0     0   122    1464    (-,-) 
  csm_inst_left_reg_reg[18]/d -       -       R     unmapped_d_flop        1     -     -     0    1464    (-,-) 
#---------------------------------------------------------------------------------------------------------------

(u) : Net has unmapped pin(s).



Path 50: MET (8461 ps) Setup Check with Pin csm_inst_left_reg_reg[17]/clk->d
          Group: C2C
     Startpoint: (R) csm_inst_state_reg[2]/clk
          Clock: (R) clk
       Endpoint: (R) csm_inst_left_reg_reg[17]/d
          Clock: (R) clk

                     Capture       Launch     
        Clock Edge:+   10000            0     
       Src Latency:+       0            0     
       Net Latency:+       0 (I)        0 (I) 
           Arrival:=   10000            0     
                                              
             Setup:-      75                  
     Required Time:=    9925                  
      Launch Clock:-       0                  
         Data Path:-    1464                  
             Slack:=    8461                  

#---------------------------------------------------------------------------------------------------------------
#        Timing Point         Flags    Arc    Edge       Cell         Fanout  Load Trans Delay Arrival Instance 
#                                                                             (fF)  (ps)  (ps)   (ps)  Location 
#---------------------------------------------------------------------------------------------------------------
  csm_inst_state_reg[2]/clk   -       -       R     (arrival)            335     -     0     0       0    (-,-) 
  csm_inst_state_reg[2]/q     (u)     clk->q  R     unmapped_d_flop        4  16.0     0   348     348    (-,-) 
  g17269/z                    (u)     in_1->z R     unmapped_complex2      6  24.0     0   233     581    (-,-) 
  g5639/z                     (u)     in_0->z F     unmapped_complex2     29 116.0     0   312     894    (-,-) 
  g22070/z                    (u)     in_0->z R     unmapped_nand2        37 148.0     0   326    1219    (-,-) 
  g21157/z                    (u)     in_0->z F     unmapped_nand2         1   4.0     0   122    1341    (-,-) 
  g23105/z                    (u)     in_0->z R     unmapped_complex2      1   4.0     0   122    1464    (-,-) 
  csm_inst_left_reg_reg[17]/d -       -       R     unmapped_d_flop        1     -     -     0    1464    (-,-) 
#---------------------------------------------------------------------------------------------------------------

(u) : Net has unmapped pin(s).

