============================================================
  Generated by:           Genus(TM) Synthesis Solution 21.15-s080_1
  Generated on:           Nov 30 2025  05:19:51 pm
  Module:                 TopModule
  Operating conditions:   PVT_1P8V_25C 
  Interconnect mode:      global
  Area mode:              timing library
============================================================


Path 1: MET (3260 ps) Setup Check with Pin csm_inst_right_reg_reg[22]/CLK->D
          Group: C2C
     Startpoint: (R) csm_inst_round_counter_reg[0]/CLK
          Clock: (R) clk
       Endpoint: (R) csm_inst_right_reg_reg[22]/D
          Clock: (R) clk

                     Capture       Launch     
        Clock Edge:+   10000            0     
       Src Latency:+       0            0     
       Net Latency:+       0 (I)        0 (I) 
           Arrival:=   10000            0     
                                              
             Setup:-     213                  
     Required Time:=    9787                  
      Launch Clock:-       0                  
         Data Path:-    6527                  
             Slack:=    3260                  

#------------------------------------------------------------------------------------------------------------
#           Timing Point            Flags    Arc   Edge   Cell     Fanout  Load Trans Delay Arrival Instance 
#                                                                          (fF)  (ps)  (ps)   (ps)  Location 
#------------------------------------------------------------------------------------------------------------
  csm_inst_round_counter_reg[0]/CLK -       -      R     (arrival)    335     -     0     0       0    (-,-) 
  csm_inst_round_counter_reg[0]/Q   -       CLK->Q R     DFFQSRX1      17  83.6  1228   812     812    (-,-) 
  g63752/Z                          -       A->Z   F     INVX2          2  11.4   246   145     957    (-,-) 
  g63622/Z                          -       A->Z   R     NOR2X1        14  60.7   900   575    1532    (-,-) 
  g63402/Z                          -       A->Z   R     AND2X1        23  97.6  1430   871    2403    (-,-) 
  g63255/Z                          -       A->Z   R     BUFX1         24 102.1  1496   894    3296    (-,-) 
  g62775/Z                          -       A->Z   F     NAND2X1        1   6.8   275   107    3404    (-,-) 
  g62340/Z                          -       B->Z   R     NAND2X1        1   7.2   178   177    3581    (-,-) 
  g62084/Z                          -       A->Z   F     NOR2X1         1   7.3   124   120    3701    (-,-) 
  g61563/Z                          -       A->Z   R     NAND3X1        1   6.8   194   124    3826    (-,-) 
  g61144/Z                          -       A->Z   R     AND2X1         1   7.3   126   126    3952    (-,-) 
  g61076/Z                          -       B->Z   F     NOR2X1         1  12.8   172   125    4077    (-,-) 
  g60694/Z                          -       B->Z   R     XOR2X1        14  66.1   976   627    4704    (-,-) 
  g60680/Z                          -       A->Z   F     INVX2          3  15.6   252   173    4876    (-,-) 
  g60595/Z                          -       A->Z   R     NOR2X1         5  24.3   384   283    5159    (-,-) 
  g60540__8246/Z                    -       A->Z   F     NAND2X1        2  12.0   186   144    5303    (-,-) 
  g60479/Z                          -       A->Z   R     INVX2          2  11.0   120   111    5414    (-,-) 
  g60223__4733/Z                    -       A->Z   F     NAND2X1        1   7.3   162    79    5493    (-,-) 
  g59920__1705/Z                    -       A->Z   R     NAND3X1        1   7.7   198   144    5637    (-,-) 
  g59862/Z                          -       A->Z   F     INVX2          1   7.2    85    72    5709    (-,-) 
  g59682__8428/Z                    -       C->Z   R     NAND3X1        1   7.3   192   152    5862    (-,-) 
  g59633__8246/Z                    -       B->Z   F     NOR2X1         1   6.9   123   102    5964    (-,-) 
  g59628__3680/Z                    -       A->Z   R     NAND2X1        1  12.8   231   165    6129    (-,-) 
  g59588__2346/Z                    -       B->Z   R     XOR2X1         1   6.8   124   159    6288    (-,-) 
  g59548__5122/Z                    -       A->Z   F     NAND2X1        1   7.3   262    80    6368    (-,-) 
  g59531__2883/Z                    -       A->Z   R     NAND3X1        1   6.4   201   160    6527    (-,-) 
  csm_inst_right_reg_reg[22]/D      -       -      R     DFFQSRX1       1     -     -     0    6527    (-,-) 
#------------------------------------------------------------------------------------------------------------



Path 2: MET (3279 ps) Setup Check with Pin csm_inst_right_reg_reg[31]/CLK->D
          Group: C2C
     Startpoint: (R) csm_inst_round_counter_reg[0]/CLK
          Clock: (R) clk
       Endpoint: (R) csm_inst_right_reg_reg[31]/D
          Clock: (R) clk

                     Capture       Launch     
        Clock Edge:+   10000            0     
       Src Latency:+       0            0     
       Net Latency:+       0 (I)        0 (I) 
           Arrival:=   10000            0     
                                              
             Setup:-     212                  
     Required Time:=    9788                  
      Launch Clock:-       0                  
         Data Path:-    6509                  
             Slack:=    3279                  

#------------------------------------------------------------------------------------------------------------
#           Timing Point            Flags    Arc   Edge   Cell     Fanout  Load Trans Delay Arrival Instance 
#                                                                          (fF)  (ps)  (ps)   (ps)  Location 
#------------------------------------------------------------------------------------------------------------
  csm_inst_round_counter_reg[0]/CLK -       -      R     (arrival)    335     -     0     0       0    (-,-) 
  csm_inst_round_counter_reg[0]/Q   -       CLK->Q R     DFFQSRX1      17  83.6  1228   812     812    (-,-) 
  g63752/Z                          -       A->Z   F     INVX2          2  11.4   246   145     957    (-,-) 
  g63622/Z                          -       A->Z   R     NOR2X1        14  60.7   900   575    1532    (-,-) 
  g63402/Z                          -       A->Z   R     AND2X1        23  97.6  1430   871    2403    (-,-) 
  g63255/Z                          -       A->Z   R     BUFX1         24 102.1  1496   894    3296    (-,-) 
  g62775/Z                          -       A->Z   F     NAND2X1        1   6.8   275   107    3404    (-,-) 
  g62340/Z                          -       B->Z   R     NAND2X1        1   7.2   178   177    3581    (-,-) 
  g62084/Z                          -       A->Z   F     NOR2X1         1   7.3   124   120    3701    (-,-) 
  g61563/Z                          -       A->Z   R     NAND3X1        1   6.8   194   124    3826    (-,-) 
  g61144/Z                          -       A->Z   R     AND2X1         1   7.3   126   126    3952    (-,-) 
  g61076/Z                          -       B->Z   F     NOR2X1         1  12.8   172   125    4077    (-,-) 
  g60694/Z                          -       B->Z   R     XOR2X1        14  66.1   976   627    4704    (-,-) 
  g60680/Z                          -       A->Z   F     INVX2          3  15.6   252   173    4876    (-,-) 
  g60595/Z                          -       A->Z   R     NOR2X1         5  24.3   384   283    5159    (-,-) 
  g60463__1617/Z                    -       B->Z   F     NOR2X1         3  16.2   229   200    5359    (-,-) 
  g60396/Z                          -       A->Z   R     INVX2          3  16.1   160   147    5506    (-,-) 
  g60345__9315/Z                    -       A->Z   F     NAND3X1        1   6.9   129    82    5587    (-,-) 
  g59934__2346/Z                    -       A->Z   F     AND2X1         1   7.3    85   130    5717    (-,-) 
  g59810__6131/Z                    -       B->Z   R     NOR2X1         1   7.2   155   103    5821    (-,-) 
  g59680__6260/Z                    -       A->Z   F     NOR2X1         1   7.3   120   115    5935    (-,-) 
  g59623__6260/Z                    -       A->Z   R     NAND3X1        1  12.8   272   173    6108    (-,-) 
  g59580__1881/Z                    -       B->Z   R     XOR2X1         1   6.8   124   162    6270    (-,-) 
  g59534__7410/Z                    -       A->Z   F     NAND2X1        1   7.3   262    80    6350    (-,-) 
  g59520__5122/Z                    -       A->Z   R     NAND3X1        1   6.4   191   160    6509    (-,-) 
  csm_inst_right_reg_reg[31]/D      -       -      R     DFFQSRX1       1     -     -     0    6509    (-,-) 
#------------------------------------------------------------------------------------------------------------



Path 3: MET (3329 ps) Setup Check with Pin csm_inst_right_reg_reg[0]/CLK->D
          Group: C2C
     Startpoint: (R) csm_inst_round_counter_reg[0]/CLK
          Clock: (R) clk
       Endpoint: (R) csm_inst_right_reg_reg[0]/D
          Clock: (R) clk

                     Capture       Launch     
        Clock Edge:+   10000            0     
       Src Latency:+       0            0     
       Net Latency:+       0 (I)        0 (I) 
           Arrival:=   10000            0     
                                              
             Setup:-     212                  
     Required Time:=    9788                  
      Launch Clock:-       0                  
         Data Path:-    6458                  
             Slack:=    3329                  

#------------------------------------------------------------------------------------------------------------
#           Timing Point            Flags    Arc   Edge   Cell     Fanout  Load Trans Delay Arrival Instance 
#                                                                          (fF)  (ps)  (ps)   (ps)  Location 
#------------------------------------------------------------------------------------------------------------
  csm_inst_round_counter_reg[0]/CLK -       -      R     (arrival)    335     -     0     0       0    (-,-) 
  csm_inst_round_counter_reg[0]/Q   -       CLK->Q R     DFFQSRX1      17  83.6  1228   812     812    (-,-) 
  g63752/Z                          -       A->Z   F     INVX2          2  11.4   246   145     957    (-,-) 
  g63622/Z                          -       A->Z   R     NOR2X1        14  60.7   900   575    1532    (-,-) 
  g63402/Z                          -       A->Z   R     AND2X1        23  97.6  1430   871    2403    (-,-) 
  g63255/Z                          -       A->Z   R     BUFX1         24 102.1  1496   894    3296    (-,-) 
  g63152/Z                          -       A->Z   F     NAND2X1        1   6.8   275   107    3404    (-,-) 
  g61689/Z                          -       B->Z   R     NAND2X1        1   7.3   179   178    3582    (-,-) 
  g61578/Z                          -       B->Z   F     NOR2X1         1   7.3   120   103    3686    (-,-) 
  g61170/Z                          -       A->Z   R     NAND3X1        1   6.8   214   123    3808    (-,-) 
  g61050/Z                          -       A->Z   F     NAND2X1        1   6.9   243    90    3898    (-,-) 
  g60811/Z                          -       A->Z   R     NAND2X1        1  12.8   231   202    4100    (-,-) 
  g60659/Z                          -       B->Z   R     XOR2X1         6  30.5   461   354    4454    (-,-) 
  g60624/Z                          -       A->Z   F     INVX2          7  39.6   302   256    4710    (-,-) 
  g60466__5122/Z                    -       B->Z   R     NOR2X1         5  25.2   402   311    5021    (-,-) 
  g60266__5526/Z                    -       B->Z   F     NOR2X1         5  25.9   307   266    5287    (-,-) 
  g60156/Z                          -       A->Z   R     INVX2          4  26.2   241   214    5501    (-,-) 
  g59911__5107/Z                    -       A->Z   R     OR2X1          1   7.3   124   170    5671    (-,-) 
  g59774__6783/Z                    -       A->Z   F     NAND3X1        1   7.7   113    81    5752    (-,-) 
  g59753/Z                          -       A->Z   R     INVX2          1   7.3    81    75    5827    (-,-) 
  g59698__4733/Z                    -       A->Z   F     NAND3X1        1   7.2   101    70    5897    (-,-) 
  g59622__5107/Z                    -       A->Z   R     NOR2X1         1  12.8   218   163    6060    (-,-) 
  g59586__9945/Z                    -       B->Z   R     XOR2X1         1   6.8   127   158    6219    (-,-) 
  g59565__2398/Z                    -       A->Z   F     NAND2X1        1   7.3   262    80    6299    (-,-) 
  g59521__8246/Z                    -       A->Z   R     NAND3X1        1   6.4   191   160    6458    (-,-) 
  csm_inst_right_reg_reg[0]/D       -       -      R     DFFQSRX1       1     -     -     0    6458    (-,-) 
#------------------------------------------------------------------------------------------------------------



Path 4: MET (3345 ps) Setup Check with Pin csm_inst_right_reg_reg[12]/CLK->D
          Group: C2C
     Startpoint: (R) csm_inst_round_counter_reg[0]/CLK
          Clock: (R) clk
       Endpoint: (R) csm_inst_right_reg_reg[12]/D
          Clock: (R) clk

                     Capture       Launch     
        Clock Edge:+   10000            0     
       Src Latency:+       0            0     
       Net Latency:+       0 (I)        0 (I) 
           Arrival:=   10000            0     
                                              
             Setup:-     213                  
     Required Time:=    9787                  
      Launch Clock:-       0                  
         Data Path:-    6443                  
             Slack:=    3345                  

#------------------------------------------------------------------------------------------------------------
#           Timing Point            Flags    Arc   Edge   Cell     Fanout  Load Trans Delay Arrival Instance 
#                                                                          (fF)  (ps)  (ps)   (ps)  Location 
#------------------------------------------------------------------------------------------------------------
  csm_inst_round_counter_reg[0]/CLK -       -      R     (arrival)    335     -     0     0       0    (-,-) 
  csm_inst_round_counter_reg[0]/Q   -       CLK->Q R     DFFQSRX1      17  83.6  1228   812     812    (-,-) 
  g63752/Z                          -       A->Z   F     INVX2          2  11.4   246   145     957    (-,-) 
  g63622/Z                          -       A->Z   R     NOR2X1        14  60.7   900   575    1532    (-,-) 
  g63402/Z                          -       A->Z   R     AND2X1        23  97.6  1430   871    2403    (-,-) 
  g63255/Z                          -       A->Z   R     BUFX1         24 102.1  1496   894    3296    (-,-) 
  g62775/Z                          -       A->Z   F     NAND2X1        1   6.8   275   107    3404    (-,-) 
  g62340/Z                          -       B->Z   R     NAND2X1        1   7.2   178   177    3581    (-,-) 
  g62084/Z                          -       A->Z   F     NOR2X1         1   7.3   124   120    3701    (-,-) 
  g61563/Z                          -       A->Z   R     NAND3X1        1   6.8   194   124    3826    (-,-) 
  g61144/Z                          -       A->Z   R     AND2X1         1   7.3   126   126    3952    (-,-) 
  g61076/Z                          -       B->Z   F     NOR2X1         1  12.8   172   125    4077    (-,-) 
  g60694/Z                          -       B->Z   R     XOR2X1        14  66.1   976   627    4704    (-,-) 
  g60680/Z                          -       A->Z   F     INVX2          3  15.6   252   173    4876    (-,-) 
  g60595/Z                          -       A->Z   R     NOR2X1         5  24.3   384   283    5159    (-,-) 
  g60463__1617/Z                    -       B->Z   F     NOR2X1         3  16.2   229   200    5359    (-,-) 
  g60396/Z                          -       A->Z   R     INVX2          3  16.1   160   147    5506    (-,-) 
  g60142__5526/Z                    -       A->Z   F     NAND3X1        2  11.5   188   107    5613    (-,-) 
  g59819__2346/Z                    -       B->Z   R     NAND2X1        1   7.3   160   154    5767    (-,-) 
  g59657__3680/Z                    -       B->Z   F     NOR2X1         1   7.3   126    99    5867    (-,-) 
  g59624__4319/Z                    -       A->Z   R     NAND3X1        1  12.8   272   175    6042    (-,-) 
  g59585__9315/Z                    -       B->Z   R     XOR2X1         1   6.8   124   162    6203    (-,-) 
  g59551__6131/Z                    -       A->Z   F     NAND2X1        1   7.3   262    80    6283    (-,-) 
  g59525__5115/Z                    -       A->Z   R     NAND3X1        1   6.4   201   160    6443    (-,-) 
  csm_inst_right_reg_reg[12]/D      -       -      R     DFFQSRX1       1     -     -     0    6443    (-,-) 
#------------------------------------------------------------------------------------------------------------



Path 5: MET (3346 ps) Setup Check with Pin csm_inst_right_reg_reg[10]/CLK->D
          Group: C2C
     Startpoint: (R) csm_inst_round_counter_reg[0]/CLK
          Clock: (R) clk
       Endpoint: (F) csm_inst_right_reg_reg[10]/D
          Clock: (R) clk

                     Capture       Launch     
        Clock Edge:+   10000            0     
       Src Latency:+       0            0     
       Net Latency:+       0 (I)        0 (I) 
           Arrival:=   10000            0     
                                              
             Setup:-     223                  
     Required Time:=    9777                  
      Launch Clock:-       0                  
         Data Path:-    6431                  
             Slack:=    3346                  

#------------------------------------------------------------------------------------------------------------
#           Timing Point            Flags    Arc   Edge   Cell     Fanout  Load Trans Delay Arrival Instance 
#                                                                          (fF)  (ps)  (ps)   (ps)  Location 
#------------------------------------------------------------------------------------------------------------
  csm_inst_round_counter_reg[0]/CLK -       -      R     (arrival)    335     -     0     0       0    (-,-) 
  csm_inst_round_counter_reg[0]/Q   -       CLK->Q R     DFFQSRX1      17  83.6  1228   812     812    (-,-) 
  g63752/Z                          -       A->Z   F     INVX2          2  11.4   246   145     957    (-,-) 
  g63622/Z                          -       A->Z   R     NOR2X1        14  60.7   900   575    1532    (-,-) 
  g63402/Z                          -       A->Z   R     AND2X1        23  97.6  1430   871    2403    (-,-) 
  g63255/Z                          -       A->Z   R     BUFX1         24 102.1  1496   894    3296    (-,-) 
  g63152/Z                          -       A->Z   F     NAND2X1        1   6.8   275   107    3404    (-,-) 
  g61689/Z                          -       B->Z   R     NAND2X1        1   7.3   179   178    3582    (-,-) 
  g61578/Z                          -       B->Z   F     NOR2X1         1   7.3   120   103    3686    (-,-) 
  g61170/Z                          -       A->Z   R     NAND3X1        1   6.8   214   123    3808    (-,-) 
  g61050/Z                          -       A->Z   F     NAND2X1        1   6.9   243    90    3898    (-,-) 
  g60811/Z                          -       A->Z   R     NAND2X1        1  12.8   231   202    4100    (-,-) 
  g60659/Z                          -       B->Z   R     XOR2X1         6  30.5   461   354    4454    (-,-) 
  g60624/Z                          -       A->Z   F     INVX2          7  39.6   302   256    4710    (-,-) 
  g60466__5122/Z                    -       B->Z   R     NOR2X1         5  25.2   402   311    5021    (-,-) 
  g60266__5526/Z                    -       B->Z   F     NOR2X1         5  25.9   307   266    5287    (-,-) 
  g60156/Z                          -       A->Z   R     INVX2          4  26.2   241   214    5501    (-,-) 
  g59924__6131/Z                    -       B->Z   R     XOR2X1         2  12.0   204   202    5703    (-,-) 
  g59710__6260/Z                    -       B->Z   F     NOR2X1         1   7.3   165   107    5810    (-,-) 
  g59709__5107/Z                    -       B->Z   R     NOR2X1         1   7.3   150   127    5937    (-,-) 
  g59599__6783/Z                    -       A->Z   F     NAND3X1        1  12.8   144   112    6049    (-,-) 
  g59550__7098/Z                    -       B->Z   F     XOR2X1         1   6.9   108   176    6226    (-,-) 
  g59507__1617/Z                    -       A->Z   R     NAND2X1        1   7.3   314   115    6341    (-,-) 
  g59493__6260/Z                    -       A->Z   F     NAND3X1        1   6.4   125    91    6431    (-,-) 
  csm_inst_right_reg_reg[10]/D      -       -      F     DFFQSRX1       1     -     -     0    6431    (-,-) 
#------------------------------------------------------------------------------------------------------------



Path 6: MET (3354 ps) Setup Check with Pin csm_inst_right_reg_reg[20]/CLK->D
          Group: C2C
     Startpoint: (R) csm_inst_round_counter_reg[0]/CLK
          Clock: (R) clk
       Endpoint: (R) csm_inst_right_reg_reg[20]/D
          Clock: (R) clk

                     Capture       Launch     
        Clock Edge:+   10000            0     
       Src Latency:+       0            0     
       Net Latency:+       0 (I)        0 (I) 
           Arrival:=   10000            0     
                                              
             Setup:-     212                  
     Required Time:=    9788                  
      Launch Clock:-       0                  
         Data Path:-    6434                  
             Slack:=    3354                  

#------------------------------------------------------------------------------------------------------------
#           Timing Point            Flags    Arc   Edge   Cell     Fanout  Load Trans Delay Arrival Instance 
#                                                                          (fF)  (ps)  (ps)   (ps)  Location 
#------------------------------------------------------------------------------------------------------------
  csm_inst_round_counter_reg[0]/CLK -       -      R     (arrival)    335     -     0     0       0    (-,-) 
  csm_inst_round_counter_reg[0]/Q   -       CLK->Q R     DFFQSRX1      17  83.6  1228   812     812    (-,-) 
  g63752/Z                          -       A->Z   F     INVX2          2  11.4   246   145     957    (-,-) 
  g63622/Z                          -       A->Z   R     NOR2X1        14  60.7   900   575    1532    (-,-) 
  g63402/Z                          -       A->Z   R     AND2X1        23  97.6  1430   871    2403    (-,-) 
  g63255/Z                          -       A->Z   R     BUFX1         24 102.1  1496   894    3296    (-,-) 
  g63152/Z                          -       A->Z   F     NAND2X1        1   6.8   275   107    3404    (-,-) 
  g61689/Z                          -       B->Z   R     NAND2X1        1   7.3   179   178    3582    (-,-) 
  g61578/Z                          -       B->Z   F     NOR2X1         1   7.3   120   103    3686    (-,-) 
  g61170/Z                          -       A->Z   R     NAND3X1        1   6.8   214   123    3808    (-,-) 
  g61050/Z                          -       A->Z   F     NAND2X1        1   6.9   243    90    3898    (-,-) 
  g60811/Z                          -       A->Z   R     NAND2X1        1  12.8   231   202    4100    (-,-) 
  g60659/Z                          -       B->Z   R     XOR2X1         6  30.5   461   354    4454    (-,-) 
  g60624/Z                          -       A->Z   F     INVX2          7  39.6   302   256    4710    (-,-) 
  g60466__5122/Z                    -       B->Z   R     NOR2X1         5  25.2   402   311    5021    (-,-) 
  g60266__5526/Z                    -       B->Z   F     NOR2X1         5  25.9   307   266    5287    (-,-) 
  g60156/Z                          -       A->Z   R     INVX2          4  26.2   241   214    5501    (-,-) 
  g60064__5122/Z                    -       A->Z   F     NAND3X1        1   7.3   150    93    5594    (-,-) 
  g59794__6417/Z                    -       A->Z   R     NAND3X1        1   7.3   193   137    5731    (-,-) 
  g59676__6417/Z                    -       B->Z   F     NOR2X1         1   7.2   126   105    5836    (-,-) 
  g59616__2346/Z                    -       C->Z   R     NAND3X1        1  12.8   272   212    6047    (-,-) 
  g59592__5477/Z                    -       B->Z   R     XOR2X1         1   6.8   126   162    6209    (-,-) 
  g59544__3680/Z                    -       A->Z   F     NAND2X1        1   7.3   205    80    6289    (-,-) 
  g59529__9315/Z                    -       A->Z   R     NAND3X1        1   6.4   191   145    6434    (-,-) 
  csm_inst_right_reg_reg[20]/D      -       -      R     DFFQSRX1       1     -     -     0    6434    (-,-) 
#------------------------------------------------------------------------------------------------------------



Path 7: MET (3386 ps) Setup Check with Pin csm_inst_right_reg_reg[24]/CLK->D
          Group: C2C
     Startpoint: (R) csm_inst_round_counter_reg[0]/CLK
          Clock: (R) clk
       Endpoint: (F) csm_inst_right_reg_reg[24]/D
          Clock: (R) clk

                     Capture       Launch     
        Clock Edge:+   10000            0     
       Src Latency:+       0            0     
       Net Latency:+       0 (I)        0 (I) 
           Arrival:=   10000            0     
                                              
             Setup:-     223                  
     Required Time:=    9777                  
      Launch Clock:-       0                  
         Data Path:-    6392                  
             Slack:=    3386                  

#------------------------------------------------------------------------------------------------------------
#           Timing Point            Flags    Arc   Edge   Cell     Fanout  Load Trans Delay Arrival Instance 
#                                                                          (fF)  (ps)  (ps)   (ps)  Location 
#------------------------------------------------------------------------------------------------------------
  csm_inst_round_counter_reg[0]/CLK -       -      R     (arrival)    335     -     0     0       0    (-,-) 
  csm_inst_round_counter_reg[0]/Q   -       CLK->Q R     DFFQSRX1      17  83.6  1228   812     812    (-,-) 
  g63752/Z                          -       A->Z   F     INVX2          2  11.4   246   145     957    (-,-) 
  g63622/Z                          -       A->Z   R     NOR2X1        14  60.7   900   575    1532    (-,-) 
  g63402/Z                          -       A->Z   R     AND2X1        23  97.6  1430   871    2403    (-,-) 
  g63255/Z                          -       A->Z   R     BUFX1         24 102.1  1496   894    3296    (-,-) 
  g63025/Z                          -       A->Z   F     NAND2X1        1   6.8   275   107    3404    (-,-) 
  g61727/Z                          -       B->Z   R     NAND2X1        1   7.3   179   178    3582    (-,-) 
  g61570/Z                          -       B->Z   F     NOR2X1         1   7.3   122   103    3686    (-,-) 
  g61167/Z                          -       A->Z   R     NAND3X1        1   6.8   202   124    3809    (-,-) 
  g61041/Z                          -       A->Z   F     NAND2X1        1   6.9   218    89    3898    (-,-) 
  g60808/Z                          -       A->Z   R     NAND2X1        1  12.8   231   195    4093    (-,-) 
  g60657/Z                          -       B->Z   R     XOR2X1         9  43.5   649   461    4553    (-,-) 
  g60476__9945/Z                    -       A->Z   F     NAND2X1        7  39.6   454   362    4916    (-,-) 
  g60402/Z                          -       A->Z   R     INVX2          6  28.4   284   261    5176    (-,-) 
  g60380__5477/Z                    -       A->Z   F     NOR2X1         4  20.5   288   224    5400    (-,-) 
  g59987__9315/Z                    -       A->Z   R     NAND2X1        1   6.8   164   159    5559    (-,-) 
  g59847__2346/Z                    -       A->Z   F     NAND2X1        1   6.9   101    84    5643    (-,-) 
  g59738__6260/Z                    -       A->Z   R     NAND2X1        1   7.3   215   112    5756    (-,-) 
  g59646__1666/Z                    -       A->Z   F     NAND3X1        1   7.2   115    90    5846    (-,-) 
  g59618__7410/Z                    -       A->Z   F     OR2X1          1  12.8   137   171    6016    (-,-) 
  g59583__4733/Z                    -       B->Z   F     XOR2X1         1   6.9    94   174    6190    (-,-) 
  g59545__1617/Z                    -       A->Z   R     NAND2X1        1   7.3   314   110    6301    (-,-) 
  g59518__2802/Z                    -       A->Z   F     NAND3X1        1   6.4   125    91    6392    (-,-) 
  csm_inst_right_reg_reg[24]/D      -       -      F     DFFQSRX1       1     -     -     0    6392    (-,-) 
#------------------------------------------------------------------------------------------------------------



Path 8: MET (3388 ps) Setup Check with Pin csm_inst_right_reg_reg[6]/CLK->D
          Group: C2C
     Startpoint: (R) csm_inst_round_counter_reg[0]/CLK
          Clock: (R) clk
       Endpoint: (F) csm_inst_right_reg_reg[6]/D
          Clock: (R) clk

                     Capture       Launch     
        Clock Edge:+   10000            0     
       Src Latency:+       0            0     
       Net Latency:+       0 (I)        0 (I) 
           Arrival:=   10000            0     
                                              
             Setup:-     220                  
     Required Time:=    9780                  
      Launch Clock:-       0                  
         Data Path:-    6392                  
             Slack:=    3388                  

#------------------------------------------------------------------------------------------------------------
#           Timing Point            Flags    Arc   Edge   Cell     Fanout  Load Trans Delay Arrival Instance 
#                                                                          (fF)  (ps)  (ps)   (ps)  Location 
#------------------------------------------------------------------------------------------------------------
  csm_inst_round_counter_reg[0]/CLK -       -      R     (arrival)    335     -     0     0       0    (-,-) 
  csm_inst_round_counter_reg[0]/Q   -       CLK->Q R     DFFQSRX1      17  83.6  1228   812     812    (-,-) 
  g63752/Z                          -       A->Z   F     INVX2          2  11.4   246   145     957    (-,-) 
  g63622/Z                          -       A->Z   R     NOR2X1        14  60.7   900   575    1532    (-,-) 
  g63402/Z                          -       A->Z   R     AND2X1        23  97.6  1430   871    2403    (-,-) 
  g63255/Z                          -       A->Z   R     BUFX1         24 102.1  1496   894    3296    (-,-) 
  g62775/Z                          -       A->Z   F     NAND2X1        1   6.8   275   107    3404    (-,-) 
  g62340/Z                          -       B->Z   R     NAND2X1        1   7.2   178   177    3581    (-,-) 
  g62084/Z                          -       A->Z   F     NOR2X1         1   7.3   124   120    3701    (-,-) 
  g61563/Z                          -       A->Z   R     NAND3X1        1   6.8   194   124    3826    (-,-) 
  g61144/Z                          -       A->Z   R     AND2X1         1   7.3   126   126    3952    (-,-) 
  g61076/Z                          -       B->Z   F     NOR2X1         1  12.8   172   125    4077    (-,-) 
  g60694/Z                          -       B->Z   R     XOR2X1        14  66.1   976   627    4704    (-,-) 
  g60680/Z                          -       A->Z   F     INVX2          3  15.6   252   173    4876    (-,-) 
  g60595/Z                          -       A->Z   R     NOR2X1         5  24.3   384   283    5159    (-,-) 
  g60463__1617/Z                    -       B->Z   F     NOR2X1         3  16.2   229   200    5359    (-,-) 
  g60320__2346/Z                    -       A->Z   R     NAND2X1        1   6.8   182   145    5504    (-,-) 
  g60020__7410/Z                    -       A->Z   F     NAND2X1        1   6.9   105    87    5591    (-,-) 
  g59892__1705/Z                    -       A->Z   R     NAND2X1        1   7.3   180   114    5705    (-,-) 
  g59776__1617/Z                    -       A->Z   F     NAND3X1        1   7.3   109    87    5792    (-,-) 
  g59677__5477/Z                    -       B->Z   R     NOR2X1         1   7.3   143   111    5903    (-,-) 
  g59644__2346/Z                    -       A->Z   F     NAND3X1        1  12.8   143   111    6014    (-,-) 
  g59606__7098/Z                    -       B->Z   F     XOR2X1         1   6.9   108   176    6190    (-,-) 
  g59568__4319/Z                    -       A->Z   R     NAND2X1        1   7.3   253   115    6305    (-,-) 
  g59555__4733/Z                    -       A->Z   F     NAND3X1        1   6.4   115    87    6392    (-,-) 
  csm_inst_right_reg_reg[6]/D       -       -      F     DFFQSRX1       1     -     -     0    6392    (-,-) 
#------------------------------------------------------------------------------------------------------------



Path 9: MET (3449 ps) Setup Check with Pin csm_inst_right_reg_reg[25]/CLK->D
          Group: C2C
     Startpoint: (R) csm_inst_round_counter_reg[0]/CLK
          Clock: (R) clk
       Endpoint: (R) csm_inst_right_reg_reg[25]/D
          Clock: (R) clk

                     Capture       Launch     
        Clock Edge:+   10000            0     
       Src Latency:+       0            0     
       Net Latency:+       0 (I)        0 (I) 
           Arrival:=   10000            0     
                                              
             Setup:-     212                  
     Required Time:=    9788                  
      Launch Clock:-       0                  
         Data Path:-    6338                  
             Slack:=    3449                  

#------------------------------------------------------------------------------------------------------------
#           Timing Point            Flags    Arc   Edge   Cell     Fanout  Load Trans Delay Arrival Instance 
#                                                                          (fF)  (ps)  (ps)   (ps)  Location 
#------------------------------------------------------------------------------------------------------------
  csm_inst_round_counter_reg[0]/CLK -       -      R     (arrival)    335     -     0     0       0    (-,-) 
  csm_inst_round_counter_reg[0]/Q   -       CLK->Q R     DFFQSRX1      17  83.6  1228   812     812    (-,-) 
  g63752/Z                          -       A->Z   F     INVX2          2  11.4   246   145     957    (-,-) 
  g63622/Z                          -       A->Z   R     NOR2X1        14  60.7   900   575    1532    (-,-) 
  g63402/Z                          -       A->Z   R     AND2X1        23  97.6  1430   871    2403    (-,-) 
  g63255/Z                          -       A->Z   R     BUFX1         24 102.1  1496   894    3296    (-,-) 
  g63152/Z                          -       A->Z   F     NAND2X1        1   6.8   275   107    3404    (-,-) 
  g61689/Z                          -       B->Z   R     NAND2X1        1   7.3   179   178    3582    (-,-) 
  g61578/Z                          -       B->Z   F     NOR2X1         1   7.3   120   103    3686    (-,-) 
  g61170/Z                          -       A->Z   R     NAND3X1        1   6.8   214   123    3808    (-,-) 
  g61050/Z                          -       A->Z   F     NAND2X1        1   6.9   243    90    3898    (-,-) 
  g60811/Z                          -       A->Z   R     NAND2X1        1  12.8   231   202    4100    (-,-) 
  g60659/Z                          -       B->Z   R     XOR2X1         6  30.5   461   354    4454    (-,-) 
  g60624/Z                          -       A->Z   F     INVX2          7  39.6   302   256    4710    (-,-) 
  g60466__5122/Z                    -       B->Z   R     NOR2X1         5  25.2   402   311    5021    (-,-) 
  g60266__5526/Z                    -       B->Z   F     NOR2X1         5  25.9   307   266    5287    (-,-) 
  g60141__8428/Z                    -       A->Z   R     NAND2X1        2  11.5   261   209    5496    (-,-) 
  g59874__9315/Z                    -       A->Z   F     NAND2X1        1   6.9   119    93    5590    (-,-) 
  g59759__6161/Z                    -       A->Z   R     NAND2X1        1   6.8   171   114    5703    (-,-) 
  g59619__6417/Z                    -       B->Z   F     NAND2X1        1   7.3    98    85    5788    (-,-) 
  g59600__3680/Z                    -       B->Z   R     NOR2X1         1  12.8   217   152    5940    (-,-) 
  g59563__6417/Z                    -       B->Z   R     XOR2X1         1   6.8   127   158    6099    (-,-) 
  g59505__6783/Z                    -       A->Z   F     NAND2X1        1   7.3   262    80    6179    (-,-) 
  g59491__2398/Z                    -       A->Z   R     NAND3X1        1   6.4   191   160    6338    (-,-) 
  csm_inst_right_reg_reg[25]/D      -       -      R     DFFQSRX1       1     -     -     0    6338    (-,-) 
#------------------------------------------------------------------------------------------------------------



Path 10: MET (3455 ps) Setup Check with Pin csm_inst_right_reg_reg[19]/CLK->D
          Group: C2C
     Startpoint: (R) csm_inst_round_counter_reg[0]/CLK
          Clock: (R) clk
       Endpoint: (F) csm_inst_right_reg_reg[19]/D
          Clock: (R) clk

                     Capture       Launch     
        Clock Edge:+   10000            0     
       Src Latency:+       0            0     
       Net Latency:+       0 (I)        0 (I) 
           Arrival:=   10000            0     
                                              
             Setup:-     220                  
     Required Time:=    9780                  
      Launch Clock:-       0                  
         Data Path:-    6325                  
             Slack:=    3455                  

#------------------------------------------------------------------------------------------------------------
#           Timing Point            Flags    Arc   Edge   Cell     Fanout  Load Trans Delay Arrival Instance 
#                                                                          (fF)  (ps)  (ps)   (ps)  Location 
#------------------------------------------------------------------------------------------------------------
  csm_inst_round_counter_reg[0]/CLK -       -      R     (arrival)    335     -     0     0       0    (-,-) 
  csm_inst_round_counter_reg[0]/Q   -       CLK->Q R     DFFQSRX1      17  83.6  1228   812     812    (-,-) 
  g63752/Z                          -       A->Z   F     INVX2          2  11.4   246   145     957    (-,-) 
  g63622/Z                          -       A->Z   R     NOR2X1        14  60.7   900   575    1532    (-,-) 
  g63402/Z                          -       A->Z   R     AND2X1        23  97.6  1430   871    2403    (-,-) 
  g63255/Z                          -       A->Z   R     BUFX1         24 102.1  1496   894    3296    (-,-) 
  g62828/Z                          -       A->Z   F     NAND2X1        1   7.3   283   116    3412    (-,-) 
  g62043/Z                          -       A->Z   R     NAND3X1        1   7.2   191   173    3585    (-,-) 
  g61133/Z                          -       A->Z   F     NOR2X1         1   7.3   126   123    3708    (-,-) 
  g61015/Z                          -       B->Z   R     NOR2X1         1   7.3   215   116    3824    (-,-) 
  g60800/Z                          -       B->Z   F     NOR2X1         1  12.8   163   144    3968    (-,-) 
  g60654/Z                          -       B->Z   R     XOR2X1        13  61.9   915   590    4558    (-,-) 
  g60559__4319/Z                    -       A->Z   F     NAND2X1        6  29.8   432   325    4883    (-,-) 
  g60367__6131/Z                    -       B->Z   R     NOR2X1         3  16.5   312   273    5156    (-,-) 
  g60057__8428/Z                    -       A->Z   F     NAND2X1        1   6.9   168    97    5254    (-,-) 
  g59804__1617/Z                    -       A->Z   R     NAND2X1        1   6.8   152   129    5383    (-,-) 
  g59730__2883/Z                    -       A->Z   F     NAND2X1        1   7.3   163    84    5467    (-,-) 
  g59654__8428/Z                    -       A->Z   R     NAND3X1        1   7.7   199   145    5612    (-,-) 
  g59645/Z                          -       A->Z   F     INVX2          1   7.3    86    73    5685    (-,-) 
  g59621__2398/Z                    -       A->Z   R     NAND3X1        1   7.3   193   116    5801    (-,-) 
  g59598__5526/Z                    -       B->Z   F     NOR2X1         1  12.8   170   141    5942    (-,-) 
  g59564__5477/Z                    -       B->Z   F     XOR2X1         1   6.9    97   184    6127    (-,-) 
  g59506__3680/Z                    -       A->Z   R     NAND2X1        1   7.3   253   111    6238    (-,-) 
  g59492__5107/Z                    -       A->Z   F     NAND3X1        1   6.4   115    87    6325    (-,-) 
  csm_inst_right_reg_reg[19]/D      -       -      F     DFFQSRX1       1     -     -     0    6325    (-,-) 
#------------------------------------------------------------------------------------------------------------



Path 11: MET (3476 ps) Setup Check with Pin csm_inst_right_reg_reg[18]/CLK->D
          Group: C2C
     Startpoint: (R) csm_inst_round_counter_reg[0]/CLK
          Clock: (R) clk
       Endpoint: (R) csm_inst_right_reg_reg[18]/D
          Clock: (R) clk

                     Capture       Launch     
        Clock Edge:+   10000            0     
       Src Latency:+       0            0     
       Net Latency:+       0 (I)        0 (I) 
           Arrival:=   10000            0     
                                              
             Setup:-     213                  
     Required Time:=    9787                  
      Launch Clock:-       0                  
         Data Path:-    6312                  
             Slack:=    3476                  

#------------------------------------------------------------------------------------------------------------
#           Timing Point            Flags    Arc   Edge   Cell     Fanout  Load Trans Delay Arrival Instance 
#                                                                          (fF)  (ps)  (ps)   (ps)  Location 
#------------------------------------------------------------------------------------------------------------
  csm_inst_round_counter_reg[0]/CLK -       -      R     (arrival)    335     -     0     0       0    (-,-) 
  csm_inst_round_counter_reg[0]/Q   -       CLK->Q R     DFFQSRX1      17  83.6  1228   812     812    (-,-) 
  g63752/Z                          -       A->Z   F     INVX2          2  11.4   246   145     957    (-,-) 
  g63622/Z                          -       A->Z   R     NOR2X1        14  60.7   900   575    1532    (-,-) 
  g63402/Z                          -       A->Z   R     AND2X1        23  97.6  1430   871    2403    (-,-) 
  g63255/Z                          -       A->Z   R     BUFX1         24 102.1  1496   894    3296    (-,-) 
  g63127/Z                          -       A->Z   F     NAND2X1        1   6.9   277   109    3406    (-,-) 
  g62347/Z                          -       A->Z   R     NAND2X1        1   7.2   188   161    3566    (-,-) 
  g62034/Z                          -       A->Z   F     NOR2X1         1   7.3   126   123    3689    (-,-) 
  g61579/Z                          -       A->Z   R     NAND3X1        1   6.8   187   125    3814    (-,-) 
  g61150/Z                          -       A->Z   F     NAND2X1        1   6.9   243    87    3901    (-,-) 
  g61070/Z                          -       A->Z   R     NAND2X1        1  12.8   231   202    4104    (-,-) 
  g60717/Z                          -       B->Z   R     XOR2X1         9  49.9   741   513    4617    (-,-) 
  g60702/Z                          -       A->Z   F     INVX2          5  25.0   281   219    4836    (-,-) 
  g60604/Z                          -       A->Z   R     NOR2X1         6  28.0   444   318    5153    (-,-) 
  g60494__2883/Z                    -       A->Z   F     NAND2X1        1   6.8   149   104    5257    (-,-) 
  g59990__2346/Z                    -       B->Z   R     NAND2X1        1   6.8   150   137    5394    (-,-) 
  g59864__1705/Z                    -       A->Z   F     NAND2X1        1   7.3   144    84    5478    (-,-) 
  g59790__2883/Z                    -       A->Z   R     NAND3X1        1   7.2   191   134    5612    (-,-) 
  g59705__7410/Z                    -       A->Z   F     NOR2X1         1   7.3   126   123    5735    (-,-) 
  g59626__5526/Z                    -       A->Z   R     NAND3X1        1  12.8   272   175    5911    (-,-) 
  g59593__2398/Z                    -       B->Z   R     XOR2X1         1   6.8   124   162    6072    (-,-) 
  g59543__6783/Z                    -       A->Z   F     NAND2X1        1   7.3   262    80    6152    (-,-) 
  g59528__6161/Z                    -       A->Z   R     NAND3X1        1   6.4   201   160    6312    (-,-) 
  csm_inst_right_reg_reg[18]/D      -       -      R     DFFQSRX1       1     -     -     0    6312    (-,-) 
#------------------------------------------------------------------------------------------------------------



Path 12: MET (3494 ps) Setup Check with Pin csm_inst_right_reg_reg[8]/CLK->D
          Group: C2C
     Startpoint: (R) csm_inst_round_counter_reg[0]/CLK
          Clock: (R) clk
       Endpoint: (F) csm_inst_right_reg_reg[8]/D
          Clock: (R) clk

                     Capture       Launch     
        Clock Edge:+   10000            0     
       Src Latency:+       0            0     
       Net Latency:+       0 (I)        0 (I) 
           Arrival:=   10000            0     
                                              
             Setup:-     223                  
     Required Time:=    9777                  
      Launch Clock:-       0                  
         Data Path:-    6283                  
             Slack:=    3494                  

#------------------------------------------------------------------------------------------------------------
#           Timing Point            Flags    Arc   Edge   Cell     Fanout  Load Trans Delay Arrival Instance 
#                                                                          (fF)  (ps)  (ps)   (ps)  Location 
#------------------------------------------------------------------------------------------------------------
  csm_inst_round_counter_reg[0]/CLK -       -      R     (arrival)    335     -     0     0       0    (-,-) 
  csm_inst_round_counter_reg[0]/Q   -       CLK->Q R     DFFQSRX1      17  83.6  1228   812     812    (-,-) 
  g63752/Z                          -       A->Z   F     INVX2          2  11.4   246   145     957    (-,-) 
  g63622/Z                          -       A->Z   R     NOR2X1        14  60.7   900   575    1532    (-,-) 
  g63402/Z                          -       A->Z   R     AND2X1        23  97.6  1430   871    2403    (-,-) 
  g63255/Z                          -       A->Z   R     BUFX1         24 102.1  1496   894    3296    (-,-) 
  g62682/Z                          -       A->Z   F     NAND2X1        1   6.8   275   107    3404    (-,-) 
  g62392/Z                          -       B->Z   R     NAND2X1        1   7.2   178   177    3581    (-,-) 
  g61692/Z                          -       A->Z   F     NOR2X1         1   7.3   124   120    3701    (-,-) 
  g61588/Z                          -       A->Z   R     NAND3X1        1   6.8   204   124    3826    (-,-) 
  g61154/Z                          -       A->Z   F     NAND2X1        1   6.9   218    89    3914    (-,-) 
  g61065/Z                          -       A->Z   R     NAND2X1        1  12.8   231   195    4109    (-,-) 
  g60712/Z                          -       B->Z   R     XOR2X1         7  34.4   517   386    4495    (-,-) 
  g60697/Z                          -       A->Z   F     INVX2          6  29.2   262   216    4712    (-,-) 
  g60578__1881/Z                    -       B->Z   R     NOR2X1         1   7.2   166   147    4859    (-,-) 
  g60568__8246/Z                    -       A->Z   R     OR2X1          4  22.4   342   285    5144    (-,-) 
  g60361__1617/Z                    -       A->Z   R     AND2X1         2  11.5   185   165    5309    (-,-) 
  g60059__6783/Z                    -       A->Z   F     NAND2X1        1   6.9   119    87    5396    (-,-) 
  g59922__8246/Z                    -       A->Z   R     NAND2X1        1   6.8   151   114    5510    (-,-) 
  g59765__7410/Z                    -       A->Z   F     NAND2X1        1   7.2   121    84    5594    (-,-) 
  g59655__5526/Z                    -       B->Z   R     NAND3X1        1   7.2   190   147    5740    (-,-) 
  g59615__2883/Z                    -       A->Z   F     NOR2X1         1  12.8   170   156    5897    (-,-) 
  g59591__6417/Z                    -       B->Z   F     XOR2X1         1   6.9    97   185    6081    (-,-) 
  g59541__8428/Z                    -       A->Z   R     NAND2X1        1   7.3   314   111    6192    (-,-) 
  g59524__1881/Z                    -       A->Z   F     NAND3X1        1   6.4   125    91    6283    (-,-) 
  csm_inst_right_reg_reg[8]/D       -       -      F     DFFQSRX1       1     -     -     0    6283    (-,-) 
#------------------------------------------------------------------------------------------------------------



Path 13: MET (3508 ps) Setup Check with Pin csm_inst_right_reg_reg[29]/CLK->D
          Group: C2C
     Startpoint: (R) csm_inst_round_counter_reg[0]/CLK
          Clock: (R) clk
       Endpoint: (R) csm_inst_right_reg_reg[29]/D
          Clock: (R) clk

                     Capture       Launch     
        Clock Edge:+   10000            0     
       Src Latency:+       0            0     
       Net Latency:+       0 (I)        0 (I) 
           Arrival:=   10000            0     
                                              
             Setup:-     212                  
     Required Time:=    9788                  
      Launch Clock:-       0                  
         Data Path:-    6280                  
             Slack:=    3508                  

#------------------------------------------------------------------------------------------------------------
#           Timing Point            Flags    Arc   Edge   Cell     Fanout  Load Trans Delay Arrival Instance 
#                                                                          (fF)  (ps)  (ps)   (ps)  Location 
#------------------------------------------------------------------------------------------------------------
  csm_inst_round_counter_reg[0]/CLK -       -      R     (arrival)    335     -     0     0       0    (-,-) 
  csm_inst_round_counter_reg[0]/Q   -       CLK->Q R     DFFQSRX1      17  83.6  1228   812     812    (-,-) 
  g63752/Z                          -       A->Z   F     INVX2          2  11.4   246   145     957    (-,-) 
  g63622/Z                          -       A->Z   R     NOR2X1        14  60.7   900   575    1532    (-,-) 
  g63402/Z                          -       A->Z   R     AND2X1        23  97.6  1430   871    2403    (-,-) 
  g63255/Z                          -       A->Z   R     BUFX1         24 102.1  1496   894    3296    (-,-) 
  g63025/Z                          -       A->Z   F     NAND2X1        1   6.8   275   107    3404    (-,-) 
  g61727/Z                          -       B->Z   R     NAND2X1        1   7.3   179   178    3582    (-,-) 
  g61570/Z                          -       B->Z   F     NOR2X1         1   7.3   122   103    3686    (-,-) 
  g61167/Z                          -       A->Z   R     NAND3X1        1   6.8   202   124    3809    (-,-) 
  g61041/Z                          -       A->Z   F     NAND2X1        1   6.9   218    89    3898    (-,-) 
  g60808/Z                          -       A->Z   R     NAND2X1        1  12.8   231   195    4093    (-,-) 
  g60657/Z                          -       B->Z   R     XOR2X1         9  43.5   649   461    4553    (-,-) 
  g60476__9945/Z                    -       A->Z   F     NAND2X1        7  39.6   454   362    4916    (-,-) 
  g60402/Z                          -       A->Z   R     INVX2          6  28.4   284   261    5176    (-,-) 
  g60380__5477/Z                    -       A->Z   F     NOR2X1         4  20.5   288   224    5400    (-,-) 
  g60105__1666/Z                    -       B->Z   F     OR2X1          1   7.3    90   157    5557    (-,-) 
  g59770__6260/Z                    -       A->Z   R     NAND3X1        1   7.2   192   117    5674    (-,-) 
  g59611__4733/Z                    -       A->Z   R     OR2X1          1  12.8   203   210    5884    (-,-) 
  g59587__2883/Z                    -       B->Z   R     XOR2X1         1   6.8   123   157    6041    (-,-) 
  g59538__5107/Z                    -       A->Z   F     NAND2X1        1   7.3   262    79    6120    (-,-) 
  g59533__1666/Z                    -       A->Z   R     NAND3X1        1   6.4   191   160    6280    (-,-) 
  csm_inst_right_reg_reg[29]/D      -       -      R     DFFQSRX1       1     -     -     0    6280    (-,-) 
#------------------------------------------------------------------------------------------------------------



Path 14: MET (3512 ps) Setup Check with Pin csm_inst_right_reg_reg[26]/CLK->D
          Group: C2C
     Startpoint: (R) csm_inst_round_counter_reg[0]/CLK
          Clock: (R) clk
       Endpoint: (F) csm_inst_right_reg_reg[26]/D
          Clock: (R) clk

                     Capture       Launch     
        Clock Edge:+   10000            0     
       Src Latency:+       0            0     
       Net Latency:+       0 (I)        0 (I) 
           Arrival:=   10000            0     
                                              
             Setup:-     223                  
     Required Time:=    9777                  
      Launch Clock:-       0                  
         Data Path:-    6265                  
             Slack:=    3512                  

#------------------------------------------------------------------------------------------------------------
#           Timing Point            Flags    Arc   Edge   Cell     Fanout  Load Trans Delay Arrival Instance 
#                                                                          (fF)  (ps)  (ps)   (ps)  Location 
#------------------------------------------------------------------------------------------------------------
  csm_inst_round_counter_reg[0]/CLK -       -      R     (arrival)    335     -     0     0       0    (-,-) 
  csm_inst_round_counter_reg[0]/Q   -       CLK->Q R     DFFQSRX1      17  83.6  1228   812     812    (-,-) 
  g63752/Z                          -       A->Z   F     INVX2          2  11.4   246   145     957    (-,-) 
  g63622/Z                          -       A->Z   R     NOR2X1        14  60.7   900   575    1532    (-,-) 
  g63402/Z                          -       A->Z   R     AND2X1        23  97.6  1430   871    2403    (-,-) 
  g63255/Z                          -       A->Z   R     BUFX1         24 102.1  1496   894    3296    (-,-) 
  g62682/Z                          -       A->Z   F     NAND2X1        1   6.8   275   107    3404    (-,-) 
  g62392/Z                          -       B->Z   R     NAND2X1        1   7.2   178   177    3581    (-,-) 
  g61692/Z                          -       A->Z   F     NOR2X1         1   7.3   124   120    3701    (-,-) 
  g61588/Z                          -       A->Z   R     NAND3X1        1   6.8   204   124    3826    (-,-) 
  g61154/Z                          -       A->Z   F     NAND2X1        1   6.9   218    89    3914    (-,-) 
  g61065/Z                          -       A->Z   R     NAND2X1        1  12.8   231   195    4109    (-,-) 
  g60712/Z                          -       B->Z   R     XOR2X1         7  34.4   517   386    4495    (-,-) 
  g60697/Z                          -       A->Z   F     INVX2          6  29.2   262   216    4712    (-,-) 
  g60578__1881/Z                    -       B->Z   R     NOR2X1         1   7.2   166   147    4859    (-,-) 
  g60568__8246/Z                    -       A->Z   R     OR2X1          4  22.4   342   285    5144    (-,-) 
  g60493/Z                          -       A->Z   F     INVX2          4  20.2   182   153    5296    (-,-) 
  g60341__5115/Z                    -       A->Z   R     NAND3X1        1   6.8   210   142    5439    (-,-) 
  g59809__7098/Z                    -       B->Z   F     NAND2X1        1   6.9   107    85    5524    (-,-) 
  g59714__6783/Z                    -       A->Z   R     NAND2X1        1   7.2   202   114    5638    (-,-) 
  g59649__5477/Z                    -       B->Z   F     NAND3X1        1   7.3   110    92    5730    (-,-) 
  g59613__9315/Z                    -       B->Z   F     OR2X1          1  12.8   137   159    5889    (-,-) 
  g59578__7098/Z                    -       B->Z   F     XOR2X1         1   6.9    94   174    6064    (-,-) 
  g59535__6417/Z                    -       A->Z   R     NAND2X1        1   7.3   314   110    6174    (-,-) 
  g59504__5526/Z                    -       A->Z   F     NAND3X1        1   6.4   125    91    6265    (-,-) 
  csm_inst_right_reg_reg[26]/D      -       -      F     DFFQSRX1       1     -     -     0    6265    (-,-) 
#------------------------------------------------------------------------------------------------------------



Path 15: MET (3513 ps) Setup Check with Pin csm_inst_right_reg_reg[5]/CLK->D
          Group: C2C
     Startpoint: (R) csm_inst_round_counter_reg[0]/CLK
          Clock: (R) clk
       Endpoint: (R) csm_inst_right_reg_reg[5]/D
          Clock: (R) clk

                     Capture       Launch     
        Clock Edge:+   10000            0     
       Src Latency:+       0            0     
       Net Latency:+       0 (I)        0 (I) 
           Arrival:=   10000            0     
                                              
             Setup:-     213                  
     Required Time:=    9787                  
      Launch Clock:-       0                  
         Data Path:-    6274                  
             Slack:=    3513                  

#------------------------------------------------------------------------------------------------------------
#           Timing Point            Flags    Arc   Edge   Cell     Fanout  Load Trans Delay Arrival Instance 
#                                                                          (fF)  (ps)  (ps)   (ps)  Location 
#------------------------------------------------------------------------------------------------------------
  csm_inst_round_counter_reg[0]/CLK -       -      R     (arrival)    335     -     0     0       0    (-,-) 
  csm_inst_round_counter_reg[0]/Q   -       CLK->Q R     DFFQSRX1      17  83.6  1228   812     812    (-,-) 
  g63752/Z                          -       A->Z   F     INVX2          2  11.4   246   145     957    (-,-) 
  g63622/Z                          -       A->Z   R     NOR2X1        14  60.7   900   575    1532    (-,-) 
  g63402/Z                          -       A->Z   R     AND2X1        23  97.6  1430   871    2403    (-,-) 
  g63255/Z                          -       A->Z   R     BUFX1         24 102.1  1496   894    3296    (-,-) 
  g63125/Z                          -       A->Z   F     NAND2X1        1   6.8   275   107    3404    (-,-) 
  g62318/Z                          -       B->Z   R     NAND2X1        1   7.3   179   178    3582    (-,-) 
  g62069/Z                          -       B->Z   F     NOR2X1         1   7.3   121   103    3686    (-,-) 
  g61510/Z                          -       A->Z   R     NAND3X1        1   6.8   198   123    3809    (-,-) 
  g61137/Z                          -       A->Z   F     NAND2X1        1   6.9   243    88    3897    (-,-) 
  g61082/Z                          -       A->Z   R     NAND2X1        1  12.8   231   202    4099    (-,-) 
  g60713/Z                          -       B->Z   R     XOR2X1         7  34.7   521   388    4488    (-,-) 
  g60698/Z                          -       A->Z   F     INVX2          7  33.6   286   239    4727    (-,-) 
  g60600/Z                          -       B->Z   R     NOR2X1         6  29.7   463   342    5069    (-,-) 
  g60547__6161/Z                    -       A->Z   F     NAND2X1        4  21.5   276   218    5288    (-,-) 
  g59831__3680/Z                    -       B->Z   R     NAND3X1        1   6.8   187   190    5478    (-,-) 
  g59711__4319/Z                    -       A->Z   F     NAND2X1        1   6.9   120    87    5565    (-,-) 
  g59668__4733/Z                    -       A->Z   F     AND2X1         1   7.2    84   127    5693    (-,-) 
  g59614__9945/Z                    -       B->Z   R     NAND3X1        1  12.8   272   181    5874    (-,-) 
  g59582__7482/Z                    -       B->Z   R     XOR2X1         1   6.8   124   162    6035    (-,-) 
  g59540__4319/Z                    -       A->Z   F     NAND2X1        1   7.3   262    80    6115    (-,-) 
  g59523__6131/Z                    -       A->Z   R     NAND3X1        1   6.4   201   160    6274    (-,-) 
  csm_inst_right_reg_reg[5]/D       -       -      R     DFFQSRX1       1     -     -     0    6274    (-,-) 
#------------------------------------------------------------------------------------------------------------



Path 16: MET (3519 ps) Setup Check with Pin csm_inst_right_reg_reg[11]/CLK->D
          Group: C2C
     Startpoint: (R) csm_inst_round_counter_reg[0]/CLK
          Clock: (R) clk
       Endpoint: (F) csm_inst_right_reg_reg[11]/D
          Clock: (R) clk

                     Capture       Launch     
        Clock Edge:+   10000            0     
       Src Latency:+       0            0     
       Net Latency:+       0 (I)        0 (I) 
           Arrival:=   10000            0     
                                              
             Setup:-     220                  
     Required Time:=    9780                  
      Launch Clock:-       0                  
         Data Path:-    6262                  
             Slack:=    3519                  

#------------------------------------------------------------------------------------------------------------
#           Timing Point            Flags    Arc   Edge   Cell     Fanout  Load Trans Delay Arrival Instance 
#                                                                          (fF)  (ps)  (ps)   (ps)  Location 
#------------------------------------------------------------------------------------------------------------
  csm_inst_round_counter_reg[0]/CLK -       -      R     (arrival)    335     -     0     0       0    (-,-) 
  csm_inst_round_counter_reg[0]/Q   -       CLK->Q R     DFFQSRX1      17  83.6  1228   812     812    (-,-) 
  g63752/Z                          -       A->Z   F     INVX2          2  11.4   246   145     957    (-,-) 
  g63622/Z                          -       A->Z   R     NOR2X1        14  60.7   900   575    1532    (-,-) 
  g63402/Z                          -       A->Z   R     AND2X1        23  97.6  1430   871    2403    (-,-) 
  g63255/Z                          -       A->Z   R     BUFX1         24 102.1  1496   894    3296    (-,-) 
  g63125/Z                          -       A->Z   F     NAND2X1        1   6.8   275   107    3404    (-,-) 
  g62318/Z                          -       B->Z   R     NAND2X1        1   7.3   179   178    3582    (-,-) 
  g62069/Z                          -       B->Z   F     NOR2X1         1   7.3   121   103    3686    (-,-) 
  g61510/Z                          -       A->Z   R     NAND3X1        1   6.8   198   123    3809    (-,-) 
  g61137/Z                          -       A->Z   F     NAND2X1        1   6.9   243    88    3897    (-,-) 
  g61082/Z                          -       A->Z   R     NAND2X1        1  12.8   231   202    4099    (-,-) 
  g60713/Z                          -       B->Z   R     XOR2X1         7  34.7   521   388    4488    (-,-) 
  g60698/Z                          -       A->Z   F     INVX2          7  33.6   286   239    4727    (-,-) 
  g60600/Z                          -       B->Z   R     NOR2X1         6  29.7   463   342    5069    (-,-) 
  g60547__6161/Z                    -       A->Z   F     NAND2X1        4  21.5   276   218    5288    (-,-) 
  g60482/Z                          -       A->Z   R     INVX2          1   6.8   109   103    5390    (-,-) 
  g60290__9945/Z                    -       A->Z   F     NAND2X1        1   7.2   119    76    5466    (-,-) 
  g59780__8246/Z                    -       B->Z   R     NAND3X1        1   7.3   193   147    5613    (-,-) 
  g59672__2883/Z                    -       B->Z   F     NOR2X1         1   7.3   115   106    5719    (-,-) 
  g59659__2802/Z                    -       A->Z   R     NAND3X1        1  12.8   272   172    5890    (-,-) 
  g59597__8428/Z                    -       B->Z   R     XOR2X1         1   7.3   130   166    6056    (-,-) 
  g59570__5526/Z                    -       B->Z   R     OR2X1          1   7.3   125   132    6188    (-,-) 
  g59558__9945/Z                    -       A->Z   F     NAND3X1        1   6.4   114    73    6262    (-,-) 
  csm_inst_right_reg_reg[11]/D      -       -      F     DFFQSRX1       1     -     -     0    6262    (-,-) 
#------------------------------------------------------------------------------------------------------------



Path 17: MET (3534 ps) Setup Check with Pin csm_inst_right_reg_reg[21]/CLK->D
          Group: C2C
     Startpoint: (R) csm_inst_round_counter_reg[0]/CLK
          Clock: (R) clk
       Endpoint: (F) csm_inst_right_reg_reg[21]/D
          Clock: (R) clk

                     Capture       Launch     
        Clock Edge:+   10000            0     
       Src Latency:+       0            0     
       Net Latency:+       0 (I)        0 (I) 
           Arrival:=   10000            0     
                                              
             Setup:-     223                  
     Required Time:=    9777                  
      Launch Clock:-       0                  
         Data Path:-    6243                  
             Slack:=    3534                  

#------------------------------------------------------------------------------------------------------------
#           Timing Point            Flags    Arc   Edge   Cell     Fanout  Load Trans Delay Arrival Instance 
#                                                                          (fF)  (ps)  (ps)   (ps)  Location 
#------------------------------------------------------------------------------------------------------------
  csm_inst_round_counter_reg[0]/CLK -       -      R     (arrival)    335     -     0     0       0    (-,-) 
  csm_inst_round_counter_reg[0]/Q   -       CLK->Q R     DFFQSRX1      17  83.6  1228   812     812    (-,-) 
  g63752/Z                          -       A->Z   F     INVX2          2  11.4   246   145     957    (-,-) 
  g63622/Z                          -       A->Z   R     NOR2X1        14  60.7   900   575    1532    (-,-) 
  g63402/Z                          -       A->Z   R     AND2X1        23  97.6  1430   871    2403    (-,-) 
  g63255/Z                          -       A->Z   R     BUFX1         24 102.1  1496   894    3296    (-,-) 
  g62687/Z                          -       A->Z   F     NAND2X1        1   6.8   275   107    3404    (-,-) 
  g62275/Z                          -       B->Z   R     NAND2X1        1   7.2   178   177    3581    (-,-) 
  g62047/Z                          -       A->Z   F     NOR2X1         1   7.3   124   120    3701    (-,-) 
  g61529/Z                          -       A->Z   R     NAND3X1        1   6.8   194   124    3826    (-,-) 
  g61130/Z                          -       A->Z   R     AND2X1         1   7.3   126   126    3952    (-,-) 
  g61089/Z                          -       B->Z   F     NOR2X1         1  12.8   172   125    4077    (-,-) 
  g60682/Z                          -       B->Z   R     XOR2X1         6  30.1   455   332    4408    (-,-) 
  g60668/Z                          -       A->Z   F     INVX2          4  20.1   203   165    4574    (-,-) 
  g60603/Z                          -       A->Z   R     NOR2X1         6  28.3   440   306    4880    (-,-) 
  g60506__6783/Z                    -       A->Z   R     OR2X1          1   6.8   118   187    5068    (-,-) 
  g60329__8428/Z                    -       A->Z   F     NAND2X1        1   6.9   119    76    5144    (-,-) 
  g60024__5107/Z                    -       A->Z   R     NAND2X1        1   6.8   148   114    5258    (-,-) 
  g59877__2346/Z                    -       A->Z   F     NAND2X1        1   7.3   168    84    5341    (-,-) 
  g59795__5477/Z                    -       A->Z   R     NAND3X1        1   7.3   192   143    5484    (-,-) 
  g59691__5122/Z                    -       B->Z   F     NOR2X1         1   7.3   118   106    5590    (-,-) 
  g59638__7482/Z                    -       A->Z   R     NAND3X1        1   7.3   192   127    5716    (-,-) 
  g59617__1666/Z                    -       B->Z   F     NOR2X1         1  12.8   170   140    5857    (-,-) 
  g59584__6161/Z                    -       B->Z   F     XOR2X1         1   6.9    97   185    6041    (-,-) 
  g59552__1881/Z                    -       A->Z   R     NAND2X1        1   7.3   314   111    6153    (-,-) 
  g59530__9945/Z                    -       A->Z   F     NAND3X1        1   6.4   125    91    6243    (-,-) 
  csm_inst_right_reg_reg[21]/D      -       -      F     DFFQSRX1       1     -     -     0    6243    (-,-) 
#------------------------------------------------------------------------------------------------------------



Path 18: MET (3537 ps) Setup Check with Pin csm_inst_right_reg_reg[9]/CLK->D
          Group: C2C
     Startpoint: (R) csm_inst_round_counter_reg[0]/CLK
          Clock: (R) clk
       Endpoint: (R) csm_inst_right_reg_reg[9]/D
          Clock: (R) clk

                     Capture       Launch     
        Clock Edge:+   10000            0     
       Src Latency:+       0            0     
       Net Latency:+       0 (I)        0 (I) 
           Arrival:=   10000            0     
                                              
             Setup:-     212                  
     Required Time:=    9788                  
      Launch Clock:-       0                  
         Data Path:-    6251                  
             Slack:=    3537                  

#------------------------------------------------------------------------------------------------------------
#           Timing Point            Flags    Arc   Edge   Cell     Fanout  Load Trans Delay Arrival Instance 
#                                                                          (fF)  (ps)  (ps)   (ps)  Location 
#------------------------------------------------------------------------------------------------------------
  csm_inst_round_counter_reg[0]/CLK -       -      R     (arrival)    335     -     0     0       0    (-,-) 
  csm_inst_round_counter_reg[0]/Q   -       CLK->Q R     DFFQSRX1      17  83.6  1228   812     812    (-,-) 
  g63752/Z                          -       A->Z   F     INVX2          2  11.4   246   145     957    (-,-) 
  g63622/Z                          -       A->Z   R     NOR2X1        14  60.7   900   575    1532    (-,-) 
  g63402/Z                          -       A->Z   R     AND2X1        23  97.6  1430   871    2403    (-,-) 
  g63255/Z                          -       A->Z   R     BUFX1         24 102.1  1496   894    3296    (-,-) 
  g63058/Z                          -       A->Z   F     NAND2X1        1   6.8   275   107    3404    (-,-) 
  g61732/Z                          -       B->Z   R     NAND2X1        1   7.3   179   178    3582    (-,-) 
  g61576/Z                          -       B->Z   F     NOR2X1         1   7.3   123   103    3686    (-,-) 
  g61169/Z                          -       A->Z   R     NAND3X1        1   6.8   215   124    3810    (-,-) 
  g61049/Z                          -       A->Z   F     NAND2X1        1   6.9   218    90    3899    (-,-) 
  g60810/Z                          -       A->Z   R     NAND2X1        1  12.8   231   195    4094    (-,-) 
  g60658/Z                          -       B->Z   R     XOR2X1         9  44.0   656   465    4559    (-,-) 
  g60623/Z                          -       A->Z   F     INVX2          5  24.9   265   209    4768    (-,-) 
  g60471__5115/Z                    -       A->Z   R     NOR2X1         7  32.6   499   352    5120    (-,-) 
  g60371__4733/Z                    -       A->Z   R     AND2X1         3  15.6   245   201    5321    (-,-) 
  g60114__5526/Z                    -       A->Z   F     NAND3X1        1   7.3   155    93    5414    (-,-) 
  g59756__5115/Z                    -       A->Z   R     NAND3X1        1   7.2   192   138    5552    (-,-) 
  g59671__9945/Z                    -       A->Z   F     NOR2X1         1   7.3   126   123    5675    (-,-) 
  g59641__9315/Z                    -       A->Z   R     NAND3X1        1  12.8   272   175    5850    (-,-) 
  g59605__8246/Z                    -       B->Z   R     XOR2X1         1   6.8   124   162    6012    (-,-) 
  g59572__3680/Z                    -       A->Z   F     NAND2X1        1   7.3   262    80    6091    (-,-) 
  g59557__9315/Z                    -       A->Z   R     NAND3X1        1   6.4   191   160    6251    (-,-) 
  csm_inst_right_reg_reg[9]/D       -       -      R     DFFQSRX1       1     -     -     0    6251    (-,-) 
#------------------------------------------------------------------------------------------------------------



Path 19: MET (3544 ps) Setup Check with Pin csm_inst_right_reg_reg[15]/CLK->D
          Group: C2C
     Startpoint: (R) csm_inst_round_counter_reg[0]/CLK
          Clock: (R) clk
       Endpoint: (R) csm_inst_right_reg_reg[15]/D
          Clock: (R) clk

                     Capture       Launch     
        Clock Edge:+   10000            0     
       Src Latency:+       0            0     
       Net Latency:+       0 (I)        0 (I) 
           Arrival:=   10000            0     
                                              
             Setup:-     212                  
     Required Time:=    9788                  
      Launch Clock:-       0                  
         Data Path:-    6243                  
             Slack:=    3544                  

#------------------------------------------------------------------------------------------------------------
#           Timing Point            Flags    Arc   Edge   Cell     Fanout  Load Trans Delay Arrival Instance 
#                                                                          (fF)  (ps)  (ps)   (ps)  Location 
#------------------------------------------------------------------------------------------------------------
  csm_inst_round_counter_reg[0]/CLK -       -      R     (arrival)    335     -     0     0       0    (-,-) 
  csm_inst_round_counter_reg[0]/Q   -       CLK->Q R     DFFQSRX1      17  83.6  1228   812     812    (-,-) 
  g63752/Z                          -       A->Z   F     INVX2          2  11.4   246   145     957    (-,-) 
  g63622/Z                          -       A->Z   R     NOR2X1        14  60.7   900   575    1532    (-,-) 
  g63402/Z                          -       A->Z   R     AND2X1        23  97.6  1430   871    2403    (-,-) 
  g63255/Z                          -       A->Z   R     BUFX1         24 102.1  1496   894    3296    (-,-) 
  g63058/Z                          -       A->Z   F     NAND2X1        1   6.8   275   107    3404    (-,-) 
  g61732/Z                          -       B->Z   R     NAND2X1        1   7.3   179   178    3582    (-,-) 
  g61576/Z                          -       B->Z   F     NOR2X1         1   7.3   123   103    3686    (-,-) 
  g61169/Z                          -       A->Z   R     NAND3X1        1   6.8   215   124    3810    (-,-) 
  g61049/Z                          -       A->Z   F     NAND2X1        1   6.9   218    90    3899    (-,-) 
  g60810/Z                          -       A->Z   R     NAND2X1        1  12.8   231   195    4094    (-,-) 
  g60658/Z                          -       B->Z   R     XOR2X1         9  44.0   656   465    4559    (-,-) 
  g60623/Z                          -       A->Z   F     INVX2          5  24.9   265   209    4768    (-,-) 
  g60471__5115/Z                    -       A->Z   R     NOR2X1         7  32.6   499   352    5120    (-,-) 
  g60371__4733/Z                    -       A->Z   R     AND2X1         3  15.6   245   201    5321    (-,-) 
  g60066__7098/Z                    -       A->Z   R     AND2X1         1   7.2   125   127    5448    (-,-) 
  g59727__6161/Z                    -       A->Z   F     NOR2X1         1   7.3   114   107    5555    (-,-) 
  g59674__1666/Z                    -       A->Z   R     NAND3X1        1   7.3   193   126    5681    (-,-) 
  g59639__4733/Z                    -       B->Z   F     NOR2X1         1  12.8   170   141    5822    (-,-) 
  g59607__6131/Z                    -       B->Z   F     XOR2X1         1   7.3    99   187    6008    (-,-) 
  g59571__6783/Z                    -       B->Z   F     OR2X1          1   7.3    91   124    6133    (-,-) 
  g59560__2346/Z                    -       A->Z   R     NAND3X1        1   6.4   191   111    6243    (-,-) 
  csm_inst_right_reg_reg[15]/D      -       -      R     DFFQSRX1       1     -     -     0    6243    (-,-) 
#------------------------------------------------------------------------------------------------------------



Path 20: MET (3549 ps) Setup Check with Pin csm_inst_right_reg_reg[27]/CLK->D
          Group: C2C
     Startpoint: (R) csm_inst_round_counter_reg[0]/CLK
          Clock: (R) clk
       Endpoint: (F) csm_inst_right_reg_reg[27]/D
          Clock: (R) clk

                     Capture       Launch     
        Clock Edge:+   10000            0     
       Src Latency:+       0            0     
       Net Latency:+       0 (I)        0 (I) 
           Arrival:=   10000            0     
                                              
             Setup:-     220                  
     Required Time:=    9780                  
      Launch Clock:-       0                  
         Data Path:-    6231                  
             Slack:=    3549                  

#------------------------------------------------------------------------------------------------------------
#           Timing Point            Flags    Arc   Edge   Cell     Fanout  Load Trans Delay Arrival Instance 
#                                                                          (fF)  (ps)  (ps)   (ps)  Location 
#------------------------------------------------------------------------------------------------------------
  csm_inst_round_counter_reg[0]/CLK -       -      R     (arrival)    335     -     0     0       0    (-,-) 
  csm_inst_round_counter_reg[0]/Q   -       CLK->Q R     DFFQSRX1      17  83.6  1228   812     812    (-,-) 
  g63752/Z                          -       A->Z   F     INVX2          2  11.4   246   145     957    (-,-) 
  g63622/Z                          -       A->Z   R     NOR2X1        14  60.7   900   575    1532    (-,-) 
  g63402/Z                          -       A->Z   R     AND2X1        23  97.6  1430   871    2403    (-,-) 
  g63255/Z                          -       A->Z   R     BUFX1         24 102.1  1496   894    3296    (-,-) 
  g63125/Z                          -       A->Z   F     NAND2X1        1   6.8   275   107    3404    (-,-) 
  g62318/Z                          -       B->Z   R     NAND2X1        1   7.3   179   178    3582    (-,-) 
  g62069/Z                          -       B->Z   F     NOR2X1         1   7.3   121   103    3686    (-,-) 
  g61510/Z                          -       A->Z   R     NAND3X1        1   6.8   198   123    3809    (-,-) 
  g61137/Z                          -       A->Z   F     NAND2X1        1   6.9   243    88    3897    (-,-) 
  g61082/Z                          -       A->Z   R     NAND2X1        1  12.8   231   202    4099    (-,-) 
  g60713/Z                          -       B->Z   R     XOR2X1         7  34.7   521   388    4488    (-,-) 
  g60698/Z                          -       A->Z   F     INVX2          7  33.6   286   239    4727    (-,-) 
  g60600/Z                          -       B->Z   R     NOR2X1         6  29.7   463   342    5069    (-,-) 
  g60547__6161/Z                    -       A->Z   F     NAND2X1        4  21.5   276   218    5288    (-,-) 
  g60102__9945/Z                    -       A->Z   F     OR2X1          1   7.2    89   157    5444    (-,-) 
  g59869__1881/Z                    -       B->Z   R     NAND3X1        1   7.3   193   137    5581    (-,-) 
  g59716__1617/Z                    -       B->Z   F     NOR2X1         1   6.8   122   102    5683    (-,-) 
  g59609__5115/Z                    -       B->Z   F     AND2X1         1  12.8   135   178    5861    (-,-) 
  g59566__5107/Z                    -       B->Z   F     XOR2X1         1   6.9    94   174    6034    (-,-) 
  g59537__2398/Z                    -       A->Z   R     NAND2X1        1   7.3   253   110    6144    (-,-) 
  g59503__8428/Z                    -       A->Z   F     NAND3X1        1   6.4   115    87    6231    (-,-) 
  csm_inst_right_reg_reg[27]/D      -       -      F     DFFQSRX1       1     -     -     0    6231    (-,-) 
#------------------------------------------------------------------------------------------------------------



Path 21: MET (3549 ps) Setup Check with Pin csm_inst_right_reg_reg[17]/CLK->D
          Group: C2C
     Startpoint: (R) csm_inst_round_counter_reg[0]/CLK
          Clock: (R) clk
       Endpoint: (F) csm_inst_right_reg_reg[17]/D
          Clock: (R) clk

                     Capture       Launch     
        Clock Edge:+   10000            0     
       Src Latency:+       0            0     
       Net Latency:+       0 (I)        0 (I) 
           Arrival:=   10000            0     
                                              
             Setup:-     220                  
     Required Time:=    9780                  
      Launch Clock:-       0                  
         Data Path:-    6231                  
             Slack:=    3549                  

#------------------------------------------------------------------------------------------------------------
#           Timing Point            Flags    Arc   Edge   Cell     Fanout  Load Trans Delay Arrival Instance 
#                                                                          (fF)  (ps)  (ps)   (ps)  Location 
#------------------------------------------------------------------------------------------------------------
  csm_inst_round_counter_reg[0]/CLK -       -      R     (arrival)    335     -     0     0       0    (-,-) 
  csm_inst_round_counter_reg[0]/Q   -       CLK->Q R     DFFQSRX1      17  83.6  1228   812     812    (-,-) 
  g63752/Z                          -       A->Z   F     INVX2          2  11.4   246   145     957    (-,-) 
  g63622/Z                          -       A->Z   R     NOR2X1        14  60.7   900   575    1532    (-,-) 
  g63402/Z                          -       A->Z   R     AND2X1        23  97.6  1430   871    2403    (-,-) 
  g63255/Z                          -       A->Z   R     BUFX1         24 102.1  1496   894    3296    (-,-) 
  g63125/Z                          -       A->Z   F     NAND2X1        1   6.8   275   107    3404    (-,-) 
  g62318/Z                          -       B->Z   R     NAND2X1        1   7.3   179   178    3582    (-,-) 
  g62069/Z                          -       B->Z   F     NOR2X1         1   7.3   121   103    3686    (-,-) 
  g61510/Z                          -       A->Z   R     NAND3X1        1   6.8   198   123    3809    (-,-) 
  g61137/Z                          -       A->Z   F     NAND2X1        1   6.9   243    88    3897    (-,-) 
  g61082/Z                          -       A->Z   R     NAND2X1        1  12.8   231   202    4099    (-,-) 
  g60713/Z                          -       B->Z   R     XOR2X1         7  34.7   521   388    4488    (-,-) 
  g60698/Z                          -       A->Z   F     INVX2          7  33.6   286   239    4727    (-,-) 
  g60600/Z                          -       B->Z   R     NOR2X1         6  29.7   463   342    5069    (-,-) 
  g60547__6161/Z                    -       A->Z   F     NAND2X1        4  21.5   276   218    5288    (-,-) 
  g60227__2883/Z                    -       B->Z   F     OR2X1          1   7.2    89   154    5442    (-,-) 
  g59788__9315/Z                    -       B->Z   R     NAND3X1        1   7.3   193   137    5579    (-,-) 
  g59675__7410/Z                    -       B->Z   F     NOR2X1         1   7.3   126   106    5684    (-,-) 
  g59642__9945/Z                    -       A->Z   R     NAND3X1        1  12.8   273   175    5860    (-,-) 
  g59595__6260/Z                    -       B->Z   R     XOR2X1         1   7.3   131   166    6025    (-,-) 
  g59579__6131/Z                    -       B->Z   R     OR2X1          1   7.3   125   132    6158    (-,-) 
  g59562__7410/Z                    -       A->Z   F     NAND3X1        1   6.4   114    73    6231    (-,-) 
  csm_inst_right_reg_reg[17]/D      -       -      F     DFFQSRX1       1     -     -     0    6231    (-,-) 
#------------------------------------------------------------------------------------------------------------



Path 22: MET (3550 ps) Setup Check with Pin csm_inst_right_reg_reg[2]/CLK->D
          Group: C2C
     Startpoint: (R) csm_inst_round_counter_reg[0]/CLK
          Clock: (R) clk
       Endpoint: (R) csm_inst_right_reg_reg[2]/D
          Clock: (R) clk

                     Capture       Launch     
        Clock Edge:+   10000            0     
       Src Latency:+       0            0     
       Net Latency:+       0 (I)        0 (I) 
           Arrival:=   10000            0     
                                              
             Setup:-     213                  
     Required Time:=    9787                  
      Launch Clock:-       0                  
         Data Path:-    6238                  
             Slack:=    3550                  

#------------------------------------------------------------------------------------------------------------
#           Timing Point            Flags    Arc   Edge   Cell     Fanout  Load Trans Delay Arrival Instance 
#                                                                          (fF)  (ps)  (ps)   (ps)  Location 
#------------------------------------------------------------------------------------------------------------
  csm_inst_round_counter_reg[0]/CLK -       -      R     (arrival)    335     -     0     0       0    (-,-) 
  csm_inst_round_counter_reg[0]/Q   -       CLK->Q R     DFFQSRX1      17  83.6  1228   812     812    (-,-) 
  g63752/Z                          -       A->Z   F     INVX2          2  11.4   246   145     957    (-,-) 
  g63622/Z                          -       A->Z   R     NOR2X1        14  60.7   900   575    1532    (-,-) 
  g63402/Z                          -       A->Z   R     AND2X1        23  97.6  1430   871    2403    (-,-) 
  g63255/Z                          -       A->Z   R     BUFX1         24 102.1  1496   894    3296    (-,-) 
  g62998/Z                          -       A->Z   F     NAND2X1        1   6.8   275   107    3404    (-,-) 
  g62390/Z                          -       B->Z   R     NAND2X1        1   7.2   178   177    3581    (-,-) 
  g61172/Z                          -       A->Z   F     NOR2X1         1   7.3   124   120    3701    (-,-) 
  g61052/Z                          -       B->Z   R     NOR2X1         1   7.3   232   115    3816    (-,-) 
  g60813/Z                          -       B->Z   F     NOR2X1         1  12.8   172   147    3964    (-,-) 
  g60664/Z                          -       B->Z   R     XOR2X1         7  33.8   508   362    4326    (-,-) 
  g60629/Z                          -       A->Z   F     INVX2          8  38.5   308   259    4585    (-,-) 
  g60548__9315/Z                    -       B->Z   R     NOR2X1         4  20.6   343   275    4860    (-,-) 
  g60483/Z                          -       A->Z   F     INVX2          1   6.8   105    80    4940    (-,-) 
  g60374__9945/Z                    -       B->Z   R     NAND2X1        3  16.4   282   202    5142    (-,-) 
  g60031__1617/Z                    -       A->Z   F     NAND2X1        2  12.0   164   131    5273    (-,-) 
  g59925/Z                          -       A->Z   R     INVX2          1   6.8    89    84    5357    (-,-) 
  g59841__7482/Z                    -       A->Z   F     NAND2X1        1   7.3   121    74    5430    (-,-) 
  g59791__2346/Z                    -       A->Z   R     NAND3X1        1   7.3   192   128    5558    (-,-) 
  g59683__5526/Z                    -       B->Z   F     NOR2X1         1   7.3   119   106    5664    (-,-) 
  g59625__8428/Z                    -       A->Z   R     NAND3X1        1  12.8   272   173    5837    (-,-) 
  g59594__5107/Z                    -       B->Z   R     XOR2X1         1   6.8   124   162    5998    (-,-) 
  g59542__5526/Z                    -       A->Z   F     NAND2X1        1   7.3   262    80    6078    (-,-) 
  g59527__4733/Z                    -       A->Z   R     NAND3X1        1   6.4   201   160    6238    (-,-) 
  csm_inst_right_reg_reg[2]/D       -       -      R     DFFQSRX1       1     -     -     0    6238    (-,-) 
#------------------------------------------------------------------------------------------------------------



Path 23: MET (3558 ps) Setup Check with Pin csm_inst_right_reg_reg[1]/CLK->D
          Group: C2C
     Startpoint: (R) csm_inst_round_counter_reg[0]/CLK
          Clock: (R) clk
       Endpoint: (R) csm_inst_right_reg_reg[1]/D
          Clock: (R) clk

                     Capture       Launch     
        Clock Edge:+   10000            0     
       Src Latency:+       0            0     
       Net Latency:+       0 (I)        0 (I) 
           Arrival:=   10000            0     
                                              
             Setup:-     213                  
     Required Time:=    9787                  
      Launch Clock:-       0                  
         Data Path:-    6229                  
             Slack:=    3558                  

#------------------------------------------------------------------------------------------------------------
#           Timing Point            Flags    Arc   Edge   Cell     Fanout  Load Trans Delay Arrival Instance 
#                                                                          (fF)  (ps)  (ps)   (ps)  Location 
#------------------------------------------------------------------------------------------------------------
  csm_inst_round_counter_reg[0]/CLK -       -      R     (arrival)    335     -     0     0       0    (-,-) 
  csm_inst_round_counter_reg[0]/Q   -       CLK->Q R     DFFQSRX1      17  83.6  1228   812     812    (-,-) 
  g63752/Z                          -       A->Z   F     INVX2          2  11.4   246   145     957    (-,-) 
  g63622/Z                          -       A->Z   R     NOR2X1        14  60.7   900   575    1532    (-,-) 
  g63402/Z                          -       A->Z   R     AND2X1        23  97.6  1430   871    2403    (-,-) 
  g63255/Z                          -       A->Z   R     BUFX1         24 102.1  1496   894    3296    (-,-) 
  g63058/Z                          -       A->Z   F     NAND2X1        1   6.8   275   107    3404    (-,-) 
  g61732/Z                          -       B->Z   R     NAND2X1        1   7.3   179   178    3582    (-,-) 
  g61576/Z                          -       B->Z   F     NOR2X1         1   7.3   123   103    3686    (-,-) 
  g61169/Z                          -       A->Z   R     NAND3X1        1   6.8   215   124    3810    (-,-) 
  g61049/Z                          -       A->Z   F     NAND2X1        1   6.9   218    90    3899    (-,-) 
  g60810/Z                          -       A->Z   R     NAND2X1        1  12.8   231   195    4094    (-,-) 
  g60658/Z                          -       B->Z   R     XOR2X1         9  44.0   656   465    4559    (-,-) 
  g60623/Z                          -       A->Z   F     INVX2          5  24.9   265   209    4768    (-,-) 
  g60471__5115/Z                    -       A->Z   R     NOR2X1         7  32.6   499   352    5120    (-,-) 
  g60371__4733/Z                    -       A->Z   R     AND2X1         3  15.6   245   201    5321    (-,-) 
  g60090__2802/Z                    -       A->Z   F     NAND2X1        1   6.8   116    91    5412    (-,-) 
  g59742__6783/Z                    -       B->Z   R     NAND2X1        1   7.2   151   130    5542    (-,-) 
  g59699__6161/Z                    -       A->Z   F     NOR2X1         1   7.3   119   114    5655    (-,-) 
  g59658__1617/Z                    -       A->Z   R     NAND3X1        1  12.8   272   173    5828    (-,-) 
  g59604__5122/Z                    -       B->Z   R     XOR2X1         1   6.8   124   162    5990    (-,-) 
  g59574__2802/Z                    -       A->Z   F     NAND2X1        1   7.3   262    80    6070    (-,-) 
  g59554__7482/Z                    -       A->Z   R     NAND3X1        1   6.4   201   160    6229    (-,-) 
  csm_inst_right_reg_reg[1]/D       -       -      R     DFFQSRX1       1     -     -     0    6229    (-,-) 
#------------------------------------------------------------------------------------------------------------



Path 24: MET (3559 ps) Setup Check with Pin csm_inst_right_reg_reg[7]/CLK->D
          Group: C2C
     Startpoint: (R) csm_inst_round_counter_reg[0]/CLK
          Clock: (R) clk
       Endpoint: (R) csm_inst_right_reg_reg[7]/D
          Clock: (R) clk

                     Capture       Launch     
        Clock Edge:+   10000            0     
       Src Latency:+       0            0     
       Net Latency:+       0 (I)        0 (I) 
           Arrival:=   10000            0     
                                              
             Setup:-     213                  
     Required Time:=    9787                  
      Launch Clock:-       0                  
         Data Path:-    6229                  
             Slack:=    3559                  

#------------------------------------------------------------------------------------------------------------
#           Timing Point            Flags    Arc   Edge   Cell     Fanout  Load Trans Delay Arrival Instance 
#                                                                          (fF)  (ps)  (ps)   (ps)  Location 
#------------------------------------------------------------------------------------------------------------
  csm_inst_round_counter_reg[0]/CLK -       -      R     (arrival)    335     -     0     0       0    (-,-) 
  csm_inst_round_counter_reg[0]/Q   -       CLK->Q R     DFFQSRX1      17  83.6  1228   812     812    (-,-) 
  g63752/Z                          -       A->Z   F     INVX2          2  11.4   246   145     957    (-,-) 
  g63622/Z                          -       A->Z   R     NOR2X1        14  60.7   900   575    1532    (-,-) 
  g63402/Z                          -       A->Z   R     AND2X1        23  97.6  1430   871    2403    (-,-) 
  g63255/Z                          -       A->Z   R     BUFX1         24 102.1  1496   894    3296    (-,-) 
  g63127/Z                          -       A->Z   F     NAND2X1        1   6.9   277   109    3406    (-,-) 
  g62347/Z                          -       A->Z   R     NAND2X1        1   7.2   188   161    3566    (-,-) 
  g62034/Z                          -       A->Z   F     NOR2X1         1   7.3   126   123    3689    (-,-) 
  g61579/Z                          -       A->Z   R     NAND3X1        1   6.8   187   125    3814    (-,-) 
  g61150/Z                          -       A->Z   F     NAND2X1        1   6.9   243    87    3901    (-,-) 
  g61070/Z                          -       A->Z   R     NAND2X1        1  12.8   231   202    4104    (-,-) 
  g60717/Z                          -       B->Z   R     XOR2X1         9  49.9   741   513    4617    (-,-) 
  g60702/Z                          -       A->Z   F     INVX2          5  25.0   281   219    4836    (-,-) 
  g60604/Z                          -       A->Z   R     NOR2X1         6  28.0   444   318    5153    (-,-) 
  g60413__6131/Z                    -       A->Z   F     NAND2X1        1   7.2   153   108    5261    (-,-) 
  g59839__1881/Z                    -       B->Z   R     NAND3X1        1   6.8   186   154    5415    (-,-) 
  g59720__8246/Z                    -       A->Z   F     NAND2X1        1   7.3   179    90    5505    (-,-) 
  g59669__6161/Z                    -       A->Z   R     NAND3X1        1   7.2   191   145    5650    (-,-) 
  g59643__2883/Z                    -       A->Z   F     NOR2X1         1  12.8   170   156    5807    (-,-) 
  g59596__4319/Z                    -       B->Z   F     XOR2X1         1   7.3    99   187    5994    (-,-) 
  g59569__8428/Z                    -       B->Z   F     OR2X1          1   7.3    91   125    6118    (-,-) 
  g59556__6161/Z                    -       A->Z   R     NAND3X1        1   6.4   201   111    6229    (-,-) 
  csm_inst_right_reg_reg[7]/D       -       -      R     DFFQSRX1       1     -     -     0    6229    (-,-) 
#------------------------------------------------------------------------------------------------------------



Path 25: MET (3568 ps) Setup Check with Pin csm_inst_right_reg_reg[4]/CLK->D
          Group: C2C
     Startpoint: (R) csm_inst_round_counter_reg[0]/CLK
          Clock: (R) clk
       Endpoint: (R) csm_inst_right_reg_reg[4]/D
          Clock: (R) clk

                     Capture       Launch     
        Clock Edge:+   10000            0     
       Src Latency:+       0            0     
       Net Latency:+       0 (I)        0 (I) 
           Arrival:=   10000            0     
                                              
             Setup:-     212                  
     Required Time:=    9788                  
      Launch Clock:-       0                  
         Data Path:-    6220                  
             Slack:=    3568                  

#------------------------------------------------------------------------------------------------------------
#           Timing Point            Flags    Arc   Edge   Cell     Fanout  Load Trans Delay Arrival Instance 
#                                                                          (fF)  (ps)  (ps)   (ps)  Location 
#------------------------------------------------------------------------------------------------------------
  csm_inst_round_counter_reg[0]/CLK -       -      R     (arrival)    335     -     0     0       0    (-,-) 
  csm_inst_round_counter_reg[0]/Q   -       CLK->Q R     DFFQSRX1      17  83.6  1228   812     812    (-,-) 
  g63752/Z                          -       A->Z   F     INVX2          2  11.4   246   145     957    (-,-) 
  g63622/Z                          -       A->Z   R     NOR2X1        14  60.7   900   575    1532    (-,-) 
  g63402/Z                          -       A->Z   R     AND2X1        23  97.6  1430   871    2403    (-,-) 
  g63255/Z                          -       A->Z   R     BUFX1         24 102.1  1496   894    3296    (-,-) 
  g62828/Z                          -       A->Z   F     NAND2X1        1   7.3   283   116    3412    (-,-) 
  g62043/Z                          -       A->Z   R     NAND3X1        1   7.2   191   173    3585    (-,-) 
  g61133/Z                          -       A->Z   F     NOR2X1         1   7.3   126   123    3708    (-,-) 
  g61015/Z                          -       B->Z   R     NOR2X1         1   7.3   215   116    3824    (-,-) 
  g60800/Z                          -       B->Z   F     NOR2X1         1  12.8   163   144    3968    (-,-) 
  g60654/Z                          -       B->Z   R     XOR2X1        13  61.9   915   590    4558    (-,-) 
  g60559__4319/Z                    -       A->Z   F     NAND2X1        6  29.8   432   325    4883    (-,-) 
  g60307__1705/Z                    -       B->Z   R     NOR2X1         1   7.3   199   182    5065    (-,-) 
  g60074__9945/Z                    -       B->Z   F     NOR2X1         1   7.3   194   106    5171    (-,-) 
  g59898__5115/Z                    -       A->Z   R     NAND3X1        1   6.8   188   146    5317    (-,-) 
  g59718__1705/Z                    -       A->Z   F     NAND2X1        1   7.3   130    90    5407    (-,-) 
  g59665__1881/Z                    -       A->Z   R     NAND3X1        1   7.3   192   131    5538    (-,-) 
  g59632__5122/Z                    -       B->Z   F     NOR2X1         1   7.3   126   106    5644    (-,-) 
  g59608__1881/Z                    -       A->Z   R     NAND3X1        1  12.8   273   175    5819    (-,-) 
  g59589__1666/Z                    -       B->Z   R     XOR2X1         1   6.8   124   162    5980    (-,-) 
  g59547__1705/Z                    -       A->Z   F     NAND2X1        1   7.3   262    80    6060    (-,-) 
  g59522__7098/Z                    -       A->Z   R     NAND3X1        1   6.4   191   160    6220    (-,-) 
  csm_inst_right_reg_reg[4]/D       -       -      R     DFFQSRX1       1     -     -     0    6220    (-,-) 
#------------------------------------------------------------------------------------------------------------



Path 26: MET (3576 ps) Setup Check with Pin csm_inst_right_reg_reg[14]/CLK->D
          Group: C2C
     Startpoint: (R) csm_inst_round_counter_reg[0]/CLK
          Clock: (R) clk
       Endpoint: (F) csm_inst_right_reg_reg[14]/D
          Clock: (R) clk

                     Capture       Launch     
        Clock Edge:+   10000            0     
       Src Latency:+       0            0     
       Net Latency:+       0 (I)        0 (I) 
           Arrival:=   10000            0     
                                              
             Setup:-     220                  
     Required Time:=    9780                  
      Launch Clock:-       0                  
         Data Path:-    6204                  
             Slack:=    3576                  

#------------------------------------------------------------------------------------------------------------
#           Timing Point            Flags    Arc   Edge   Cell     Fanout  Load Trans Delay Arrival Instance 
#                                                                          (fF)  (ps)  (ps)   (ps)  Location 
#------------------------------------------------------------------------------------------------------------
  csm_inst_round_counter_reg[0]/CLK -       -      R     (arrival)    335     -     0     0       0    (-,-) 
  csm_inst_round_counter_reg[0]/Q   -       CLK->Q R     DFFQSRX1      17  83.6  1228   812     812    (-,-) 
  g63752/Z                          -       A->Z   F     INVX2          2  11.4   246   145     957    (-,-) 
  g63622/Z                          -       A->Z   R     NOR2X1        14  60.7   900   575    1532    (-,-) 
  g63402/Z                          -       A->Z   R     AND2X1        23  97.6  1430   871    2403    (-,-) 
  g63255/Z                          -       A->Z   R     BUFX1         24 102.1  1496   894    3296    (-,-) 
  g62828/Z                          -       A->Z   F     NAND2X1        1   7.3   283   116    3412    (-,-) 
  g62043/Z                          -       A->Z   R     NAND3X1        1   7.2   191   173    3585    (-,-) 
  g61133/Z                          -       A->Z   F     NOR2X1         1   7.3   126   123    3708    (-,-) 
  g61015/Z                          -       B->Z   R     NOR2X1         1   7.3   215   116    3824    (-,-) 
  g60800/Z                          -       B->Z   F     NOR2X1         1  12.8   163   144    3968    (-,-) 
  g60654/Z                          -       B->Z   R     XOR2X1        13  61.9   915   590    4558    (-,-) 
  g60564__1617/Z                    -       B->Z   F     NOR2X1         7  33.6   485   404    4961    (-,-) 
  g60325__2398/Z                    -       B->Z   R     NOR2X1         1   7.3   206   190    5151    (-,-) 
  g60067__6131/Z                    -       B->Z   R     OR2X1          1   6.8   117   136    5288    (-,-) 
  g59886__8428/Z                    -       A->Z   F     NAND2X1        1   7.3   105    78    5366    (-,-) 
  g59787__6161/Z                    -       A->Z   R     NAND3X1        1   7.7   198   126    5492    (-,-) 
  g59755/Z                          -       A->Z   F     INVX2          1   7.3    86    73    5565    (-,-) 
  g59647__7410/Z                    -       A->Z   R     NAND3X1        1   7.3   192   116    5681    (-,-) 
  g59627__6783/Z                    -       B->Z   F     NOR2X1         1  12.8   170   140    5822    (-,-) 
  g59590__7410/Z                    -       B->Z   F     XOR2X1         1   6.9    97   185    6006    (-,-) 
  g59546__2802/Z                    -       A->Z   R     NAND2X1        1   7.3   253   111    6118    (-,-) 
  g59526__7482/Z                    -       A->Z   F     NAND3X1        1   6.4   115    87    6204    (-,-) 
  csm_inst_right_reg_reg[14]/D      -       -      F     DFFQSRX1       1     -     -     0    6204    (-,-) 
#------------------------------------------------------------------------------------------------------------



Path 27: MET (3602 ps) Setup Check with Pin csm_inst_right_reg_reg[30]/CLK->D
          Group: C2C
     Startpoint: (R) csm_inst_round_counter_reg[0]/CLK
          Clock: (R) clk
       Endpoint: (R) csm_inst_right_reg_reg[30]/D
          Clock: (R) clk

                     Capture       Launch     
        Clock Edge:+   10000            0     
       Src Latency:+       0            0     
       Net Latency:+       0 (I)        0 (I) 
           Arrival:=   10000            0     
                                              
             Setup:-     213                  
     Required Time:=    9787                  
      Launch Clock:-       0                  
         Data Path:-    6186                  
             Slack:=    3602                  

#------------------------------------------------------------------------------------------------------------
#           Timing Point            Flags    Arc   Edge   Cell     Fanout  Load Trans Delay Arrival Instance 
#                                                                          (fF)  (ps)  (ps)   (ps)  Location 
#------------------------------------------------------------------------------------------------------------
  csm_inst_round_counter_reg[0]/CLK -       -      R     (arrival)    335     -     0     0       0    (-,-) 
  csm_inst_round_counter_reg[0]/Q   -       CLK->Q R     DFFQSRX1      17  83.6  1228   812     812    (-,-) 
  g63752/Z                          -       A->Z   F     INVX2          2  11.4   246   145     957    (-,-) 
  g63622/Z                          -       A->Z   R     NOR2X1        14  60.7   900   575    1532    (-,-) 
  g63402/Z                          -       A->Z   R     AND2X1        23  97.6  1430   871    2403    (-,-) 
  g63255/Z                          -       A->Z   R     BUFX1         24 102.1  1496   894    3296    (-,-) 
  g62828/Z                          -       A->Z   F     NAND2X1        1   7.3   283   116    3412    (-,-) 
  g62043/Z                          -       A->Z   R     NAND3X1        1   7.2   191   173    3585    (-,-) 
  g61133/Z                          -       A->Z   F     NOR2X1         1   7.3   126   123    3708    (-,-) 
  g61015/Z                          -       B->Z   R     NOR2X1         1   7.3   215   116    3824    (-,-) 
  g60800/Z                          -       B->Z   F     NOR2X1         1  12.8   163   144    3968    (-,-) 
  g60654/Z                          -       B->Z   R     XOR2X1        13  61.9   915   590    4558    (-,-) 
  g60564__1617/Z                    -       B->Z   F     NOR2X1         7  33.6   485   404    4961    (-,-) 
  g60324__5477/Z                    -       B->Z   R     NOR2X1         1   7.2   205   189    5150    (-,-) 
  g59896__6131/Z                    -       A->Z   F     NOR2X1         1   7.3   129   125    5275    (-,-) 
  g59757__7482/Z                    -       B->Z   R     NOR2X1         1   7.3   160   116    5392    (-,-) 
  g59690__1705/Z                    -       B->Z   F     NOR2X1         1   7.3   123    99    5491    (-,-) 
  g59652__6260/Z                    -       A->Z   R     NAND3X1        1   7.3   193   128    5619    (-,-) 
  g59612__6161/Z                    -       B->Z   R     OR2X1          1  12.8   203   185    5804    (-,-) 
  g59581__5115/Z                    -       B->Z   R     XOR2X1         1   6.8   123   157    5961    (-,-) 
  g59539__6260/Z                    -       A->Z   F     NAND2X1        1   7.3   205    79    6041    (-,-) 
  g59519__1705/Z                    -       A->Z   R     NAND3X1        1   6.4   201   145    6186    (-,-) 
  csm_inst_right_reg_reg[30]/D      -       -      R     DFFQSRX1       1     -     -     0    6186    (-,-) 
#------------------------------------------------------------------------------------------------------------



Path 28: MET (3626 ps) Setup Check with Pin csm_inst_right_reg_reg[16]/CLK->D
          Group: C2C
     Startpoint: (R) csm_inst_round_counter_reg[0]/CLK
          Clock: (R) clk
       Endpoint: (R) csm_inst_right_reg_reg[16]/D
          Clock: (R) clk

                     Capture       Launch     
        Clock Edge:+   10000            0     
       Src Latency:+       0            0     
       Net Latency:+       0 (I)        0 (I) 
           Arrival:=   10000            0     
                                              
             Setup:-     212                  
     Required Time:=    9788                  
      Launch Clock:-       0                  
         Data Path:-    6162                  
             Slack:=    3626                  

#------------------------------------------------------------------------------------------------------------
#           Timing Point            Flags    Arc   Edge   Cell     Fanout  Load Trans Delay Arrival Instance 
#                                                                          (fF)  (ps)  (ps)   (ps)  Location 
#------------------------------------------------------------------------------------------------------------
  csm_inst_round_counter_reg[0]/CLK -       -      R     (arrival)    335     -     0     0       0    (-,-) 
  csm_inst_round_counter_reg[0]/Q   -       CLK->Q R     DFFQSRX1      17  83.6  1228   812     812    (-,-) 
  g63752/Z                          -       A->Z   F     INVX2          2  11.4   246   145     957    (-,-) 
  g63622/Z                          -       A->Z   R     NOR2X1        14  60.7   900   575    1532    (-,-) 
  g63402/Z                          -       A->Z   R     AND2X1        23  97.6  1430   871    2403    (-,-) 
  g63255/Z                          -       A->Z   R     BUFX1         24 102.1  1496   894    3296    (-,-) 
  g63191/Z                          -       A->Z   F     NAND2X1        1   6.9   277   109    3406    (-,-) 
  g62415/Z                          -       A->Z   R     NAND2X1        1   7.3   173   162    3568    (-,-) 
  g62127/Z                          -       B->Z   F     NOR2X1         1   7.3   123   102    3670    (-,-) 
  g61589/Z                          -       A->Z   R     NAND3X1        1   6.8   198   124    3794    (-,-) 
  g61155/Z                          -       A->Z   R     AND2X1         1   7.3   125   126    3920    (-,-) 
  g61064/Z                          -       B->Z   F     NOR2X1         1  12.8   172   125    4045    (-,-) 
  g60690/Z                          -       B->Z   R     XOR2X1         8  37.9   568   396    4440    (-,-) 
  g60676/Z                          -       A->Z   F     INVX2          6  29.5   274   224    4664    (-,-) 
  g60465__1705/Z                    -       A->Z   R     NOR2X1         5  29.8   463   331    4995    (-,-) 
  g60363__1705/Z                    -       A->Z   R     AND2X1         2  11.0   178   163    5158    (-,-) 
  g60061__1617/Z                    -       A->Z   R     AND2X1         1   7.3   124   126    5284    (-,-) 
  g59865__5122/Z                    -       B->Z   F     NOR2X1         1   7.3   119    92    5375    (-,-) 
  g59743__3680/Z                    -       B->Z   R     NOR2X1         1   7.3   161   114    5489    (-,-) 
  g59704__1666/Z                    -       B->Z   F     NOR2X1         1   7.3   119   100    5588    (-,-) 
  g59660__1705/Z                    -       A->Z   R     NAND3X1        1  12.8   272   173    5761    (-,-) 
  g59603__1705/Z                    -       B->Z   R     XOR2X1         1   6.8   124   162    5923    (-,-) 
  g59575__1705/Z                    -       A->Z   F     NAND2X1        1   7.3   262    80    6002    (-,-) 
  g59561__1666/Z                    -       A->Z   R     NAND3X1        1   6.4   191   160    6162    (-,-) 
  csm_inst_right_reg_reg[16]/D      -       -      R     DFFQSRX1       1     -     -     0    6162    (-,-) 
#------------------------------------------------------------------------------------------------------------



Path 29: MET (3635 ps) Setup Check with Pin csm_inst_right_reg_reg[23]/CLK->D
          Group: C2C
     Startpoint: (R) csm_inst_round_counter_reg[0]/CLK
          Clock: (R) clk
       Endpoint: (F) csm_inst_right_reg_reg[23]/D
          Clock: (R) clk

                     Capture       Launch     
        Clock Edge:+   10000            0     
       Src Latency:+       0            0     
       Net Latency:+       0 (I)        0 (I) 
           Arrival:=   10000            0     
                                              
             Setup:-     220                  
     Required Time:=    9780                  
      Launch Clock:-       0                  
         Data Path:-    6146                  
             Slack:=    3635                  

#------------------------------------------------------------------------------------------------------------
#           Timing Point            Flags    Arc   Edge   Cell     Fanout  Load Trans Delay Arrival Instance 
#                                                                          (fF)  (ps)  (ps)   (ps)  Location 
#------------------------------------------------------------------------------------------------------------
  csm_inst_round_counter_reg[0]/CLK -       -      R     (arrival)    335     -     0     0       0    (-,-) 
  csm_inst_round_counter_reg[0]/Q   -       CLK->Q R     DFFQSRX1      17  83.6  1228   812     812    (-,-) 
  g63752/Z                          -       A->Z   F     INVX2          2  11.4   246   145     957    (-,-) 
  g63622/Z                          -       A->Z   R     NOR2X1        14  60.7   900   575    1532    (-,-) 
  g63402/Z                          -       A->Z   R     AND2X1        23  97.6  1430   871    2403    (-,-) 
  g63255/Z                          -       A->Z   R     BUFX1         24 102.1  1496   894    3296    (-,-) 
  g62666/Z                          -       A->Z   F     NAND2X1        1   6.8   275   107    3404    (-,-) 
  g62309/Z                          -       B->Z   R     NAND2X1        1   7.3   179   178    3582    (-,-) 
  g62094/Z                          -       B->Z   F     NOR2X1         1   7.3   123   103    3686    (-,-) 
  g61571/Z                          -       A->Z   R     NAND3X1        1   6.8   194   124    3810    (-,-) 
  g61149/Z                          -       A->Z   R     AND2X1         1   7.3   136   126    3936    (-,-) 
  g61071/Z                          -       B->Z   F     NOR2X1         1  12.8   172   127    4063    (-,-) 
  g60718/Z                          -       B->Z   R     XOR2X1        10  46.6   694   467    4530    (-,-) 
  g60703/Z                          -       A->Z   F     INVX2          6  29.1   297   237    4767    (-,-) 
  g60555__5477/Z                    -       A->Z   R     NOR2X1         5  23.4   378   283    5050    (-,-) 
  g60328__4319/Z                    -       A->Z   F     NAND2X1        1   6.8   139   101    5151    (-,-) 
  g59807__5122/Z                    -       B->Z   R     NAND2X1        1   6.8   148   134    5285    (-,-) 
  g59732__1666/Z                    -       A->Z   F     NAND2X1        1   7.3   120    84    5369    (-,-) 
  g59689__2802/Z                    -       A->Z   R     NAND3X1        1   7.3   193   127    5496    (-,-) 
  g59650__2398/Z                    -       B->Z   F     NOR2X1         1   7.3   119   106    5602    (-,-) 
  g59629__1617/Z                    -       A->Z   R     NAND3X1        1  12.8   272   173    5774    (-,-) 
  g59576__5122/Z                    -       B->Z   R     XOR2X1         1   7.3   131   166    5940    (-,-) 
  g59549__8246/Z                    -       B->Z   R     OR2X1          1   7.3   125   132    6072    (-,-) 
  g59532__2346/Z                    -       A->Z   F     NAND3X1        1   6.4   114    73    6146    (-,-) 
  csm_inst_right_reg_reg[23]/D      -       -      F     DFFQSRX1       1     -     -     0    6146    (-,-) 
#------------------------------------------------------------------------------------------------------------



Path 30: MET (3648 ps) Setup Check with Pin csm_inst_right_reg_reg[3]/CLK->D
          Group: C2C
     Startpoint: (R) csm_inst_round_counter_reg[0]/CLK
          Clock: (R) clk
       Endpoint: (R) csm_inst_right_reg_reg[3]/D
          Clock: (R) clk

                     Capture       Launch     
        Clock Edge:+   10000            0     
       Src Latency:+       0            0     
       Net Latency:+       0 (I)        0 (I) 
           Arrival:=   10000            0     
                                              
             Setup:-     212                  
     Required Time:=    9788                  
      Launch Clock:-       0                  
         Data Path:-    6140                  
             Slack:=    3648                  

#------------------------------------------------------------------------------------------------------------
#           Timing Point            Flags    Arc   Edge   Cell     Fanout  Load Trans Delay Arrival Instance 
#                                                                          (fF)  (ps)  (ps)   (ps)  Location 
#------------------------------------------------------------------------------------------------------------
  csm_inst_round_counter_reg[0]/CLK -       -      R     (arrival)    335     -     0     0       0    (-,-) 
  csm_inst_round_counter_reg[0]/Q   -       CLK->Q R     DFFQSRX1      17  83.6  1228   812     812    (-,-) 
  g63752/Z                          -       A->Z   F     INVX2          2  11.4   246   145     957    (-,-) 
  g63622/Z                          -       A->Z   R     NOR2X1        14  60.7   900   575    1532    (-,-) 
  g63402/Z                          -       A->Z   R     AND2X1        23  97.6  1430   871    2403    (-,-) 
  g63255/Z                          -       A->Z   R     BUFX1         24 102.1  1496   894    3296    (-,-) 
  g62793/Z                          -       A->Z   F     NAND2X1        1   7.2   282   114    3410    (-,-) 
  g61736/Z                          -       C->Z   R     NAND3X1        1   7.3   212   216    3627    (-,-) 
  g61437/Z                          -       B->Z   F     NOR2X1         1   7.3   130   108    3735    (-,-) 
  g61128/Z                          -       B->Z   R     NOR2X1         1   7.3   215   117    3851    (-,-) 
  g61090/Z                          -       B->Z   F     NOR2X1         1  12.8   172   144    3996    (-,-) 
  g60688/Z                          -       B->Z   R     XOR2X1         8  40.2   601   415    4410    (-,-) 
  g60674/Z                          -       A->Z   F     INVX2          4  21.0   233   183    4594    (-,-) 
  g60599/Z                          -       B->Z   R     NOR2X1         5  23.4   371   276    4870    (-,-) 
  g60452__7410/Z                    -       A->Z   R     AND2X1         4  20.3   313   238    5108    (-,-) 
  g59909__5477/Z                    -       A->Z   F     NAND3X1        1   7.2   132    97    5205    (-,-) 
  g59696__5115/Z                    -       B->Z   R     NAND3X1        1   7.7   198   154    5360    (-,-) 
  g59686/Z                          -       A->Z   F     INVX2          1   7.3    86    73    5432    (-,-) 
  g59653__4319/Z                    -       A->Z   R     NAND3X1        1   7.2   191   116    5548    (-,-) 
  g59610__7482/Z                    -       A->Z   R     OR2X1          1  12.8   203   210    5758    (-,-) 
  g59577__8246/Z                    -       B->Z   R     XOR2X1         1   6.8   123   157    5915    (-,-) 
  g59536__5477/Z                    -       A->Z   F     NAND2X1        1   7.3   205    79    5995    (-,-) 
  g59502__4319/Z                    -       A->Z   R     NAND3X1        1   6.4   191   145    6140    (-,-) 
  csm_inst_right_reg_reg[3]/D       -       -      R     DFFQSRX1       1     -     -     0    6140    (-,-) 
#------------------------------------------------------------------------------------------------------------



Path 31: MET (3665 ps) Setup Check with Pin csm_inst_right_reg_reg[28]/CLK->D
          Group: C2C
     Startpoint: (R) csm_inst_round_counter_reg[0]/CLK
          Clock: (R) clk
       Endpoint: (R) csm_inst_right_reg_reg[28]/D
          Clock: (R) clk

                     Capture       Launch     
        Clock Edge:+   10000            0     
       Src Latency:+       0            0     
       Net Latency:+       0 (I)        0 (I) 
           Arrival:=   10000            0     
                                              
             Setup:-     213                  
     Required Time:=    9787                  
      Launch Clock:-       0                  
         Data Path:-    6122                  
             Slack:=    3665                  

#------------------------------------------------------------------------------------------------------------
#           Timing Point            Flags    Arc   Edge   Cell     Fanout  Load Trans Delay Arrival Instance 
#                                                                          (fF)  (ps)  (ps)   (ps)  Location 
#------------------------------------------------------------------------------------------------------------
  csm_inst_round_counter_reg[0]/CLK -       -      R     (arrival)    335     -     0     0       0    (-,-) 
  csm_inst_round_counter_reg[0]/Q   -       CLK->Q R     DFFQSRX1      17  83.6  1228   812     812    (-,-) 
  g63752/Z                          -       A->Z   F     INVX2          2  11.4   246   145     957    (-,-) 
  g63622/Z                          -       A->Z   R     NOR2X1        14  60.7   900   575    1532    (-,-) 
  g63402/Z                          -       A->Z   R     AND2X1        23  97.6  1430   871    2403    (-,-) 
  g63255/Z                          -       A->Z   R     BUFX1         24 102.1  1496   894    3296    (-,-) 
  g62793/Z                          -       A->Z   F     NAND2X1        1   7.2   282   114    3410    (-,-) 
  g61736/Z                          -       C->Z   R     NAND3X1        1   7.3   212   216    3627    (-,-) 
  g61437/Z                          -       B->Z   F     NOR2X1         1   7.3   130   108    3735    (-,-) 
  g61128/Z                          -       B->Z   R     NOR2X1         1   7.3   215   117    3851    (-,-) 
  g61090/Z                          -       B->Z   F     NOR2X1         1  12.8   172   144    3996    (-,-) 
  g60688/Z                          -       B->Z   R     XOR2X1         8  40.2   601   415    4410    (-,-) 
  g60674/Z                          -       A->Z   F     INVX2          4  21.0   233   183    4594    (-,-) 
  g60599/Z                          -       B->Z   R     NOR2X1         5  23.4   371   276    4870    (-,-) 
  g60452__7410/Z                    -       A->Z   R     AND2X1         4  20.3   313   238    5108    (-,-) 
  g60139__6260/Z                    -       A->Z   R     MUX2X1         1   7.7   133   162    5271    (-,-) 
  g60035/Z                          -       A->Z   F     INVX2          1   6.9    70    62    5333    (-,-) 
  g59870__5115/Z                    -       A->Z   R     NAND2X1        1   7.2   153   102    5434    (-,-) 
  g59692__8246/Z                    -       A->Z   F     NOR2X1         1   7.3   119   114    5549    (-,-) 
  g59661__5122/Z                    -       A->Z   R     NAND3X1        1  12.8   272   173    5722    (-,-) 
  g59601__1617/Z                    -       B->Z   R     XOR2X1         1   6.8   124   162    5883    (-,-) 
  g59567__6260/Z                    -       A->Z   F     NAND2X1        1   7.3   262    80    5963    (-,-) 
  g59553__5115/Z                    -       A->Z   R     NAND3X1        1   6.4   201   160    6122    (-,-) 
  csm_inst_right_reg_reg[28]/D      -       -      R     DFFQSRX1       1     -     -     0    6122    (-,-) 
#------------------------------------------------------------------------------------------------------------



Path 32: MET (3700 ps) Setup Check with Pin csm_inst_right_reg_reg[13]/CLK->D
          Group: C2C
     Startpoint: (R) csm_inst_round_counter_reg[0]/CLK
          Clock: (R) clk
       Endpoint: (F) csm_inst_right_reg_reg[13]/D
          Clock: (R) clk

                     Capture       Launch     
        Clock Edge:+   10000            0     
       Src Latency:+       0            0     
       Net Latency:+       0 (I)        0 (I) 
           Arrival:=   10000            0     
                                              
             Setup:-     223                  
     Required Time:=    9777                  
      Launch Clock:-       0                  
         Data Path:-    6077                  
             Slack:=    3700                  

#------------------------------------------------------------------------------------------------------------
#           Timing Point            Flags    Arc   Edge   Cell     Fanout  Load Trans Delay Arrival Instance 
#                                                                          (fF)  (ps)  (ps)   (ps)  Location 
#------------------------------------------------------------------------------------------------------------
  csm_inst_round_counter_reg[0]/CLK -       -      R     (arrival)    335     -     0     0       0    (-,-) 
  csm_inst_round_counter_reg[0]/Q   -       CLK->Q R     DFFQSRX1      17  83.6  1228   812     812    (-,-) 
  g63752/Z                          -       A->Z   F     INVX2          2  11.4   246   145     957    (-,-) 
  g63622/Z                          -       A->Z   R     NOR2X1        14  60.7   900   575    1532    (-,-) 
  g63402/Z                          -       A->Z   R     AND2X1        23  97.6  1430   871    2403    (-,-) 
  g63255/Z                          -       A->Z   R     BUFX1         24 102.1  1496   894    3296    (-,-) 
  g62793/Z                          -       A->Z   F     NAND2X1        1   7.2   282   114    3410    (-,-) 
  g61736/Z                          -       C->Z   R     NAND3X1        1   7.3   212   216    3627    (-,-) 
  g61437/Z                          -       B->Z   F     NOR2X1         1   7.3   130   108    3735    (-,-) 
  g61128/Z                          -       B->Z   R     NOR2X1         1   7.3   215   117    3851    (-,-) 
  g61090/Z                          -       B->Z   F     NOR2X1         1  12.8   172   144    3996    (-,-) 
  g60688/Z                          -       B->Z   R     XOR2X1         8  40.2   601   415    4410    (-,-) 
  g60674/Z                          -       A->Z   F     INVX2          4  21.0   233   183    4594    (-,-) 
  g60602/Z                          -       A->Z   R     NOR2X1         6  28.8   444   316    4909    (-,-) 
  g60520__9315/Z                    -       A->Z   R     AND2X1         2  11.5   186   167    5076    (-,-) 
  g60235__6260/Z                    -       B->Z   F     NOR2X1         1   7.3   177   105    5181    (-,-) 
  g60014__6161/Z                    -       B->Z   R     NOR2X1         1   7.3   157   130    5311    (-,-) 
  g59854__6260/Z                    -       B->Z   F     NOR2X1         1   7.3   114    99    5409    (-,-) 
  g59783__1881/Z                    -       A->Z   R     NAND3X1        1   7.2   190   125    5534    (-,-) 
  g59640__6161/Z                    -       A->Z   F     NOR2X1         1  12.8   170   156    5690    (-,-) 
  g59602__2802/Z                    -       B->Z   F     XOR2X1         1   6.9    97   184    5875    (-,-) 
  g59573__1617/Z                    -       A->Z   R     NAND2X1        1   7.3   314   111    5986    (-,-) 
  g59559__2883/Z                    -       A->Z   F     NAND3X1        1   6.4   125    91    6077    (-,-) 
  csm_inst_right_reg_reg[13]/D      -       -      F     DFFQSRX1       1     -     -     0    6077    (-,-) 
#------------------------------------------------------------------------------------------------------------



Path 33: MET (7003 ps) Setup Check with Pin csm_inst_left_reg_reg[31]/CLK->D
          Group: C2C
     Startpoint: (R) csm_inst_state_reg[1]/CLK
          Clock: (R) clk
       Endpoint: (R) csm_inst_left_reg_reg[31]/D
          Clock: (R) clk

                     Capture       Launch     
        Clock Edge:+   10000            0     
       Src Latency:+       0            0     
       Net Latency:+       0 (I)        0 (I) 
           Arrival:=   10000            0     
                                              
             Setup:-     213                  
     Required Time:=    9787                  
      Launch Clock:-       0                  
         Data Path:-    2784                  
             Slack:=    7003                  

#------------------------------------------------------------------------------------------------------
#        Timing Point         Flags    Arc   Edge   Cell     Fanout  Load Trans Delay Arrival Instance 
#                                                                    (fF)  (ps)  (ps)   (ps)  Location 
#------------------------------------------------------------------------------------------------------
  csm_inst_state_reg[1]/CLK   -       -      R     (arrival)    335     -     0     0       0    (-,-) 
  csm_inst_state_reg[1]/Q     -       CLK->Q R     DFFQSRX1       2  12.4   198   228     228    (-,-) 
  g63766/Z                    -       A->Z   F     INVX2          3  16.3   130   115     343    (-,-) 
  g63618/Z                    -       A->Z   F     OR2X1          4  21.2   214   221     564    (-,-) 
  g63405/Z                    -       B->Z   R     NOR2X1        16  69.9  1023   645    1209    (-,-) 
  drc_bufs63886/Z             -       A->Z   F     INVX2          6  30.4   359   272    1481    (-,-) 
  drc_bufs63883/Z             -       A->Z   R     INVX2         49 207.3  1565  1000    2480    (-,-) 
  g62811/Z                    -       A->Z   F     NAND2X1        1   7.2   290   114    2594    (-,-) 
  g62046/Z                    -       B->Z   R     NAND3X1        1   6.4   201   191    2784    (-,-) 
  csm_inst_left_reg_reg[31]/D -       -      R     DFFQSRX1       1     -     -     0    2784    (-,-) 
#------------------------------------------------------------------------------------------------------



Path 34: MET (7003 ps) Setup Check with Pin csm_inst_left_reg_reg[30]/CLK->D
          Group: C2C
     Startpoint: (R) csm_inst_state_reg[1]/CLK
          Clock: (R) clk
       Endpoint: (R) csm_inst_left_reg_reg[30]/D
          Clock: (R) clk

                     Capture       Launch     
        Clock Edge:+   10000            0     
       Src Latency:+       0            0     
       Net Latency:+       0 (I)        0 (I) 
           Arrival:=   10000            0     
                                              
             Setup:-     213                  
     Required Time:=    9787                  
      Launch Clock:-       0                  
         Data Path:-    2784                  
             Slack:=    7003                  

#------------------------------------------------------------------------------------------------------
#        Timing Point         Flags    Arc   Edge   Cell     Fanout  Load Trans Delay Arrival Instance 
#                                                                    (fF)  (ps)  (ps)   (ps)  Location 
#------------------------------------------------------------------------------------------------------
  csm_inst_state_reg[1]/CLK   -       -      R     (arrival)    335     -     0     0       0    (-,-) 
  csm_inst_state_reg[1]/Q     -       CLK->Q R     DFFQSRX1       2  12.4   198   228     228    (-,-) 
  g63766/Z                    -       A->Z   F     INVX2          3  16.3   130   115     343    (-,-) 
  g63618/Z                    -       A->Z   F     OR2X1          4  21.2   214   221     564    (-,-) 
  g63405/Z                    -       B->Z   R     NOR2X1        16  69.9  1023   645    1209    (-,-) 
  drc_bufs63886/Z             -       A->Z   F     INVX2          6  30.4   359   272    1481    (-,-) 
  drc_bufs63883/Z             -       A->Z   R     INVX2         49 207.3  1565  1000    2480    (-,-) 
  g62802/Z                    -       A->Z   F     NAND2X1        1   7.2   290   114    2594    (-,-) 
  g62045/Z                    -       B->Z   R     NAND3X1        1   6.4   201   191    2784    (-,-) 
  csm_inst_left_reg_reg[30]/D -       -      R     DFFQSRX1       1     -     -     0    2784    (-,-) 
#------------------------------------------------------------------------------------------------------



Path 35: MET (7003 ps) Setup Check with Pin csm_inst_left_reg_reg[29]/CLK->D
          Group: C2C
     Startpoint: (R) csm_inst_state_reg[1]/CLK
          Clock: (R) clk
       Endpoint: (R) csm_inst_left_reg_reg[29]/D
          Clock: (R) clk

                     Capture       Launch     
        Clock Edge:+   10000            0     
       Src Latency:+       0            0     
       Net Latency:+       0 (I)        0 (I) 
           Arrival:=   10000            0     
                                              
             Setup:-     213                  
     Required Time:=    9787                  
      Launch Clock:-       0                  
         Data Path:-    2784                  
             Slack:=    7003                  

#------------------------------------------------------------------------------------------------------
#        Timing Point         Flags    Arc   Edge   Cell     Fanout  Load Trans Delay Arrival Instance 
#                                                                    (fF)  (ps)  (ps)   (ps)  Location 
#------------------------------------------------------------------------------------------------------
  csm_inst_state_reg[1]/CLK   -       -      R     (arrival)    335     -     0     0       0    (-,-) 
  csm_inst_state_reg[1]/Q     -       CLK->Q R     DFFQSRX1       2  12.4   198   228     228    (-,-) 
  g63766/Z                    -       A->Z   F     INVX2          3  16.3   130   115     343    (-,-) 
  g63618/Z                    -       A->Z   F     OR2X1          4  21.2   214   221     564    (-,-) 
  g63405/Z                    -       B->Z   R     NOR2X1        16  69.9  1023   645    1209    (-,-) 
  drc_bufs63886/Z             -       A->Z   F     INVX2          6  30.4   359   272    1481    (-,-) 
  drc_bufs63883/Z             -       A->Z   R     INVX2         49 207.3  1565  1000    2480    (-,-) 
  g62788/Z                    -       A->Z   F     NAND2X1        1   7.2   290   114    2594    (-,-) 
  g62037/Z                    -       B->Z   R     NAND3X1        1   6.4   201   191    2784    (-,-) 
  csm_inst_left_reg_reg[29]/D -       -      R     DFFQSRX1       1     -     -     0    2784    (-,-) 
#------------------------------------------------------------------------------------------------------



Path 36: MET (7003 ps) Setup Check with Pin csm_inst_left_reg_reg[28]/CLK->D
          Group: C2C
     Startpoint: (R) csm_inst_state_reg[1]/CLK
          Clock: (R) clk
       Endpoint: (R) csm_inst_left_reg_reg[28]/D
          Clock: (R) clk

                     Capture       Launch     
        Clock Edge:+   10000            0     
       Src Latency:+       0            0     
       Net Latency:+       0 (I)        0 (I) 
           Arrival:=   10000            0     
                                              
             Setup:-     213                  
     Required Time:=    9787                  
      Launch Clock:-       0                  
         Data Path:-    2784                  
             Slack:=    7003                  

#------------------------------------------------------------------------------------------------------
#        Timing Point         Flags    Arc   Edge   Cell     Fanout  Load Trans Delay Arrival Instance 
#                                                                    (fF)  (ps)  (ps)   (ps)  Location 
#------------------------------------------------------------------------------------------------------
  csm_inst_state_reg[1]/CLK   -       -      R     (arrival)    335     -     0     0       0    (-,-) 
  csm_inst_state_reg[1]/Q     -       CLK->Q R     DFFQSRX1       2  12.4   198   228     228    (-,-) 
  g63766/Z                    -       A->Z   F     INVX2          3  16.3   130   115     343    (-,-) 
  g63618/Z                    -       A->Z   F     OR2X1          4  21.2   214   221     564    (-,-) 
  g63405/Z                    -       B->Z   R     NOR2X1        16  69.9  1023   645    1209    (-,-) 
  drc_bufs63886/Z             -       A->Z   F     INVX2          6  30.4   359   272    1481    (-,-) 
  drc_bufs63883/Z             -       A->Z   R     INVX2         49 207.3  1565  1000    2480    (-,-) 
  g62648/Z                    -       A->Z   F     NAND2X1        1   7.2   290   114    2594    (-,-) 
  g62036/Z                    -       B->Z   R     NAND3X1        1   6.4   201   191    2784    (-,-) 
  csm_inst_left_reg_reg[28]/D -       -      R     DFFQSRX1       1     -     -     0    2784    (-,-) 
#------------------------------------------------------------------------------------------------------



Path 37: MET (7003 ps) Setup Check with Pin csm_inst_left_reg_reg[26]/CLK->D
          Group: C2C
     Startpoint: (R) csm_inst_state_reg[1]/CLK
          Clock: (R) clk
       Endpoint: (R) csm_inst_left_reg_reg[26]/D
          Clock: (R) clk

                     Capture       Launch     
        Clock Edge:+   10000            0     
       Src Latency:+       0            0     
       Net Latency:+       0 (I)        0 (I) 
           Arrival:=   10000            0     
                                              
             Setup:-     213                  
     Required Time:=    9787                  
      Launch Clock:-       0                  
         Data Path:-    2784                  
             Slack:=    7003                  

#------------------------------------------------------------------------------------------------------
#        Timing Point         Flags    Arc   Edge   Cell     Fanout  Load Trans Delay Arrival Instance 
#                                                                    (fF)  (ps)  (ps)   (ps)  Location 
#------------------------------------------------------------------------------------------------------
  csm_inst_state_reg[1]/CLK   -       -      R     (arrival)    335     -     0     0       0    (-,-) 
  csm_inst_state_reg[1]/Q     -       CLK->Q R     DFFQSRX1       2  12.4   198   228     228    (-,-) 
  g63766/Z                    -       A->Z   F     INVX2          3  16.3   130   115     343    (-,-) 
  g63618/Z                    -       A->Z   F     OR2X1          4  21.2   214   221     564    (-,-) 
  g63405/Z                    -       B->Z   R     NOR2X1        16  69.9  1023   645    1209    (-,-) 
  drc_bufs63886/Z             -       A->Z   F     INVX2          6  30.4   359   272    1481    (-,-) 
  drc_bufs63883/Z             -       A->Z   R     INVX2         49 207.3  1565  1000    2480    (-,-) 
  g63197/Z                    -       A->Z   F     NAND2X1        1   7.2   290   114    2594    (-,-) 
  g62123/Z                    -       B->Z   R     NAND3X1        1   6.4   201   191    2784    (-,-) 
  csm_inst_left_reg_reg[26]/D -       -      R     DFFQSRX1       1     -     -     0    2784    (-,-) 
#------------------------------------------------------------------------------------------------------



Path 38: MET (7003 ps) Setup Check with Pin csm_inst_left_reg_reg[25]/CLK->D
          Group: C2C
     Startpoint: (R) csm_inst_state_reg[1]/CLK
          Clock: (R) clk
       Endpoint: (R) csm_inst_left_reg_reg[25]/D
          Clock: (R) clk

                     Capture       Launch     
        Clock Edge:+   10000            0     
       Src Latency:+       0            0     
       Net Latency:+       0 (I)        0 (I) 
           Arrival:=   10000            0     
                                              
             Setup:-     213                  
     Required Time:=    9787                  
      Launch Clock:-       0                  
         Data Path:-    2784                  
             Slack:=    7003                  

#------------------------------------------------------------------------------------------------------
#        Timing Point         Flags    Arc   Edge   Cell     Fanout  Load Trans Delay Arrival Instance 
#                                                                    (fF)  (ps)  (ps)   (ps)  Location 
#------------------------------------------------------------------------------------------------------
  csm_inst_state_reg[1]/CLK   -       -      R     (arrival)    335     -     0     0       0    (-,-) 
  csm_inst_state_reg[1]/Q     -       CLK->Q R     DFFQSRX1       2  12.4   198   228     228    (-,-) 
  g63766/Z                    -       A->Z   F     INVX2          3  16.3   130   115     343    (-,-) 
  g63618/Z                    -       A->Z   F     OR2X1          4  21.2   214   221     564    (-,-) 
  g63405/Z                    -       B->Z   R     NOR2X1        16  69.9  1023   645    1209    (-,-) 
  drc_bufs63886/Z             -       A->Z   F     INVX2          6  30.4   359   272    1481    (-,-) 
  drc_bufs63883/Z             -       A->Z   R     INVX2         49 207.3  1565  1000    2480    (-,-) 
  g63180/Z                    -       A->Z   F     NAND2X1        1   7.2   290   114    2594    (-,-) 
  g62118/Z                    -       B->Z   R     NAND3X1        1   6.4   201   191    2784    (-,-) 
  csm_inst_left_reg_reg[25]/D -       -      R     DFFQSRX1       1     -     -     0    2784    (-,-) 
#------------------------------------------------------------------------------------------------------



Path 39: MET (7003 ps) Setup Check with Pin csm_inst_left_reg_reg[23]/CLK->D
          Group: C2C
     Startpoint: (R) csm_inst_state_reg[1]/CLK
          Clock: (R) clk
       Endpoint: (R) csm_inst_left_reg_reg[23]/D
          Clock: (R) clk

                     Capture       Launch     
        Clock Edge:+   10000            0     
       Src Latency:+       0            0     
       Net Latency:+       0 (I)        0 (I) 
           Arrival:=   10000            0     
                                              
             Setup:-     213                  
     Required Time:=    9787                  
      Launch Clock:-       0                  
         Data Path:-    2784                  
             Slack:=    7003                  

#------------------------------------------------------------------------------------------------------
#        Timing Point         Flags    Arc   Edge   Cell     Fanout  Load Trans Delay Arrival Instance 
#                                                                    (fF)  (ps)  (ps)   (ps)  Location 
#------------------------------------------------------------------------------------------------------
  csm_inst_state_reg[1]/CLK   -       -      R     (arrival)    335     -     0     0       0    (-,-) 
  csm_inst_state_reg[1]/Q     -       CLK->Q R     DFFQSRX1       2  12.4   198   228     228    (-,-) 
  g63766/Z                    -       A->Z   F     INVX2          3  16.3   130   115     343    (-,-) 
  g63618/Z                    -       A->Z   F     OR2X1          4  21.2   214   221     564    (-,-) 
  g63405/Z                    -       B->Z   R     NOR2X1        16  69.9  1023   645    1209    (-,-) 
  drc_bufs63886/Z             -       A->Z   F     INVX2          6  30.4   359   272    1481    (-,-) 
  drc_bufs63883/Z             -       A->Z   R     INVX2         49 207.3  1565  1000    2480    (-,-) 
  g62992/Z                    -       A->Z   F     NAND2X1        1   7.2   290   114    2594    (-,-) 
  g62115/Z                    -       B->Z   R     NAND3X1        1   6.4   201   191    2784    (-,-) 
  csm_inst_left_reg_reg[23]/D -       -      R     DFFQSRX1       1     -     -     0    2784    (-,-) 
#------------------------------------------------------------------------------------------------------



Path 40: MET (7003 ps) Setup Check with Pin csm_inst_left_reg_reg[22]/CLK->D
          Group: C2C
     Startpoint: (R) csm_inst_state_reg[1]/CLK
          Clock: (R) clk
       Endpoint: (R) csm_inst_left_reg_reg[22]/D
          Clock: (R) clk

                     Capture       Launch     
        Clock Edge:+   10000            0     
       Src Latency:+       0            0     
       Net Latency:+       0 (I)        0 (I) 
           Arrival:=   10000            0     
                                              
             Setup:-     213                  
     Required Time:=    9787                  
      Launch Clock:-       0                  
         Data Path:-    2784                  
             Slack:=    7003                  

#------------------------------------------------------------------------------------------------------
#        Timing Point         Flags    Arc   Edge   Cell     Fanout  Load Trans Delay Arrival Instance 
#                                                                    (fF)  (ps)  (ps)   (ps)  Location 
#------------------------------------------------------------------------------------------------------
  csm_inst_state_reg[1]/CLK   -       -      R     (arrival)    335     -     0     0       0    (-,-) 
  csm_inst_state_reg[1]/Q     -       CLK->Q R     DFFQSRX1       2  12.4   198   228     228    (-,-) 
  g63766/Z                    -       A->Z   F     INVX2          3  16.3   130   115     343    (-,-) 
  g63618/Z                    -       A->Z   F     OR2X1          4  21.2   214   221     564    (-,-) 
  g63405/Z                    -       B->Z   R     NOR2X1        16  69.9  1023   645    1209    (-,-) 
  drc_bufs63886/Z             -       A->Z   F     INVX2          6  30.4   359   272    1481    (-,-) 
  drc_bufs63883/Z             -       A->Z   R     INVX2         49 207.3  1565  1000    2480    (-,-) 
  g63140/Z                    -       A->Z   F     NAND2X1        1   7.2   290   114    2594    (-,-) 
  g62113/Z                    -       B->Z   R     NAND3X1        1   6.4   201   191    2784    (-,-) 
  csm_inst_left_reg_reg[22]/D -       -      R     DFFQSRX1       1     -     -     0    2784    (-,-) 
#------------------------------------------------------------------------------------------------------



Path 41: MET (7003 ps) Setup Check with Pin csm_inst_left_reg_reg[21]/CLK->D
          Group: C2C
     Startpoint: (R) csm_inst_state_reg[1]/CLK
          Clock: (R) clk
       Endpoint: (R) csm_inst_left_reg_reg[21]/D
          Clock: (R) clk

                     Capture       Launch     
        Clock Edge:+   10000            0     
       Src Latency:+       0            0     
       Net Latency:+       0 (I)        0 (I) 
           Arrival:=   10000            0     
                                              
             Setup:-     213                  
     Required Time:=    9787                  
      Launch Clock:-       0                  
         Data Path:-    2784                  
             Slack:=    7003                  

#------------------------------------------------------------------------------------------------------
#        Timing Point         Flags    Arc   Edge   Cell     Fanout  Load Trans Delay Arrival Instance 
#                                                                    (fF)  (ps)  (ps)   (ps)  Location 
#------------------------------------------------------------------------------------------------------
  csm_inst_state_reg[1]/CLK   -       -      R     (arrival)    335     -     0     0       0    (-,-) 
  csm_inst_state_reg[1]/Q     -       CLK->Q R     DFFQSRX1       2  12.4   198   228     228    (-,-) 
  g63766/Z                    -       A->Z   F     INVX2          3  16.3   130   115     343    (-,-) 
  g63618/Z                    -       A->Z   F     OR2X1          4  21.2   214   221     564    (-,-) 
  g63405/Z                    -       B->Z   R     NOR2X1        16  69.9  1023   645    1209    (-,-) 
  drc_bufs63886/Z             -       A->Z   F     INVX2          6  30.4   359   272    1481    (-,-) 
  drc_bufs63883/Z             -       A->Z   R     INVX2         49 207.3  1565  1000    2480    (-,-) 
  g63017/Z                    -       A->Z   F     NAND2X1        1   7.2   290   114    2594    (-,-) 
  g62111/Z                    -       B->Z   R     NAND3X1        1   6.4   201   191    2784    (-,-) 
  csm_inst_left_reg_reg[21]/D -       -      R     DFFQSRX1       1     -     -     0    2784    (-,-) 
#------------------------------------------------------------------------------------------------------



Path 42: MET (7003 ps) Setup Check with Pin csm_inst_left_reg_reg[20]/CLK->D
          Group: C2C
     Startpoint: (R) csm_inst_state_reg[1]/CLK
          Clock: (R) clk
       Endpoint: (R) csm_inst_left_reg_reg[20]/D
          Clock: (R) clk

                     Capture       Launch     
        Clock Edge:+   10000            0     
       Src Latency:+       0            0     
       Net Latency:+       0 (I)        0 (I) 
           Arrival:=   10000            0     
                                              
             Setup:-     213                  
     Required Time:=    9787                  
      Launch Clock:-       0                  
         Data Path:-    2784                  
             Slack:=    7003                  

#------------------------------------------------------------------------------------------------------
#        Timing Point         Flags    Arc   Edge   Cell     Fanout  Load Trans Delay Arrival Instance 
#                                                                    (fF)  (ps)  (ps)   (ps)  Location 
#------------------------------------------------------------------------------------------------------
  csm_inst_state_reg[1]/CLK   -       -      R     (arrival)    335     -     0     0       0    (-,-) 
  csm_inst_state_reg[1]/Q     -       CLK->Q R     DFFQSRX1       2  12.4   198   228     228    (-,-) 
  g63766/Z                    -       A->Z   F     INVX2          3  16.3   130   115     343    (-,-) 
  g63618/Z                    -       A->Z   F     OR2X1          4  21.2   214   221     564    (-,-) 
  g63405/Z                    -       B->Z   R     NOR2X1        16  69.9  1023   645    1209    (-,-) 
  drc_bufs63886/Z             -       A->Z   F     INVX2          6  30.4   359   272    1481    (-,-) 
  drc_bufs63883/Z             -       A->Z   R     INVX2         49 207.3  1565  1000    2480    (-,-) 
  g63119/Z                    -       A->Z   F     NAND2X1        1   7.2   290   114    2594    (-,-) 
  g62108/Z                    -       B->Z   R     NAND3X1        1   6.4   201   191    2784    (-,-) 
  csm_inst_left_reg_reg[20]/D -       -      R     DFFQSRX1       1     -     -     0    2784    (-,-) 
#------------------------------------------------------------------------------------------------------



Path 43: MET (7003 ps) Setup Check with Pin csm_inst_left_reg_reg[19]/CLK->D
          Group: C2C
     Startpoint: (R) csm_inst_state_reg[1]/CLK
          Clock: (R) clk
       Endpoint: (R) csm_inst_left_reg_reg[19]/D
          Clock: (R) clk

                     Capture       Launch     
        Clock Edge:+   10000            0     
       Src Latency:+       0            0     
       Net Latency:+       0 (I)        0 (I) 
           Arrival:=   10000            0     
                                              
             Setup:-     213                  
     Required Time:=    9787                  
      Launch Clock:-       0                  
         Data Path:-    2784                  
             Slack:=    7003                  

#------------------------------------------------------------------------------------------------------
#        Timing Point         Flags    Arc   Edge   Cell     Fanout  Load Trans Delay Arrival Instance 
#                                                                    (fF)  (ps)  (ps)   (ps)  Location 
#------------------------------------------------------------------------------------------------------
  csm_inst_state_reg[1]/CLK   -       -      R     (arrival)    335     -     0     0       0    (-,-) 
  csm_inst_state_reg[1]/Q     -       CLK->Q R     DFFQSRX1       2  12.4   198   228     228    (-,-) 
  g63766/Z                    -       A->Z   F     INVX2          3  16.3   130   115     343    (-,-) 
  g63618/Z                    -       A->Z   F     OR2X1          4  21.2   214   221     564    (-,-) 
  g63405/Z                    -       B->Z   R     NOR2X1        16  69.9  1023   645    1209    (-,-) 
  drc_bufs63886/Z             -       A->Z   F     INVX2          6  30.4   359   272    1481    (-,-) 
  drc_bufs63883/Z             -       A->Z   R     INVX2         49 207.3  1565  1000    2480    (-,-) 
  g63102/Z                    -       A->Z   F     NAND2X1        1   7.2   290   114    2594    (-,-) 
  g62105/Z                    -       B->Z   R     NAND3X1        1   6.4   201   191    2784    (-,-) 
  csm_inst_left_reg_reg[19]/D -       -      R     DFFQSRX1       1     -     -     0    2784    (-,-) 
#------------------------------------------------------------------------------------------------------



Path 44: MET (7003 ps) Setup Check with Pin csm_inst_left_reg_reg[18]/CLK->D
          Group: C2C
     Startpoint: (R) csm_inst_state_reg[1]/CLK
          Clock: (R) clk
       Endpoint: (R) csm_inst_left_reg_reg[18]/D
          Clock: (R) clk

                     Capture       Launch     
        Clock Edge:+   10000            0     
       Src Latency:+       0            0     
       Net Latency:+       0 (I)        0 (I) 
           Arrival:=   10000            0     
                                              
             Setup:-     213                  
     Required Time:=    9787                  
      Launch Clock:-       0                  
         Data Path:-    2784                  
             Slack:=    7003                  

#------------------------------------------------------------------------------------------------------
#        Timing Point         Flags    Arc   Edge   Cell     Fanout  Load Trans Delay Arrival Instance 
#                                                                    (fF)  (ps)  (ps)   (ps)  Location 
#------------------------------------------------------------------------------------------------------
  csm_inst_state_reg[1]/CLK   -       -      R     (arrival)    335     -     0     0       0    (-,-) 
  csm_inst_state_reg[1]/Q     -       CLK->Q R     DFFQSRX1       2  12.4   198   228     228    (-,-) 
  g63766/Z                    -       A->Z   F     INVX2          3  16.3   130   115     343    (-,-) 
  g63618/Z                    -       A->Z   F     OR2X1          4  21.2   214   221     564    (-,-) 
  g63405/Z                    -       B->Z   R     NOR2X1        16  69.9  1023   645    1209    (-,-) 
  drc_bufs63886/Z             -       A->Z   F     INVX2          6  30.4   359   272    1481    (-,-) 
  drc_bufs63883/Z             -       A->Z   R     INVX2         49 207.3  1565  1000    2480    (-,-) 
  g63091/Z                    -       A->Z   F     NAND2X1        1   7.2   290   114    2594    (-,-) 
  g62104/Z                    -       B->Z   R     NAND3X1        1   6.4   201   191    2784    (-,-) 
  csm_inst_left_reg_reg[18]/D -       -      R     DFFQSRX1       1     -     -     0    2784    (-,-) 
#------------------------------------------------------------------------------------------------------



Path 45: MET (7003 ps) Setup Check with Pin csm_inst_left_reg_reg[14]/CLK->D
          Group: C2C
     Startpoint: (R) csm_inst_state_reg[1]/CLK
          Clock: (R) clk
       Endpoint: (R) csm_inst_left_reg_reg[14]/D
          Clock: (R) clk

                     Capture       Launch     
        Clock Edge:+   10000            0     
       Src Latency:+       0            0     
       Net Latency:+       0 (I)        0 (I) 
           Arrival:=   10000            0     
                                              
             Setup:-     213                  
     Required Time:=    9787                  
      Launch Clock:-       0                  
         Data Path:-    2784                  
             Slack:=    7003                  

#------------------------------------------------------------------------------------------------------
#        Timing Point         Flags    Arc   Edge   Cell     Fanout  Load Trans Delay Arrival Instance 
#                                                                    (fF)  (ps)  (ps)   (ps)  Location 
#------------------------------------------------------------------------------------------------------
  csm_inst_state_reg[1]/CLK   -       -      R     (arrival)    335     -     0     0       0    (-,-) 
  csm_inst_state_reg[1]/Q     -       CLK->Q R     DFFQSRX1       2  12.4   198   228     228    (-,-) 
  g63766/Z                    -       A->Z   F     INVX2          3  16.3   130   115     343    (-,-) 
  g63618/Z                    -       A->Z   F     OR2X1          4  21.2   214   221     564    (-,-) 
  g63405/Z                    -       B->Z   R     NOR2X1        16  69.9  1023   645    1209    (-,-) 
  drc_bufs63886/Z             -       A->Z   F     INVX2          6  30.4   359   272    1481    (-,-) 
  drc_bufs63883/Z             -       A->Z   R     INVX2         49 207.3  1565  1000    2480    (-,-) 
  g62638/Z                    -       A->Z   F     NAND2X1        1   7.2   290   114    2594    (-,-) 
  g62090/Z                    -       B->Z   R     NAND3X1        1   6.4   201   191    2784    (-,-) 
  csm_inst_left_reg_reg[14]/D -       -      R     DFFQSRX1       1     -     -     0    2784    (-,-) 
#------------------------------------------------------------------------------------------------------



Path 46: MET (7003 ps) Setup Check with Pin csm_inst_left_reg_reg[12]/CLK->D
          Group: C2C
     Startpoint: (R) csm_inst_state_reg[1]/CLK
          Clock: (R) clk
       Endpoint: (R) csm_inst_left_reg_reg[12]/D
          Clock: (R) clk

                     Capture       Launch     
        Clock Edge:+   10000            0     
       Src Latency:+       0            0     
       Net Latency:+       0 (I)        0 (I) 
           Arrival:=   10000            0     
                                              
             Setup:-     213                  
     Required Time:=    9787                  
      Launch Clock:-       0                  
         Data Path:-    2784                  
             Slack:=    7003                  

#------------------------------------------------------------------------------------------------------
#        Timing Point         Flags    Arc   Edge   Cell     Fanout  Load Trans Delay Arrival Instance 
#                                                                    (fF)  (ps)  (ps)   (ps)  Location 
#------------------------------------------------------------------------------------------------------
  csm_inst_state_reg[1]/CLK   -       -      R     (arrival)    335     -     0     0       0    (-,-) 
  csm_inst_state_reg[1]/Q     -       CLK->Q R     DFFQSRX1       2  12.4   198   228     228    (-,-) 
  g63766/Z                    -       A->Z   F     INVX2          3  16.3   130   115     343    (-,-) 
  g63618/Z                    -       A->Z   F     OR2X1          4  21.2   214   221     564    (-,-) 
  g63405/Z                    -       B->Z   R     NOR2X1        16  69.9  1023   645    1209    (-,-) 
  drc_bufs63886/Z             -       A->Z   F     INVX2          6  30.4   359   272    1481    (-,-) 
  drc_bufs63883/Z             -       A->Z   R     INVX2         49 207.3  1565  1000    2480    (-,-) 
  g63155/Z                    -       A->Z   F     NAND2X1        1   7.2   290   114    2594    (-,-) 
  g62087/Z                    -       B->Z   R     NAND3X1        1   6.4   201   191    2784    (-,-) 
  csm_inst_left_reg_reg[12]/D -       -      R     DFFQSRX1       1     -     -     0    2784    (-,-) 
#------------------------------------------------------------------------------------------------------



Path 47: MET (7003 ps) Setup Check with Pin csm_inst_left_reg_reg[9]/CLK->D
          Group: C2C
     Startpoint: (R) csm_inst_state_reg[1]/CLK
          Clock: (R) clk
       Endpoint: (R) csm_inst_left_reg_reg[9]/D
          Clock: (R) clk

                     Capture       Launch     
        Clock Edge:+   10000            0     
       Src Latency:+       0            0     
       Net Latency:+       0 (I)        0 (I) 
           Arrival:=   10000            0     
                                              
             Setup:-     213                  
     Required Time:=    9787                  
      Launch Clock:-       0                  
         Data Path:-    2784                  
             Slack:=    7003                  

#-----------------------------------------------------------------------------------------------------
#       Timing Point         Flags    Arc   Edge   Cell     Fanout  Load Trans Delay Arrival Instance 
#                                                                   (fF)  (ps)  (ps)   (ps)  Location 
#-----------------------------------------------------------------------------------------------------
  csm_inst_state_reg[1]/CLK  -       -      R     (arrival)    335     -     0     0       0    (-,-) 
  csm_inst_state_reg[1]/Q    -       CLK->Q R     DFFQSRX1       2  12.4   198   228     228    (-,-) 
  g63766/Z                   -       A->Z   F     INVX2          3  16.3   130   115     343    (-,-) 
  g63618/Z                   -       A->Z   F     OR2X1          4  21.2   214   221     564    (-,-) 
  g63405/Z                   -       B->Z   R     NOR2X1        16  69.9  1023   645    1209    (-,-) 
  drc_bufs63886/Z            -       A->Z   F     INVX2          6  30.4   359   272    1481    (-,-) 
  drc_bufs63883/Z            -       A->Z   R     INVX2         49 207.3  1565  1000    2480    (-,-) 
  g62972/Z                   -       A->Z   F     NAND2X1        1   7.2   290   114    2594    (-,-) 
  g62068/Z                   -       B->Z   R     NAND3X1        1   6.4   201   191    2784    (-,-) 
  csm_inst_left_reg_reg[9]/D -       -      R     DFFQSRX1       1     -     -     0    2784    (-,-) 
#-----------------------------------------------------------------------------------------------------



Path 48: MET (7003 ps) Setup Check with Pin csm_inst_left_reg_reg[8]/CLK->D
          Group: C2C
     Startpoint: (R) csm_inst_state_reg[1]/CLK
          Clock: (R) clk
       Endpoint: (R) csm_inst_left_reg_reg[8]/D
          Clock: (R) clk

                     Capture       Launch     
        Clock Edge:+   10000            0     
       Src Latency:+       0            0     
       Net Latency:+       0 (I)        0 (I) 
           Arrival:=   10000            0     
                                              
             Setup:-     213                  
     Required Time:=    9787                  
      Launch Clock:-       0                  
         Data Path:-    2784                  
             Slack:=    7003                  

#-----------------------------------------------------------------------------------------------------
#       Timing Point         Flags    Arc   Edge   Cell     Fanout  Load Trans Delay Arrival Instance 
#                                                                   (fF)  (ps)  (ps)   (ps)  Location 
#-----------------------------------------------------------------------------------------------------
  csm_inst_state_reg[1]/CLK  -       -      R     (arrival)    335     -     0     0       0    (-,-) 
  csm_inst_state_reg[1]/Q    -       CLK->Q R     DFFQSRX1       2  12.4   198   228     228    (-,-) 
  g63766/Z                   -       A->Z   F     INVX2          3  16.3   130   115     343    (-,-) 
  g63618/Z                   -       A->Z   F     OR2X1          4  21.2   214   221     564    (-,-) 
  g63405/Z                   -       B->Z   R     NOR2X1        16  69.9  1023   645    1209    (-,-) 
  drc_bufs63886/Z            -       A->Z   F     INVX2          6  30.4   359   272    1481    (-,-) 
  drc_bufs63883/Z            -       A->Z   R     INVX2         49 207.3  1565  1000    2480    (-,-) 
  g62936/Z                   -       A->Z   F     NAND2X1        1   7.2   290   114    2594    (-,-) 
  g62112/Z                   -       B->Z   R     NAND3X1        1   6.4   201   191    2784    (-,-) 
  csm_inst_left_reg_reg[8]/D -       -      R     DFFQSRX1       1     -     -     0    2784    (-,-) 
#-----------------------------------------------------------------------------------------------------



Path 49: MET (7003 ps) Setup Check with Pin csm_inst_left_reg_reg[7]/CLK->D
          Group: C2C
     Startpoint: (R) csm_inst_state_reg[1]/CLK
          Clock: (R) clk
       Endpoint: (R) csm_inst_left_reg_reg[7]/D
          Clock: (R) clk

                     Capture       Launch     
        Clock Edge:+   10000            0     
       Src Latency:+       0            0     
       Net Latency:+       0 (I)        0 (I) 
           Arrival:=   10000            0     
                                              
             Setup:-     213                  
     Required Time:=    9787                  
      Launch Clock:-       0                  
         Data Path:-    2784                  
             Slack:=    7003                  

#-----------------------------------------------------------------------------------------------------
#       Timing Point         Flags    Arc   Edge   Cell     Fanout  Load Trans Delay Arrival Instance 
#                                                                   (fF)  (ps)  (ps)   (ps)  Location 
#-----------------------------------------------------------------------------------------------------
  csm_inst_state_reg[1]/CLK  -       -      R     (arrival)    335     -     0     0       0    (-,-) 
  csm_inst_state_reg[1]/Q    -       CLK->Q R     DFFQSRX1       2  12.4   198   228     228    (-,-) 
  g63766/Z                   -       A->Z   F     INVX2          3  16.3   130   115     343    (-,-) 
  g63618/Z                   -       A->Z   F     OR2X1          4  21.2   214   221     564    (-,-) 
  g63405/Z                   -       B->Z   R     NOR2X1        16  69.9  1023   645    1209    (-,-) 
  drc_bufs63886/Z            -       A->Z   F     INVX2          6  30.4   359   272    1481    (-,-) 
  drc_bufs63883/Z            -       A->Z   R     INVX2         49 207.3  1565  1000    2480    (-,-) 
  g63169/Z                   -       A->Z   F     NAND2X1        1   7.2   290   114    2594    (-,-) 
  g62063/Z                   -       B->Z   R     NAND3X1        1   6.4   201   191    2784    (-,-) 
  csm_inst_left_reg_reg[7]/D -       -      R     DFFQSRX1       1     -     -     0    2784    (-,-) 
#-----------------------------------------------------------------------------------------------------



Path 50: MET (7003 ps) Setup Check with Pin csm_inst_left_reg_reg[6]/CLK->D
          Group: C2C
     Startpoint: (R) csm_inst_state_reg[1]/CLK
          Clock: (R) clk
       Endpoint: (R) csm_inst_left_reg_reg[6]/D
          Clock: (R) clk

                     Capture       Launch     
        Clock Edge:+   10000            0     
       Src Latency:+       0            0     
       Net Latency:+       0 (I)        0 (I) 
           Arrival:=   10000            0     
                                              
             Setup:-     213                  
     Required Time:=    9787                  
      Launch Clock:-       0                  
         Data Path:-    2784                  
             Slack:=    7003                  

#-----------------------------------------------------------------------------------------------------
#       Timing Point         Flags    Arc   Edge   Cell     Fanout  Load Trans Delay Arrival Instance 
#                                                                   (fF)  (ps)  (ps)   (ps)  Location 
#-----------------------------------------------------------------------------------------------------
  csm_inst_state_reg[1]/CLK  -       -      R     (arrival)    335     -     0     0       0    (-,-) 
  csm_inst_state_reg[1]/Q    -       CLK->Q R     DFFQSRX1       2  12.4   198   228     228    (-,-) 
  g63766/Z                   -       A->Z   F     INVX2          3  16.3   130   115     343    (-,-) 
  g63618/Z                   -       A->Z   F     OR2X1          4  21.2   214   221     564    (-,-) 
  g63405/Z                   -       B->Z   R     NOR2X1        16  69.9  1023   645    1209    (-,-) 
  drc_bufs63886/Z            -       A->Z   F     INVX2          6  30.4   359   272    1481    (-,-) 
  drc_bufs63883/Z            -       A->Z   R     INVX2         49 207.3  1565  1000    2480    (-,-) 
  g62673/Z                   -       A->Z   F     NAND2X1        1   7.2   290   114    2594    (-,-) 
  g62083/Z                   -       B->Z   R     NAND3X1        1   6.4   201   191    2784    (-,-) 
  csm_inst_left_reg_reg[6]/D -       -      R     DFFQSRX1       1     -     -     0    2784    (-,-) 
#-----------------------------------------------------------------------------------------------------

