============================================================
  Generated by:           Genus(TM) Synthesis Solution 21.15-s080_1
  Generated on:           Nov 30 2025  05:18:15 pm
  Module:                 TopModule
  Operating conditions:   PVT_1P8V_25C 
  Interconnect mode:      global
  Area mode:              timing library
============================================================


Path 1: MET (42722 ps) Setup Check with Pin csm_inst_right_reg_reg[10]/CLK->D
          Group: C2C
     Startpoint: (R) csm_inst_round_counter_reg[3]/CLK
          Clock: (R) clk
       Endpoint: (R) csm_inst_right_reg_reg[10]/D
          Clock: (R) clk

                     Capture       Launch     
        Clock Edge:+   50000            0     
       Src Latency:+       0            0     
       Net Latency:+       0 (I)        0 (I) 
           Arrival:=   50000            0     
                                              
             Setup:-     212                  
     Required Time:=   49788                  
      Launch Clock:-       0                  
         Data Path:-    7066                  
             Slack:=   42722                  

#------------------------------------------------------------------------------------------------------------
#           Timing Point            Flags    Arc   Edge   Cell     Fanout  Load Trans Delay Arrival Instance 
#                                                                          (fF)  (ps)  (ps)   (ps)  Location 
#------------------------------------------------------------------------------------------------------------
  csm_inst_round_counter_reg[3]/CLK -       -      R     (arrival)    335     -     0     0       0    (-,-) 
  csm_inst_round_counter_reg[3]/Q   -       CLK->Q R     DFFQSRX1       8  36.3   543   425     425    (-,-) 
  g57298/Z                          -       A->Z   F     INVX2         49 211.5  1232   878    1302    (-,-) 
  drc_bufs57528/Z                   -       A->Z   R     INVX2         35 147.7  1197  1025    2328    (-,-) 
  g57167/Z                          -       A->Z   F     NAND2X1        3  15.1   340   208    2536    (-,-) 
  g56995/Z                          -       B->Z   R     NAND2X1        3  15.1   288   268    2803    (-,-) 
  g56492/Z                          -       A->Z   F     NAND2X1        1   6.8   254    94    2898    (-,-) 
  g55340/Z                          -       B->Z   R     NAND2X1        1   7.3   174   172    3070    (-,-) 
  g55169/Z                          -       B->Z   F     NOR2X1         1   7.3   120   102    3172    (-,-) 
  g54665/Z                          -       A->Z   R     NAND3X1        1   6.8   210   123    3296    (-,-) 
  g54526/Z                          -       A->Z   F     NAND2X1        1   7.3   149    92    3388    (-,-) 
  g54323/Z                          -       A->Z   R     NAND3X1        1   7.3   202   137    3525    (-,-) 
  g54280/Z                          -       B->Z   F     NOR2X1         1   7.3   116   107    3631    (-,-) 
  g54210/Z                          -       A->Z   R     NAND3X1        1  12.8   272   172    3803    (-,-) 
  g54149__1881/Z                    -       B->Z   R     XOR2X1        10  47.2   702   494    4297    (-,-) 
  g53982__8428/Z                    -       A->Z   F     NAND2X1        5  25.4   355   272    4569    (-,-) 
  g53927/Z                          -       A->Z   R     INVX2          3  16.0   188   175    4743    (-,-) 
  g53813__4319/Z                    -       B->Z   F     NOR2X1         6  36.0   389   273    5016    (-,-) 
  g53723/Z                          -       A->Z   R     INVX2          4  19.8   220   204    5220    (-,-) 
  g53626__9315/Z                    -       A->Z   F     NAND2X1        2  12.4   210   126    5346    (-,-) 
  g53445__1705/Z                    -       B->Z   R     NOR2X1         1   7.3   163   138    5484    (-,-) 
  g53368__6161/Z                    -       B->Z   F     NOR2X1         1   7.3   121   100    5583    (-,-) 
  g53307__7482/Z                    -       B->Z   R     NOR2X1         1   7.3   144   114    5698    (-,-) 
  g53270__1705/Z                    -       B->Z   F     NOR2X1         1   6.9   116    93    5791    (-,-) 
  g53240__2802/Z                    -       A->Z   F     AND2X1         1   7.3    85   127    5918    (-,-) 
  g53187__8246/Z                    -       A->Z   R     NAND3X1        1   7.3   192   116    6034    (-,-) 
  g53172__6417/Z                    -       B->Z   F     NOR2X1         1   7.3   120   106    6139    (-,-) 
  g53131__7098/Z                    -       A->Z   R     NAND3X1        1   7.3   199   127    6267    (-,-) 
  g53111__2883/Z                    -       B->Z   F     NOR2X1         1   7.3   120   106    6373    (-,-) 
  g53073__6161/Z                    -       A->Z   R     NAND3X1        1   7.3   192   127    6500    (-,-) 
  g53047__6783/Z                    -       B->Z   R     OR2X1          1  12.8   203   185    6685    (-,-) 
  g53034__6260/Z                    -       B->Z   R     XOR2X1         1   6.8   124   157    6842    (-,-) 
  g53032__5107/Z                    -       A->Z   F     NAND2X1        1   7.3   201    80    6922    (-,-) 
  g53031__2398/Z                    -       A->Z   R     NAND3X1        1   6.4   190   144    7066    (-,-) 
  csm_inst_right_reg_reg[10]/D      -       -      R     DFFQSRX1       1     -     -     0    7066    (-,-) 
#------------------------------------------------------------------------------------------------------------



Path 2: MET (42868 ps) Setup Check with Pin csm_inst_right_reg_reg[17]/CLK->D
          Group: C2C
     Startpoint: (R) csm_inst_round_counter_reg[3]/CLK
          Clock: (R) clk
       Endpoint: (F) csm_inst_right_reg_reg[17]/D
          Clock: (R) clk

                     Capture       Launch     
        Clock Edge:+   50000            0     
       Src Latency:+       0            0     
       Net Latency:+       0 (I)        0 (I) 
           Arrival:=   50000            0     
                                              
             Setup:-     217                  
     Required Time:=   49783                  
      Launch Clock:-       0                  
         Data Path:-    6915                  
             Slack:=   42868                  

#------------------------------------------------------------------------------------------------------------
#           Timing Point            Flags    Arc   Edge   Cell     Fanout  Load Trans Delay Arrival Instance 
#                                                                          (fF)  (ps)  (ps)   (ps)  Location 
#------------------------------------------------------------------------------------------------------------
  csm_inst_round_counter_reg[3]/CLK -       -      R     (arrival)    335     -     0     0       0    (-,-) 
  csm_inst_round_counter_reg[3]/Q   -       CLK->Q R     DFFQSRX1       8  36.3   543   425     425    (-,-) 
  g57298/Z                          -       A->Z   F     INVX2         49 211.5  1232   878    1302    (-,-) 
  drc_bufs57528/Z                   -       A->Z   R     INVX2         35 147.7  1197  1025    2328    (-,-) 
  g57167/Z                          -       A->Z   F     NAND2X1        3  15.1   340   208    2536    (-,-) 
  g57022/Z                          -       B->Z   R     NAND2X1        4  19.3   341   304    2839    (-,-) 
  g56052/Z                          -       A->Z   R     MUX2X1         2  11.0   188   191    3030    (-,-) 
  g55387/Z                          -       A->Z   F     NAND2X1        1   7.3   224    90    3121    (-,-) 
  g55300/Z                          -       A->Z   R     NAND3X1        1   7.3   194   158    3279    (-,-) 
  g55197/Z                          -       B->Z   F     NOR2X1         1   7.3   121   106    3385    (-,-) 
  g55080/Z                          -       A->Z   R     NAND3X1        1   6.8   205   124    3508    (-,-) 
  g54641/Z                          -       A->Z   F     NAND2X1        1   7.3   166    92    3600    (-,-) 
  g54379/Z                          -       A->Z   R     NAND3X1        1   7.7   219   146    3746    (-,-) 
  g54371/Z                          -       A->Z   F     INVX2          1   7.3    89    74    3820    (-,-) 
  g54334/Z                          -       A->Z   R     NAND3X1        1   7.3   193   118    3938    (-,-) 
  g54296/Z                          -       B->Z   F     NOR2X1         1   7.3   115   106    4043    (-,-) 
  g54240/Z                          -       A->Z   R     NAND3X1        1  12.8   272   172    4215    (-,-) 
  g54205/Z                          -       B->Z   R     XOR2X1        10  48.7   724   506    4721    (-,-) 
  g54191/Z                          -       A->Z   F     INVX2          6  30.9   314   250    4971    (-,-) 
  g54095__2802/Z                    -       B->Z   R     NOR2X1         5  23.8   385   303    5274    (-,-) 
  g54042__5477/Z                    -       A->Z   R     AND2X1         4  19.8   305   235    5509    (-,-) 
  g53897__6161/Z                    -       B->Z   F     NOR2X1         2  12.0   176   154    5663    (-,-) 
  g53609__4319/Z                    -       B->Z   R     NOR2X1         1   7.3   151   130    5792    (-,-) 
  g53456__9945/Z                    -       B->Z   F     NOR2X1         1   7.2   113    97    5889    (-,-) 
  g53332__5122/Z                    -       B->Z   R     NAND3X1        1   7.3   193   145    6034    (-,-) 
  g53273__7098/Z                    -       B->Z   F     NOR2X1         1   7.3   114   106    6139    (-,-) 
  g53254__2346/Z                    -       A->Z   R     NAND3X1        1   7.3   193   126    6265    (-,-) 
  g53214__5122/Z                    -       B->Z   F     NOR2X1         1   7.3   119   106    6370    (-,-) 
  g53206__4319/Z                    -       A->Z   R     NAND3X1        1  12.8   272   173    6543    (-,-) 
  g53160__6131/Z                    -       B->Z   R     XOR2X1         1   7.3   131   166    6709    (-,-) 
  g53124__6783/Z                    -       B->Z   R     OR2X1          1   7.3   126   132    6841    (-,-) 
  g53100__5122/Z                    -       A->Z   F     NAND3X1        1   6.4   104    73    6915    (-,-) 
  csm_inst_right_reg_reg[17]/D      -       -      F     DFFQSRX1       1     -     -     0    6915    (-,-) 
#------------------------------------------------------------------------------------------------------------



Path 3: MET (42920 ps) Setup Check with Pin csm_inst_right_reg_reg[22]/CLK->D
          Group: C2C
     Startpoint: (R) csm_inst_round_counter_reg[3]/CLK
          Clock: (R) clk
       Endpoint: (R) csm_inst_right_reg_reg[22]/D
          Clock: (R) clk

                     Capture       Launch     
        Clock Edge:+   50000            0     
       Src Latency:+       0            0     
       Net Latency:+       0 (I)        0 (I) 
           Arrival:=   50000            0     
                                              
             Setup:-     211                  
     Required Time:=   49789                  
      Launch Clock:-       0                  
         Data Path:-    6869                  
             Slack:=   42920                  

#------------------------------------------------------------------------------------------------------------
#           Timing Point            Flags    Arc   Edge   Cell     Fanout  Load Trans Delay Arrival Instance 
#                                                                          (fF)  (ps)  (ps)   (ps)  Location 
#------------------------------------------------------------------------------------------------------------
  csm_inst_round_counter_reg[3]/CLK -       -      R     (arrival)    335     -     0     0       0    (-,-) 
  csm_inst_round_counter_reg[3]/Q   -       CLK->Q R     DFFQSRX1       8  36.3   543   425     425    (-,-) 
  g57298/Z                          -       A->Z   F     INVX2         49 211.5  1232   878    1302    (-,-) 
  drc_bufs57528/Z                   -       A->Z   R     INVX2         35 147.7  1197  1025    2328    (-,-) 
  g57182/Z                          -       A->Z   F     NAND2X1        3  15.1   340   208    2536    (-,-) 
  g56855/Z                          -       B->Z   R     NAND2X1        4  19.3   341   304    2839    (-,-) 
  g56079/Z                          -       A->Z   R     MUX2X1         2  11.0   188   191    3030    (-,-) 
  g55372/Z                          -       A->Z   F     NAND2X1        1   7.3   167    90    3121    (-,-) 
  g55298/Z                          -       A->Z   R     NAND3X1        1   7.3   196   142    3263    (-,-) 
  g55193/Z                          -       B->Z   F     NOR2X1         1   7.3   121   106    3369    (-,-) 
  g55079/Z                          -       A->Z   R     NAND3X1        1   6.8   205   124    3493    (-,-) 
  g54651/Z                          -       A->Z   F     NAND2X1        1   7.3   166    92    3584    (-,-) 
  g54383/Z                          -       A->Z   R     NAND3X1        1   7.7   202   146    3730    (-,-) 
  g54372/Z                          -       A->Z   F     INVX2          1   7.3    86    73    3803    (-,-) 
  g54340/Z                          -       A->Z   R     NAND3X1        1   7.3   193   117    3920    (-,-) 
  g54286/Z                          -       B->Z   F     NOR2X1         1   7.3   115   106    4025    (-,-) 
  g54249/Z                          -       A->Z   R     NAND3X1        1  12.8   272   172    4197    (-,-) 
  g54199/Z                          -       B->Z   R     XOR2X1        13  60.1   889   599    4796    (-,-) 
  g54145__5122/Z                    -       A->Z   F     NAND2X1        4  20.6   349   249    5046    (-,-) 
  g54111/Z                          -       A->Z   R     INVX2          4  20.6   216   198    5243    (-,-) 
  g53892__6131/Z                    -       A->Z   F     NAND3X1        2  11.0   218   113    5356    (-,-) 
  g53620__6131/Z                    -       B->Z   R     NAND2X1        2  11.9   227   201    5558    (-,-) 
  g53537/Z                          -       A->Z   F     INVX2          1   7.3    90    75    5632    (-,-) 
  g53416__2802/Z                    -       B->Z   R     NOR2X1         1   7.3   155   106    5738    (-,-) 
  g53379__2398/Z                    -       B->Z   F     NOR2X1         1   7.3   114    98    5836    (-,-) 
  g53336__1881/Z                    -       A->Z   R     NAND3X1        1   7.3   193   125    5962    (-,-) 
  g53277__5115/Z                    -       B->Z   F     NOR2X1         1   7.3   121   106    6067    (-,-) 
  g53257__6417/Z                    -       A->Z   R     NAND3X1        1   7.3   192   128    6195    (-,-) 
  g53216__7098/Z                    -       B->Z   F     NOR2X1         1   7.3   120   106    6300    (-,-) 
  g53181__6783/Z                    -       A->Z   R     NAND3X1        1  12.8   272   173    6474    (-,-) 
  g53134__5115/Z                    -       B->Z   R     XOR2X1         1   6.8   126   162    6636    (-,-) 
  g53106__7482/Z                    -       A->Z   F     NAND2X1        1   7.3   239    80    6715    (-,-) 
  g53072__4733/Z                    -       A->Z   R     NAND3X1        1   6.4   181   154    6869    (-,-) 
  csm_inst_right_reg_reg[22]/D      -       -      R     DFFQSRX1       1     -     -     0    6869    (-,-) 
#------------------------------------------------------------------------------------------------------------



Path 4: MET (42949 ps) Setup Check with Pin csm_inst_right_reg_reg[5]/CLK->D
          Group: C2C
     Startpoint: (R) csm_inst_round_counter_reg[3]/CLK
          Clock: (R) clk
       Endpoint: (R) csm_inst_right_reg_reg[5]/D
          Clock: (R) clk

                     Capture       Launch     
        Clock Edge:+   50000            0     
       Src Latency:+       0            0     
       Net Latency:+       0 (I)        0 (I) 
           Arrival:=   50000            0     
                                              
             Setup:-     212                  
     Required Time:=   49788                  
      Launch Clock:-       0                  
         Data Path:-    6839                  
             Slack:=   42949                  

#------------------------------------------------------------------------------------------------------------
#           Timing Point            Flags    Arc   Edge   Cell     Fanout  Load Trans Delay Arrival Instance 
#                                                                          (fF)  (ps)  (ps)   (ps)  Location 
#------------------------------------------------------------------------------------------------------------
  csm_inst_round_counter_reg[3]/CLK -       -      R     (arrival)    335     -     0     0       0    (-,-) 
  csm_inst_round_counter_reg[3]/Q   -       CLK->Q R     DFFQSRX1       8  36.3   543   425     425    (-,-) 
  g57298/Z                          -       A->Z   F     INVX2         49 211.5  1232   878    1302    (-,-) 
  drc_bufs57528/Z                   -       A->Z   R     INVX2         35 147.7  1197  1025    2328    (-,-) 
  g57167/Z                          -       A->Z   F     NAND2X1        3  15.1   340   208    2536    (-,-) 
  g57022/Z                          -       B->Z   R     NAND2X1        4  19.3   341   304    2839    (-,-) 
  g56052/Z                          -       A->Z   R     MUX2X1         2  11.0   188   191    3030    (-,-) 
  g55387/Z                          -       A->Z   F     NAND2X1        1   7.3   224    90    3121    (-,-) 
  g55300/Z                          -       A->Z   R     NAND3X1        1   7.3   194   158    3279    (-,-) 
  g55197/Z                          -       B->Z   F     NOR2X1         1   7.3   121   106    3385    (-,-) 
  g55080/Z                          -       A->Z   R     NAND3X1        1   6.8   205   124    3508    (-,-) 
  g54641/Z                          -       A->Z   F     NAND2X1        1   7.3   166    92    3600    (-,-) 
  g54379/Z                          -       A->Z   R     NAND3X1        1   7.7   219   146    3746    (-,-) 
  g54371/Z                          -       A->Z   F     INVX2          1   7.3    89    74    3820    (-,-) 
  g54334/Z                          -       A->Z   R     NAND3X1        1   7.3   193   118    3938    (-,-) 
  g54296/Z                          -       B->Z   F     NOR2X1         1   7.3   115   106    4043    (-,-) 
  g54240/Z                          -       A->Z   R     NAND3X1        1  12.8   272   172    4215    (-,-) 
  g54205/Z                          -       B->Z   R     XOR2X1        10  48.7   724   506    4721    (-,-) 
  g54191/Z                          -       A->Z   F     INVX2          6  30.9   314   250    4971    (-,-) 
  g54095__2802/Z                    -       B->Z   R     NOR2X1         5  23.8   385   303    5274    (-,-) 
  g54042__5477/Z                    -       A->Z   R     AND2X1         4  19.8   305   235    5509    (-,-) 
  g53897__6161/Z                    -       B->Z   F     NOR2X1         2  12.0   176   154    5663    (-,-) 
  g53657__2883/Z                    -       B->Z   F     OR2X1          1   7.2    89   139    5802    (-,-) 
  g53266__6783/Z                    -       B->Z   R     NAND3X1        1   7.3   193   137    5939    (-,-) 
  g53250__6161/Z                    -       B->Z   F     NOR2X1         1   7.3   119   106    6044    (-,-) 
  g53226__2346/Z                    -       A->Z   R     NAND3X1        1   7.3   194   127    6171    (-,-) 
  g53186__5122/Z                    -       B->Z   F     NOR2X1         1   7.3   131   106    6277    (-,-) 
  g53149__4319/Z                    -       A->Z   R     NAND3X1        1  12.8   272   177    6454    (-,-) 
  g53117__5477/Z                    -       B->Z   R     XOR2X1         1   6.8   124   162    6615    (-,-) 
  g53085__2398/Z                    -       A->Z   F     NAND2X1        1   7.3   201    80    6695    (-,-) 
  g53053__1617/Z                    -       A->Z   R     NAND3X1        1   6.4   190   144    6839    (-,-) 
  csm_inst_right_reg_reg[5]/D       -       -      R     DFFQSRX1       1     -     -     0    6839    (-,-) 
#------------------------------------------------------------------------------------------------------------



Path 5: MET (42962 ps) Setup Check with Pin csm_inst_right_reg_reg[3]/CLK->D
          Group: C2C
     Startpoint: (R) csm_inst_round_counter_reg[3]/CLK
          Clock: (R) clk
       Endpoint: (R) csm_inst_right_reg_reg[3]/D
          Clock: (R) clk

                     Capture       Launch     
        Clock Edge:+   50000            0     
       Src Latency:+       0            0     
       Net Latency:+       0 (I)        0 (I) 
           Arrival:=   50000            0     
                                              
             Setup:-     212                  
     Required Time:=   49788                  
      Launch Clock:-       0                  
         Data Path:-    6825                  
             Slack:=   42962                  

#------------------------------------------------------------------------------------------------------------
#           Timing Point            Flags    Arc   Edge   Cell     Fanout  Load Trans Delay Arrival Instance 
#                                                                          (fF)  (ps)  (ps)   (ps)  Location 
#------------------------------------------------------------------------------------------------------------
  csm_inst_round_counter_reg[3]/CLK -       -      R     (arrival)    335     -     0     0       0    (-,-) 
  csm_inst_round_counter_reg[3]/Q   -       CLK->Q R     DFFQSRX1       8  36.3   543   425     425    (-,-) 
  g57298/Z                          -       A->Z   F     INVX2         49 211.5  1232   878    1302    (-,-) 
  drc_bufs57528/Z                   -       A->Z   R     INVX2         35 147.7  1197  1025    2328    (-,-) 
  g57204/Z                          -       A->Z   F     NAND2X1        3  15.1   340   208    2536    (-,-) 
  g56805/Z                          -       B->Z   R     NAND2X1        3  15.1   288   268    2803    (-,-) 
  g56524/Z                          -       A->Z   F     NAND2X1        1   6.9   124    95    2899    (-,-) 
  g55937/Z                          -       A->Z   R     NAND2X1        2  11.0   206   151    3049    (-,-) 
  g55446/Z                          -       A->Z   F     NAND2X1        1   6.8   117    88    3137    (-,-) 
  g55324/Z                          -       B->Z   R     NAND2X1        1   7.3   154   131    3268    (-,-) 
  g55177/Z                          -       B->Z   F     NOR2X1         1   7.3   124    98    3366    (-,-) 
  g55064/Z                          -       A->Z   R     NAND3X1        1   6.8   194   124    3490    (-,-) 
  g54664/Z                          -       A->Z   F     NAND2X1        1   7.3   166    91    3581    (-,-) 
  g54536/Z                          -       A->Z   R     NAND3X1        1   7.3   208   142    3723    (-,-) 
  g54357/Z                          -       B->Z   F     NOR2X1         1   7.3   120   107    3831    (-,-) 
  g54328/Z                          -       A->Z   R     NAND3X1        1  12.8   272   173    4004    (-,-) 
  g54267/Z                          -       B->Z   R     XOR2X1         7  34.2   514   387    4391    (-,-) 
  g54253/Z                          -       A->Z   F     INVX2          7  35.0   292   245    4636    (-,-) 
  g54090__8428/Z                    -       A->Z   R     NOR2X1         5  24.6   390   292    4928    (-,-) 
  g53987__2802/Z                    -       A->Z   F     NOR2X1         3  16.6   247   224    5152    (-,-) 
  g53930/Z                          -       A->Z   R     INVX2          6  28.4   243   207    5359    (-,-) 
  g53866__5115/Z                    -       A->Z   R     AND2X1         1   7.3   125   128    5487    (-,-) 
  g53573__2346/Z                    -       B->Z   F     NOR2X1         1   7.3   114    92    5578    (-,-) 
  g53477__6131/Z                    -       B->Z   R     NOR2X1         1   7.3   159   112    5691    (-,-) 
  g53362__7098/Z                    -       B->Z   F     NOR2X1         1   7.3   119    99    5790    (-,-) 
  g53282__9945/Z                    -       A->Z   R     NAND3X1        1   7.3   192   127    5917    (-,-) 
  g53248__7482/Z                    -       B->Z   F     NOR2X1         1   7.3   119   106    6022    (-,-) 
  g53224__9945/Z                    -       A->Z   R     NAND3X1        1   7.3   193   127    6149    (-,-) 
  g53185__1705/Z                    -       B->Z   F     NOR2X1         1   7.3   126   106    6255    (-,-) 
  g53173__5477/Z                    -       A->Z   R     NAND3X1        1  12.8   272   175    6430    (-,-) 
  g53135__7482/Z                    -       B->Z   R     XOR2X1         1   6.8   125   162    6592    (-,-) 
  g53105__5115/Z                    -       A->Z   F     NAND2X1        1   7.3   239    80    6672    (-,-) 
  g53068__6131/Z                    -       A->Z   R     NAND3X1        1   6.4   190   154    6825    (-,-) 
  csm_inst_right_reg_reg[3]/D       -       -      R     DFFQSRX1       1     -     -     0    6825    (-,-) 
#------------------------------------------------------------------------------------------------------------



Path 6: MET (43024 ps) Setup Check with Pin csm_inst_right_reg_reg[12]/CLK->D
          Group: C2C
     Startpoint: (R) csm_inst_round_counter_reg[3]/CLK
          Clock: (R) clk
       Endpoint: (R) csm_inst_right_reg_reg[12]/D
          Clock: (R) clk

                     Capture       Launch     
        Clock Edge:+   50000            0     
       Src Latency:+       0            0     
       Net Latency:+       0 (I)        0 (I) 
           Arrival:=   50000            0     
                                              
             Setup:-     212                  
     Required Time:=   49788                  
      Launch Clock:-       0                  
         Data Path:-    6764                  
             Slack:=   43024                  

#------------------------------------------------------------------------------------------------------------
#           Timing Point            Flags    Arc   Edge   Cell     Fanout  Load Trans Delay Arrival Instance 
#                                                                          (fF)  (ps)  (ps)   (ps)  Location 
#------------------------------------------------------------------------------------------------------------
  csm_inst_round_counter_reg[3]/CLK -       -      R     (arrival)    335     -     0     0       0    (-,-) 
  csm_inst_round_counter_reg[3]/Q   -       CLK->Q R     DFFQSRX1       8  36.3   543   425     425    (-,-) 
  g57298/Z                          -       A->Z   F     INVX2         49 211.5  1232   878    1302    (-,-) 
  drc_bufs57528/Z                   -       A->Z   R     INVX2         35 147.7  1197  1025    2328    (-,-) 
  g57182/Z                          -       A->Z   F     NAND2X1        3  15.1   340   208    2536    (-,-) 
  g56855/Z                          -       B->Z   R     NAND2X1        4  19.3   341   304    2839    (-,-) 
  g56079/Z                          -       A->Z   R     MUX2X1         2  11.0   188   191    3030    (-,-) 
  g55372/Z                          -       A->Z   F     NAND2X1        1   7.3   167    90    3121    (-,-) 
  g55298/Z                          -       A->Z   R     NAND3X1        1   7.3   196   142    3263    (-,-) 
  g55193/Z                          -       B->Z   F     NOR2X1         1   7.3   121   106    3369    (-,-) 
  g55079/Z                          -       A->Z   R     NAND3X1        1   6.8   205   124    3493    (-,-) 
  g54651/Z                          -       A->Z   F     NAND2X1        1   7.3   166    92    3584    (-,-) 
  g54383/Z                          -       A->Z   R     NAND3X1        1   7.7   202   146    3730    (-,-) 
  g54372/Z                          -       A->Z   F     INVX2          1   7.3    86    73    3803    (-,-) 
  g54340/Z                          -       A->Z   R     NAND3X1        1   7.3   193   117    3920    (-,-) 
  g54286/Z                          -       B->Z   F     NOR2X1         1   7.3   115   106    4025    (-,-) 
  g54249/Z                          -       A->Z   R     NAND3X1        1  12.8   272   172    4197    (-,-) 
  g54199/Z                          -       B->Z   R     XOR2X1        13  60.1   889   599    4796    (-,-) 
  g54145__5122/Z                    -       A->Z   F     NAND2X1        4  20.6   349   249    5046    (-,-) 
  g54111/Z                          -       A->Z   R     INVX2          4  20.6   216   198    5243    (-,-) 
  g53892__6131/Z                    -       A->Z   F     NAND3X1        2  11.0   218   113    5356    (-,-) 
  g53447__8246/Z                    -       B->Z   R     NAND2X1        1   6.8   160   158    5514    (-,-) 
  g53369__9315/Z                    -       A->Z   R     AND2X1         1   7.3   127   124    5638    (-,-) 
  g53308__4733/Z                    -       B->Z   F     NOR2X1         1   7.3   121    92    5730    (-,-) 
  g53244__7098/Z                    -       A->Z   R     NAND3X1        1   7.3   192   128    5858    (-,-) 
  g53229__6417/Z                    -       B->Z   F     NOR2X1         1   7.3   120   106    5964    (-,-) 
  g53201__6417/Z                    -       A->Z   R     NAND3X1        1   7.3   192   128    6091    (-,-) 
  g53169__2346/Z                    -       B->Z   F     NOR2X1         1   7.3   114   106    6197    (-,-) 
  g53140__2883/Z                    -       A->Z   R     NAND3X1        1  12.8   276   171    6368    (-,-) 
  g53103__6131/Z                    -       B->Z   R     XOR2X1         1   6.8   125   162    6530    (-,-) 
  g53071__7482/Z                    -       A->Z   F     NAND2X1        1   7.3   239    80    6610    (-,-) 
  g53041__4319/Z                    -       A->Z   R     NAND3X1        1   6.4   190   154    6764    (-,-) 
  csm_inst_right_reg_reg[12]/D      -       -      R     DFFQSRX1       1     -     -     0    6764    (-,-) 
#------------------------------------------------------------------------------------------------------------



Path 7: MET (43040 ps) Setup Check with Pin csm_inst_right_reg_reg[11]/CLK->D
          Group: C2C
     Startpoint: (R) csm_inst_round_counter_reg[3]/CLK
          Clock: (R) clk
       Endpoint: (F) csm_inst_right_reg_reg[11]/D
          Clock: (R) clk

                     Capture       Launch     
        Clock Edge:+   50000            0     
       Src Latency:+       0            0     
       Net Latency:+       0 (I)        0 (I) 
           Arrival:=   50000            0     
                                              
             Setup:-     217                  
     Required Time:=   49783                  
      Launch Clock:-       0                  
         Data Path:-    6743                  
             Slack:=   43040                  

#------------------------------------------------------------------------------------------------------------
#           Timing Point            Flags    Arc   Edge   Cell     Fanout  Load Trans Delay Arrival Instance 
#                                                                          (fF)  (ps)  (ps)   (ps)  Location 
#------------------------------------------------------------------------------------------------------------
  csm_inst_round_counter_reg[3]/CLK -       -      R     (arrival)    335     -     0     0       0    (-,-) 
  csm_inst_round_counter_reg[3]/Q   -       CLK->Q R     DFFQSRX1       8  36.3   543   425     425    (-,-) 
  g57298/Z                          -       A->Z   F     INVX2         49 211.5  1232   878    1302    (-,-) 
  drc_bufs57528/Z                   -       A->Z   R     INVX2         35 147.7  1197  1025    2328    (-,-) 
  g57167/Z                          -       A->Z   F     NAND2X1        3  15.1   340   208    2536    (-,-) 
  g57022/Z                          -       B->Z   R     NAND2X1        4  19.3   341   304    2839    (-,-) 
  g56052/Z                          -       A->Z   R     MUX2X1         2  11.0   188   191    3030    (-,-) 
  g55387/Z                          -       A->Z   F     NAND2X1        1   7.3   224    90    3121    (-,-) 
  g55300/Z                          -       A->Z   R     NAND3X1        1   7.3   194   158    3279    (-,-) 
  g55197/Z                          -       B->Z   F     NOR2X1         1   7.3   121   106    3385    (-,-) 
  g55080/Z                          -       A->Z   R     NAND3X1        1   6.8   205   124    3508    (-,-) 
  g54641/Z                          -       A->Z   F     NAND2X1        1   7.3   166    92    3600    (-,-) 
  g54379/Z                          -       A->Z   R     NAND3X1        1   7.7   219   146    3746    (-,-) 
  g54371/Z                          -       A->Z   F     INVX2          1   7.3    89    74    3820    (-,-) 
  g54334/Z                          -       A->Z   R     NAND3X1        1   7.3   193   118    3938    (-,-) 
  g54296/Z                          -       B->Z   F     NOR2X1         1   7.3   115   106    4043    (-,-) 
  g54240/Z                          -       A->Z   R     NAND3X1        1  12.8   272   172    4215    (-,-) 
  g54205/Z                          -       B->Z   R     XOR2X1        10  48.7   724   506    4721    (-,-) 
  g54191/Z                          -       A->Z   F     INVX2          6  30.9   314   250    4971    (-,-) 
  g54095__2802/Z                    -       B->Z   R     NOR2X1         5  23.8   385   303    5274    (-,-) 
  g54042__5477/Z                    -       A->Z   R     AND2X1         4  19.8   305   235    5509    (-,-) 
  g53875__7410/Z                    -       A->Z   R     AND2X1         1   7.2   124   129    5638    (-,-) 
  g53271__5122/Z                    -       A->Z   F     NOR2X1         1   7.3   114   107    5744    (-,-) 
  g53251__9315/Z                    -       A->Z   R     NAND3X1        1   7.3   193   126    5870    (-,-) 
  g53213__1705/Z                    -       B->Z   F     NOR2X1         1   7.3   126   106    5976    (-,-) 
  g53199__1666/Z                    -       A->Z   R     NAND3X1        1   7.3   192   129    6105    (-,-) 
  g53168__2883/Z                    -       B->Z   F     NOR2X1         1   6.9   128   102    6208    (-,-) 
  g53150__8428/Z                    -       A->Z   R     NAND2X1        1  12.8   234   167    6374    (-,-) 
  g53116__6417/Z                    -       B->Z   R     XOR2X1         1   7.3   132   163    6538    (-,-) 
  g53083__6417/Z                    -       B->Z   R     OR2X1          1   7.3   126   132    6670    (-,-) 
  g53056__5122/Z                    -       A->Z   F     NAND3X1        1   6.4   104    73    6743    (-,-) 
  csm_inst_right_reg_reg[11]/D      -       -      F     DFFQSRX1       1     -     -     0    6743    (-,-) 
#------------------------------------------------------------------------------------------------------------



Path 8: MET (43087 ps) Setup Check with Pin csm_inst_right_reg_reg[13]/CLK->D
          Group: C2C
     Startpoint: (R) csm_inst_round_counter_reg[3]/CLK
          Clock: (R) clk
       Endpoint: (F) csm_inst_right_reg_reg[13]/D
          Clock: (R) clk

                     Capture       Launch     
        Clock Edge:+   50000            0     
       Src Latency:+       0            0     
       Net Latency:+       0 (I)        0 (I) 
           Arrival:=   50000            0     
                                              
             Setup:-     217                  
     Required Time:=   49783                  
      Launch Clock:-       0                  
         Data Path:-    6696                  
             Slack:=   43087                  

#------------------------------------------------------------------------------------------------------------
#           Timing Point            Flags    Arc   Edge   Cell     Fanout  Load Trans Delay Arrival Instance 
#                                                                          (fF)  (ps)  (ps)   (ps)  Location 
#------------------------------------------------------------------------------------------------------------
  csm_inst_round_counter_reg[3]/CLK -       -      R     (arrival)    335     -     0     0       0    (-,-) 
  csm_inst_round_counter_reg[3]/Q   -       CLK->Q R     DFFQSRX1       8  36.3   543   425     425    (-,-) 
  g57298/Z                          -       A->Z   F     INVX2         49 211.5  1232   878    1302    (-,-) 
  drc_bufs57528/Z                   -       A->Z   R     INVX2         35 147.7  1197  1025    2328    (-,-) 
  g57204/Z                          -       A->Z   F     NAND2X1        3  15.1   340   208    2536    (-,-) 
  g56805/Z                          -       B->Z   R     NAND2X1        3  15.1   288   268    2803    (-,-) 
  g56524/Z                          -       A->Z   F     NAND2X1        1   6.9   124    95    2899    (-,-) 
  g55937/Z                          -       A->Z   R     NAND2X1        2  11.0   206   151    3049    (-,-) 
  g55446/Z                          -       A->Z   F     NAND2X1        1   6.8   117    88    3137    (-,-) 
  g55324/Z                          -       B->Z   R     NAND2X1        1   7.3   154   131    3268    (-,-) 
  g55177/Z                          -       B->Z   F     NOR2X1         1   7.3   124    98    3366    (-,-) 
  g55064/Z                          -       A->Z   R     NAND3X1        1   6.8   194   124    3490    (-,-) 
  g54664/Z                          -       A->Z   F     NAND2X1        1   7.3   166    91    3581    (-,-) 
  g54536/Z                          -       A->Z   R     NAND3X1        1   7.3   208   142    3723    (-,-) 
  g54357/Z                          -       B->Z   F     NOR2X1         1   7.3   120   107    3831    (-,-) 
  g54328/Z                          -       A->Z   R     NAND3X1        1  12.8   272   173    4004    (-,-) 
  g54267/Z                          -       B->Z   R     XOR2X1         7  34.2   514   387    4391    (-,-) 
  g54253/Z                          -       A->Z   F     INVX2          7  35.0   292   245    4636    (-,-) 
  g54090__8428/Z                    -       A->Z   R     NOR2X1         5  24.6   390   292    4928    (-,-) 
  g53987__2802/Z                    -       A->Z   F     NOR2X1         3  16.6   247   224    5152    (-,-) 
  g53930/Z                          -       A->Z   R     INVX2          6  28.4   243   207    5359    (-,-) 
  g53703__8246/Z                    -       A->Z   F     NAND3X1        1   7.2   142    92    5451    (-,-) 
  g53331__1705/Z                    -       C->Z   R     NAND3X1        1   7.7   198   175    5626    (-,-) 
  g53317/Z                          -       A->Z   F     INVX2          1   7.3    86    73    5699    (-,-) 
  g53252__9945/Z                    -       A->Z   R     NAND3X1        1   7.3   193   116    5815    (-,-) 
  g53217__6131/Z                    -       B->Z   F     NOR2X1         1   7.3   119   106    5921    (-,-) 
  g53202__5477/Z                    -       A->Z   R     NAND3X1        1   7.3   192   127    6048    (-,-) 
  g53166__9315/Z                    -       B->Z   F     NOR2X1         1   7.3   114   106    6153    (-,-) 
  g53151__5526/Z                    -       A->Z   R     NAND3X1        1  12.8   272   171    6325    (-,-) 
  g53114__1666/Z                    -       B->Z   R     XOR2X1         1   7.3   131   166    6490    (-,-) 
  g53086__5107/Z                    -       B->Z   R     OR2X1          1   7.3   126   132    6623    (-,-) 
  g53057__8246/Z                    -       A->Z   F     NAND3X1        1   6.4   104    73    6696    (-,-) 
  csm_inst_right_reg_reg[13]/D      -       -      F     DFFQSRX1       1     -     -     0    6696    (-,-) 
#------------------------------------------------------------------------------------------------------------



Path 9: MET (43103 ps) Setup Check with Pin csm_inst_right_reg_reg[24]/CLK->D
          Group: C2C
     Startpoint: (R) csm_inst_round_counter_reg[3]/CLK
          Clock: (R) clk
       Endpoint: (F) csm_inst_right_reg_reg[24]/D
          Clock: (R) clk

                     Capture       Launch     
        Clock Edge:+   50000            0     
       Src Latency:+       0            0     
       Net Latency:+       0 (I)        0 (I) 
           Arrival:=   50000            0     
                                              
             Setup:-     222                  
     Required Time:=   49778                  
      Launch Clock:-       0                  
         Data Path:-    6675                  
             Slack:=   43103                  

#------------------------------------------------------------------------------------------------------------
#           Timing Point            Flags    Arc   Edge   Cell     Fanout  Load Trans Delay Arrival Instance 
#                                                                          (fF)  (ps)  (ps)   (ps)  Location 
#------------------------------------------------------------------------------------------------------------
  csm_inst_round_counter_reg[3]/CLK -       -      R     (arrival)    335     -     0     0       0    (-,-) 
  csm_inst_round_counter_reg[3]/Q   -       CLK->Q R     DFFQSRX1       8  36.3   543   425     425    (-,-) 
  g57298/Z                          -       A->Z   F     INVX2         49 211.5  1232   878    1302    (-,-) 
  drc_bufs57528/Z                   -       A->Z   R     INVX2         35 147.7  1197  1025    2328    (-,-) 
  g57191/Z                          -       A->Z   F     NAND2X1        3  15.3   342   210    2538    (-,-) 
  g56875/Z                          -       A->Z   R     NAND2X1        4  19.3   347   290    2828    (-,-) 
  g56027/Z                          -       B->Z   R     MUX2X1         2  11.0   185   191    3019    (-,-) 
  g55583/Z                          -       A->Z   F     NAND2X1        1   7.3   224    90    3109    (-,-) 
  g55297/Z                          -       A->Z   R     NAND3X1        1   7.3   196   158    3268    (-,-) 
  g55198/Z                          -       B->Z   F     NOR2X1         1   7.3   122   106    3374    (-,-) 
  g54624/Z                          -       A->Z   R     NAND3X1        1   6.8   201   124    3497    (-,-) 
  g54545/Z                          -       A->Z   F     NAND2X1        1   7.3   166    92    3589    (-,-) 
  g54345/Z                          -       A->Z   R     NAND3X1        1   7.3   201   142    3731    (-,-) 
  g54289/Z                          -       B->Z   F     NOR2X1         1   7.3   116   106    3837    (-,-) 
  g54216/Z                          -       A->Z   R     NAND3X1        1  12.8   272   172    4009    (-,-) 
  g54154/Z                          -       B->Z   R     XOR2X1         9  43.8   653   466    4475    (-,-) 
  g54118/Z                          -       A->Z   F     INVX2          5  24.8   264   209    4684    (-,-) 
  g54053__1705/Z                    -       B->Z   R     NOR2X1         4  21.0   342   266    4949    (-,-) 
  g53996/Z                          -       A->Z   F     INVX2          5  24.8   204   173    5122    (-,-) 
  g53906__2398/Z                    -       A->Z   R     NAND2X1        4  21.2   352   260    5382    (-,-) 
  g53712__9945/Z                    -       B->Z   R     OR2X1          2  12.0   192   189    5572    (-,-) 
  g53420__7098/Z                    -       B->Z   F     NOR2X1         1   7.3   152   106    5677    (-,-) 
  g53350__5107/Z                    -       B->Z   R     NOR2X1         1   7.3   148   123    5800    (-,-) 
  g53284__2346/Z                    -       A->Z   F     NAND3X1        1   7.3   103    82    5882    (-,-) 
  g53236__5526/Z                    -       B->Z   R     NOR2X1         1   7.3   143   109    5991    (-,-) 
  g53221__4733/Z                    -       A->Z   F     NAND3X1        1   7.3   102    81    6072    (-,-) 
  g53184__2802/Z                    -       B->Z   R     NOR2X1         1   7.3   141   109    6181    (-,-) 
  g53153__3680/Z                    -       A->Z   F     NAND3X1        1  12.8   153   111    6292    (-,-) 
  g53113__2346/Z                    -       B->Z   F     XOR2X1         1   6.9   108   179    6471    (-,-) 
  g53079__2883/Z                    -       A->Z   R     NAND2X1        1   7.3   295   115    6586    (-,-) 
  g53046__5526/Z                    -       A->Z   F     NAND3X1        1   6.4   122    90    6675    (-,-) 
  csm_inst_right_reg_reg[24]/D      -       -      F     DFFQSRX1       1     -     -     0    6675    (-,-) 
#------------------------------------------------------------------------------------------------------------



Path 10: MET (43119 ps) Setup Check with Pin csm_inst_right_reg_reg[27]/CLK->D
          Group: C2C
     Startpoint: (R) csm_inst_round_counter_reg[3]/CLK
          Clock: (R) clk
       Endpoint: (F) csm_inst_right_reg_reg[27]/D
          Clock: (R) clk

                     Capture       Launch     
        Clock Edge:+   50000            0     
       Src Latency:+       0            0     
       Net Latency:+       0 (I)        0 (I) 
           Arrival:=   50000            0     
                                              
             Setup:-     218                  
     Required Time:=   49782                  
      Launch Clock:-       0                  
         Data Path:-    6662                  
             Slack:=   43119                  

#------------------------------------------------------------------------------------------------------------
#           Timing Point            Flags    Arc   Edge   Cell     Fanout  Load Trans Delay Arrival Instance 
#                                                                          (fF)  (ps)  (ps)   (ps)  Location 
#------------------------------------------------------------------------------------------------------------
  csm_inst_round_counter_reg[3]/CLK -       -      R     (arrival)    335     -     0     0       0    (-,-) 
  csm_inst_round_counter_reg[3]/Q   -       CLK->Q R     DFFQSRX1       8  36.3   543   425     425    (-,-) 
  g57298/Z                          -       A->Z   F     INVX2         49 211.5  1232   878    1302    (-,-) 
  drc_bufs57528/Z                   -       A->Z   R     INVX2         35 147.7  1197  1025    2328    (-,-) 
  g57167/Z                          -       A->Z   F     NAND2X1        3  15.1   340   208    2536    (-,-) 
  g57022/Z                          -       B->Z   R     NAND2X1        4  19.3   341   304    2839    (-,-) 
  g56052/Z                          -       A->Z   R     MUX2X1         2  11.0   188   191    3030    (-,-) 
  g55387/Z                          -       A->Z   F     NAND2X1        1   7.3   224    90    3121    (-,-) 
  g55300/Z                          -       A->Z   R     NAND3X1        1   7.3   194   158    3279    (-,-) 
  g55197/Z                          -       B->Z   F     NOR2X1         1   7.3   121   106    3385    (-,-) 
  g55080/Z                          -       A->Z   R     NAND3X1        1   6.8   205   124    3508    (-,-) 
  g54641/Z                          -       A->Z   F     NAND2X1        1   7.3   166    92    3600    (-,-) 
  g54379/Z                          -       A->Z   R     NAND3X1        1   7.7   219   146    3746    (-,-) 
  g54371/Z                          -       A->Z   F     INVX2          1   7.3    89    74    3820    (-,-) 
  g54334/Z                          -       A->Z   R     NAND3X1        1   7.3   193   118    3938    (-,-) 
  g54296/Z                          -       B->Z   F     NOR2X1         1   7.3   115   106    4043    (-,-) 
  g54240/Z                          -       A->Z   R     NAND3X1        1  12.8   272   172    4215    (-,-) 
  g54205/Z                          -       B->Z   R     XOR2X1        10  48.7   724   506    4721    (-,-) 
  g54191/Z                          -       A->Z   F     INVX2          6  30.9   314   250    4971    (-,-) 
  g54095__2802/Z                    -       B->Z   R     NOR2X1         5  23.8   385   303    5274    (-,-) 
  g53959__2802/Z                    -       A->Z   R     AND2X1         3  16.0   251   204    5477    (-,-) 
  g53896__4733/Z                    -       B->Z   R     OR2X1          2  12.0   192   182    5660    (-,-) 
  g53509__4733/Z                    -       A->Z   F     NAND3X1        1   6.9   127    86    5746    (-,-) 
  g53339__4733/Z                    -       A->Z   F     AND2X1         1   7.2    84   129    5875    (-,-) 
  g53234__4319/Z                    -       B->Z   R     NAND3X1        1   7.3   194   135    6010    (-,-) 
  g53210__3680/Z                    -       B->Z   F     NOR2X1         1   7.3   126   106    6116    (-,-) 
  g53194__6161/Z                    -       A->Z   R     NAND3X1        1  12.8   273   175    6291    (-,-) 
  g53156__1705/Z                    -       B->Z   R     XOR2X1         1   7.3   130   166    6457    (-,-) 
  g53123__5526/Z                    -       B->Z   R     OR2X1          1   7.3   126   132    6589    (-,-) 
  g53092__4319/Z                    -       A->Z   F     NAND3X1        1   6.4   110    73    6662    (-,-) 
  csm_inst_right_reg_reg[27]/D      -       -      F     DFFQSRX1       1     -     -     0    6662    (-,-) 
#------------------------------------------------------------------------------------------------------------



Path 11: MET (43159 ps) Setup Check with Pin csm_inst_right_reg_reg[14]/CLK->D
          Group: C2C
     Startpoint: (R) csm_inst_round_counter_reg[3]/CLK
          Clock: (R) clk
       Endpoint: (R) csm_inst_right_reg_reg[14]/D
          Clock: (R) clk

                     Capture       Launch     
        Clock Edge:+   50000            0     
       Src Latency:+       0            0     
       Net Latency:+       0 (I)        0 (I) 
           Arrival:=   50000            0     
                                              
             Setup:-     212                  
     Required Time:=   49788                  
      Launch Clock:-       0                  
         Data Path:-    6628                  
             Slack:=   43159                  

#------------------------------------------------------------------------------------------------------------
#           Timing Point            Flags    Arc   Edge   Cell     Fanout  Load Trans Delay Arrival Instance 
#                                                                          (fF)  (ps)  (ps)   (ps)  Location 
#------------------------------------------------------------------------------------------------------------
  csm_inst_round_counter_reg[3]/CLK -       -      R     (arrival)    335     -     0     0       0    (-,-) 
  csm_inst_round_counter_reg[3]/Q   -       CLK->Q R     DFFQSRX1       8  36.3   543   425     425    (-,-) 
  g57298/Z                          -       A->Z   F     INVX2         49 211.5  1232   878    1302    (-,-) 
  drc_bufs57528/Z                   -       A->Z   R     INVX2         35 147.7  1197  1025    2328    (-,-) 
  g57185/Z                          -       A->Z   F     NAND2X1        3  15.1   340   208    2536    (-,-) 
  g57038/Z                          -       B->Z   R     NAND2X1        5  23.4   396   337    2873    (-,-) 
  g56095/Z                          -       A->Z   R     MUX2X1         2  11.0   186   193    3065    (-,-) 
  g55376/Z                          -       A->Z   F     NAND2X1        1   7.3   167    90    3156    (-,-) 
  g55303/Z                          -       A->Z   R     NAND3X1        1   7.3   196   142    3298    (-,-) 
  g55175/Z                          -       B->Z   F     NOR2X1         1   7.3   124   106    3404    (-,-) 
  g55031/Z                          -       A->Z   R     NAND3X1        1   6.8   194   124    3528    (-,-) 
  g54626/Z                          -       A->Z   F     NAND2X1        1   7.3   138    91    3619    (-,-) 
  g54375/Z                          -       A->Z   R     NAND3X1        1   7.7   212   137    3756    (-,-) 
  g54370/Z                          -       A->Z   F     INVX2          1   7.3    88    74    3830    (-,-) 
  g54324/Z                          -       A->Z   R     NAND3X1        1   7.3   193   117    3947    (-,-) 
  g54281/Z                          -       B->Z   F     NOR2X1         1   7.3   115   106    4053    (-,-) 
  g54243/Z                          -       A->Z   R     NAND3X1        1  12.8   272   172    4224    (-,-) 
  g54203/Z                          -       B->Z   R     XOR2X1         7  41.5   620   447    4671    (-,-) 
  g54189/Z                          -       A->Z   F     INVX2          7  33.7   308   253    4924    (-,-) 
  g54101__1881/Z                    -       B->Z   R     NOR2X1         7  34.3   522   386    5309    (-,-) 
  g54065/Z                          -       A->Z   F     INVX2          2  11.6   162   121    5430    (-,-) 
  g54016__5107/Z                    -       A->Z   R     NAND2X1        1   6.8   185   127    5558    (-,-) 
  g53767__7098/Z                    -       A->Z   F     NAND2X1        1   7.3   109    90    5648    (-,-) 
  g53487__1666/Z                    -       A->Z   R     NAND3X1        1   7.3   233   124    5772    (-,-) 
  g53309__6161/Z                    -       A->Z   F     NAND3X1        1   7.3   119    92    5864    (-,-) 
  g53290__5107/Z                    -       B->Z   R     NOR2X1         1   7.3   144   114    5977    (-,-) 
  g53253__2883/Z                    -       A->Z   F     NAND3X1        1   7.3   103    82    6059    (-,-) 
  g57531/Z                          -       B->Z   F     OR2X1          1  12.8   136   158    6216    (-,-) 
  g53158__8246/Z                    -       B->Z   F     XOR2X1         1   7.3    96   176    6393    (-,-) 
  g53132__6131/Z                    -       B->Z   F     OR2X1          1   7.3    94   124    6517    (-,-) 
  g53098__2802/Z                    -       A->Z   R     NAND3X1        1   6.4   190   112    6628    (-,-) 
  csm_inst_right_reg_reg[14]/D      -       -      R     DFFQSRX1       1     -     -     0    6628    (-,-) 
#------------------------------------------------------------------------------------------------------------



Path 12: MET (43203 ps) Setup Check with Pin csm_inst_right_reg_reg[23]/CLK->D
          Group: C2C
     Startpoint: (R) csm_inst_round_counter_reg[3]/CLK
          Clock: (R) clk
       Endpoint: (R) csm_inst_right_reg_reg[23]/D
          Clock: (R) clk

                     Capture       Launch     
        Clock Edge:+   50000            0     
       Src Latency:+       0            0     
       Net Latency:+       0 (I)        0 (I) 
           Arrival:=   50000            0     
                                              
             Setup:-     212                  
     Required Time:=   49788                  
      Launch Clock:-       0                  
         Data Path:-    6585                  
             Slack:=   43203                  

#------------------------------------------------------------------------------------------------------------
#           Timing Point            Flags    Arc   Edge   Cell     Fanout  Load Trans Delay Arrival Instance 
#                                                                          (fF)  (ps)  (ps)   (ps)  Location 
#------------------------------------------------------------------------------------------------------------
  csm_inst_round_counter_reg[3]/CLK -       -      R     (arrival)    335     -     0     0       0    (-,-) 
  csm_inst_round_counter_reg[3]/Q   -       CLK->Q R     DFFQSRX1       8  36.3   543   425     425    (-,-) 
  g57298/Z                          -       A->Z   F     INVX2         49 211.5  1232   878    1302    (-,-) 
  drc_bufs57528/Z                   -       A->Z   R     INVX2         35 147.7  1197  1025    2328    (-,-) 
  g57073/Z                          -       A->Z   F     NAND2X1        3  15.4   343   212    2539    (-,-) 
  g56845/Z                          -       A->Z   R     NAND2X1        4  19.3   347   290    2830    (-,-) 
  g56084/Z                          -       B->Z   R     MUX2X1         2  11.0   185   191    3020    (-,-) 
  g55581/Z                          -       A->Z   F     NAND2X1        1   6.9   219    87    3108    (-,-) 
  g55341/Z                          -       A->Z   R     NAND2X1        1   7.3   168   148    3255    (-,-) 
  g55205/Z                          -       B->Z   F     NOR2X1         1   7.3   121   101    3356    (-,-) 
  g55112/Z                          -       A->Z   R     NAND3X1        1   6.8   205   124    3480    (-,-) 
  g54655/Z                          -       A->Z   F     NAND2X1        1   7.3   166    92    3572    (-,-) 
  g54515/Z                          -       A->Z   R     NAND3X1        1   7.3   205   142    3714    (-,-) 
  g54385/Z                          -       B->Z   F     NOR2X1         1   7.3   122   107    3821    (-,-) 
  g54353/Z                          -       A->Z   R     NAND3X1        1  12.8   273   174    3994    (-,-) 
  g54264/Z                          -       B->Z   R     XOR2X1        12  55.6   824   562    4557    (-,-) 
  g54175/Z                          -       A->Z   F     NOR2X1         7  33.3   478   414    4971    (-,-) 
  g53973__2346/Z                    -       B->Z   R     NAND2X1        5  25.9   450   400    5371    (-,-) 
  g53849__5477/Z                    -       B->Z   R     OR2X1          1   7.2   123   155    5526    (-,-) 
  g53338__7482/Z                    -       B->Z   F     NAND3X1        1   7.3   111    84    5610    (-,-) 
  g53283__2883/Z                    -       B->Z   R     NOR2X1         1   7.3   142   111    5722    (-,-) 
  g53211__1617/Z                    -       A->Z   F     NAND3X1        1   7.3   101    81    5803    (-,-) 
  g53188__7098/Z                    -       B->Z   R     NOR2X1         1   7.3   141   109    5912    (-,-) 
  g53178__4319/Z                    -       A->Z   F     NAND3X1        1   7.7   110    84    5995    (-,-) 
  g53174/Z                          -       A->Z   R     INVX2          1   7.3    80    74    6069    (-,-) 
  g53141__2346/Z                    -       A->Z   F     NAND3X1        1  12.8   146    98    6167    (-,-) 
  g53102__7098/Z                    -       B->Z   F     XOR2X1         1   7.3   110   179    6346    (-,-) 
  g53070__5115/Z                    -       B->Z   F     OR2X1          1   7.3    94   127    6473    (-,-) 
  g53042__8428/Z                    -       A->Z   R     NAND3X1        1   6.4   194   112    6585    (-,-) 
  csm_inst_right_reg_reg[23]/D      -       -      R     DFFQSRX1       1     -     -     0    6585    (-,-) 
#------------------------------------------------------------------------------------------------------------



Path 13: MET (43211 ps) Setup Check with Pin csm_inst_right_reg_reg[0]/CLK->D
          Group: C2C
     Startpoint: (R) csm_inst_round_counter_reg[3]/CLK
          Clock: (R) clk
       Endpoint: (F) csm_inst_right_reg_reg[0]/D
          Clock: (R) clk

                     Capture       Launch     
        Clock Edge:+   50000            0     
       Src Latency:+       0            0     
       Net Latency:+       0 (I)        0 (I) 
           Arrival:=   50000            0     
                                              
             Setup:-     217                  
     Required Time:=   49783                  
      Launch Clock:-       0                  
         Data Path:-    6572                  
             Slack:=   43211                  

#------------------------------------------------------------------------------------------------------------
#           Timing Point            Flags    Arc   Edge   Cell     Fanout  Load Trans Delay Arrival Instance 
#                                                                          (fF)  (ps)  (ps)   (ps)  Location 
#------------------------------------------------------------------------------------------------------------
  csm_inst_round_counter_reg[3]/CLK -       -      R     (arrival)    335     -     0     0       0    (-,-) 
  csm_inst_round_counter_reg[3]/Q   -       CLK->Q R     DFFQSRX1       8  36.3   543   425     425    (-,-) 
  g57298/Z                          -       A->Z   F     INVX2         49 211.5  1232   878    1302    (-,-) 
  drc_bufs57528/Z                   -       A->Z   R     INVX2         35 147.7  1197  1025    2328    (-,-) 
  g57167/Z                          -       A->Z   F     NAND2X1        3  15.1   340   208    2536    (-,-) 
  g56995/Z                          -       B->Z   R     NAND2X1        3  15.1   288   268    2803    (-,-) 
  g56492/Z                          -       A->Z   F     NAND2X1        1   6.8   254    94    2898    (-,-) 
  g55340/Z                          -       B->Z   R     NAND2X1        1   7.3   174   172    3070    (-,-) 
  g55169/Z                          -       B->Z   F     NOR2X1         1   7.3   120   102    3172    (-,-) 
  g54665/Z                          -       A->Z   R     NAND3X1        1   6.8   210   123    3296    (-,-) 
  g54526/Z                          -       A->Z   F     NAND2X1        1   7.3   149    92    3388    (-,-) 
  g54323/Z                          -       A->Z   R     NAND3X1        1   7.3   202   137    3525    (-,-) 
  g54280/Z                          -       B->Z   F     NOR2X1         1   7.3   116   107    3631    (-,-) 
  g54210/Z                          -       A->Z   R     NAND3X1        1  12.8   272   172    3803    (-,-) 
  g54149__1881/Z                    -       B->Z   R     XOR2X1        10  47.2   702   494    4297    (-,-) 
  g53982__8428/Z                    -       A->Z   F     NAND2X1        5  25.4   355   272    4569    (-,-) 
  g53927/Z                          -       A->Z   R     INVX2          3  16.0   188   175    4743    (-,-) 
  g53813__4319/Z                    -       B->Z   F     NOR2X1         6  36.0   389   273    5016    (-,-) 
  g53723/Z                          -       A->Z   R     INVX2          4  19.8   220   204    5220    (-,-) 
  g53516__7410/Z                    -       A->Z   F     NAND3X1        1   7.2   116    90    5310    (-,-) 
  g53323__6260/Z                    -       C->Z   R     NAND3X1        1   7.3   192   163    5473    (-,-) 
  g53265__5526/Z                    -       B->Z   F     NOR2X1         1   7.3   120   106    5578    (-,-) 
  g53249__4733/Z                    -       A->Z   R     NAND3X1        1   7.3   193   127    5706    (-,-) 
  g53225__2883/Z                    -       B->Z   F     NOR2X1         1   7.3   119   106    5812    (-,-) 
  g53197__2883/Z                    -       A->Z   R     NAND3X1        1   7.3   192   127    5939    (-,-) 
  g53170__1666/Z                    -       B->Z   F     NOR2X1         1   6.9   114   102    6041    (-,-) 
  g53148__6260/Z                    -       A->Z   R     NAND2X1        1  12.8   232   162    6203    (-,-) 
  g53115__7410/Z                    -       B->Z   R     XOR2X1         1   7.3   131   163    6366    (-,-) 
  g53081__1666/Z                    -       B->Z   R     OR2X1          1   7.3   126   132    6499    (-,-) 
  g53058__7098/Z                    -       A->Z   F     NAND3X1        1   6.4   104    73    6572    (-,-) 
  csm_inst_right_reg_reg[0]/D       -       -      F     DFFQSRX1       1     -     -     0    6572    (-,-) 
#------------------------------------------------------------------------------------------------------------



Path 14: MET (43216 ps) Setup Check with Pin csm_inst_right_reg_reg[31]/CLK->D
          Group: C2C
     Startpoint: (R) csm_inst_round_counter_reg[3]/CLK
          Clock: (R) clk
       Endpoint: (R) csm_inst_right_reg_reg[31]/D
          Clock: (R) clk

                     Capture       Launch     
        Clock Edge:+   50000            0     
       Src Latency:+       0            0     
       Net Latency:+       0 (I)        0 (I) 
           Arrival:=   50000            0     
                                              
             Setup:-     211                  
     Required Time:=   49789                  
      Launch Clock:-       0                  
         Data Path:-    6572                  
             Slack:=   43216                  

#------------------------------------------------------------------------------------------------------------
#           Timing Point            Flags    Arc   Edge   Cell     Fanout  Load Trans Delay Arrival Instance 
#                                                                          (fF)  (ps)  (ps)   (ps)  Location 
#------------------------------------------------------------------------------------------------------------
  csm_inst_round_counter_reg[3]/CLK -       -      R     (arrival)    335     -     0     0       0    (-,-) 
  csm_inst_round_counter_reg[3]/Q   -       CLK->Q R     DFFQSRX1       8  36.3   543   425     425    (-,-) 
  g57298/Z                          -       A->Z   F     INVX2         49 211.5  1232   878    1302    (-,-) 
  drc_bufs57528/Z                   -       A->Z   R     INVX2         35 147.7  1197  1025    2328    (-,-) 
  g57182/Z                          -       A->Z   F     NAND2X1        3  15.1   340   208    2536    (-,-) 
  g56855/Z                          -       B->Z   R     NAND2X1        4  19.3   341   304    2839    (-,-) 
  g56079/Z                          -       A->Z   R     MUX2X1         2  11.0   188   191    3030    (-,-) 
  g55372/Z                          -       A->Z   F     NAND2X1        1   7.3   167    90    3121    (-,-) 
  g55298/Z                          -       A->Z   R     NAND3X1        1   7.3   196   142    3263    (-,-) 
  g55193/Z                          -       B->Z   F     NOR2X1         1   7.3   121   106    3369    (-,-) 
  g55079/Z                          -       A->Z   R     NAND3X1        1   6.8   205   124    3493    (-,-) 
  g54651/Z                          -       A->Z   F     NAND2X1        1   7.3   166    92    3584    (-,-) 
  g54383/Z                          -       A->Z   R     NAND3X1        1   7.7   202   146    3730    (-,-) 
  g54372/Z                          -       A->Z   F     INVX2          1   7.3    86    73    3803    (-,-) 
  g54340/Z                          -       A->Z   R     NAND3X1        1   7.3   193   117    3920    (-,-) 
  g54286/Z                          -       B->Z   F     NOR2X1         1   7.3   115   106    4025    (-,-) 
  g54249/Z                          -       A->Z   R     NAND3X1        1  12.8   272   172    4197    (-,-) 
  g54199/Z                          -       B->Z   R     XOR2X1        13  60.1   889   599    4796    (-,-) 
  g54145__5122/Z                    -       A->Z   F     NAND2X1        4  20.6   349   249    5046    (-,-) 
  g54111/Z                          -       A->Z   R     INVX2          4  20.6   216   198    5243    (-,-) 
  g53892__6131/Z                    -       A->Z   F     NAND3X1        2  11.0   218   113    5356    (-,-) 
  g53620__6131/Z                    -       B->Z   R     NAND2X1        2  11.9   227   201    5558    (-,-) 
  g53430__2346/Z                    -       A->Z   F     NAND2X1        1   6.9   127    90    5648    (-,-) 
  g53360__5122/Z                    -       A->Z   F     AND2X1         1   7.2    84   129    5777    (-,-) 
  g53239__1617/Z                    -       B->Z   R     NAND3X1        1   7.3   193   135    5912    (-,-) 
  g53212__2802/Z                    -       B->Z   F     NOR2X1         1   6.9   123   103    6015    (-,-) 
  g53189__6131/Z                    -       A->Z   R     NAND2X1        1  12.8   232   165    6180    (-,-) 
  g53154__1617/Z                    -       B->Z   R     XOR2X1         1   6.8   125   159    6339    (-,-) 
  g53128__1705/Z                    -       A->Z   F     NAND2X1        1   7.3   239    80    6419    (-,-) 
  g53095__6783/Z                    -       A->Z   R     NAND3X1        1   6.4   181   154    6572    (-,-) 
  csm_inst_right_reg_reg[31]/D      -       -      R     DFFQSRX1       1     -     -     0    6572    (-,-) 
#------------------------------------------------------------------------------------------------------------



Path 15: MET (43226 ps) Setup Check with Pin csm_inst_right_reg_reg[28]/CLK->D
          Group: C2C
     Startpoint: (R) csm_inst_round_counter_reg[3]/CLK
          Clock: (R) clk
       Endpoint: (F) csm_inst_right_reg_reg[28]/D
          Clock: (R) clk

                     Capture       Launch     
        Clock Edge:+   50000            0     
       Src Latency:+       0            0     
       Net Latency:+       0 (I)        0 (I) 
           Arrival:=   50000            0     
                                              
             Setup:-     222                  
     Required Time:=   49778                  
      Launch Clock:-       0                  
         Data Path:-    6552                  
             Slack:=   43226                  

#------------------------------------------------------------------------------------------------------------
#           Timing Point            Flags    Arc   Edge   Cell     Fanout  Load Trans Delay Arrival Instance 
#                                                                          (fF)  (ps)  (ps)   (ps)  Location 
#------------------------------------------------------------------------------------------------------------
  csm_inst_round_counter_reg[3]/CLK -       -      R     (arrival)    335     -     0     0       0    (-,-) 
  csm_inst_round_counter_reg[3]/Q   -       CLK->Q R     DFFQSRX1       8  36.3   543   425     425    (-,-) 
  g57298/Z                          -       A->Z   F     INVX2         49 211.5  1232   878    1302    (-,-) 
  drc_bufs57528/Z                   -       A->Z   R     INVX2         35 147.7  1197  1025    2328    (-,-) 
  g57204/Z                          -       A->Z   F     NAND2X1        3  15.1   340   208    2536    (-,-) 
  g56805/Z                          -       B->Z   R     NAND2X1        3  15.1   288   268    2803    (-,-) 
  g56524/Z                          -       A->Z   F     NAND2X1        1   6.9   124    95    2899    (-,-) 
  g55937/Z                          -       A->Z   R     NAND2X1        2  11.0   206   151    3049    (-,-) 
  g55446/Z                          -       A->Z   F     NAND2X1        1   6.8   117    88    3137    (-,-) 
  g55324/Z                          -       B->Z   R     NAND2X1        1   7.3   154   131    3268    (-,-) 
  g55177/Z                          -       B->Z   F     NOR2X1         1   7.3   124    98    3366    (-,-) 
  g55064/Z                          -       A->Z   R     NAND3X1        1   6.8   194   124    3490    (-,-) 
  g54664/Z                          -       A->Z   F     NAND2X1        1   7.3   166    91    3581    (-,-) 
  g54536/Z                          -       A->Z   R     NAND3X1        1   7.3   208   142    3723    (-,-) 
  g54357/Z                          -       B->Z   F     NOR2X1         1   7.3   120   107    3831    (-,-) 
  g54328/Z                          -       A->Z   R     NAND3X1        1  12.8   272   173    4004    (-,-) 
  g54267/Z                          -       B->Z   R     XOR2X1         7  34.2   514   387    4391    (-,-) 
  g54253/Z                          -       A->Z   F     INVX2          7  35.0   292   245    4636    (-,-) 
  g54090__8428/Z                    -       A->Z   R     NOR2X1         5  24.6   390   292    4928    (-,-) 
  g53987__2802/Z                    -       A->Z   F     NOR2X1         3  16.6   247   224    5152    (-,-) 
  g53930/Z                          -       A->Z   R     INVX2          6  28.4   243   207    5359    (-,-) 
  g53662__5477/Z                    -       A->Z   R     OR2X1          1   6.8   117   167    5526    (-,-) 
  g53486__2346/Z                    -       A->Z   F     NAND2X1        1   6.9    95    76    5601    (-,-) 
  g53384__5526/Z                    -       A->Z   R     NAND2X1        1   7.3   177   111    5712    (-,-) 
  g53286__7410/Z                    -       A->Z   F     NAND3X1        1   7.7   112    90    5802    (-,-) 
  g53276/Z                          -       A->Z   R     INVX2          1   7.3    80    74    5876    (-,-) 
  g53246__1881/Z                    -       A->Z   F     NAND3X1        1   7.3   108    71    5947    (-,-) 
  g53218__1881/Z                    -       B->Z   R     NOR2X1         1   7.3   145   110    6058    (-,-) 
  g53205__6260/Z                    -       A->Z   F     NAND3X1        1  12.8   150   111    6169    (-,-) 
  g53165__6161/Z                    -       B->Z   F     XOR2X1         1   6.9   108   178    6348    (-,-) 
  g53126__1617/Z                    -       A->Z   R     NAND2X1        1   7.3   295   115    6462    (-,-) 
  g53093__8428/Z                    -       A->Z   F     NAND3X1        1   6.4   122    90    6552    (-,-) 
  csm_inst_right_reg_reg[28]/D      -       -      F     DFFQSRX1       1     -     -     0    6552    (-,-) 
#------------------------------------------------------------------------------------------------------------



Path 16: MET (43235 ps) Setup Check with Pin csm_inst_right_reg_reg[8]/CLK->D
          Group: C2C
     Startpoint: (R) csm_inst_round_counter_reg[3]/CLK
          Clock: (R) clk
       Endpoint: (F) csm_inst_right_reg_reg[8]/D
          Clock: (R) clk

                     Capture       Launch     
        Clock Edge:+   50000            0     
       Src Latency:+       0            0     
       Net Latency:+       0 (I)        0 (I) 
           Arrival:=   50000            0     
                                              
             Setup:-     221                  
     Required Time:=   49779                  
      Launch Clock:-       0                  
         Data Path:-    6544                  
             Slack:=   43235                  

#------------------------------------------------------------------------------------------------------------
#           Timing Point            Flags    Arc   Edge   Cell     Fanout  Load Trans Delay Arrival Instance 
#                                                                          (fF)  (ps)  (ps)   (ps)  Location 
#------------------------------------------------------------------------------------------------------------
  csm_inst_round_counter_reg[3]/CLK -       -      R     (arrival)    335     -     0     0       0    (-,-) 
  csm_inst_round_counter_reg[3]/Q   -       CLK->Q R     DFFQSRX1       8  36.3   543   425     425    (-,-) 
  g57298/Z                          -       A->Z   F     INVX2         49 211.5  1232   878    1302    (-,-) 
  drc_bufs57528/Z                   -       A->Z   R     INVX2         35 147.7  1197  1025    2328    (-,-) 
  g57205/Z                          -       A->Z   F     NAND2X1        3  15.1   340   208    2536    (-,-) 
  g56810/Z                          -       B->Z   R     NAND2X1        3  15.1   288   268    2803    (-,-) 
  g56089/Z                          -       B->Z   R     MUX2X1         2  11.0   185   188    2992    (-,-) 
  g55605/Z                          -       A->Z   F     NAND2X1        1   7.3   224    90    3082    (-,-) 
  g55294/Z                          -       A->Z   R     NAND3X1        1   7.3   212   158    3240    (-,-) 
  g55208/Z                          -       B->Z   F     NOR2X1         1   7.3   122   108    3348    (-,-) 
  g55085/Z                          -       A->Z   R     NAND3X1        1   6.8   199   124    3472    (-,-) 
  g54663/Z                          -       A->Z   F     NAND2X1        1   7.3   249    91    3563    (-,-) 
  g54388/Z                          -       A->Z   R     NAND3X1        1   7.7   199   169    3732    (-,-) 
  g54373/Z                          -       A->Z   F     INVX2          1   7.3    86    73    3805    (-,-) 
  g54339/Z                          -       A->Z   R     NAND3X1        1   7.3   197   116    3921    (-,-) 
  g54297/Z                          -       B->Z   F     NOR2X1         1   7.3   115   106    4028    (-,-) 
  g54260/Z                          -       A->Z   R     NAND3X1        1  12.8   272   172    4199    (-,-) 
  g54200/Z                          -       B->Z   R     XOR2X1         6  31.7   478   366    4566    (-,-) 
  g54186/Z                          -       A->Z   F     INVX2          7  33.8   278   234    4800    (-,-) 
  g53978__2398/Z                    -       A->Z   R     NOR2X1         5  25.6   403   297    5097    (-,-) 
  g53810__2398/Z                    -       B->Z   F     NOR2X1         3  17.8   246   215    5312    (-,-) 
  g53644__2802/Z                    -       B->Z   F     OR2X1          1   6.9    86   148    5460    (-,-) 
  g53411__8428/Z                    -       A->Z   R     NAND2X1        1   6.8   149   104    5564    (-,-) 
  g53345__1666/Z                    -       A->Z   F     NAND2X1        1   7.2   101    83    5647    (-,-) 
  g53287__6417/Z                    -       B->Z   R     NAND3X1        1   7.3   193   141    5788    (-,-) 
  g53235__8428/Z                    -       B->Z   F     NOR2X1         1   7.3   121   106    5893    (-,-) 
  g53227__1666/Z                    -       A->Z   R     NAND3X1        1   7.3   193   128    6021    (-,-) 
  g53193__4733/Z                    -       B->Z   F     NOR2X1         1  12.8   166   141    6162    (-,-) 
  g53161__1881/Z                    -       B->Z   F     XOR2X1         1   6.9    97   183    6345    (-,-) 
  g53130__8246/Z                    -       A->Z   R     NAND2X1        1   7.3   272   111    6456    (-,-) 
  g53097__1617/Z                    -       A->Z   F     NAND3X1        1   6.4   118    88    6544    (-,-) 
  csm_inst_right_reg_reg[8]/D       -       -      F     DFFQSRX1       1     -     -     0    6544    (-,-) 
#------------------------------------------------------------------------------------------------------------



Path 17: MET (43244 ps) Setup Check with Pin csm_inst_right_reg_reg[9]/CLK->D
          Group: C2C
     Startpoint: (R) csm_inst_round_counter_reg[3]/CLK
          Clock: (R) clk
       Endpoint: (R) csm_inst_right_reg_reg[9]/D
          Clock: (R) clk

                     Capture       Launch     
        Clock Edge:+   50000            0     
       Src Latency:+       0            0     
       Net Latency:+       0 (I)        0 (I) 
           Arrival:=   50000            0     
                                              
             Setup:-     212                  
     Required Time:=   49788                  
      Launch Clock:-       0                  
         Data Path:-    6544                  
             Slack:=   43244                  

#------------------------------------------------------------------------------------------------------------
#           Timing Point            Flags    Arc   Edge   Cell     Fanout  Load Trans Delay Arrival Instance 
#                                                                          (fF)  (ps)  (ps)   (ps)  Location 
#------------------------------------------------------------------------------------------------------------
  csm_inst_round_counter_reg[3]/CLK -       -      R     (arrival)    335     -     0     0       0    (-,-) 
  csm_inst_round_counter_reg[3]/Q   -       CLK->Q R     DFFQSRX1       8  36.3   543   425     425    (-,-) 
  g57298/Z                          -       A->Z   F     INVX2         49 211.5  1232   878    1302    (-,-) 
  drc_bufs57528/Z                   -       A->Z   R     INVX2         35 147.7  1197  1025    2328    (-,-) 
  g57073/Z                          -       A->Z   F     NAND2X1        3  15.4   343   212    2539    (-,-) 
  g56845/Z                          -       A->Z   R     NAND2X1        4  19.3   347   290    2830    (-,-) 
  g56084/Z                          -       B->Z   R     MUX2X1         2  11.0   185   191    3020    (-,-) 
  g55581/Z                          -       A->Z   F     NAND2X1        1   6.9   219    87    3108    (-,-) 
  g55341/Z                          -       A->Z   R     NAND2X1        1   7.3   168   148    3255    (-,-) 
  g55205/Z                          -       B->Z   F     NOR2X1         1   7.3   121   101    3356    (-,-) 
  g55112/Z                          -       A->Z   R     NAND3X1        1   6.8   205   124    3480    (-,-) 
  g54655/Z                          -       A->Z   F     NAND2X1        1   7.3   166    92    3572    (-,-) 
  g54515/Z                          -       A->Z   R     NAND3X1        1   7.3   205   142    3714    (-,-) 
  g54385/Z                          -       B->Z   F     NOR2X1         1   7.3   122   107    3821    (-,-) 
  g54353/Z                          -       A->Z   R     NAND3X1        1  12.8   273   174    3994    (-,-) 
  g54264/Z                          -       B->Z   R     XOR2X1        12  55.6   824   562    4557    (-,-) 
  g54175/Z                          -       A->Z   F     NOR2X1         7  33.3   478   414    4971    (-,-) 
  g54140__6783/Z                    -       A->Z   F     OR2X1          4  21.0   215   257    5228    (-,-) 
  g54020__5526/Z                    -       B->Z   R     NOR2X1         1   6.8   153   134    5362    (-,-) 
  g53640__5526/Z                    -       B->Z   R     MUX2X1         1   6.8   123   146    5508    (-,-) 
  g53442__3680/Z                    -       A->Z   F     NAND2X1        1   7.3   173    79    5587    (-,-) 
  g53391__8246/Z                    -       A->Z   R     NAND3X1        1   7.2   192   143    5730    (-,-) 
  g53328__3680/Z                    -       A->Z   F     NOR2X1         1   7.3   126   123    5853    (-,-) 
  g53288__5477/Z                    -       A->Z   R     NAND3X1        1   7.3   192   129    5983    (-,-) 
  g53245__6131/Z                    -       B->Z   F     NOR2X1         1  12.8   163   141    6123    (-,-) 
  g53203__2398/Z                    -       B->Z   F     XOR2X1         1   7.3    99   185    6308    (-,-) 
  g53167__9945/Z                    -       B->Z   F     OR2X1          1   7.3    94   124    6432    (-,-) 
  g53137__6161/Z                    -       A->Z   R     NAND3X1        1   6.4   194   112    6544    (-,-) 
  csm_inst_right_reg_reg[9]/D       -       -      R     DFFQSRX1       1     -     -     0    6544    (-,-) 
#------------------------------------------------------------------------------------------------------------



Path 18: MET (43293 ps) Setup Check with Pin csm_inst_right_reg_reg[25]/CLK->D
          Group: C2C
     Startpoint: (R) csm_inst_round_counter_reg[3]/CLK
          Clock: (R) clk
       Endpoint: (F) csm_inst_right_reg_reg[25]/D
          Clock: (R) clk

                     Capture       Launch     
        Clock Edge:+   50000            0     
       Src Latency:+       0            0     
       Net Latency:+       0 (I)        0 (I) 
           Arrival:=   50000            0     
                                              
             Setup:-     218                  
     Required Time:=   49782                  
      Launch Clock:-       0                  
         Data Path:-    6489                  
             Slack:=   43293                  

#------------------------------------------------------------------------------------------------------------
#           Timing Point            Flags    Arc   Edge   Cell     Fanout  Load Trans Delay Arrival Instance 
#                                                                          (fF)  (ps)  (ps)   (ps)  Location 
#------------------------------------------------------------------------------------------------------------
  csm_inst_round_counter_reg[3]/CLK -       -      R     (arrival)    335     -     0     0       0    (-,-) 
  csm_inst_round_counter_reg[3]/Q   -       CLK->Q R     DFFQSRX1       8  36.3   543   425     425    (-,-) 
  g57298/Z                          -       A->Z   F     INVX2         49 211.5  1232   878    1302    (-,-) 
  drc_bufs57528/Z                   -       A->Z   R     INVX2         35 147.7  1197  1025    2328    (-,-) 
  g57201/Z                          -       A->Z   F     NAND2X1        3  15.1   340   208    2536    (-,-) 
  g56882/Z                          -       B->Z   R     NAND2X1        4  19.3   341   304    2839    (-,-) 
  g56091/Z                          -       A->Z   R     MUX2X1         2  11.0   188   191    3030    (-,-) 
  g55606/Z                          -       A->Z   F     NAND2X1        1   7.2   166    90    3120    (-,-) 
  g55207/Z                          -       B->Z   R     NAND3X1        1   7.3   194   162    3282    (-,-) 
  g57535/Z                          -       B->Z   R     OR2X1          1   6.8   117   136    3418    (-,-) 
  g54548/Z                          -       A->Z   F     NAND2X1        1   7.3   149    78    3496    (-,-) 
  g54350/Z                          -       A->Z   R     NAND3X1        1   7.3   207   137    3633    (-,-) 
  g54295/Z                          -       B->Z   F     NOR2X1         1   7.3   117   107    3740    (-,-) 
  g54261/Z                          -       A->Z   R     NAND3X1        1  12.8   282   172    3912    (-,-) 
  g54202/Z                          -       B->Z   R     XOR2X1        11  52.9   785   541    4453    (-,-) 
  g54188/Z                          -       A->Z   F     INVX2          5  25.0   289   223    4677    (-,-) 
  g53979__5107/Z                    -       A->Z   R     NOR2X1         7  33.6   513   364    5041    (-,-) 
  g53925/Z                          -       A->Z   F     INVX2          1   6.8   127    88    5129    (-,-) 
  g53912__6783/Z                    -       B->Z   R     NAND2X1        4  20.3   339   241    5370    (-,-) 
  g53678__1881/Z                    -       A->Z   F     NAND2X1        1   7.3   137   103    5473    (-,-) 
  g53380__5107/Z                    -       A->Z   R     NAND3X1        1   7.3   192   133    5606    (-,-) 
  g53300__1705/Z                    -       B->Z   F     NOR2X1         1   7.3   115   106    5711    (-,-) 
  g53278__7482/Z                    -       A->Z   R     NAND3X1        1   7.3   192   126    5837    (-,-) 
  g53237__6783/Z                    -       B->Z   F     NOR2X1         1   7.3   126   106    5942    (-,-) 
  g53204__5107/Z                    -       A->Z   R     NAND3X1        1  12.8   273   175    6118    (-,-) 
  g53157__5122/Z                    -       B->Z   R     XOR2X1         1   7.3   131   166    6283    (-,-) 
  g53122__8428/Z                    -       B->Z   R     OR2X1          1   7.3   126   132    6416    (-,-) 
  g53078__9945/Z                    -       A->Z   F     NAND3X1        1   6.4   110    73    6489    (-,-) 
  csm_inst_right_reg_reg[25]/D      -       -      F     DFFQSRX1       1     -     -     0    6489    (-,-) 
#------------------------------------------------------------------------------------------------------------



Path 19: MET (43293 ps) Setup Check with Pin csm_inst_right_reg_reg[4]/CLK->D
          Group: C2C
     Startpoint: (R) csm_inst_round_counter_reg[3]/CLK
          Clock: (R) clk
       Endpoint: (R) csm_inst_right_reg_reg[4]/D
          Clock: (R) clk

                     Capture       Launch     
        Clock Edge:+   50000            0     
       Src Latency:+       0            0     
       Net Latency:+       0 (I)        0 (I) 
           Arrival:=   50000            0     
                                              
             Setup:-     212                  
     Required Time:=   49788                  
      Launch Clock:-       0                  
         Data Path:-    6495                  
             Slack:=   43293                  

#------------------------------------------------------------------------------------------------------------
#           Timing Point            Flags    Arc   Edge   Cell     Fanout  Load Trans Delay Arrival Instance 
#                                                                          (fF)  (ps)  (ps)   (ps)  Location 
#------------------------------------------------------------------------------------------------------------
  csm_inst_round_counter_reg[3]/CLK -       -      R     (arrival)    335     -     0     0       0    (-,-) 
  csm_inst_round_counter_reg[3]/Q   -       CLK->Q R     DFFQSRX1       8  36.3   543   425     425    (-,-) 
  g57298/Z                          -       A->Z   F     INVX2         49 211.5  1232   878    1302    (-,-) 
  drc_bufs57528/Z                   -       A->Z   R     INVX2         35 147.7  1197  1025    2328    (-,-) 
  g57185/Z                          -       A->Z   F     NAND2X1        3  15.1   340   208    2536    (-,-) 
  g57038/Z                          -       B->Z   R     NAND2X1        5  23.4   396   337    2873    (-,-) 
  g56095/Z                          -       A->Z   R     MUX2X1         2  11.0   186   193    3065    (-,-) 
  g55376/Z                          -       A->Z   F     NAND2X1        1   7.3   167    90    3156    (-,-) 
  g55303/Z                          -       A->Z   R     NAND3X1        1   7.3   196   142    3298    (-,-) 
  g55175/Z                          -       B->Z   F     NOR2X1         1   7.3   124   106    3404    (-,-) 
  g55031/Z                          -       A->Z   R     NAND3X1        1   6.8   194   124    3528    (-,-) 
  g54626/Z                          -       A->Z   F     NAND2X1        1   7.3   138    91    3619    (-,-) 
  g54375/Z                          -       A->Z   R     NAND3X1        1   7.7   212   137    3756    (-,-) 
  g54370/Z                          -       A->Z   F     INVX2          1   7.3    88    74    3830    (-,-) 
  g54324/Z                          -       A->Z   R     NAND3X1        1   7.3   193   117    3947    (-,-) 
  g54281/Z                          -       B->Z   F     NOR2X1         1   7.3   115   106    4053    (-,-) 
  g54243/Z                          -       A->Z   R     NAND3X1        1  12.8   272   172    4224    (-,-) 
  g54203/Z                          -       B->Z   R     XOR2X1         7  41.5   620   447    4671    (-,-) 
  g54189/Z                          -       A->Z   F     INVX2          7  33.7   308   253    4924    (-,-) 
  g54086__2398/Z                    -       B->Z   R     NOR2X1         4  19.3   326   265    5189    (-,-) 
  g53937__1881/Z                    -       A->Z   R     AND2X1         1   6.8   121   126    5315    (-,-) 
  g53682__6161/Z                    -       A->Z   R     MUX2X1         1   7.3   132   148    5462    (-,-) 
  g53494__4319/Z                    -       B->Z   R     OR2X1          1   6.8   118   128    5591    (-,-) 
  g53388__2802/Z                    -       A->Z   F     NAND2X1        1   7.2   136    78    5669    (-,-) 
  g53280__6161/Z                    -       B->Z   R     NAND3X1        1   7.3   193   152    5821    (-,-) 
  g53243__8246/Z                    -       B->Z   F     NOR2X1         1   7.3   121   106    5926    (-,-) 
  g53191__5115/Z                    -       A->Z   R     NAND3X1        1  12.8   273   174    6100    (-,-) 
  g53162__5115/Z                    -       B->Z   R     XOR2X1         1   6.8   124   162    6262    (-,-) 
  g53129__5122/Z                    -       A->Z   F     NAND2X1        1   7.3   239    80    6341    (-,-) 
  g53096__3680/Z                    -       A->Z   R     NAND3X1        1   6.4   190   154    6495    (-,-) 
  csm_inst_right_reg_reg[4]/D       -       -      R     DFFQSRX1       1     -     -     0    6495    (-,-) 
#------------------------------------------------------------------------------------------------------------



Path 20: MET (43306 ps) Setup Check with Pin csm_inst_right_reg_reg[1]/CLK->D
          Group: C2C
     Startpoint: (R) csm_inst_round_counter_reg[3]/CLK
          Clock: (R) clk
       Endpoint: (R) csm_inst_right_reg_reg[1]/D
          Clock: (R) clk

                     Capture       Launch     
        Clock Edge:+   50000            0     
       Src Latency:+       0            0     
       Net Latency:+       0 (I)        0 (I) 
           Arrival:=   50000            0     
                                              
             Setup:-     212                  
     Required Time:=   49788                  
      Launch Clock:-       0                  
         Data Path:-    6482                  
             Slack:=   43306                  

#------------------------------------------------------------------------------------------------------------
#           Timing Point            Flags    Arc   Edge   Cell     Fanout  Load Trans Delay Arrival Instance 
#                                                                          (fF)  (ps)  (ps)   (ps)  Location 
#------------------------------------------------------------------------------------------------------------
  csm_inst_round_counter_reg[3]/CLK -       -      R     (arrival)    335     -     0     0       0    (-,-) 
  csm_inst_round_counter_reg[3]/Q   -       CLK->Q R     DFFQSRX1       8  36.3   543   425     425    (-,-) 
  g57298/Z                          -       A->Z   F     INVX2         49 211.5  1232   878    1302    (-,-) 
  drc_bufs57528/Z                   -       A->Z   R     INVX2         35 147.7  1197  1025    2328    (-,-) 
  g57073/Z                          -       A->Z   F     NAND2X1        3  15.4   343   212    2539    (-,-) 
  g56845/Z                          -       A->Z   R     NAND2X1        4  19.3   347   290    2830    (-,-) 
  g56084/Z                          -       B->Z   R     MUX2X1         2  11.0   185   191    3020    (-,-) 
  g55581/Z                          -       A->Z   F     NAND2X1        1   6.9   219    87    3108    (-,-) 
  g55341/Z                          -       A->Z   R     NAND2X1        1   7.3   168   148    3255    (-,-) 
  g55205/Z                          -       B->Z   F     NOR2X1         1   7.3   121   101    3356    (-,-) 
  g55112/Z                          -       A->Z   R     NAND3X1        1   6.8   205   124    3480    (-,-) 
  g54655/Z                          -       A->Z   F     NAND2X1        1   7.3   166    92    3572    (-,-) 
  g54515/Z                          -       A->Z   R     NAND3X1        1   7.3   205   142    3714    (-,-) 
  g54385/Z                          -       B->Z   F     NOR2X1         1   7.3   122   107    3821    (-,-) 
  g54353/Z                          -       A->Z   R     NAND3X1        1  12.8   273   174    3994    (-,-) 
  g54264/Z                          -       B->Z   R     XOR2X1        12  55.6   824   562    4557    (-,-) 
  g54175/Z                          -       A->Z   F     NOR2X1         7  33.3   478   414    4971    (-,-) 
  g54140__6783/Z                    -       A->Z   F     OR2X1          4  21.0   215   257    5228    (-,-) 
  g53596__4733/Z                    -       A->Z   R     NOR2X1         1   7.3   170   137    5365    (-,-) 
  g53405__6417/Z                    -       A->Z   F     NAND3X1        1   7.3   141    86    5451    (-,-) 
  g53330__2802/Z                    -       A->Z   R     NAND3X1        1   7.3   192   134    5585    (-,-) 
  g53289__2398/Z                    -       B->Z   F     NOR2X1         1   7.3   120   106    5691    (-,-) 
  g53228__7410/Z                    -       A->Z   R     NAND3X1        1   7.3   192   127    5818    (-,-) 
  g53196__9945/Z                    -       B->Z   F     NOR2X1         1   7.3   118   106    5923    (-,-) 
  g53146__2398/Z                    -       A->Z   R     NAND3X1        1  12.8   272   173    6096    (-,-) 
  g53120__6260/Z                    -       B->Z   R     XOR2X1         1   6.8   124   162    6258    (-,-) 
  g53080__2346/Z                    -       A->Z   F     NAND2X1        1   7.3   201    80    6337    (-,-) 
  g53054__2802/Z                    -       A->Z   R     NAND3X1        1   6.4   194   144    6482    (-,-) 
  csm_inst_right_reg_reg[1]/D       -       -      R     DFFQSRX1       1     -     -     0    6482    (-,-) 
#------------------------------------------------------------------------------------------------------------



Path 21: MET (43312 ps) Setup Check with Pin csm_inst_right_reg_reg[26]/CLK->D
          Group: C2C
     Startpoint: (R) csm_inst_round_counter_reg[3]/CLK
          Clock: (R) clk
       Endpoint: (R) csm_inst_right_reg_reg[26]/D
          Clock: (R) clk

                     Capture       Launch     
        Clock Edge:+   50000            0     
       Src Latency:+       0            0     
       Net Latency:+       0 (I)        0 (I) 
           Arrival:=   50000            0     
                                              
             Setup:-     211                  
     Required Time:=   49789                  
      Launch Clock:-       0                  
         Data Path:-    6477                  
             Slack:=   43312                  

#------------------------------------------------------------------------------------------------------------
#           Timing Point            Flags    Arc   Edge   Cell     Fanout  Load Trans Delay Arrival Instance 
#                                                                          (fF)  (ps)  (ps)   (ps)  Location 
#------------------------------------------------------------------------------------------------------------
  csm_inst_round_counter_reg[3]/CLK -       -      R     (arrival)    335     -     0     0       0    (-,-) 
  csm_inst_round_counter_reg[3]/Q   -       CLK->Q R     DFFQSRX1       8  36.3   543   425     425    (-,-) 
  g57298/Z                          -       A->Z   F     INVX2         49 211.5  1232   878    1302    (-,-) 
  drc_bufs57528/Z                   -       A->Z   R     INVX2         35 147.7  1197  1025    2328    (-,-) 
  g57205/Z                          -       A->Z   F     NAND2X1        3  15.1   340   208    2536    (-,-) 
  g56810/Z                          -       B->Z   R     NAND2X1        3  15.1   288   268    2803    (-,-) 
  g56089/Z                          -       B->Z   R     MUX2X1         2  11.0   185   188    2992    (-,-) 
  g55605/Z                          -       A->Z   F     NAND2X1        1   7.3   224    90    3082    (-,-) 
  g55294/Z                          -       A->Z   R     NAND3X1        1   7.3   212   158    3240    (-,-) 
  g55208/Z                          -       B->Z   F     NOR2X1         1   7.3   122   108    3348    (-,-) 
  g55085/Z                          -       A->Z   R     NAND3X1        1   6.8   199   124    3472    (-,-) 
  g54663/Z                          -       A->Z   F     NAND2X1        1   7.3   249    91    3563    (-,-) 
  g54388/Z                          -       A->Z   R     NAND3X1        1   7.7   199   169    3732    (-,-) 
  g54373/Z                          -       A->Z   F     INVX2          1   7.3    86    73    3805    (-,-) 
  g54339/Z                          -       A->Z   R     NAND3X1        1   7.3   197   116    3921    (-,-) 
  g54297/Z                          -       B->Z   F     NOR2X1         1   7.3   115   106    4028    (-,-) 
  g54260/Z                          -       A->Z   R     NAND3X1        1  12.8   272   172    4199    (-,-) 
  g54200/Z                          -       B->Z   R     XOR2X1         6  31.7   478   366    4566    (-,-) 
  g54186/Z                          -       A->Z   F     INVX2          7  33.8   278   234    4800    (-,-) 
  g53978__2398/Z                    -       A->Z   R     NOR2X1         5  25.6   403   297    5097    (-,-) 
  g53810__2398/Z                    -       B->Z   F     NOR2X1         3  17.8   246   215    5312    (-,-) 
  g53656__9945/Z                    -       B->Z   F     OR2X1          1   6.8    85   147    5459    (-,-) 
  g53344__2346/Z                    -       B->Z   R     NAND2X1        1   6.8   143   116    5576    (-,-) 
  g53301__5122/Z                    -       A->Z   F     NAND2X1        1   6.9   192    80    5656    (-,-) 
  g53264__8428/Z                    -       A->Z   R     NAND2X1        1   7.2   150   140    5796    (-,-) 
  g53223__9315/Z                    -       A->Z   F     NOR2X1         1   7.3   119   114    5909    (-,-) 
  g53208__5526/Z                    -       A->Z   R     NAND3X1        1  12.8   272   173    6082    (-,-) 
  g53159__7098/Z                    -       B->Z   R     XOR2X1         1   6.8   125   162    6244    (-,-) 
  g53136__4733/Z                    -       A->Z   F     NAND2X1        1   7.3   239    80    6323    (-,-) 
  g53091__6260/Z                    -       A->Z   R     NAND3X1        1   6.4   181   154    6477    (-,-) 
  csm_inst_right_reg_reg[26]/D      -       -      R     DFFQSRX1       1     -     -     0    6477    (-,-) 
#------------------------------------------------------------------------------------------------------------



Path 22: MET (43313 ps) Setup Check with Pin csm_inst_right_reg_reg[19]/CLK->D
          Group: C2C
     Startpoint: (R) csm_inst_round_counter_reg[3]/CLK
          Clock: (R) clk
       Endpoint: (F) csm_inst_right_reg_reg[19]/D
          Clock: (R) clk

                     Capture       Launch     
        Clock Edge:+   50000            0     
       Src Latency:+       0            0     
       Net Latency:+       0 (I)        0 (I) 
           Arrival:=   50000            0     
                                              
             Setup:-     218                  
     Required Time:=   49782                  
      Launch Clock:-       0                  
         Data Path:-    6469                  
             Slack:=   43313                  

#------------------------------------------------------------------------------------------------------------
#           Timing Point            Flags    Arc   Edge   Cell     Fanout  Load Trans Delay Arrival Instance 
#                                                                          (fF)  (ps)  (ps)   (ps)  Location 
#------------------------------------------------------------------------------------------------------------
  csm_inst_round_counter_reg[3]/CLK -       -      R     (arrival)    335     -     0     0       0    (-,-) 
  csm_inst_round_counter_reg[3]/Q   -       CLK->Q R     DFFQSRX1       8  36.3   543   425     425    (-,-) 
  g57298/Z                          -       A->Z   F     INVX2         49 211.5  1232   878    1302    (-,-) 
  drc_bufs57528/Z                   -       A->Z   R     INVX2         35 147.7  1197  1025    2328    (-,-) 
  g57185/Z                          -       A->Z   F     NAND2X1        3  15.1   340   208    2536    (-,-) 
  g57038/Z                          -       B->Z   R     NAND2X1        5  23.4   396   337    2873    (-,-) 
  g56095/Z                          -       A->Z   R     MUX2X1         2  11.0   186   193    3065    (-,-) 
  g55376/Z                          -       A->Z   F     NAND2X1        1   7.3   167    90    3156    (-,-) 
  g55303/Z                          -       A->Z   R     NAND3X1        1   7.3   196   142    3298    (-,-) 
  g55175/Z                          -       B->Z   F     NOR2X1         1   7.3   124   106    3404    (-,-) 
  g55031/Z                          -       A->Z   R     NAND3X1        1   6.8   194   124    3528    (-,-) 
  g54626/Z                          -       A->Z   F     NAND2X1        1   7.3   138    91    3619    (-,-) 
  g54375/Z                          -       A->Z   R     NAND3X1        1   7.7   212   137    3756    (-,-) 
  g54370/Z                          -       A->Z   F     INVX2          1   7.3    88    74    3830    (-,-) 
  g54324/Z                          -       A->Z   R     NAND3X1        1   7.3   193   117    3947    (-,-) 
  g54281/Z                          -       B->Z   F     NOR2X1         1   7.3   115   106    4053    (-,-) 
  g54243/Z                          -       A->Z   R     NAND3X1        1  12.8   272   172    4224    (-,-) 
  g54203/Z                          -       B->Z   R     XOR2X1         7  41.5   620   447    4671    (-,-) 
  g54189/Z                          -       A->Z   F     INVX2          7  33.7   308   253    4924    (-,-) 
  g54101__1881/Z                    -       B->Z   R     NOR2X1         7  34.3   522   386    5309    (-,-) 
  g54022__3680/Z                    -       A->Z   F     NAND2X1        1   7.2   164   110    5419    (-,-) 
  g53490__5477/Z                    -       C->Z   R     NAND3X1        1   6.8   186   174    5594    (-,-) 
  g53342__9945/Z                    -       A->Z   F     NAND2X1        1   6.8   117    87    5680    (-,-) 
  g53313__2346/Z                    -       B->Z   R     NAND2X1        1   7.2   152   130    5811    (-,-) 
  g53231__2398/Z                    -       A->Z   F     NOR2X1         1   7.3   119   114    5924    (-,-) 
  g53207__8428/Z                    -       A->Z   R     NAND3X1        1  12.8   273   173    6097    (-,-) 
  g53155__2802/Z                    -       B->Z   R     XOR2X1         1   7.3   131   166    6263    (-,-) 
  g53125__3680/Z                    -       B->Z   R     OR2X1          1   7.3   126   132    6395    (-,-) 
  g53101__8246/Z                    -       A->Z   F     NAND3X1        1   6.4   110    73    6469    (-,-) 
  csm_inst_right_reg_reg[19]/D      -       -      F     DFFQSRX1       1     -     -     0    6469    (-,-) 
#------------------------------------------------------------------------------------------------------------



Path 23: MET (43344 ps) Setup Check with Pin csm_inst_right_reg_reg[15]/CLK->D
          Group: C2C
     Startpoint: (R) csm_inst_round_counter_reg[3]/CLK
          Clock: (R) clk
       Endpoint: (F) csm_inst_right_reg_reg[15]/D
          Clock: (R) clk

                     Capture       Launch     
        Clock Edge:+   50000            0     
       Src Latency:+       0            0     
       Net Latency:+       0 (I)        0 (I) 
           Arrival:=   50000            0     
                                              
             Setup:-     222                  
     Required Time:=   49778                  
      Launch Clock:-       0                  
         Data Path:-    6434                  
             Slack:=   43344                  

#------------------------------------------------------------------------------------------------------------
#           Timing Point            Flags    Arc   Edge   Cell     Fanout  Load Trans Delay Arrival Instance 
#                                                                          (fF)  (ps)  (ps)   (ps)  Location 
#------------------------------------------------------------------------------------------------------------
  csm_inst_round_counter_reg[3]/CLK -       -      R     (arrival)    335     -     0     0       0    (-,-) 
  csm_inst_round_counter_reg[3]/Q   -       CLK->Q R     DFFQSRX1       8  36.3   543   425     425    (-,-) 
  g57298/Z                          -       A->Z   F     INVX2         49 211.5  1232   878    1302    (-,-) 
  drc_bufs57528/Z                   -       A->Z   R     INVX2         35 147.7  1197  1025    2328    (-,-) 
  g57073/Z                          -       A->Z   F     NAND2X1        3  15.4   343   212    2539    (-,-) 
  g56845/Z                          -       A->Z   R     NAND2X1        4  19.3   347   290    2830    (-,-) 
  g56084/Z                          -       B->Z   R     MUX2X1         2  11.0   185   191    3020    (-,-) 
  g55581/Z                          -       A->Z   F     NAND2X1        1   6.9   219    87    3108    (-,-) 
  g55341/Z                          -       A->Z   R     NAND2X1        1   7.3   168   148    3255    (-,-) 
  g55205/Z                          -       B->Z   F     NOR2X1         1   7.3   121   101    3356    (-,-) 
  g55112/Z                          -       A->Z   R     NAND3X1        1   6.8   205   124    3480    (-,-) 
  g54655/Z                          -       A->Z   F     NAND2X1        1   7.3   166    92    3572    (-,-) 
  g54515/Z                          -       A->Z   R     NAND3X1        1   7.3   205   142    3714    (-,-) 
  g54385/Z                          -       B->Z   F     NOR2X1         1   7.3   122   107    3821    (-,-) 
  g54353/Z                          -       A->Z   R     NAND3X1        1  12.8   273   174    3994    (-,-) 
  g54264/Z                          -       B->Z   R     XOR2X1        12  55.6   824   562    4557    (-,-) 
  g54175/Z                          -       A->Z   F     NOR2X1         7  33.3   478   414    4971    (-,-) 
  g53973__2346/Z                    -       B->Z   R     NAND2X1        5  25.9   450   400    5371    (-,-) 
  g53753__5477/Z                    -       B->Z   F     NOR2X1         1   7.2   162   132    5503    (-,-) 
  g53452__7482/Z                    -       A->Z   R     NOR2X1         1   7.3   153   129    5632    (-,-) 
  g53310__9315/Z                    -       A->Z   F     NAND3X1        1   7.3   118    83    5715    (-,-) 
  g53272__8246/Z                    -       B->Z   R     NOR2X1         1   6.8   137   109    5824    (-,-) 
  g53241__1705/Z                    -       A->Z   R     AND2X1         1   7.3   124   122    5946    (-,-) 
  g53192__7482/Z                    -       A->Z   F     NAND3X1        1  12.8   142   107    6054    (-,-) 
  g53164__4733/Z                    -       B->Z   F     XOR2X1         1   6.9   108   176    6230    (-,-) 
  g53133__1881/Z                    -       A->Z   R     NAND2X1        1   7.3   295   115    6344    (-,-) 
  g53099__1705/Z                    -       A->Z   F     NAND3X1        1   6.4   122    90    6434    (-,-) 
  csm_inst_right_reg_reg[15]/D      -       -      F     DFFQSRX1       1     -     -     0    6434    (-,-) 
#------------------------------------------------------------------------------------------------------------



Path 24: MET (43361 ps) Setup Check with Pin csm_inst_right_reg_reg[30]/CLK->D
          Group: C2C
     Startpoint: (R) csm_inst_round_counter_reg[3]/CLK
          Clock: (R) clk
       Endpoint: (F) csm_inst_right_reg_reg[30]/D
          Clock: (R) clk

                     Capture       Launch     
        Clock Edge:+   50000            0     
       Src Latency:+       0            0     
       Net Latency:+       0 (I)        0 (I) 
           Arrival:=   50000            0     
                                              
             Setup:-     222                  
     Required Time:=   49778                  
      Launch Clock:-       0                  
         Data Path:-    6416                  
             Slack:=   43361                  

#------------------------------------------------------------------------------------------------------------
#           Timing Point            Flags    Arc   Edge   Cell     Fanout  Load Trans Delay Arrival Instance 
#                                                                          (fF)  (ps)  (ps)   (ps)  Location 
#------------------------------------------------------------------------------------------------------------
  csm_inst_round_counter_reg[3]/CLK -       -      R     (arrival)    335     -     0     0       0    (-,-) 
  csm_inst_round_counter_reg[3]/Q   -       CLK->Q R     DFFQSRX1       8  36.3   543   425     425    (-,-) 
  g57298/Z                          -       A->Z   F     INVX2         49 211.5  1232   878    1302    (-,-) 
  drc_bufs57528/Z                   -       A->Z   R     INVX2         35 147.7  1197  1025    2328    (-,-) 
  g57185/Z                          -       A->Z   F     NAND2X1        3  15.1   340   208    2536    (-,-) 
  g57038/Z                          -       B->Z   R     NAND2X1        5  23.4   396   337    2873    (-,-) 
  g56095/Z                          -       A->Z   R     MUX2X1         2  11.0   186   193    3065    (-,-) 
  g55376/Z                          -       A->Z   F     NAND2X1        1   7.3   167    90    3156    (-,-) 
  g55303/Z                          -       A->Z   R     NAND3X1        1   7.3   196   142    3298    (-,-) 
  g55175/Z                          -       B->Z   F     NOR2X1         1   7.3   124   106    3404    (-,-) 
  g55031/Z                          -       A->Z   R     NAND3X1        1   6.8   194   124    3528    (-,-) 
  g54626/Z                          -       A->Z   F     NAND2X1        1   7.3   138    91    3619    (-,-) 
  g54375/Z                          -       A->Z   R     NAND3X1        1   7.7   212   137    3756    (-,-) 
  g54370/Z                          -       A->Z   F     INVX2          1   7.3    88    74    3830    (-,-) 
  g54324/Z                          -       A->Z   R     NAND3X1        1   7.3   193   117    3947    (-,-) 
  g54281/Z                          -       B->Z   F     NOR2X1         1   7.3   115   106    4053    (-,-) 
  g54243/Z                          -       A->Z   R     NAND3X1        1  12.8   272   172    4224    (-,-) 
  g54203/Z                          -       B->Z   R     XOR2X1         7  41.5   620   447    4671    (-,-) 
  g54189/Z                          -       A->Z   F     INVX2          7  33.7   308   253    4924    (-,-) 
  g54097__5122/Z                    -       A->Z   R     NAND2X1        4  21.1   355   294    5217    (-,-) 
  g54037__2883/Z                    -       B->Z   F     NOR2X1         3  16.1   229   194    5411    (-,-) 
  g53565__1881/Z                    -       A->Z   R     NAND3X1        1   7.2   232   159    5570    (-,-) 
  g53398__6161/Z                    -       B->Z   F     NAND3X1        1   7.7   120    97    5667    (-,-) 
  g53373/Z                          -       A->Z   R     INVX2          1   7.3    82    76    5743    (-,-) 
  g53261__5107/Z                    -       A->Z   F     NAND3X1        1   7.3   110    71    5814    (-,-) 
  g53247__5115/Z                    -       B->Z   R     NOR2X1         1   7.3   142   111    5925    (-,-) 
  g53195__9315/Z                    -       A->Z   F     NAND3X1        1  12.8   143   111    6036    (-,-) 
  g53163__7482/Z                    -       B->Z   F     XOR2X1         1   6.9   108   176    6212    (-,-) 
  g53127__2802/Z                    -       A->Z   R     NAND2X1        1   7.3   295   115    6327    (-,-) 
  g53094__5526/Z                    -       A->Z   F     NAND3X1        1   6.4   122    90    6416    (-,-) 
  csm_inst_right_reg_reg[30]/D      -       -      F     DFFQSRX1       1     -     -     0    6416    (-,-) 
#------------------------------------------------------------------------------------------------------------



Path 25: MET (43384 ps) Setup Check with Pin csm_inst_right_reg_reg[18]/CLK->D
          Group: C2C
     Startpoint: (R) csm_inst_round_counter_reg[3]/CLK
          Clock: (R) clk
       Endpoint: (F) csm_inst_right_reg_reg[18]/D
          Clock: (R) clk

                     Capture       Launch     
        Clock Edge:+   50000            0     
       Src Latency:+       0            0     
       Net Latency:+       0 (I)        0 (I) 
           Arrival:=   50000            0     
                                              
             Setup:-     221                  
     Required Time:=   49779                  
      Launch Clock:-       0                  
         Data Path:-    6395                  
             Slack:=   43384                  

#------------------------------------------------------------------------------------------------------------
#           Timing Point            Flags    Arc   Edge   Cell     Fanout  Load Trans Delay Arrival Instance 
#                                                                          (fF)  (ps)  (ps)   (ps)  Location 
#------------------------------------------------------------------------------------------------------------
  csm_inst_round_counter_reg[3]/CLK -       -      R     (arrival)    335     -     0     0       0    (-,-) 
  csm_inst_round_counter_reg[3]/Q   -       CLK->Q R     DFFQSRX1       8  36.3   543   425     425    (-,-) 
  g57298/Z                          -       A->Z   F     INVX2         49 211.5  1232   878    1302    (-,-) 
  drc_bufs57528/Z                   -       A->Z   R     INVX2         35 147.7  1197  1025    2328    (-,-) 
  g57191/Z                          -       A->Z   F     NAND2X1        3  15.3   342   210    2538    (-,-) 
  g56875/Z                          -       A->Z   R     NAND2X1        4  19.3   347   290    2828    (-,-) 
  g56027/Z                          -       B->Z   R     MUX2X1         2  11.0   185   191    3019    (-,-) 
  g55583/Z                          -       A->Z   F     NAND2X1        1   7.3   224    90    3109    (-,-) 
  g55297/Z                          -       A->Z   R     NAND3X1        1   7.3   196   158    3268    (-,-) 
  g55198/Z                          -       B->Z   F     NOR2X1         1   7.3   122   106    3374    (-,-) 
  g54624/Z                          -       A->Z   R     NAND3X1        1   6.8   201   124    3497    (-,-) 
  g54545/Z                          -       A->Z   F     NAND2X1        1   7.3   166    92    3589    (-,-) 
  g54345/Z                          -       A->Z   R     NAND3X1        1   7.3   201   142    3731    (-,-) 
  g54289/Z                          -       B->Z   F     NOR2X1         1   7.3   116   106    3837    (-,-) 
  g54216/Z                          -       A->Z   R     NAND3X1        1  12.8   272   172    4009    (-,-) 
  g54154/Z                          -       B->Z   R     XOR2X1         9  43.8   653   466    4475    (-,-) 
  g54118/Z                          -       A->Z   F     INVX2          5  24.8   264   209    4684    (-,-) 
  g54053__1705/Z                    -       B->Z   R     NOR2X1         4  21.0   342   266    4949    (-,-) 
  g53996/Z                          -       A->Z   F     INVX2          5  24.8   204   173    5122    (-,-) 
  g53906__2398/Z                    -       A->Z   R     NAND2X1        4  21.2   352   260    5382    (-,-) 
  g53819/Z                          -       A->Z   F     INVX2          1   7.3   110    84    5466    (-,-) 
  g53527__1617/Z                    -       A->Z   R     NAND3X1        1   6.8   231   120    5586    (-,-) 
  g53375__1666/Z                    -       A->Z   R     AND2X1         1   7.3   124   128    5714    (-,-) 
  g53291__6260/Z                    -       A->Z   F     NAND3X1        1   7.3   110    78    5792    (-,-) 
  g53242__5122/Z                    -       B->Z   R     NOR2X1         1   7.3   142   111    5904    (-,-) 
  g53233__6260/Z                    -       A->Z   F     NAND3X1        1  12.8   150   111    6014    (-,-) 
  g53176__5107/Z                    -       B->Z   F     XOR2X1         1   6.9   108   178    6193    (-,-) 
  g53142__1666/Z                    -       A->Z   R     NAND2X1        1   7.3   272   115    6307    (-,-) 
  g53104__1881/Z                    -       A->Z   F     NAND3X1        1   6.4   118    88    6395    (-,-) 
  csm_inst_right_reg_reg[18]/D      -       -      F     DFFQSRX1       1     -     -     0    6395    (-,-) 
#------------------------------------------------------------------------------------------------------------



Path 26: MET (43390 ps) Setup Check with Pin csm_inst_right_reg_reg[2]/CLK->D
          Group: C2C
     Startpoint: (R) csm_inst_round_counter_reg[3]/CLK
          Clock: (R) clk
       Endpoint: (R) csm_inst_right_reg_reg[2]/D
          Clock: (R) clk

                     Capture       Launch     
        Clock Edge:+   50000            0     
       Src Latency:+       0            0     
       Net Latency:+       0 (I)        0 (I) 
           Arrival:=   50000            0     
                                              
             Setup:-     211                  
     Required Time:=   49789                  
      Launch Clock:-       0                  
         Data Path:-    6399                  
             Slack:=   43390                  

#------------------------------------------------------------------------------------------------------------
#           Timing Point            Flags    Arc   Edge   Cell     Fanout  Load Trans Delay Arrival Instance 
#                                                                          (fF)  (ps)  (ps)   (ps)  Location 
#------------------------------------------------------------------------------------------------------------
  csm_inst_round_counter_reg[3]/CLK -       -      R     (arrival)    335     -     0     0       0    (-,-) 
  csm_inst_round_counter_reg[3]/Q   -       CLK->Q R     DFFQSRX1       8  36.3   543   425     425    (-,-) 
  g57298/Z                          -       A->Z   F     INVX2         49 211.5  1232   878    1302    (-,-) 
  drc_bufs57528/Z                   -       A->Z   R     INVX2         35 147.7  1197  1025    2328    (-,-) 
  g57205/Z                          -       A->Z   F     NAND2X1        3  15.1   340   208    2536    (-,-) 
  g56810/Z                          -       B->Z   R     NAND2X1        3  15.1   288   268    2803    (-,-) 
  g56089/Z                          -       B->Z   R     MUX2X1         2  11.0   185   188    2992    (-,-) 
  g55605/Z                          -       A->Z   F     NAND2X1        1   7.3   224    90    3082    (-,-) 
  g55294/Z                          -       A->Z   R     NAND3X1        1   7.3   212   158    3240    (-,-) 
  g55208/Z                          -       B->Z   F     NOR2X1         1   7.3   122   108    3348    (-,-) 
  g55085/Z                          -       A->Z   R     NAND3X1        1   6.8   199   124    3472    (-,-) 
  g54663/Z                          -       A->Z   F     NAND2X1        1   7.3   249    91    3563    (-,-) 
  g54388/Z                          -       A->Z   R     NAND3X1        1   7.7   199   169    3732    (-,-) 
  g54373/Z                          -       A->Z   F     INVX2          1   7.3    86    73    3805    (-,-) 
  g54339/Z                          -       A->Z   R     NAND3X1        1   7.3   197   116    3921    (-,-) 
  g54297/Z                          -       B->Z   F     NOR2X1         1   7.3   115   106    4028    (-,-) 
  g54260/Z                          -       A->Z   R     NAND3X1        1  12.8   272   172    4199    (-,-) 
  g54200/Z                          -       B->Z   R     XOR2X1         6  31.7   478   366    4566    (-,-) 
  g54186/Z                          -       A->Z   F     INVX2          7  33.8   278   234    4800    (-,-) 
  g53978__2398/Z                    -       A->Z   R     NOR2X1         5  25.6   403   297    5097    (-,-) 
  g53810__2398/Z                    -       B->Z   F     NOR2X1         3  17.8   246   215    5312    (-,-) 
  g53517__6417/Z                    -       S->Z   R     MUX2X1         1   6.8   124   210    5522    (-,-) 
  g53343__2883/Z                    -       A->Z   F     NAND2X1        1   6.9   126    77    5599    (-,-) 
  g53298__1617/Z                    -       A->Z   R     NAND2X1        1   7.2   149   120    5718    (-,-) 
  g53200__7410/Z                    -       A->Z   F     NOR2X1         1   7.3   118   113    5832    (-,-) 
  g53180__5526/Z                    -       A->Z   R     NAND3X1        1  12.8   272   173    6004    (-,-) 
  g53138__9315/Z                    -       B->Z   R     XOR2X1         1   6.8   125   162    6166    (-,-) 
  g53107__4733/Z                    -       A->Z   F     NAND2X1        1   7.3   239    80    6246    (-,-) 
  g53074__9315/Z                    -       A->Z   R     NAND3X1        1   6.4   181   154    6399    (-,-) 
  csm_inst_right_reg_reg[2]/D       -       -      R     DFFQSRX1       1     -     -     0    6399    (-,-) 
#------------------------------------------------------------------------------------------------------------



Path 27: MET (43398 ps) Setup Check with Pin csm_inst_right_reg_reg[7]/CLK->D
          Group: C2C
     Startpoint: (R) csm_inst_round_counter_reg[3]/CLK
          Clock: (R) clk
       Endpoint: (F) csm_inst_right_reg_reg[7]/D
          Clock: (R) clk

                     Capture       Launch     
        Clock Edge:+   50000            0     
       Src Latency:+       0            0     
       Net Latency:+       0 (I)        0 (I) 
           Arrival:=   50000            0     
                                              
             Setup:-     222                  
     Required Time:=   49778                  
      Launch Clock:-       0                  
         Data Path:-    6380                  
             Slack:=   43398                  

#------------------------------------------------------------------------------------------------------------
#           Timing Point            Flags    Arc   Edge   Cell     Fanout  Load Trans Delay Arrival Instance 
#                                                                          (fF)  (ps)  (ps)   (ps)  Location 
#------------------------------------------------------------------------------------------------------------
  csm_inst_round_counter_reg[3]/CLK -       -      R     (arrival)    335     -     0     0       0    (-,-) 
  csm_inst_round_counter_reg[3]/Q   -       CLK->Q R     DFFQSRX1       8  36.3   543   425     425    (-,-) 
  g57298/Z                          -       A->Z   F     INVX2         49 211.5  1232   878    1302    (-,-) 
  drc_bufs57528/Z                   -       A->Z   R     INVX2         35 147.7  1197  1025    2328    (-,-) 
  g57155/Z                          -       A->Z   F     NAND2X1        3  15.2   341   209    2537    (-,-) 
  g56834/Z                          -       B->Z   R     NAND2X1        4  19.3   341   304    2841    (-,-) 
  g56049/Z                          -       A->Z   R     MUX2X1         2  11.0   184   191    3032    (-,-) 
  g55502/Z                          -       A->Z   F     NAND2X1        1   7.2   197    89    3121    (-,-) 
  g57548/Z                          -       B->Z   R     NAND3X1        1   7.2   222   171    3292    (-,-) 
  g57547/Z                          -       A->Z   R     OR2X1          1   6.8   117   164    3456    (-,-) 
  g54656/Z                          -       A->Z   F     NAND2X1        1   7.3   249    78    3535    (-,-) 
  g54355/Z                          -       A->Z   R     NAND3X1        1   7.3   208   165    3700    (-,-) 
  g54312/Z                          -       B->Z   F     NOR2X1         1   7.3   117   107    3807    (-,-) 
  g54305/Z                          -       A->Z   R     NAND3X1        1  12.8   277   172    3980    (-,-) 
  g54237/Z                          -       B->Z   R     XOR2X1        13  62.0   916   615    4595    (-,-) 
  g54226/Z                          -       A->Z   F     INVX2          4  20.1   277   201    4796    (-,-) 
  g54147__7098/Z                    -       B->Z   R     NAND2X1        5  25.9   426   336    5132    (-,-) 
  g54113/Z                          -       A->Z   F     INVX2          4  20.2   199   163    5295    (-,-) 
  g54007__9315/Z                    -       A->Z   R     NAND2X1        1   6.8   172   138    5433    (-,-) 
  g53583__5526/Z                    -       B->Z   R     AND2X1         1   7.3   124   128    5561    (-,-) 
  g53440__5526/Z                    -       B->Z   R     OR2X1          1   6.8   118   127    5689    (-,-) 
  g53340__6161/Z                    -       A->Z   F     NAND2X1        1   7.2   104    78    5766    (-,-) 
  g53198__2346/Z                    -       A->Z   R     NOR2X1         1   7.3   142   119    5886    (-,-) 
  g53147__5107/Z                    -       A->Z   F     NAND3X1        1  12.8   151   111    5996    (-,-) 
  g53118__2398/Z                    -       B->Z   F     XOR2X1         1   6.9   109   179    6175    (-,-) 
  g53082__7410/Z                    -       A->Z   R     NAND2X1        1   7.3   295   115    6290    (-,-) 
  g53055__1705/Z                    -       A->Z   F     NAND3X1        1   6.4   122    90    6380    (-,-) 
  csm_inst_right_reg_reg[7]/D       -       -      F     DFFQSRX1       1     -     -     0    6380    (-,-) 
#------------------------------------------------------------------------------------------------------------



Path 28: MET (43429 ps) Setup Check with Pin csm_inst_right_reg_reg[6]/CLK->D
          Group: C2C
     Startpoint: (R) csm_inst_round_counter_reg[3]/CLK
          Clock: (R) clk
       Endpoint: (R) csm_inst_right_reg_reg[6]/D
          Clock: (R) clk

                     Capture       Launch     
        Clock Edge:+   50000            0     
       Src Latency:+       0            0     
       Net Latency:+       0 (I)        0 (I) 
           Arrival:=   50000            0     
                                              
             Setup:-     211                  
     Required Time:=   49789                  
      Launch Clock:-       0                  
         Data Path:-    6360                  
             Slack:=   43429                  

#------------------------------------------------------------------------------------------------------------
#           Timing Point            Flags    Arc   Edge   Cell     Fanout  Load Trans Delay Arrival Instance 
#                                                                          (fF)  (ps)  (ps)   (ps)  Location 
#------------------------------------------------------------------------------------------------------------
  csm_inst_round_counter_reg[3]/CLK -       -      R     (arrival)    335     -     0     0       0    (-,-) 
  csm_inst_round_counter_reg[3]/Q   -       CLK->Q R     DFFQSRX1       8  36.3   543   425     425    (-,-) 
  g57298/Z                          -       A->Z   F     INVX2         49 211.5  1232   878    1302    (-,-) 
  drc_bufs57528/Z                   -       A->Z   R     INVX2         35 147.7  1197  1025    2328    (-,-) 
  g57207/Z                          -       A->Z   F     NAND2X1        3  15.1   340   208    2536    (-,-) 
  g57026/Z                          -       B->Z   R     NAND2X1        4  19.3   341   304    2839    (-,-) 
  g56081/Z                          -       B->Z   R     MUX2X1         2  11.0   185   190    3030    (-,-) 
  g55681/Z                          -       A->Z   F     NAND2X1        1   7.3   167    90    3120    (-,-) 
  g57542/Z                          -       A->Z   R     NAND3X1        1   7.2   215   142    3262    (-,-) 
  g57541/Z                          -       A->Z   R     OR2X1          1   6.8   117   163    3425    (-,-) 
  g54653/Z                          -       A->Z   F     NAND2X1        1   7.3   166    78    3503    (-,-) 
  g54517/Z                          -       A->Z   R     NAND3X1        1   7.3   201   142    3645    (-,-) 
  g54361/Z                          -       B->Z   F     NOR2X1         1   7.3   116   106    3752    (-,-) 
  g54307/Z                          -       A->Z   R     NAND3X1        1  12.8   280   172    3924    (-,-) 
  g54236/Z                          -       B->Z   R     XOR2X1        11  52.4   778   537    4460    (-,-) 
  g54225/Z                          -       A->Z   F     INVX2          6  30.8   324   256    4717    (-,-) 
  g54092__6783/Z                    -       A->Z   R     NOR2X1         5  24.8   400   299    5016    (-,-) 
  g54058/Z                          -       A->Z   F     INVX2          1   7.3   117    88    5103    (-,-) 
  g54025__1705/Z                    -       B->Z   R     NOR2X1         2  11.0   216   143    5247    (-,-) 
  g53848__6417/Z                    -       A->Z   F     NAND2X1        1   7.2   114    92    5339    (-,-) 
  g53400__9945/Z                    -       B->Z   R     NAND3X1        1   7.7   199   148    5487    (-,-) 
  g53374/Z                          -       A->Z   F     INVX2          1   7.3    86    73    5560    (-,-) 
  g53325__8428/Z                    -       A->Z   R     NAND3X1        1   7.2   193   116    5676    (-,-) 
  g53281__9315/Z                    -       A->Z   F     NOR2X1         1   7.3   127   124    5799    (-,-) 
  g53219__5115/Z                    -       A->Z   R     NAND3X1        1  12.8   272   175    5974    (-,-) 
  g53177__6260/Z                    -       B->Z   R     XOR2X1         1   6.8   125   162    6136    (-,-) 
  g53145__5477/Z                    -       A->Z   F     NAND2X1        1   7.3   201    80    6216    (-,-) 
  g53110__9945/Z                    -       A->Z   R     NAND3X1        1   6.4   181   144    6360    (-,-) 
  csm_inst_right_reg_reg[6]/D       -       -      R     DFFQSRX1       1     -     -     0    6360    (-,-) 
#------------------------------------------------------------------------------------------------------------



Path 29: MET (43437 ps) Setup Check with Pin csm_inst_right_reg_reg[20]/CLK->D
          Group: C2C
     Startpoint: (R) csm_inst_round_counter_reg[3]/CLK
          Clock: (R) clk
       Endpoint: (R) csm_inst_right_reg_reg[20]/D
          Clock: (R) clk

                     Capture       Launch     
        Clock Edge:+   50000            0     
       Src Latency:+       0            0     
       Net Latency:+       0 (I)        0 (I) 
           Arrival:=   50000            0     
                                              
             Setup:-     212                  
     Required Time:=   49788                  
      Launch Clock:-       0                  
         Data Path:-    6350                  
             Slack:=   43437                  

#------------------------------------------------------------------------------------------------------------
#           Timing Point            Flags    Arc   Edge   Cell     Fanout  Load Trans Delay Arrival Instance 
#                                                                          (fF)  (ps)  (ps)   (ps)  Location 
#------------------------------------------------------------------------------------------------------------
  csm_inst_round_counter_reg[3]/CLK -       -      R     (arrival)    335     -     0     0       0    (-,-) 
  csm_inst_round_counter_reg[3]/Q   -       CLK->Q R     DFFQSRX1       8  36.3   543   425     425    (-,-) 
  g57298/Z                          -       A->Z   F     INVX2         49 211.5  1232   878    1302    (-,-) 
  drc_bufs57528/Z                   -       A->Z   R     INVX2         35 147.7  1197  1025    2328    (-,-) 
  g57167/Z                          -       A->Z   F     NAND2X1        3  15.1   340   208    2536    (-,-) 
  g56995/Z                          -       B->Z   R     NAND2X1        3  15.1   288   268    2803    (-,-) 
  g56492/Z                          -       A->Z   F     NAND2X1        1   6.8   254    94    2898    (-,-) 
  g55340/Z                          -       B->Z   R     NAND2X1        1   7.3   174   172    3070    (-,-) 
  g55169/Z                          -       B->Z   F     NOR2X1         1   7.3   120   102    3172    (-,-) 
  g54665/Z                          -       A->Z   R     NAND3X1        1   6.8   210   123    3296    (-,-) 
  g54526/Z                          -       A->Z   F     NAND2X1        1   7.3   149    92    3388    (-,-) 
  g54323/Z                          -       A->Z   R     NAND3X1        1   7.3   202   137    3525    (-,-) 
  g54280/Z                          -       B->Z   F     NOR2X1         1   7.3   116   107    3631    (-,-) 
  g54210/Z                          -       A->Z   R     NAND3X1        1  12.8   272   172    3803    (-,-) 
  g54149__1881/Z                    -       B->Z   R     XOR2X1        10  47.2   702   494    4297    (-,-) 
  g53982__8428/Z                    -       A->Z   F     NAND2X1        5  25.4   355   272    4569    (-,-) 
  g53927/Z                          -       A->Z   R     INVX2          3  16.0   188   175    4743    (-,-) 
  g53813__4319/Z                    -       B->Z   F     NOR2X1         6  36.0   389   273    5016    (-,-) 
  g53534__1881/Z                    -       B->Z   R     XOR2X1         2  12.0   234   246    5263    (-,-) 
  g53333__8246/Z                    -       A->Z   F     NAND3X1        1   7.3   126    92    5355    (-,-) 
  g53262__6260/Z                    -       A->Z   R     NAND3X1        1   7.7   199   133    5488    (-,-) 
  g53259/Z                          -       A->Z   F     INVX2          1   7.3    86    73    5560    (-,-) 
  g53256__7410/Z                    -       A->Z   R     NAND3X1        1   7.3   192   116    5677    (-,-) 
  g53209__6783/Z                    -       B->Z   F     NOR2X1         1   7.3   120   106    5782    (-,-) 
  g53182__3680/Z                    -       A->Z   R     NAND3X1        1  12.8   272   173    5956    (-,-) 
  g53139__9945/Z                    -       B->Z   R     XOR2X1         1   6.8   124   162    6117    (-,-) 
  g53108__6161/Z                    -       A->Z   F     NAND2X1        1   7.3   239    80    6197    (-,-) 
  g53069__1881/Z                    -       A->Z   R     NAND3X1        1   6.4   190   154    6350    (-,-) 
  csm_inst_right_reg_reg[20]/D      -       -      R     DFFQSRX1       1     -     -     0    6350    (-,-) 
#------------------------------------------------------------------------------------------------------------



Path 30: MET (43462 ps) Setup Check with Pin csm_inst_right_reg_reg[29]/CLK->D
          Group: C2C
     Startpoint: (R) csm_inst_round_counter_reg[3]/CLK
          Clock: (R) clk
       Endpoint: (R) csm_inst_right_reg_reg[29]/D
          Clock: (R) clk

                     Capture       Launch     
        Clock Edge:+   50000            0     
       Src Latency:+       0            0     
       Net Latency:+       0 (I)        0 (I) 
           Arrival:=   50000            0     
                                              
             Setup:-     211                  
     Required Time:=   49789                  
      Launch Clock:-       0                  
         Data Path:-    6327                  
             Slack:=   43462                  

#------------------------------------------------------------------------------------------------------------
#           Timing Point            Flags    Arc   Edge   Cell     Fanout  Load Trans Delay Arrival Instance 
#                                                                          (fF)  (ps)  (ps)   (ps)  Location 
#------------------------------------------------------------------------------------------------------------
  csm_inst_round_counter_reg[3]/CLK -       -      R     (arrival)    335     -     0     0       0    (-,-) 
  csm_inst_round_counter_reg[3]/Q   -       CLK->Q R     DFFQSRX1       8  36.3   543   425     425    (-,-) 
  g57298/Z                          -       A->Z   F     INVX2         49 211.5  1232   878    1302    (-,-) 
  drc_bufs57528/Z                   -       A->Z   R     INVX2         35 147.7  1197  1025    2328    (-,-) 
  g57191/Z                          -       A->Z   F     NAND2X1        3  15.3   342   210    2538    (-,-) 
  g56875/Z                          -       A->Z   R     NAND2X1        4  19.3   347   290    2828    (-,-) 
  g56027/Z                          -       B->Z   R     MUX2X1         2  11.0   185   191    3019    (-,-) 
  g55583/Z                          -       A->Z   F     NAND2X1        1   7.3   224    90    3109    (-,-) 
  g55297/Z                          -       A->Z   R     NAND3X1        1   7.3   196   158    3268    (-,-) 
  g55198/Z                          -       B->Z   F     NOR2X1         1   7.3   122   106    3374    (-,-) 
  g54624/Z                          -       A->Z   R     NAND3X1        1   6.8   201   124    3497    (-,-) 
  g54545/Z                          -       A->Z   F     NAND2X1        1   7.3   166    92    3589    (-,-) 
  g54345/Z                          -       A->Z   R     NAND3X1        1   7.3   201   142    3731    (-,-) 
  g54289/Z                          -       B->Z   F     NOR2X1         1   7.3   116   106    3837    (-,-) 
  g54216/Z                          -       A->Z   R     NAND3X1        1  12.8   272   172    4009    (-,-) 
  g54154/Z                          -       B->Z   R     XOR2X1         9  43.8   653   466    4475    (-,-) 
  g54118/Z                          -       A->Z   F     INVX2          5  24.8   264   209    4684    (-,-) 
  g54053__1705/Z                    -       B->Z   R     NOR2X1         4  21.0   342   266    4949    (-,-) 
  g53996/Z                          -       A->Z   F     INVX2          5  24.8   204   173    5122    (-,-) 
  g53906__2398/Z                    -       A->Z   R     NAND2X1        4  21.2   352   260    5382    (-,-) 
  g53663__2398/Z                    -       A->Z   F     NAND2X1        1   6.8   135    99    5482    (-,-) 
  g53425__4733/Z                    -       B->Z   R     NAND2X1        1   6.8   148   132    5614    (-,-) 
  g53355__6783/Z                    -       A->Z   F     NAND2X1        1   7.2   196    83    5697    (-,-) 
  g53220__7482/Z                    -       C->Z   R     NAND3X1        1  12.8   274   235    5932    (-,-) 
  g53179__8428/Z                    -       B->Z   R     XOR2X1         1   6.8   124   162    6094    (-,-) 
  g53144__6417/Z                    -       A->Z   F     NAND2X1        1   7.3   239    80    6173    (-,-) 
  g53109__9315/Z                    -       A->Z   R     NAND3X1        1   6.4   181   154    6327    (-,-) 
  csm_inst_right_reg_reg[29]/D      -       -      R     DFFQSRX1       1     -     -     0    6327    (-,-) 
#------------------------------------------------------------------------------------------------------------



Path 31: MET (43500 ps) Setup Check with Pin csm_inst_right_reg_reg[21]/CLK->D
          Group: C2C
     Startpoint: (R) csm_inst_round_counter_reg[3]/CLK
          Clock: (R) clk
       Endpoint: (F) csm_inst_right_reg_reg[21]/D
          Clock: (R) clk

                     Capture       Launch     
        Clock Edge:+   50000            0     
       Src Latency:+       0            0     
       Net Latency:+       0 (I)        0 (I) 
           Arrival:=   50000            0     
                                              
             Setup:-     218                  
     Required Time:=   49782                  
      Launch Clock:-       0                  
         Data Path:-    6282                  
             Slack:=   43500                  

#------------------------------------------------------------------------------------------------------------
#           Timing Point            Flags    Arc   Edge   Cell     Fanout  Load Trans Delay Arrival Instance 
#                                                                          (fF)  (ps)  (ps)   (ps)  Location 
#------------------------------------------------------------------------------------------------------------
  csm_inst_round_counter_reg[3]/CLK -       -      R     (arrival)    335     -     0     0       0    (-,-) 
  csm_inst_round_counter_reg[3]/Q   -       CLK->Q R     DFFQSRX1       8  36.3   543   425     425    (-,-) 
  g57298/Z                          -       A->Z   F     INVX2         49 211.5  1232   878    1302    (-,-) 
  drc_bufs57528/Z                   -       A->Z   R     INVX2         35 147.7  1197  1025    2328    (-,-) 
  g57186/Z                          -       A->Z   F     NAND2X1        3  15.2   341   209    2537    (-,-) 
  g56844/Z                          -       B->Z   R     NAND2X1        4  19.3   341   304    2841    (-,-) 
  g56078/Z                          -       A->Z   R     MUX2X1         2  11.0   186   191    3032    (-,-) 
  g55498/Z                          -       A->Z   F     NAND2X1        1   7.3   231    90    3122    (-,-) 
  g55304/Z                          -       A->Z   R     NAND3X1        1   7.3   194   160    3282    (-,-) 
  g55171/Z                          -       B->Z   F     NOR2X1         1   7.3   124   106    3388    (-,-) 
  g54672/Z                          -       A->Z   R     NAND3X1        1   6.8   201   124    3512    (-,-) 
  g54538/Z                          -       A->Z   F     NAND2X1        1   7.3   166    92    3604    (-,-) 
  g54315/Z                          -       A->Z   R     NAND3X1        1   7.3   193   142    3746    (-,-) 
  g54274/Z                          -       B->Z   F     NOR2X1         1   7.3   116   106    3852    (-,-) 
  g54213/Z                          -       A->Z   R     NAND3X1        1  12.8   272   172    4023    (-,-) 
  g54156/Z                          -       B->Z   R     XOR2X1         9  55.2   818   559    4583    (-,-) 
  g54120/Z                          -       A->Z   F     INVX2          4  20.7   267   200    4783    (-,-) 
  g53964__6131/Z                    -       B->Z   R     NOR2X1         4  20.3   333   261    5044    (-,-) 
  g53905__5477/Z                    -       B->Z   F     NOR2X1         3  16.5   219   192    5236    (-,-) 
  g53590__8246/Z                    -       B->Z   R     NOR2X1         1   7.3   159   139    5376    (-,-) 
  g53383__8428/Z                    -       A->Z   F     NAND3X1        1   7.3   142    84    5460    (-,-) 
  g53334__7098/Z                    -       A->Z   R     NAND3X1        1   7.2   191   134    5593    (-,-) 
  g53260__2398/Z                    -       A->Z   F     NOR2X1         1   7.2   125   122    5716    (-,-) 
  g53232__5107/Z                    -       B->Z   R     NAND3X1        1  12.8   272   194    5910    (-,-) 
  g53175__2398/Z                    -       B->Z   R     XOR2X1         1   7.3   131   166    6076    (-,-) 
  g53143__7410/Z                    -       B->Z   R     OR2X1          1   7.3   126   132    6208    (-,-) 
  g53121__4319/Z                    -       A->Z   F     NAND3X1        1   6.4   110    73    6282    (-,-) 
  csm_inst_right_reg_reg[21]/D      -       -      F     DFFQSRX1       1     -     -     0    6282    (-,-) 
#------------------------------------------------------------------------------------------------------------



Path 32: MET (43520 ps) Setup Check with Pin csm_inst_right_reg_reg[16]/CLK->D
          Group: C2C
     Startpoint: (R) csm_inst_round_counter_reg[3]/CLK
          Clock: (R) clk
       Endpoint: (R) csm_inst_right_reg_reg[16]/D
          Clock: (R) clk

                     Capture       Launch     
        Clock Edge:+   50000            0     
       Src Latency:+       0            0     
       Net Latency:+       0 (I)        0 (I) 
           Arrival:=   50000            0     
                                              
             Setup:-     211                  
     Required Time:=   49789                  
      Launch Clock:-       0                  
         Data Path:-    6269                  
             Slack:=   43520                  

#------------------------------------------------------------------------------------------------------------
#           Timing Point            Flags    Arc   Edge   Cell     Fanout  Load Trans Delay Arrival Instance 
#                                                                          (fF)  (ps)  (ps)   (ps)  Location 
#------------------------------------------------------------------------------------------------------------
  csm_inst_round_counter_reg[3]/CLK -       -      R     (arrival)    335     -     0     0       0    (-,-) 
  csm_inst_round_counter_reg[3]/Q   -       CLK->Q R     DFFQSRX1       8  36.3   543   425     425    (-,-) 
  g57298/Z                          -       A->Z   F     INVX2         49 211.5  1232   878    1302    (-,-) 
  drc_bufs57528/Z                   -       A->Z   R     INVX2         35 147.7  1197  1025    2328    (-,-) 
  g57205/Z                          -       A->Z   F     NAND2X1        3  15.1   340   208    2536    (-,-) 
  g56810/Z                          -       B->Z   R     NAND2X1        3  15.1   288   268    2803    (-,-) 
  g56089/Z                          -       B->Z   R     MUX2X1         2  11.0   185   188    2992    (-,-) 
  g55605/Z                          -       A->Z   F     NAND2X1        1   7.3   224    90    3082    (-,-) 
  g55294/Z                          -       A->Z   R     NAND3X1        1   7.3   212   158    3240    (-,-) 
  g55208/Z                          -       B->Z   F     NOR2X1         1   7.3   122   108    3348    (-,-) 
  g55085/Z                          -       A->Z   R     NAND3X1        1   6.8   199   124    3472    (-,-) 
  g54663/Z                          -       A->Z   F     NAND2X1        1   7.3   249    91    3563    (-,-) 
  g54388/Z                          -       A->Z   R     NAND3X1        1   7.7   199   169    3732    (-,-) 
  g54373/Z                          -       A->Z   F     INVX2          1   7.3    86    73    3805    (-,-) 
  g54339/Z                          -       A->Z   R     NAND3X1        1   7.3   197   116    3921    (-,-) 
  g54297/Z                          -       B->Z   F     NOR2X1         1   7.3   115   106    4028    (-,-) 
  g54260/Z                          -       A->Z   R     NAND3X1        1  12.8   272   172    4199    (-,-) 
  g54200/Z                          -       B->Z   R     XOR2X1         6  31.7   478   366    4566    (-,-) 
  g54186/Z                          -       A->Z   F     INVX2          7  33.8   278   234    4800    (-,-) 
  g53978__2398/Z                    -       A->Z   R     NOR2X1         5  25.6   403   297    5097    (-,-) 
  g53739__7098/Z                    -       B->Z   R     AND2X1         1   7.3   125   133    5230    (-,-) 
  g53637__6260/Z                    -       B->Z   F     NOR2X1         1   7.2   113    91    5321    (-,-) 
  g53480__7482/Z                    -       A->Z   F     OR2X1          1   7.2    89   137    5459    (-,-) 
  g53183__1617/Z                    -       B->Z   R     NAND3X1        1   7.3   193   137    5596    (-,-) 
  g53171__7410/Z                    -       B->Z   F     NOR2X1         1   7.3   119   106    5702    (-,-) 
  g53152__6783/Z                    -       A->Z   R     NAND3X1        1  12.8   273   173    5874    (-,-) 
  g53119__5107/Z                    -       B->Z   R     XOR2X1         1   6.8   125   162    6036    (-,-) 
  g53084__5477/Z                    -       A->Z   F     NAND2X1        1   7.3   239    80    6116    (-,-) 
  g53052__3680/Z                    -       A->Z   R     NAND3X1        1   6.4   181   154    6269    (-,-) 
  csm_inst_right_reg_reg[16]/D      -       -      R     DFFQSRX1       1     -     -     0    6269    (-,-) 
#------------------------------------------------------------------------------------------------------------



Path 33: MET (46510 ps) Setup Check with Pin csm_inst_round_counter_reg[1]/CLK->D
          Group: C2C
     Startpoint: (R) csm_inst_state_reg[0]/CLK
          Clock: (R) clk
       Endpoint: (F) csm_inst_round_counter_reg[1]/D
          Clock: (R) clk

                     Capture       Launch     
        Clock Edge:+   50000            0     
       Src Latency:+       0            0     
       Net Latency:+       0 (I)        0 (I) 
           Arrival:=   50000            0     
                                              
             Setup:-     221                  
     Required Time:=   49779                  
      Launch Clock:-       0                  
         Data Path:-    3269                  
             Slack:=   46510                  

#----------------------------------------------------------------------------------------------------------
#          Timing Point           Flags    Arc   Edge   Cell     Fanout  Load Trans Delay Arrival Instance 
#                                                                        (fF)  (ps)  (ps)   (ps)  Location 
#----------------------------------------------------------------------------------------------------------
  csm_inst_state_reg[0]/CLK       -       -      R     (arrival)    335     -     0     0       0    (-,-) 
  csm_inst_state_reg[0]/Q         -       CLK->Q R     DFFQSRX1      20  86.9  1276   839     839    (-,-) 
  g57057/Z                        -       A->Z   F     NOR2X1        15  66.5   839   714    1553    (-,-) 
  drc_bufs57416/Z                 -       A->Z   R     INVX2         13  62.4   576   525    2079    (-,-) 
  drc_bufs57415/Z                 -       A->Z   F     INVX2         42 179.7  1052   779    2858    (-,-) 
  g55869/Z                        -       A->Z   R     NAND3X1        1   6.8   282   320    3178    (-,-) 
  g55386/Z                        -       A->Z   F     NAND2X1        1   6.4   119    91    3269    (-,-) 
  csm_inst_round_counter_reg[1]/D -       -      F     DFFQSRX1       1     -     -     0    3269    (-,-) 
#----------------------------------------------------------------------------------------------------------



Path 34: MET (46526 ps) Setup Check with Pin csm_inst_round_counter_reg[2]/CLK->D
          Group: C2C
     Startpoint: (R) csm_inst_state_reg[0]/CLK
          Clock: (R) clk
       Endpoint: (F) csm_inst_round_counter_reg[2]/D
          Clock: (R) clk

                     Capture       Launch     
        Clock Edge:+   50000            0     
       Src Latency:+       0            0     
       Net Latency:+       0 (I)        0 (I) 
           Arrival:=   50000            0     
                                              
             Setup:-     221                  
     Required Time:=   49779                  
      Launch Clock:-       0                  
         Data Path:-    3252                  
             Slack:=   46526                  

#----------------------------------------------------------------------------------------------------------
#          Timing Point           Flags    Arc   Edge   Cell     Fanout  Load Trans Delay Arrival Instance 
#                                                                        (fF)  (ps)  (ps)   (ps)  Location 
#----------------------------------------------------------------------------------------------------------
  csm_inst_state_reg[0]/CLK       -       -      R     (arrival)    335     -     0     0       0    (-,-) 
  csm_inst_state_reg[0]/Q         -       CLK->Q R     DFFQSRX1      20  86.9  1276   839     839    (-,-) 
  g57057/Z                        -       A->Z   F     NOR2X1        15  66.5   839   714    1553    (-,-) 
  drc_bufs57416/Z                 -       A->Z   R     INVX2         13  62.4   576   525    2079    (-,-) 
  drc_bufs57415/Z                 -       A->Z   F     INVX2         42 179.7  1052   779    2858    (-,-) 
  g56725/Z                        -       A->Z   R     NAND2X1        1   7.3   282   306    3163    (-,-) 
  g55617/Z                        -       A->Z   F     NAND3X1        1   6.4   120    89    3252    (-,-) 
  csm_inst_round_counter_reg[2]/D -       -      F     DFFQSRX1       1     -     -     0    3252    (-,-) 
#----------------------------------------------------------------------------------------------------------



Path 35: MET (46528 ps) Setup Check with Pin csm_inst_left_reg_reg[31]/CLK->D
          Group: C2C
     Startpoint: (R) csm_inst_state_reg[0]/CLK
          Clock: (R) clk
       Endpoint: (F) csm_inst_left_reg_reg[31]/D
          Clock: (R) clk

                     Capture       Launch     
        Clock Edge:+   50000            0     
       Src Latency:+       0            0     
       Net Latency:+       0 (I)        0 (I) 
           Arrival:=   50000            0     
                                              
             Setup:-     220                  
     Required Time:=   49780                  
      Launch Clock:-       0                  
         Data Path:-    3252                  
             Slack:=   46528                  

#------------------------------------------------------------------------------------------------------
#        Timing Point         Flags    Arc   Edge   Cell     Fanout  Load Trans Delay Arrival Instance 
#                                                                    (fF)  (ps)  (ps)   (ps)  Location 
#------------------------------------------------------------------------------------------------------
  csm_inst_state_reg[0]/CLK   -       -      R     (arrival)    335     -     0     0       0    (-,-) 
  csm_inst_state_reg[0]/Q     -       CLK->Q R     DFFQSRX1      20  86.9  1276   839     839    (-,-) 
  g57057/Z                    -       A->Z   F     NOR2X1        15  66.5   839   714    1553    (-,-) 
  drc_bufs57416/Z             -       A->Z   R     INVX2         13  62.4   576   525    2079    (-,-) 
  drc_bufs57415/Z             -       A->Z   F     INVX2         42 179.7  1052   779    2858    (-,-) 
  g56305/Z                    -       A->Z   R     NAND2X1        1   7.2   280   304    3162    (-,-) 
  g55614/Z                    -       B->Z   F     NAND3X1        1   6.4   114    91    3252    (-,-) 
  csm_inst_left_reg_reg[31]/D -       -      F     DFFQSRX1       1     -     -     0    3252    (-,-) 
#------------------------------------------------------------------------------------------------------



Path 36: MET (46528 ps) Setup Check with Pin csm_inst_left_reg_reg[25]/CLK->D
          Group: C2C
     Startpoint: (R) csm_inst_state_reg[0]/CLK
          Clock: (R) clk
       Endpoint: (F) csm_inst_left_reg_reg[25]/D
          Clock: (R) clk

                     Capture       Launch     
        Clock Edge:+   50000            0     
       Src Latency:+       0            0     
       Net Latency:+       0 (I)        0 (I) 
           Arrival:=   50000            0     
                                              
             Setup:-     220                  
     Required Time:=   49780                  
      Launch Clock:-       0                  
         Data Path:-    3252                  
             Slack:=   46528                  

#------------------------------------------------------------------------------------------------------
#        Timing Point         Flags    Arc   Edge   Cell     Fanout  Load Trans Delay Arrival Instance 
#                                                                    (fF)  (ps)  (ps)   (ps)  Location 
#------------------------------------------------------------------------------------------------------
  csm_inst_state_reg[0]/CLK   -       -      R     (arrival)    335     -     0     0       0    (-,-) 
  csm_inst_state_reg[0]/Q     -       CLK->Q R     DFFQSRX1      20  86.9  1276   839     839    (-,-) 
  g57057/Z                    -       A->Z   F     NOR2X1        15  66.5   839   714    1553    (-,-) 
  drc_bufs57416/Z             -       A->Z   R     INVX2         13  62.4   576   525    2079    (-,-) 
  drc_bufs57415/Z             -       A->Z   F     INVX2         42 179.7  1052   779    2858    (-,-) 
  g56652/Z                    -       A->Z   R     NAND2X1        1   7.2   280   304    3162    (-,-) 
  g55649/Z                    -       B->Z   F     NAND3X1        1   6.4   114    91    3252    (-,-) 
  csm_inst_left_reg_reg[25]/D -       -      F     DFFQSRX1       1     -     -     0    3252    (-,-) 
#------------------------------------------------------------------------------------------------------



Path 37: MET (46528 ps) Setup Check with Pin csm_inst_left_reg_reg[24]/CLK->D
          Group: C2C
     Startpoint: (R) csm_inst_state_reg[0]/CLK
          Clock: (R) clk
       Endpoint: (F) csm_inst_left_reg_reg[24]/D
          Clock: (R) clk

                     Capture       Launch     
        Clock Edge:+   50000            0     
       Src Latency:+       0            0     
       Net Latency:+       0 (I)        0 (I) 
           Arrival:=   50000            0     
                                              
             Setup:-     220                  
     Required Time:=   49780                  
      Launch Clock:-       0                  
         Data Path:-    3252                  
             Slack:=   46528                  

#------------------------------------------------------------------------------------------------------
#        Timing Point         Flags    Arc   Edge   Cell     Fanout  Load Trans Delay Arrival Instance 
#                                                                    (fF)  (ps)  (ps)   (ps)  Location 
#------------------------------------------------------------------------------------------------------
  csm_inst_state_reg[0]/CLK   -       -      R     (arrival)    335     -     0     0       0    (-,-) 
  csm_inst_state_reg[0]/Q     -       CLK->Q R     DFFQSRX1      20  86.9  1276   839     839    (-,-) 
  g57057/Z                    -       A->Z   F     NOR2X1        15  66.5   839   714    1553    (-,-) 
  drc_bufs57416/Z             -       A->Z   R     INVX2         13  62.4   576   525    2079    (-,-) 
  drc_bufs57415/Z             -       A->Z   F     INVX2         42 179.7  1052   779    2858    (-,-) 
  g56641/Z                    -       A->Z   R     NAND2X1        1   7.2   280   304    3162    (-,-) 
  g55648/Z                    -       B->Z   F     NAND3X1        1   6.4   114    91    3252    (-,-) 
  csm_inst_left_reg_reg[24]/D -       -      F     DFFQSRX1       1     -     -     0    3252    (-,-) 
#------------------------------------------------------------------------------------------------------



Path 38: MET (46528 ps) Setup Check with Pin csm_inst_left_reg_reg[23]/CLK->D
          Group: C2C
     Startpoint: (R) csm_inst_state_reg[0]/CLK
          Clock: (R) clk
       Endpoint: (F) csm_inst_left_reg_reg[23]/D
          Clock: (R) clk

                     Capture       Launch     
        Clock Edge:+   50000            0     
       Src Latency:+       0            0     
       Net Latency:+       0 (I)        0 (I) 
           Arrival:=   50000            0     
                                              
             Setup:-     220                  
     Required Time:=   49780                  
      Launch Clock:-       0                  
         Data Path:-    3252                  
             Slack:=   46528                  

#------------------------------------------------------------------------------------------------------
#        Timing Point         Flags    Arc   Edge   Cell     Fanout  Load Trans Delay Arrival Instance 
#                                                                    (fF)  (ps)  (ps)   (ps)  Location 
#------------------------------------------------------------------------------------------------------
  csm_inst_state_reg[0]/CLK   -       -      R     (arrival)    335     -     0     0       0    (-,-) 
  csm_inst_state_reg[0]/Q     -       CLK->Q R     DFFQSRX1      20  86.9  1276   839     839    (-,-) 
  g57057/Z                    -       A->Z   F     NOR2X1        15  66.5   839   714    1553    (-,-) 
  drc_bufs57416/Z             -       A->Z   R     INVX2         13  62.4   576   525    2079    (-,-) 
  drc_bufs57415/Z             -       A->Z   F     INVX2         42 179.7  1052   779    2858    (-,-) 
  g56491/Z                    -       A->Z   R     NAND2X1        1   7.2   280   304    3162    (-,-) 
  g55647/Z                    -       B->Z   F     NAND3X1        1   6.4   114    91    3252    (-,-) 
  csm_inst_left_reg_reg[23]/D -       -      F     DFFQSRX1       1     -     -     0    3252    (-,-) 
#------------------------------------------------------------------------------------------------------



Path 39: MET (46528 ps) Setup Check with Pin csm_inst_left_reg_reg[17]/CLK->D
          Group: C2C
     Startpoint: (R) csm_inst_state_reg[0]/CLK
          Clock: (R) clk
       Endpoint: (F) csm_inst_left_reg_reg[17]/D
          Clock: (R) clk

                     Capture       Launch     
        Clock Edge:+   50000            0     
       Src Latency:+       0            0     
       Net Latency:+       0 (I)        0 (I) 
           Arrival:=   50000            0     
                                              
             Setup:-     220                  
     Required Time:=   49780                  
      Launch Clock:-       0                  
         Data Path:-    3252                  
             Slack:=   46528                  

#------------------------------------------------------------------------------------------------------
#        Timing Point         Flags    Arc   Edge   Cell     Fanout  Load Trans Delay Arrival Instance 
#                                                                    (fF)  (ps)  (ps)   (ps)  Location 
#------------------------------------------------------------------------------------------------------
  csm_inst_state_reg[0]/CLK   -       -      R     (arrival)    335     -     0     0       0    (-,-) 
  csm_inst_state_reg[0]/Q     -       CLK->Q R     DFFQSRX1      20  86.9  1276   839     839    (-,-) 
  g57057/Z                    -       A->Z   F     NOR2X1        15  66.5   839   714    1553    (-,-) 
  drc_bufs57416/Z             -       A->Z   R     INVX2         13  62.4   576   525    2079    (-,-) 
  drc_bufs57415/Z             -       A->Z   F     INVX2         42 179.7  1052   779    2858    (-,-) 
  g56534/Z                    -       A->Z   R     NAND2X1        1   7.2   280   304    3162    (-,-) 
  g55654/Z                    -       B->Z   F     NAND3X1        1   6.4   114    91    3252    (-,-) 
  csm_inst_left_reg_reg[17]/D -       -      F     DFFQSRX1       1     -     -     0    3252    (-,-) 
#------------------------------------------------------------------------------------------------------



Path 40: MET (46528 ps) Setup Check with Pin csm_inst_left_reg_reg[15]/CLK->D
          Group: C2C
     Startpoint: (R) csm_inst_state_reg[0]/CLK
          Clock: (R) clk
       Endpoint: (F) csm_inst_left_reg_reg[15]/D
          Clock: (R) clk

                     Capture       Launch     
        Clock Edge:+   50000            0     
       Src Latency:+       0            0     
       Net Latency:+       0 (I)        0 (I) 
           Arrival:=   50000            0     
                                              
             Setup:-     220                  
     Required Time:=   49780                  
      Launch Clock:-       0                  
         Data Path:-    3252                  
             Slack:=   46528                  

#------------------------------------------------------------------------------------------------------
#        Timing Point         Flags    Arc   Edge   Cell     Fanout  Load Trans Delay Arrival Instance 
#                                                                    (fF)  (ps)  (ps)   (ps)  Location 
#------------------------------------------------------------------------------------------------------
  csm_inst_state_reg[0]/CLK   -       -      R     (arrival)    335     -     0     0       0    (-,-) 
  csm_inst_state_reg[0]/Q     -       CLK->Q R     DFFQSRX1      20  86.9  1276   839     839    (-,-) 
  g57057/Z                    -       A->Z   F     NOR2X1        15  66.5   839   714    1553    (-,-) 
  drc_bufs57416/Z             -       A->Z   R     INVX2         13  62.4   576   525    2079    (-,-) 
  drc_bufs57415/Z             -       A->Z   F     INVX2         42 179.7  1052   779    2858    (-,-) 
  g56627/Z                    -       A->Z   R     NAND2X1        1   7.2   280   304    3162    (-,-) 
  g55631/Z                    -       B->Z   F     NAND3X1        1   6.4   114    91    3252    (-,-) 
  csm_inst_left_reg_reg[15]/D -       -      F     DFFQSRX1       1     -     -     0    3252    (-,-) 
#------------------------------------------------------------------------------------------------------



Path 41: MET (46528 ps) Setup Check with Pin csm_inst_left_reg_reg[13]/CLK->D
          Group: C2C
     Startpoint: (R) csm_inst_state_reg[0]/CLK
          Clock: (R) clk
       Endpoint: (F) csm_inst_left_reg_reg[13]/D
          Clock: (R) clk

                     Capture       Launch     
        Clock Edge:+   50000            0     
       Src Latency:+       0            0     
       Net Latency:+       0 (I)        0 (I) 
           Arrival:=   50000            0     
                                              
             Setup:-     220                  
     Required Time:=   49780                  
      Launch Clock:-       0                  
         Data Path:-    3252                  
             Slack:=   46528                  

#------------------------------------------------------------------------------------------------------
#        Timing Point         Flags    Arc   Edge   Cell     Fanout  Load Trans Delay Arrival Instance 
#                                                                    (fF)  (ps)  (ps)   (ps)  Location 
#------------------------------------------------------------------------------------------------------
  csm_inst_state_reg[0]/CLK   -       -      R     (arrival)    335     -     0     0       0    (-,-) 
  csm_inst_state_reg[0]/Q     -       CLK->Q R     DFFQSRX1      20  86.9  1276   839     839    (-,-) 
  g57057/Z                    -       A->Z   F     NOR2X1        15  66.5   839   714    1553    (-,-) 
  drc_bufs57416/Z             -       A->Z   R     INVX2         13  62.4   576   525    2079    (-,-) 
  drc_bufs57415/Z             -       A->Z   F     INVX2         42 179.7  1052   779    2858    (-,-) 
  g56276/Z                    -       A->Z   R     NAND2X1        1   7.2   280   304    3162    (-,-) 
  g55646/Z                    -       B->Z   F     NAND3X1        1   6.4   114    91    3252    (-,-) 
  csm_inst_left_reg_reg[13]/D -       -      F     DFFQSRX1       1     -     -     0    3252    (-,-) 
#------------------------------------------------------------------------------------------------------



Path 42: MET (46528 ps) Setup Check with Pin csm_inst_left_reg_reg[10]/CLK->D
          Group: C2C
     Startpoint: (R) csm_inst_state_reg[0]/CLK
          Clock: (R) clk
       Endpoint: (F) csm_inst_left_reg_reg[10]/D
          Clock: (R) clk

                     Capture       Launch     
        Clock Edge:+   50000            0     
       Src Latency:+       0            0     
       Net Latency:+       0 (I)        0 (I) 
           Arrival:=   50000            0     
                                              
             Setup:-     220                  
     Required Time:=   49780                  
      Launch Clock:-       0                  
         Data Path:-    3252                  
             Slack:=   46528                  

#------------------------------------------------------------------------------------------------------
#        Timing Point         Flags    Arc   Edge   Cell     Fanout  Load Trans Delay Arrival Instance 
#                                                                    (fF)  (ps)  (ps)   (ps)  Location 
#------------------------------------------------------------------------------------------------------
  csm_inst_state_reg[0]/CLK   -       -      R     (arrival)    335     -     0     0       0    (-,-) 
  csm_inst_state_reg[0]/Q     -       CLK->Q R     DFFQSRX1      20  86.9  1276   839     839    (-,-) 
  g57057/Z                    -       A->Z   F     NOR2X1        15  66.5   839   714    1553    (-,-) 
  drc_bufs57416/Z             -       A->Z   R     INVX2         13  62.4   576   525    2079    (-,-) 
  drc_bufs57415/Z             -       A->Z   F     INVX2         42 179.7  1052   779    2858    (-,-) 
  g56682/Z                    -       A->Z   R     NAND2X1        1   7.2   280   304    3162    (-,-) 
  g55626/Z                    -       B->Z   F     NAND3X1        1   6.4   114    91    3252    (-,-) 
  csm_inst_left_reg_reg[10]/D -       -      F     DFFQSRX1       1     -     -     0    3252    (-,-) 
#------------------------------------------------------------------------------------------------------



Path 43: MET (46528 ps) Setup Check with Pin csm_inst_left_reg_reg[9]/CLK->D
          Group: C2C
     Startpoint: (R) csm_inst_state_reg[0]/CLK
          Clock: (R) clk
       Endpoint: (F) csm_inst_left_reg_reg[9]/D
          Clock: (R) clk

                     Capture       Launch     
        Clock Edge:+   50000            0     
       Src Latency:+       0            0     
       Net Latency:+       0 (I)        0 (I) 
           Arrival:=   50000            0     
                                              
             Setup:-     220                  
     Required Time:=   49780                  
      Launch Clock:-       0                  
         Data Path:-    3252                  
             Slack:=   46528                  

#-----------------------------------------------------------------------------------------------------
#       Timing Point         Flags    Arc   Edge   Cell     Fanout  Load Trans Delay Arrival Instance 
#                                                                   (fF)  (ps)  (ps)   (ps)  Location 
#-----------------------------------------------------------------------------------------------------
  csm_inst_state_reg[0]/CLK  -       -      R     (arrival)    335     -     0     0       0    (-,-) 
  csm_inst_state_reg[0]/Q    -       CLK->Q R     DFFQSRX1      20  86.9  1276   839     839    (-,-) 
  g57057/Z                   -       A->Z   F     NOR2X1        15  66.5   839   714    1553    (-,-) 
  drc_bufs57416/Z            -       A->Z   R     INVX2         13  62.4   576   525    2079    (-,-) 
  drc_bufs57415/Z            -       A->Z   F     INVX2         42 179.7  1052   779    2858    (-,-) 
  g56496/Z                   -       A->Z   R     NAND2X1        1   7.2   280   304    3162    (-,-) 
  g55625/Z                   -       B->Z   F     NAND3X1        1   6.4   114    91    3252    (-,-) 
  csm_inst_left_reg_reg[9]/D -       -      F     DFFQSRX1       1     -     -     0    3252    (-,-) 
#-----------------------------------------------------------------------------------------------------



Path 44: MET (46528 ps) Setup Check with Pin csm_inst_left_reg_reg[6]/CLK->D
          Group: C2C
     Startpoint: (R) csm_inst_state_reg[0]/CLK
          Clock: (R) clk
       Endpoint: (F) csm_inst_left_reg_reg[6]/D
          Clock: (R) clk

                     Capture       Launch     
        Clock Edge:+   50000            0     
       Src Latency:+       0            0     
       Net Latency:+       0 (I)        0 (I) 
           Arrival:=   50000            0     
                                              
             Setup:-     220                  
     Required Time:=   49780                  
      Launch Clock:-       0                  
         Data Path:-    3252                  
             Slack:=   46528                  

#-----------------------------------------------------------------------------------------------------
#       Timing Point         Flags    Arc   Edge   Cell     Fanout  Load Trans Delay Arrival Instance 
#                                                                   (fF)  (ps)  (ps)   (ps)  Location 
#-----------------------------------------------------------------------------------------------------
  csm_inst_state_reg[0]/CLK  -       -      R     (arrival)    335     -     0     0       0    (-,-) 
  csm_inst_state_reg[0]/Q    -       CLK->Q R     DFFQSRX1      20  86.9  1276   839     839    (-,-) 
  g57057/Z                   -       A->Z   F     NOR2X1        15  66.5   839   714    1553    (-,-) 
  drc_bufs57416/Z            -       A->Z   R     INVX2         13  62.4   576   525    2079    (-,-) 
  drc_bufs57415/Z            -       A->Z   F     INVX2         42 179.7  1052   779    2858    (-,-) 
  g56481/Z                   -       A->Z   R     NAND2X1        1   7.2   280   304    3162    (-,-) 
  g55623/Z                   -       B->Z   F     NAND3X1        1   6.4   114    91    3252    (-,-) 
  csm_inst_left_reg_reg[6]/D -       -      F     DFFQSRX1       1     -     -     0    3252    (-,-) 
#-----------------------------------------------------------------------------------------------------



Path 45: MET (46528 ps) Setup Check with Pin csm_inst_left_reg_reg[5]/CLK->D
          Group: C2C
     Startpoint: (R) csm_inst_state_reg[0]/CLK
          Clock: (R) clk
       Endpoint: (F) csm_inst_left_reg_reg[5]/D
          Clock: (R) clk

                     Capture       Launch     
        Clock Edge:+   50000            0     
       Src Latency:+       0            0     
       Net Latency:+       0 (I)        0 (I) 
           Arrival:=   50000            0     
                                              
             Setup:-     220                  
     Required Time:=   49780                  
      Launch Clock:-       0                  
         Data Path:-    3252                  
             Slack:=   46528                  

#-----------------------------------------------------------------------------------------------------
#       Timing Point         Flags    Arc   Edge   Cell     Fanout  Load Trans Delay Arrival Instance 
#                                                                   (fF)  (ps)  (ps)   (ps)  Location 
#-----------------------------------------------------------------------------------------------------
  csm_inst_state_reg[0]/CLK  -       -      R     (arrival)    335     -     0     0       0    (-,-) 
  csm_inst_state_reg[0]/Q    -       CLK->Q R     DFFQSRX1      20  86.9  1276   839     839    (-,-) 
  g57057/Z                   -       A->Z   F     NOR2X1        15  66.5   839   714    1553    (-,-) 
  drc_bufs57416/Z            -       A->Z   R     INVX2         13  62.4   576   525    2079    (-,-) 
  drc_bufs57415/Z            -       A->Z   F     INVX2         42 179.7  1052   779    2858    (-,-) 
  g56346/Z                   -       A->Z   R     NAND2X1        1   7.2   280   304    3162    (-,-) 
  g55620/Z                   -       B->Z   F     NAND3X1        1   6.4   114    91    3252    (-,-) 
  csm_inst_left_reg_reg[5]/D -       -      F     DFFQSRX1       1     -     -     0    3252    (-,-) 
#-----------------------------------------------------------------------------------------------------



Path 46: MET (46528 ps) Setup Check with Pin csm_inst_left_reg_reg[2]/CLK->D
          Group: C2C
     Startpoint: (R) csm_inst_state_reg[0]/CLK
          Clock: (R) clk
       Endpoint: (F) csm_inst_left_reg_reg[2]/D
          Clock: (R) clk

                     Capture       Launch     
        Clock Edge:+   50000            0     
       Src Latency:+       0            0     
       Net Latency:+       0 (I)        0 (I) 
           Arrival:=   50000            0     
                                              
             Setup:-     220                  
     Required Time:=   49780                  
      Launch Clock:-       0                  
         Data Path:-    3252                  
             Slack:=   46528                  

#-----------------------------------------------------------------------------------------------------
#       Timing Point         Flags    Arc   Edge   Cell     Fanout  Load Trans Delay Arrival Instance 
#                                                                   (fF)  (ps)  (ps)   (ps)  Location 
#-----------------------------------------------------------------------------------------------------
  csm_inst_state_reg[0]/CLK  -       -      R     (arrival)    335     -     0     0       0    (-,-) 
  csm_inst_state_reg[0]/Q    -       CLK->Q R     DFFQSRX1      20  86.9  1276   839     839    (-,-) 
  g57057/Z                   -       A->Z   F     NOR2X1        15  66.5   839   714    1553    (-,-) 
  drc_bufs57416/Z            -       A->Z   R     INVX2         13  62.4   576   525    2079    (-,-) 
  drc_bufs57415/Z            -       A->Z   F     INVX2         42 179.7  1052   779    2858    (-,-) 
  g56139/Z                   -       A->Z   R     NAND2X1        1   7.2   280   304    3162    (-,-) 
  g55618/Z                   -       B->Z   F     NAND3X1        1   6.4   114    91    3252    (-,-) 
  csm_inst_left_reg_reg[2]/D -       -      F     DFFQSRX1       1     -     -     0    3252    (-,-) 
#-----------------------------------------------------------------------------------------------------



Path 47: MET (46529 ps) Setup Check with Pin csm_inst_left_reg_reg[29]/CLK->D
          Group: C2C
     Startpoint: (R) csm_inst_state_reg[0]/CLK
          Clock: (R) clk
       Endpoint: (F) csm_inst_left_reg_reg[29]/D
          Clock: (R) clk

                     Capture       Launch     
        Clock Edge:+   50000            0     
       Src Latency:+       0            0     
       Net Latency:+       0 (I)        0 (I) 
           Arrival:=   50000            0     
                                              
             Setup:-     219                  
     Required Time:=   49781                  
      Launch Clock:-       0                  
         Data Path:-    3252                  
             Slack:=   46529                  

#------------------------------------------------------------------------------------------------------
#        Timing Point         Flags    Arc   Edge   Cell     Fanout  Load Trans Delay Arrival Instance 
#                                                                    (fF)  (ps)  (ps)   (ps)  Location 
#------------------------------------------------------------------------------------------------------
  csm_inst_state_reg[0]/CLK   -       -      R     (arrival)    335     -     0     0       0    (-,-) 
  csm_inst_state_reg[0]/Q     -       CLK->Q R     DFFQSRX1      20  86.9  1276   839     839    (-,-) 
  g57057/Z                    -       A->Z   F     NOR2X1        15  66.5   839   714    1553    (-,-) 
  drc_bufs57416/Z             -       A->Z   R     INVX2         13  62.4   576   525    2079    (-,-) 
  drc_bufs57415/Z             -       A->Z   F     INVX2         42 179.7  1052   779    2858    (-,-) 
  g56237/Z                    -       A->Z   R     NAND2X1        1   7.2   280   304    3162    (-,-) 
  g55612/Z                    -       B->Z   F     NAND3X1        1   6.4   111    91    3252    (-,-) 
  csm_inst_left_reg_reg[29]/D -       -      F     DFFQSRX1       1     -     -     0    3252    (-,-) 
#------------------------------------------------------------------------------------------------------



Path 48: MET (46529 ps) Setup Check with Pin csm_inst_left_reg_reg[28]/CLK->D
          Group: C2C
     Startpoint: (R) csm_inst_state_reg[0]/CLK
          Clock: (R) clk
       Endpoint: (F) csm_inst_left_reg_reg[28]/D
          Clock: (R) clk

                     Capture       Launch     
        Clock Edge:+   50000            0     
       Src Latency:+       0            0     
       Net Latency:+       0 (I)        0 (I) 
           Arrival:=   50000            0     
                                              
             Setup:-     219                  
     Required Time:=   49781                  
      Launch Clock:-       0                  
         Data Path:-    3252                  
             Slack:=   46529                  

#------------------------------------------------------------------------------------------------------
#        Timing Point         Flags    Arc   Edge   Cell     Fanout  Load Trans Delay Arrival Instance 
#                                                                    (fF)  (ps)  (ps)   (ps)  Location 
#------------------------------------------------------------------------------------------------------
  csm_inst_state_reg[0]/CLK   -       -      R     (arrival)    335     -     0     0       0    (-,-) 
  csm_inst_state_reg[0]/Q     -       CLK->Q R     DFFQSRX1      20  86.9  1276   839     839    (-,-) 
  g57057/Z                    -       A->Z   F     NOR2X1        15  66.5   839   714    1553    (-,-) 
  drc_bufs57416/Z             -       A->Z   R     INVX2         13  62.4   576   525    2079    (-,-) 
  drc_bufs57415/Z             -       A->Z   F     INVX2         42 179.7  1052   779    2858    (-,-) 
  g56227/Z                    -       A->Z   R     NAND2X1        1   7.2   280   304    3162    (-,-) 
  g55611/Z                    -       B->Z   F     NAND3X1        1   6.4   111    91    3252    (-,-) 
  csm_inst_left_reg_reg[28]/D -       -      F     DFFQSRX1       1     -     -     0    3252    (-,-) 
#------------------------------------------------------------------------------------------------------



Path 49: MET (46529 ps) Setup Check with Pin csm_inst_left_reg_reg[27]/CLK->D
          Group: C2C
     Startpoint: (R) csm_inst_state_reg[0]/CLK
          Clock: (R) clk
       Endpoint: (F) csm_inst_left_reg_reg[27]/D
          Clock: (R) clk

                     Capture       Launch     
        Clock Edge:+   50000            0     
       Src Latency:+       0            0     
       Net Latency:+       0 (I)        0 (I) 
           Arrival:=   50000            0     
                                              
             Setup:-     219                  
     Required Time:=   49781                  
      Launch Clock:-       0                  
         Data Path:-    3252                  
             Slack:=   46529                  

#------------------------------------------------------------------------------------------------------
#        Timing Point         Flags    Arc   Edge   Cell     Fanout  Load Trans Delay Arrival Instance 
#                                                                    (fF)  (ps)  (ps)   (ps)  Location 
#------------------------------------------------------------------------------------------------------
  csm_inst_state_reg[0]/CLK   -       -      R     (arrival)    335     -     0     0       0    (-,-) 
  csm_inst_state_reg[0]/Q     -       CLK->Q R     DFFQSRX1      20  86.9  1276   839     839    (-,-) 
  g57057/Z                    -       A->Z   F     NOR2X1        15  66.5   839   714    1553    (-,-) 
  drc_bufs57416/Z             -       A->Z   R     INVX2         13  62.4   576   525    2079    (-,-) 
  drc_bufs57415/Z             -       A->Z   F     INVX2         42 179.7  1052   779    2858    (-,-) 
  g56679/Z                    -       A->Z   R     NAND2X1        1   7.2   280   304    3162    (-,-) 
  g55652/Z                    -       B->Z   F     NAND3X1        1   6.4   111    91    3252    (-,-) 
  csm_inst_left_reg_reg[27]/D -       -      F     DFFQSRX1       1     -     -     0    3252    (-,-) 
#------------------------------------------------------------------------------------------------------



Path 50: MET (46529 ps) Setup Check with Pin csm_inst_left_reg_reg[26]/CLK->D
          Group: C2C
     Startpoint: (R) csm_inst_state_reg[0]/CLK
          Clock: (R) clk
       Endpoint: (F) csm_inst_left_reg_reg[26]/D
          Clock: (R) clk

                     Capture       Launch     
        Clock Edge:+   50000            0     
       Src Latency:+       0            0     
       Net Latency:+       0 (I)        0 (I) 
           Arrival:=   50000            0     
                                              
             Setup:-     219                  
     Required Time:=   49781                  
      Launch Clock:-       0                  
         Data Path:-    3252                  
             Slack:=   46529                  

#------------------------------------------------------------------------------------------------------
#        Timing Point         Flags    Arc   Edge   Cell     Fanout  Load Trans Delay Arrival Instance 
#                                                                    (fF)  (ps)  (ps)   (ps)  Location 
#------------------------------------------------------------------------------------------------------
  csm_inst_state_reg[0]/CLK   -       -      R     (arrival)    335     -     0     0       0    (-,-) 
  csm_inst_state_reg[0]/Q     -       CLK->Q R     DFFQSRX1      20  86.9  1276   839     839    (-,-) 
  g57057/Z                    -       A->Z   F     NOR2X1        15  66.5   839   714    1553    (-,-) 
  drc_bufs57416/Z             -       A->Z   R     INVX2         13  62.4   576   525    2079    (-,-) 
  drc_bufs57415/Z             -       A->Z   F     INVX2         42 179.7  1052   779    2858    (-,-) 
  g56255/Z                    -       A->Z   R     NAND2X1        1   7.2   280   304    3162    (-,-) 
  g55651/Z                    -       B->Z   F     NAND3X1        1   6.4   111    91    3252    (-,-) 
  csm_inst_left_reg_reg[26]/D -       -      F     DFFQSRX1       1     -     -     0    3252    (-,-) 
#------------------------------------------------------------------------------------------------------

