============================================================
  Generated by:           Genus(TM) Synthesis Solution 21.15-s080_1
  Generated on:           Nov 30 2025  08:08:59 pm
  Module:                 TopModule
  Operating conditions:   PVT_1P8V_25C 
  Interconnect mode:      global
  Area mode:              timing library
============================================================


Path 1: MET (0 ps) Setup Check with Pin csm_inst_right_reg_reg[21]/CLK->D
          Group: C2C
     Startpoint: (R) csm_inst_round_counter_reg[2]/CLK
          Clock: (R) clk
       Endpoint: (F) csm_inst_right_reg_reg[21]/D
          Clock: (R) clk

                     Capture       Launch     
        Clock Edge:+    6000            0     
       Src Latency:+       0            0     
       Net Latency:+       0 (I)        0 (I) 
           Arrival:=    6000            0     
                                              
             Setup:-     458                  
       Uncertainty:-    2000                  
     Required Time:=    3542                  
      Launch Clock:-       0                  
         Data Path:-    3542                  
             Slack:=       0                  

#-----------------------------------------------------------------------------------------------------------
#           Timing Point            Flags    Arc   Edge   Cell     Fanout Load Trans Delay Arrival Instance 
#                                                                         (fF)  (ps)  (ps)   (ps)  Location 
#-----------------------------------------------------------------------------------------------------------
  csm_inst_round_counter_reg[2]/CLK -       -      R     (arrival)    536    -  2000     0       0    (-,-) 
  csm_inst_round_counter_reg[2]/Q   -       CLK->Q R     DFFQSRX1       1 10.1   165   259     259    (-,-) 
  g85095/Z                          -       A->Z   F     INVX4          7 36.2   135   120     379    (-,-) 
  g85090/Z                          -       A->Z   R     INVX4          2 11.5    74    69     448    (-,-) 
  g84957/Z                          -       A->Z   F     NAND2X1        1 10.1   113    85     534    (-,-) 
  g84886/Z                          -       A->Z   R     INVX4          3 18.4    90    82     615    (-,-) 
  g85959/Z                          -       A->Z   R     AND2X1         9 40.0   596   387    1002    (-,-) 
  g83930/Z                          -       A->Z   F     NAND2X1        1  6.8   170   108    1110    (-,-) 
  g83486/Z                          -       B->Z   R     NAND2X1        1  7.3   158   148    1258    (-,-) 
  g83354/Z                          -       B->Z   F     NOR2X1         1  7.3   119    99    1357    (-,-) 
  g82571/Z                          -       A->Z   R     NAND3X1        1  6.8   184   123    1480    (-,-) 
  g82438/Z                          -       A->Z   F     NAND2X1        1  6.9   105    87    1567    (-,-) 
  g82081/Z                          -       A->Z   R     NAND2X1        1 12.8   231   159    1726    (-,-) 
  g85851/Z                          -       B->Z   R     XOR2X1         1  7.7   136   166    1893    (-,-) 
  g81454/Z                          -       A->Z   F     INVX2          4 23.4   153   126    2019    (-,-) 
  g81243/Z                          -       B->Z   F     AND2X1         1  7.2    84   154    2173    (-,-) 
  g81110__6783/Z                    -       A->Z   R     NOR2X1         4 23.5   367   247    2420    (-,-) 
  g81008/Z                          -       A->Z   F     INVX4          3 15.7   118    95    2515    (-,-) 
  g80861__5107/Z                    -       A->Z   R     NAND2X1        2 12.4   230   160    2675    (-,-) 
  g80465__2883/Z                    -       A->Z   F     NAND3X1        1  6.9   115    89    2764    (-,-) 
  g80319__7482/Z                    -       A->Z   R     NAND2X1        1  6.8   144   113    2876    (-,-) 
  g80270__8246/Z                    -       A->Z   F     NAND2X1        1  6.9   108    80    2957    (-,-) 
  g80232__6260/Z                    -       A->Z   R     NAND2X1        1  7.3   154   115    3072    (-,-) 
  g80227__5477/Z                    -       A->Z   F     NAND3X1        1  8.5   113    90    3162    (-,-) 
  g80177__2398/Z                    -       A->Z   R     XOR2X1         1  7.3   141   173    3335    (-,-) 
  g80134__5115/Z                    -       B->Z   R     OR2X1          1  7.3   126   134    3468    (-,-) 
  g80123__9315/Z                    -       A->Z   F     NAND3X1        1  6.4   108    73    3542    (-,-) 
  csm_inst_right_reg_reg[21]/D      -       -      F     DFFQSRX1       1    -     -     0    3542    (-,-) 
#-----------------------------------------------------------------------------------------------------------



Path 2: MET (0 ps) Setup Check with Pin csm_inst_right_reg_reg[5]/CLK->D
          Group: C2C
     Startpoint: (R) csm_inst_round_counter_reg[3]/CLK
          Clock: (R) clk
       Endpoint: (F) csm_inst_right_reg_reg[5]/D
          Clock: (R) clk

                     Capture       Launch     
        Clock Edge:+    6000            0     
       Src Latency:+       0            0     
       Net Latency:+       0 (I)        0 (I) 
           Arrival:=    6000            0     
                                              
             Setup:-     459                  
       Uncertainty:-    2000                  
     Required Time:=    3541                  
      Launch Clock:-       0                  
         Data Path:-    3541                  
             Slack:=       0                  

#------------------------------------------------------------------------------------------------------------
#           Timing Point            Flags    Arc   Edge   Cell     Fanout  Load Trans Delay Arrival Instance 
#                                                                          (fF)  (ps)  (ps)   (ps)  Location 
#------------------------------------------------------------------------------------------------------------
  csm_inst_round_counter_reg[3]/CLK -       -      R     (arrival)    536     -  2000     0       0    (-,-) 
  csm_inst_round_counter_reg[3]/Q   -       CLK->Q R     DFFQSRX1       1  10.1   165   259     259    (-,-) 
  g85171/Z                          -       A->Z   F     INVX4          1  24.9   107    96     355    (-,-) 
  g85131/Z                          -       A->Z   R     INVX16         1  44.5    65    61     415    (-,-) 
  g85153/Z                          -       A->Z   F     INVX32        11 113.5    58    53     469    (-,-) 
  g85158/Z                          -       A->Z   R     INVX8          5  27.2    64    55     524    (-,-) 
  g85157/Z                          -       A->Z   F     INVX4          3  18.9    70    62     586    (-,-) 
  g85123/Z                          -       A->Z   R     INVX4          7  32.1   131    99     685    (-,-) 
  g85048/Z                          -       A->Z   F     NAND2X1        3  15.3   197   126     810    (-,-) 
  g84710/Z                          -       A->Z   R     NAND2X1        2  10.6   202   170     981    (-,-) 
  g84379/Z                          -       B->Z   F     NAND2X1        2  11.4   158   112    1093    (-,-) 
  g83536/Z                          -       B->Z   R     NAND2X1        1   7.2   156   143    1236    (-,-) 
  g83352/Z                          -       A->Z   F     NOR2X1         1   7.3   120   115    1351    (-,-) 
  g82748/Z                          -       A->Z   R     NAND3X1        1   6.8   185   123    1474    (-,-) 
  g82467/Z                          -       A->Z   F     NAND2X1        1   6.9   106    87    1561    (-,-) 
  g85850/Z                          -       A->Z   R     NAND2X1        1   8.5   170   124    1685    (-,-) 
  g85849/Z                          -       A->Z   R     XOR2X1         3  18.8   305   214    1899    (-,-) 
  g81417/Z                          -       A->Z   F     INVX4          9  42.9   184   160    2059    (-,-) 
  g81244/Z                          -       B->Z   R     NAND2X1        1   6.8   154   149    2207    (-,-) 
  g81105__2883/Z                    -       A->Z   R     AND2X1         2  14.8   232   185    2393    (-,-) 
  g81003/Z                          -       A->Z   F     INVX4          4  20.4   109    95    2488    (-,-) 
  g80865__5107/Z                    -       B->Z   F     OR2X1          2  11.6   126   152    2640    (-,-) 
  g80504__7098/Z                    -       A->Z   R     NAND2X1        1   6.8   147   116    2756    (-,-) 
  g80424__8246/Z                    -       A->Z   F     NAND2X1        1   7.3   127    84    2839    (-,-) 
  g80275__8428/Z                    -       A->Z   R     NAND3X1        1   7.3   193   130    2969    (-,-) 
  g80229__8246/Z                    -       B->Z   F     NOR2X1         1   7.3   118   106    3075    (-,-) 
  g80210__1881/Z                    -       A->Z   R     NAND3X1        1  12.8   272   173    3247    (-,-) 
  g80173__8246/Z                    -       B->Z   F     XOR2X1         1   6.9   108    94    3341    (-,-) 
  g80130__7098/Z                    -       A->Z   R     NAND2X1        1   7.3   223   115    3456    (-,-) 
  g80116__8428/Z                    -       A->Z   F     NAND3X1        1   6.4   110    85    3541    (-,-) 
  csm_inst_right_reg_reg[5]/D       -       -      F     DFFQSRX1       1     -     -     0    3541    (-,-) 
#------------------------------------------------------------------------------------------------------------



Path 3: MET (1 ps) Setup Check with Pin csm_inst_right_reg_reg[3]/CLK->D
          Group: C2C
     Startpoint: (R) csm_inst_round_counter_reg[3]/CLK
          Clock: (R) clk
       Endpoint: (F) csm_inst_right_reg_reg[3]/D
          Clock: (R) clk

                     Capture       Launch     
        Clock Edge:+    6000            0     
       Src Latency:+       0            0     
       Net Latency:+       0 (I)        0 (I) 
           Arrival:=    6000            0     
                                              
             Setup:-     459                  
       Uncertainty:-    2000                  
     Required Time:=    3541                  
      Launch Clock:-       0                  
         Data Path:-    3540                  
             Slack:=       1                  

#------------------------------------------------------------------------------------------------------------
#           Timing Point            Flags    Arc   Edge   Cell     Fanout  Load Trans Delay Arrival Instance 
#                                                                          (fF)  (ps)  (ps)   (ps)  Location 
#------------------------------------------------------------------------------------------------------------
  csm_inst_round_counter_reg[3]/CLK -       -      R     (arrival)    536     -  2000     0       0    (-,-) 
  csm_inst_round_counter_reg[3]/Q   -       CLK->Q R     DFFQSRX1       1  10.1   165   259     259    (-,-) 
  g85171/Z                          -       A->Z   F     INVX4          1  24.9   107    96     355    (-,-) 
  g85131/Z                          -       A->Z   R     INVX16         1  44.5    65    61     415    (-,-) 
  g85153/Z                          -       A->Z   F     INVX32        11 113.5    58    53     469    (-,-) 
  g85118/Z                          -       A->Z   R     INVX32        21 129.0    71    60     528    (-,-) 
  g85159/Z                          -       A->Z   F     INVX8         14  62.9   107    87     616    (-,-) 
  g84920/Z                          -       A->Z   R     NAND2X1        3  15.1   265   179     795    (-,-) 
  g84520/Z                          -       A->Z   F     NAND2X1        3  15.2   185   150     945    (-,-) 
  g83822/Z                          -       B->Z   F     MUX2X1         2  11.2    99   226    1171    (-,-) 
  g83267/Z                          -       A->Z   R     NAND2X1        1   7.3   158   112    1283    (-,-) 
  g82868/Z                          -       A->Z   F     NAND3X1        1   7.2   104    83    1366    (-,-) 
  g82720/Z                          -       A->Z   F     OR2X1          1   6.9    84   134    1500    (-,-) 
  g82439/Z                          -       A->Z   R     NAND2X1        1   6.8   170   103    1603    (-,-) 
  g85838/Z                          -       A->Z   F     NAND2X1        1   8.5   115    96    1698    (-,-) 
  g85837/Z                          -       A->Z   R     XOR2X1         3  18.5   306   266    1964    (-,-) 
  g81614/Z                          -       A->Z   F     INVX4          5  25.8   138   117    2082    (-,-) 
  g81278/Z                          -       A->Z   R     NAND2X1        5  25.2   410   272    2354    (-,-) 
  g81090__6783/Z                    -       A->Z   F     NAND2X1        3  16.1   225   178    2531    (-,-) 
  g80810__2398/Z                    -       B->Z   F     OR2X1          1   6.9    86   145    2676    (-,-) 
  g80611__1617/Z                    -       A->Z   R     NAND2X1        1   6.8   145   104    2780    (-,-) 
  g80450__9945/Z                    -       A->Z   F     NAND2X1        1   7.3   101    83    2863    (-,-) 
  g80283__6131/Z                    -       A->Z   R     NAND3X1        1   7.3   192   121    2984    (-,-) 
  g80230__2398/Z                    -       B->Z   F     NOR2X1         1   7.3   126   106    3089    (-,-) 
  g80225__9315/Z                    -       A->Z   R     NAND3X1        1   8.5   209   140    3229    (-,-) 
  g80186__1617/Z                    -       A->Z   F     XOR2X1         1   6.9   118   108    3337    (-,-) 
  g80127__5122/Z                    -       A->Z   R     NAND2X1        1   7.3   223   118    3455    (-,-) 
  g80120__2802/Z                    -       A->Z   F     NAND3X1        1   6.4   110    85    3540    (-,-) 
  csm_inst_right_reg_reg[3]/D       -       -      F     DFFQSRX1       1     -     -     0    3540    (-,-) 
#------------------------------------------------------------------------------------------------------------



Path 4: MET (2 ps) Setup Check with Pin csm_inst_right_reg_reg[10]/CLK->D
          Group: C2C
     Startpoint: (R) csm_inst_round_counter_reg[3]/CLK
          Clock: (R) clk
       Endpoint: (F) csm_inst_right_reg_reg[10]/D
          Clock: (R) clk

                     Capture       Launch     
        Clock Edge:+    6000            0     
       Src Latency:+       0            0     
       Net Latency:+       0 (I)        0 (I) 
           Arrival:=    6000            0     
                                              
             Setup:-     458                  
       Uncertainty:-    2000                  
     Required Time:=    3542                  
      Launch Clock:-       0                  
         Data Path:-    3540                  
             Slack:=       2                  

#------------------------------------------------------------------------------------------------------------
#           Timing Point            Flags    Arc   Edge   Cell     Fanout  Load Trans Delay Arrival Instance 
#                                                                          (fF)  (ps)  (ps)   (ps)  Location 
#------------------------------------------------------------------------------------------------------------
  csm_inst_round_counter_reg[3]/CLK -       -      R     (arrival)    536     -  2000     0       0    (-,-) 
  csm_inst_round_counter_reg[3]/Q   -       CLK->Q R     DFFQSRX1       1  10.1   165   259     259    (-,-) 
  g85171/Z                          -       A->Z   F     INVX4          1  24.9   107    96     355    (-,-) 
  g85131/Z                          -       A->Z   R     INVX16         1  44.5    65    61     415    (-,-) 
  g85153/Z                          -       A->Z   F     INVX32        11 113.5    58    53     469    (-,-) 
  g85118/Z                          -       A->Z   R     INVX32        21 129.0    71    60     528    (-,-) 
  g85961/Z                          -       B->Z   R     OR2X1          3  15.1   236   188     716    (-,-) 
  g84538/Z                          -       A->Z   F     NAND2X1        4  19.3   210   170     886    (-,-) 
  g83687/Z                          -       B->Z   F     MUX2X1         1   6.9    75   211    1097    (-,-) 
  g83331/Z                          -       A->Z   R     NAND2X1        1   6.8   152   100    1197    (-,-) 
  g82882/Z                          -       A->Z   F     NAND2X1        1   7.2   100    84    1281    (-,-) 
  g82776/Z                          -       A->Z   R     NOR2X1         1   6.8   134   114    1395    (-,-) 
  g81988/Z                          -       B->Z   R     MUX2X1         1  12.8   205   194    1589    (-,-) 
  g81285/Z                          -       B->Z   R     XOR2X1         3  23.3   356   293    1882    (-,-) 
  g81213/Z                          -       A->Z   F     INVX8         10  48.5   144   120    2002    (-,-) 
  g80987/Z                          -       A->Z   R     NAND2X1        4  20.6   345   236    2238    (-,-) 
  g80882/Z                          -       A->Z   F     INVX2          4  19.9   181   152    2390    (-,-) 
  g80783__6161/Z                    -       A->Z   R     NAND2X1        1   6.8   152   133    2523    (-,-) 
  g80490__8246/Z                    -       B->Z   F     NAND2X1        1   7.3   109    83    2606    (-,-) 
  g80391__7098/Z                    -       A->Z   R     NAND3X1        1   7.2   196   123    2728    (-,-) 
  g80311__6131/Z                    -       C->Z   F     NAND3X1        1   7.3   100    91    2820    (-,-) 
  g80287__2802/Z                    -       B->Z   R     NOR2X1         1   7.3   142   108    2928    (-,-) 
  g80242__5115/Z                    -       A->Z   F     NAND3X1        1   7.2   100    81    3008    (-,-) 
  g80213__5115/Z                    -       A->Z   R     NOR2X1         1  12.8   221   163    3172    (-,-) 
  g80181__6131/Z                    -       B->Z   R     XOR2X1         1   7.3   133   162    3334    (-,-) 
  g80157__6783/Z                    -       B->Z   R     OR2X1          1   7.3   126   133    3467    (-,-) 
  g80118__6783/Z                    -       A->Z   F     NAND3X1        1   6.4   108    73    3540    (-,-) 
  csm_inst_right_reg_reg[10]/D      -       -      F     DFFQSRX1       1     -     -     0    3540    (-,-) 
#------------------------------------------------------------------------------------------------------------



Path 5: MET (2 ps) Setup Check with Pin csm_inst_right_reg_reg[28]/CLK->D
          Group: C2C
     Startpoint: (R) csm_inst_round_counter_reg[3]/CLK
          Clock: (R) clk
       Endpoint: (F) csm_inst_right_reg_reg[28]/D
          Clock: (R) clk

                     Capture       Launch     
        Clock Edge:+    6000            0     
       Src Latency:+       0            0     
       Net Latency:+       0 (I)        0 (I) 
           Arrival:=    6000            0     
                                              
             Setup:-     459                  
       Uncertainty:-    2000                  
     Required Time:=    3541                  
      Launch Clock:-       0                  
         Data Path:-    3539                  
             Slack:=       2                  

#------------------------------------------------------------------------------------------------------------
#           Timing Point            Flags    Arc   Edge   Cell     Fanout  Load Trans Delay Arrival Instance 
#                                                                          (fF)  (ps)  (ps)   (ps)  Location 
#------------------------------------------------------------------------------------------------------------
  csm_inst_round_counter_reg[3]/CLK -       -      R     (arrival)    536     -  2000     0       0    (-,-) 
  csm_inst_round_counter_reg[3]/Q   -       CLK->Q R     DFFQSRX1       1  10.1   165   259     259    (-,-) 
  g85171/Z                          -       A->Z   F     INVX4          1  24.9   107    96     355    (-,-) 
  g85131/Z                          -       A->Z   R     INVX16         1  44.5    65    61     415    (-,-) 
  g85153/Z                          -       A->Z   F     INVX32        11 113.5    58    53     469    (-,-) 
  g85168/Z                          -       A->Z   R     INVX16        11  69.4    75    62     531    (-,-) 
  g85045/Z                          -       A->Z   F     NAND2X1        3  15.1   180   112     643    (-,-) 
  g84779/Z                          -       B->Z   R     NAND2X1        2  10.6   203   179     821    (-,-) 
  g84582/Z                          -       A->Z   R     BUFX1          3  15.1   236   183    1005    (-,-) 
  g83813/Z                          -       A->Z   R     MUX2X1         2  11.0   180   186    1191    (-,-) 
  g83067/Z                          -       A->Z   F     NAND2X1        1   7.3   110    89    1281    (-,-) 
  g82972/Z                          -       A->Z   R     NAND3X1        1   7.2   191   123    1404    (-,-) 
  g82734/Z                          -       A->Z   R     OR2X1          1   6.8   117   161    1564    (-,-) 
  g82543/Z                          -       A->Z   F     NAND2X1        1   6.9    90    76    1640    (-,-) 
  g85840/Z                          -       A->Z   F     AND2X1         1   8.5    95   128    1768    (-,-) 
  g85839/Z                          -       A->Z   R     XOR2X1         2  11.9   225   207    1975    (-,-) 
  g81583/Z                          -       A->Z   F     INVX2          3  18.5   147   128    2103    (-,-) 
  g81273/Z                          -       A->Z   R     NAND2X1        4  21.6   358   245    2348    (-,-) 
  g81104__1881/Z                    -       B->Z   R     OR2X1          2  11.9   190   189    2537    (-,-) 
  g81002/Z                          -       A->Z   F     INVX2          4  20.1   146   128    2665    (-,-) 
  g80814__4319/Z                    -       A->Z   R     NAND2X1        1   6.8   154   122    2787    (-,-) 
  g80549__1666/Z                    -       A->Z   F     NAND2X1        1   6.9    98    82    2869    (-,-) 
  g80409__8246/Z                    -       A->Z   R     NAND2X1        1   7.3   176   112    2981    (-,-) 
  g80356__4319/Z                    -       A->Z   F     NAND3X1        1   7.3   108    87    3068    (-,-) 
  g80294__7482/Z                    -       B->Z   F     OR2X1          1   8.5    98   134    3202    (-,-) 
  g80220__2802/Z                    -       A->Z   F     XOR2X1         1   6.9   118   135    3336    (-,-) 
  g80194__4319/Z                    -       A->Z   R     NAND2X1        1   7.3   224   118    3454    (-,-) 
  g80176__1705/Z                    -       A->Z   F     NAND3X1        1   6.4   110    85    3539    (-,-) 
  csm_inst_right_reg_reg[28]/D      -       -      F     DFFQSRX1       1     -     -     0    3539    (-,-) 
#------------------------------------------------------------------------------------------------------------



Path 6: MET (3 ps) Setup Check with Pin csm_inst_right_reg_reg[12]/CLK->D
          Group: C2C
     Startpoint: (R) csm_inst_round_counter_reg[3]/CLK
          Clock: (R) clk
       Endpoint: (F) csm_inst_right_reg_reg[12]/D
          Clock: (R) clk

                     Capture       Launch     
        Clock Edge:+    6000            0     
       Src Latency:+       0            0     
       Net Latency:+       0 (I)        0 (I) 
           Arrival:=    6000            0     
                                              
             Setup:-     459                  
       Uncertainty:-    2000                  
     Required Time:=    3541                  
      Launch Clock:-       0                  
         Data Path:-    3539                  
             Slack:=       3                  

#------------------------------------------------------------------------------------------------------------
#           Timing Point            Flags    Arc   Edge   Cell     Fanout  Load Trans Delay Arrival Instance 
#                                                                          (fF)  (ps)  (ps)   (ps)  Location 
#------------------------------------------------------------------------------------------------------------
  csm_inst_round_counter_reg[3]/CLK -       -      R     (arrival)    536     -  2000     0       0    (-,-) 
  csm_inst_round_counter_reg[3]/Q   -       CLK->Q R     DFFQSRX1       1  10.1   165   259     259    (-,-) 
  g85171/Z                          -       A->Z   F     INVX4          1  24.9   107    96     355    (-,-) 
  g85131/Z                          -       A->Z   R     INVX16         1  44.5    65    61     415    (-,-) 
  g85153/Z                          -       A->Z   F     INVX32        11 113.5    58    53     469    (-,-) 
  g85158/Z                          -       A->Z   R     INVX8          5  27.2    64    55     524    (-,-) 
  g85157/Z                          -       A->Z   F     INVX4          3  18.9    70    62     586    (-,-) 
  g85123/Z                          -       A->Z   R     INVX4          7  32.1   131    99     685    (-,-) 
  g85034/Z                          -       A->Z   F     NAND2X1        3  15.2   178   125     810    (-,-) 
  g84537/Z                          -       B->Z   R     NAND2X1        4  19.3   324   249    1059    (-,-) 
  g83809/Z                          -       A->Z   R     MUX2X1         2  11.0   180   190    1249    (-,-) 
  g83270/Z                          -       A->Z   F     NAND2X1        1   7.3   108    89    1339    (-,-) 
  g82973/Z                          -       A->Z   R     NAND3X1        1   7.3   194   124    1462    (-,-) 
  g82722/Z                          -       B->Z   R     OR2X1          1   6.8   117   135    1598    (-,-) 
  g82545/Z                          -       A->Z   F     NAND2X1        1   6.9   110    76    1673    (-,-) 
  g82101/Z                          -       A->Z   R     NAND2X1        1   8.5   170   126    1799    (-,-) 
  g81734/Z                          -       A->Z   F     XOR2X1         1  15.0   202   136    1935    (-,-) 
  g81602/Z                          -       A->Z   R     INVX8         12  55.4   135   123    2058    (-,-) 
  g81600/Z                          -       A->Z   F     INVX2          4  20.2   136   115    2173    (-,-) 
  g81149__2883/Z                    -       A->Z   R     NOR2X1         4  19.7   314   225    2398    (-,-) 
  g80960__9945/Z                    -       A->Z   R     AND2X1         2  11.0   178   160    2559    (-,-) 
  g80682__1617/Z                    -       A->Z   F     NAND2X1        1   7.3   110    89    2648    (-,-) 
  g80457__2346/Z                    -       A->Z   R     NAND3X1        1   7.3   192   124    2772    (-,-) 
  g80329__2346/Z                    -       B->Z   F     NOR2X1         1   7.3   114   106    2877    (-,-) 
  g80261__3680/Z                    -       A->Z   R     NAND3X1        1   7.2   190   125    3002    (-,-) 
  g80216__4733/Z                    -       A->Z   F     NOR2X1         1  12.8   170   156    3158    (-,-) 
  g80179__7098/Z                    -       B->Z   F     XOR2X1         1   6.9    97   184    3343    (-,-) 
  g80132__8428/Z                    -       A->Z   R     NAND2X1        1   7.3   223   111    3454    (-,-) 
  g80119__1617/Z                    -       A->Z   F     NAND3X1        1   6.4   110    85    3539    (-,-) 
  csm_inst_right_reg_reg[12]/D      -       -      F     DFFQSRX1       1     -     -     0    3539    (-,-) 
#------------------------------------------------------------------------------------------------------------



Path 7: MET (4 ps) Setup Check with Pin csm_inst_right_reg_reg[17]/CLK->D
          Group: C2C
     Startpoint: (R) csm_inst_round_counter_reg[2]/CLK
          Clock: (R) clk
       Endpoint: (F) csm_inst_right_reg_reg[17]/D
          Clock: (R) clk

                     Capture       Launch     
        Clock Edge:+    6000            0     
       Src Latency:+       0            0     
       Net Latency:+       0 (I)        0 (I) 
           Arrival:=    6000            0     
                                              
             Setup:-     459                  
       Uncertainty:-    2000                  
     Required Time:=    3541                  
      Launch Clock:-       0                  
         Data Path:-    3538                  
             Slack:=       4                  

#------------------------------------------------------------------------------------------------------------
#           Timing Point            Flags    Arc   Edge   Cell     Fanout  Load Trans Delay Arrival Instance 
#                                                                          (fF)  (ps)  (ps)   (ps)  Location 
#------------------------------------------------------------------------------------------------------------
  csm_inst_round_counter_reg[2]/CLK -       -      R     (arrival)    536     -  2000     0       0    (-,-) 
  csm_inst_round_counter_reg[2]/Q   -       CLK->Q R     DFFQSRX1       1  10.1   165   259     259    (-,-) 
  g85095/Z                          -       A->Z   F     INVX4          7  36.2   135   120     379    (-,-) 
  g85058/Z                          -       A->Z   F     AND2X1         2  10.7   115   151     530    (-,-) 
  g84966/Z                          -       A->Z   F     BUFX1          2  10.7   114   134     665    (-,-) 
  g84823/Z                          -       A->Z   R     NAND2X1        1  15.0   262   180     845    (-,-) 
  g84675/Z                          -       A->Z   F     INVX8          9  49.0   126   109     954    (-,-) 
  g84674/Z                          -       A->Z   R     INVX8          2  30.0    81    75    1029    (-,-) 
  g84670/Z                          -       A->Z   F     INVX16        33 142.5   119    98    1126    (-,-) 
  g84008/Z                          -       A->Z   R     NAND2X1        1   6.8   159   114    1240    (-,-) 
  g83533/Z                          -       A->Z   F     NAND2X1        1   7.3   103    86    1326    (-,-) 
  g83383/Z                          -       B->Z   R     NOR2X1         1   7.3   141   109    1435    (-,-) 
  g82714/Z                          -       A->Z   F     NAND3X1        1   6.9    98    79    1514    (-,-) 
  g82454/Z                          -       A->Z   R     NAND2X1        1   6.8   152   107    1621    (-,-) 
  g82093/Z                          -       A->Z   F     NAND2X1        1   8.5   111    92    1713    (-,-) 
  g81740/Z                          -       S->Z   R     MUX2X1         3  16.1   254   258    1971    (-,-) 
  g81656/Z                          -       A->Z   F     INVX2          7  35.5   234   198    2169    (-,-) 
  g81274/Z                          -       A->Z   R     NOR2X1         6  27.9   432   309    2478    (-,-) 
  g81069__4733/Z                    -       A->Z   R     AND2X1         2  11.0   178   163    2641    (-,-) 
  g80651__5122/Z                    -       A->Z   F     NAND2X1        1   6.8   103    85    2726    (-,-) 
  g80524__7098/Z                    -       B->Z   R     NAND2X1        1   7.3   152   126    2852    (-,-) 
  g80463__6417/Z                    -       B->Z   F     NOR2X1         1   7.3   114    98    2950    (-,-) 
  g80290__5115/Z                    -       A->Z   R     NAND3X1        1   7.3   192   126    3075    (-,-) 
  g80253__5526/Z                    -       B->Z   F     NOR2X1         1   8.5   135   114    3189    (-,-) 
  g80189__7098/Z                    -       A->Z   F     XOR2X1         1   6.9   118   145    3335    (-,-) 
  g80161__5477/Z                    -       A->Z   R     NAND2X1        1   7.3   224   118    3453    (-,-) 
  g80152__5477/Z                    -       A->Z   F     NAND3X1        1   6.4   110    85    3538    (-,-) 
  csm_inst_right_reg_reg[17]/D      -       -      F     DFFQSRX1       1     -     -     0    3538    (-,-) 
#------------------------------------------------------------------------------------------------------------



Path 8: MET (4 ps) Setup Check with Pin csm_inst_right_reg_reg[1]/CLK->D
          Group: C2C
     Startpoint: (R) csm_inst_round_counter_reg[0]/CLK
          Clock: (R) clk
       Endpoint: (F) csm_inst_right_reg_reg[1]/D
          Clock: (R) clk

                     Capture       Launch     
        Clock Edge:+    6000            0     
       Src Latency:+       0            0     
       Net Latency:+       0 (I)        0 (I) 
           Arrival:=    6000            0     
                                              
             Setup:-     459                  
       Uncertainty:-    2000                  
     Required Time:=    3541                  
      Launch Clock:-       0                  
         Data Path:-    3538                  
             Slack:=       4                  

#-----------------------------------------------------------------------------------------------------------
#           Timing Point            Flags    Arc   Edge   Cell     Fanout Load Trans Delay Arrival Instance 
#                                                                         (fF)  (ps)  (ps)   (ps)  Location 
#-----------------------------------------------------------------------------------------------------------
  csm_inst_round_counter_reg[0]/CLK -       -      R     (arrival)    536    -  2000     0       0    (-,-) 
  csm_inst_round_counter_reg[0]/Q   -       CLK->Q R     DFFQSRX1       1 10.1   165   259     259    (-,-) 
  g85229/Z                          -       A->Z   F     INVX4          8 45.2   159   137     396    (-,-) 
  g85218/Z                          -       A->Z   R     INVX8          5 41.6   106    97     493    (-,-) 
  g85225/Z                          -       A->Z   R     BUFX1          4 25.3   384   261     753    (-,-) 
  g85224/Z                          -       A->Z   F     INVX2          1  7.7   118    90     843    (-,-) 
  g85219/Z                          -       A->Z   R     INVX2          6 37.7   296   208    1051    (-,-) 
  g83780/Z                          -       S->Z   R     MUX2X1         2 11.0   180   178    1229    (-,-) 
  g83089/Z                          -       A->Z   F     NAND2X1        1  7.3   110    89    1318    (-,-) 
  g82861/Z                          -       A->Z   R     NAND3X1        1  7.3   192   124    1442    (-,-) 
  g82709/Z                          -       B->Z   F     NOR2X1         1  7.3   126   106    1548    (-,-) 
  g82449/Z                          -       B->Z   R     NOR2X1         1  7.3   144   116    1664    (-,-) 
  g82089/Z                          -       B->Z   F     NOR2X1         1 12.8   170   129    1793    (-,-) 
  g85833/Z                          -       B->Z   F     XOR2X1         3 16.5   139   227    2020    (-,-) 
  g81184/Z                          -       B->Z   R     NAND2X1        3 16.4   283   213    2233    (-,-) 
  g81132/Z                          -       A->Z   F     INVX2          5 23.7   185   157    2391    (-,-) 
  g81094__3680/Z                    -       A->Z   R     NAND2X1        4 21.2   352   254    2644    (-,-) 
  g80660__7410/Z                    -       B->Z   R     OR2X1          1  6.8   117   147    2791    (-,-) 
  g80576__5107/Z                    -       A->Z   F     NAND2X1        1  7.2    97    78    2869    (-,-) 
  g80337__5477/Z                    -       A->Z   R     NOR2X1         1  7.3   139   118    2987    (-,-) 
  g80233__2802/Z                    -       A->Z   F     NAND3X1        1  7.3   102    81    3068    (-,-) 
  g80217__6161/Z                    -       B->Z   F     OR2X1          1  8.5    98   133    3200    (-,-) 
  g80182__1881/Z                    -       A->Z   F     XOR2X1         1  6.9   118   135    3335    (-,-) 
  g80143__6417/Z                    -       A->Z   R     NAND2X1        1  7.3   223   118    3453    (-,-) 
  g80114__5526/Z                    -       A->Z   F     NAND3X1        1  6.4   110    85    3538    (-,-) 
  csm_inst_right_reg_reg[1]/D       -       -      F     DFFQSRX1       1    -     -     0    3538    (-,-) 
#-----------------------------------------------------------------------------------------------------------



Path 9: MET (4 ps) Setup Check with Pin csm_inst_right_reg_reg[22]/CLK->D
          Group: C2C
     Startpoint: (R) csm_inst_round_counter_reg[2]/CLK
          Clock: (R) clk
       Endpoint: (F) csm_inst_right_reg_reg[22]/D
          Clock: (R) clk

                     Capture       Launch     
        Clock Edge:+    6000            0     
       Src Latency:+       0            0     
       Net Latency:+       0 (I)        0 (I) 
           Arrival:=    6000            0     
                                              
             Setup:-     458                  
       Uncertainty:-    2000                  
     Required Time:=    3542                  
      Launch Clock:-       0                  
         Data Path:-    3538                  
             Slack:=       4                  

#-----------------------------------------------------------------------------------------------------------
#           Timing Point            Flags    Arc   Edge   Cell     Fanout Load Trans Delay Arrival Instance 
#                                                                         (fF)  (ps)  (ps)   (ps)  Location 
#-----------------------------------------------------------------------------------------------------------
  csm_inst_round_counter_reg[2]/CLK -       -      R     (arrival)    536    -  2000     0       0    (-,-) 
  csm_inst_round_counter_reg[2]/Q   -       CLK->Q R     DFFQSRX1       1 10.1   165   259     259    (-,-) 
  g85095/Z                          -       A->Z   F     INVX4          7 36.2   135   120     379    (-,-) 
  g85058/Z                          -       A->Z   F     AND2X1         2 10.7   115   151     530    (-,-) 
  g84966/Z                          -       A->Z   F     BUFX1          2 10.7   114   134     665    (-,-) 
  g84823/Z                          -       A->Z   R     NAND2X1        1 15.0   262   180     845    (-,-) 
  g84675/Z                          -       A->Z   F     INVX8          9 49.0   126   109     954    (-,-) 
  g84674/Z                          -       A->Z   R     INVX8          2 30.0    81    75    1029    (-,-) 
  g84668/Z                          -       A->Z   F     INVX2          5 23.9   148   114    1143    (-,-) 
  g83958/Z                          -       A->Z   R     NAND2X1        1  6.8   153   123    1266    (-,-) 
  g83549/Z                          -       B->Z   F     NAND2X1        1  7.3   113    83    1348    (-,-) 
  g83395/Z                          -       B->Z   R     NOR2X1         1  7.3   142   112    1460    (-,-) 
  g82757/Z                          -       A->Z   F     NAND3X1        1  6.9    98    79    1539    (-,-) 
  g82524/Z                          -       A->Z   R     NAND2X1        1  6.8   170   108    1647    (-,-) 
  g82100/Z                          -       A->Z   F     NAND2X1        1  8.5   115    96    1742    (-,-) 
  g81738/Z                          -       S->Z   F     MUX2X1         1 15.0   118   198    1940    (-,-) 
  g81649/Z                          -       A->Z   R     INVX8         10 65.5   135   112    2053    (-,-) 
  g81648/Z                          -       A->Z   F     INVX16         9 42.8    63    57    2110    (-,-) 
  g81178__6161/Z                    -       A->Z   R     NOR2X1         6 27.5   424   274    2384    (-,-) 
  g80978__1881/Z                    -       A->Z   R     AND2X1         4 19.8   305   235    2619    (-,-) 
  g80739__2802/Z                    -       A->Z   F     NAND2X1        1  7.2   130    99    2718    (-,-) 
  g80280__7098/Z                    -       C->Z   R     NAND3X1        1  7.3   192   167    2886    (-,-) 
  g80236__4319/Z                    -       B->Z   F     NOR2X1         1  7.3   126   106    2992    (-,-) 
  g80224__6417/Z                    -       A->Z   R     NAND3X1        1 12.8   272   175    3167    (-,-) 
  g80178__5107/Z                    -       B->Z   R     XOR2X1         1  7.3   130   166    3332    (-,-) 
  g80135__7482/Z                    -       B->Z   R     OR2X1          1  7.3   126   132    3465    (-,-) 
  g80124__2883/Z                    -       A->Z   F     NAND3X1        1  6.4   108    73    3538    (-,-) 
  csm_inst_right_reg_reg[22]/D      -       -      F     DFFQSRX1       1    -     -     0    3538    (-,-) 
#-----------------------------------------------------------------------------------------------------------



Path 10: MET (4 ps) Setup Check with Pin csm_inst_right_reg_reg[18]/CLK->D
          Group: C2C
     Startpoint: (R) csm_inst_round_counter_reg[3]/CLK
          Clock: (R) clk
       Endpoint: (F) csm_inst_right_reg_reg[18]/D
          Clock: (R) clk

                     Capture       Launch     
        Clock Edge:+    6000            0     
       Src Latency:+       0            0     
       Net Latency:+       0 (I)        0 (I) 
           Arrival:=    6000            0     
                                              
             Setup:-     459                  
       Uncertainty:-    2000                  
     Required Time:=    3541                  
      Launch Clock:-       0                  
         Data Path:-    3537                  
             Slack:=       4                  

#------------------------------------------------------------------------------------------------------------
#           Timing Point            Flags    Arc   Edge   Cell     Fanout  Load Trans Delay Arrival Instance 
#                                                                          (fF)  (ps)  (ps)   (ps)  Location 
#------------------------------------------------------------------------------------------------------------
  csm_inst_round_counter_reg[3]/CLK -       -      R     (arrival)    536     -  2000     0       0    (-,-) 
  csm_inst_round_counter_reg[3]/Q   -       CLK->Q R     DFFQSRX1       1  10.1   165   259     259    (-,-) 
  g85171/Z                          -       A->Z   F     INVX4          1  24.9   107    96     355    (-,-) 
  g85131/Z                          -       A->Z   R     INVX16         1  44.5    65    61     415    (-,-) 
  g85153/Z                          -       A->Z   F     INVX32        11 113.5    58    53     469    (-,-) 
  g85118/Z                          -       A->Z   R     INVX32        21 129.0    71    60     528    (-,-) 
  g85151/Z                          -       A->Z   F     INVX16         2  19.3    34    34     562    (-,-) 
  g85150/Z                          -       A->Z   R     INVX8          8  39.1    82    60     623    (-,-) 
  g85149/Z                          -       A->Z   F     INVX4          6  28.1    97    84     706    (-,-) 
  g84927/Z                          -       A->Z   R     NAND2X1        3  15.1   272   176     882    (-,-) 
  g84706/Z                          -       A->Z   F     NAND2X1        3  15.3   187   152    1034    (-,-) 
  g83818/Z                          -       A->Z   F     MUX2X1         2  11.2    97   226    1260    (-,-) 
  g83082/Z                          -       A->Z   R     NAND2X1        1   7.3   158   111    1371    (-,-) 
  g82957/Z                          -       A->Z   F     NAND3X1        1   7.3   105    84    1455    (-,-) 
  g82726/Z                          -       B->Z   F     OR2X1          1   6.9    84   123    1578    (-,-) 
  g82527/Z                          -       A->Z   R     NAND2X1        1   7.3   153   107    1686    (-,-) 
  g82369/Z                          -       A->Z   F     NAND3X1        1   8.5   113    90    1776    (-,-) 
  g81718/Z                          -       A->Z   F     XOR2X1         1  10.1   172   154    1929    (-,-) 
  g81475/Z                          -       A->Z   R     INVX4          7  41.2   173   149    2078    (-,-) 
  g81474/Z                          -       A->Z   F     INVX8          7  33.8    89    79    2158    (-,-) 
  g81163__5122/Z                    -       B->Z   R     NOR2X1         5  24.8   386   246    2404    (-,-) 
  g81107__4319/Z                    -       B->Z   F     NOR2X1         3  18.1   245   214    2618    (-,-) 
  g81005/Z                          -       A->Z   R     INVX2          2  12.0   138   128    2746    (-,-) 
  g80850__4733/Z                    -       A->Z   F     NAND3X1        1   7.2   103    80    2826    (-,-) 
  g80350__5526/Z                    -       C->Z   R     NAND3X1        1   7.3   192   158    2985    (-,-) 
  g80256__6417/Z                    -       B->Z   F     NOR2X1         1   7.3   114   106    3090    (-,-) 
  g80247__6161/Z                    -       A->Z   R     NAND3X1        1   8.5   209   136    3226    (-,-) 
  g80204__3680/Z                    -       A->Z   F     XOR2X1         1   6.9   118   108    3334    (-,-) 
  g80168__1705/Z                    -       A->Z   R     NAND2X1        1   7.3   224   118    3452    (-,-) 
  g80153__4319/Z                    -       A->Z   F     NAND3X1        1   6.4   110    85    3537    (-,-) 
  csm_inst_right_reg_reg[18]/D      -       -      F     DFFQSRX1       1     -     -     0    3537    (-,-) 
#------------------------------------------------------------------------------------------------------------



Path 11: MET (7 ps) Setup Check with Pin csm_inst_right_reg_reg[9]/CLK->D
          Group: C2C
     Startpoint: (R) csm_inst_round_counter_reg[3]/CLK
          Clock: (R) clk
       Endpoint: (F) csm_inst_right_reg_reg[9]/D
          Clock: (R) clk

                     Capture       Launch     
        Clock Edge:+    6000            0     
       Src Latency:+       0            0     
       Net Latency:+       0 (I)        0 (I) 
           Arrival:=    6000            0     
                                              
             Setup:-     459                  
       Uncertainty:-    2000                  
     Required Time:=    3541                  
      Launch Clock:-       0                  
         Data Path:-    3534                  
             Slack:=       7                  

#------------------------------------------------------------------------------------------------------------
#           Timing Point            Flags    Arc   Edge   Cell     Fanout  Load Trans Delay Arrival Instance 
#                                                                          (fF)  (ps)  (ps)   (ps)  Location 
#------------------------------------------------------------------------------------------------------------
  csm_inst_round_counter_reg[3]/CLK -       -      R     (arrival)    536     -  2000     0       0    (-,-) 
  csm_inst_round_counter_reg[3]/Q   -       CLK->Q R     DFFQSRX1       1  10.1   165   259     259    (-,-) 
  g85171/Z                          -       A->Z   F     INVX4          1  24.9   107    96     355    (-,-) 
  g85131/Z                          -       A->Z   R     INVX16         1  44.5    65    61     415    (-,-) 
  g85153/Z                          -       A->Z   F     INVX32        11 113.5    58    53     469    (-,-) 
  g85118/Z                          -       A->Z   R     INVX32        21 129.0    71    60     528    (-,-) 
  g85151/Z                          -       A->Z   F     INVX16         2  19.3    34    34     562    (-,-) 
  g85150/Z                          -       A->Z   R     INVX8          8  39.1    82    60     623    (-,-) 
  g85039/Z                          -       A->Z   F     NAND2X1        3  15.1   168   113     736    (-,-) 
  g84560/Z                          -       B->Z   R     NAND2X1        5  23.4   384   280    1015    (-,-) 
  g83828/Z                          -       A->Z   R     MUX2X1         2  11.0   180   193    1208    (-,-) 
  g83291/Z                          -       A->Z   F     NAND2X1        1   7.3   108    89    1297    (-,-) 
  g82855/Z                          -       A->Z   R     NAND3X1        1   7.2   191   123    1420    (-,-) 
  g82717/Z                          -       A->Z   R     OR2X1          1   6.8   117   161    1580    (-,-) 
  g82460/Z                          -       A->Z   F     NAND2X1        1   7.3   122    78    1659    (-,-) 
  g82079/Z                          -       A->Z   R     NAND3X1        1   8.5   210   138    1797    (-,-) 
  g81720/Z                          -       S->Z   R     MUX2X1         3  18.8   292   239    2036    (-,-) 
  g81490/Z                          -       A->Z   F     INVX4          8  38.1   169   147    2184    (-,-) 
  g81489/Z                          -       A->Z   R     INVX2          4  19.8   171   148    2332    (-,-) 
  g81155__1666/Z                    -       B->Z   F     NOR2X1         4  20.2   233   180    2512    (-,-) 
  g80963__2883/Z                    -       A->Z   R     NAND2X1        2  11.9   230   192    2703    (-,-) 
  g80676__8428/Z                    -       A->Z   F     NAND2X1        1   6.9   114    91    2794    (-,-) 
  g80488__4319/Z                    -       A->Z   R     NAND2X1        1   6.8   152   112    2906    (-,-) 
  g80438__7410/Z                    -       A->Z   F     NAND2X1        1   6.9    98    82    2988    (-,-) 
  g80298__5122/Z                    -       A->Z   R     NAND2X1        1   7.2   156   111    3098    (-,-) 
  g80239__5107/Z                    -       B->Z   F     NAND3X1        1   8.5   110    95    3193    (-,-) 
  g80205__9945/Z                    -       A->Z   F     XOR2X1         1   6.9   118   138    3331    (-,-) 
  g80167__7410/Z                    -       A->Z   R     NAND2X1        1   7.3   223   118    3449    (-,-) 
  g80148__5115/Z                    -       A->Z   F     NAND3X1        1   6.4   110    85    3534    (-,-) 
  csm_inst_right_reg_reg[9]/D       -       -      F     DFFQSRX1       1     -     -     0    3534    (-,-) 
#------------------------------------------------------------------------------------------------------------



Path 12: MET (8 ps) Setup Check with Pin csm_inst_right_reg_reg[25]/CLK->D
          Group: C2C
     Startpoint: (R) csm_inst_round_counter_reg[3]/CLK
          Clock: (R) clk
       Endpoint: (F) csm_inst_right_reg_reg[25]/D
          Clock: (R) clk

                     Capture       Launch     
        Clock Edge:+    6000            0     
       Src Latency:+       0            0     
       Net Latency:+       0 (I)        0 (I) 
           Arrival:=    6000            0     
                                              
             Setup:-     459                  
       Uncertainty:-    2000                  
     Required Time:=    3541                  
      Launch Clock:-       0                  
         Data Path:-    3533                  
             Slack:=       8                  

#------------------------------------------------------------------------------------------------------------
#           Timing Point            Flags    Arc   Edge   Cell     Fanout  Load Trans Delay Arrival Instance 
#                                                                          (fF)  (ps)  (ps)   (ps)  Location 
#------------------------------------------------------------------------------------------------------------
  csm_inst_round_counter_reg[3]/CLK -       -      R     (arrival)    536     -  2000     0       0    (-,-) 
  csm_inst_round_counter_reg[3]/Q   -       CLK->Q R     DFFQSRX1       1  10.1   165   259     259    (-,-) 
  g85171/Z                          -       A->Z   F     INVX4          1  24.9   107    96     355    (-,-) 
  g85131/Z                          -       A->Z   R     INVX16         1  44.5    65    61     415    (-,-) 
  g85153/Z                          -       A->Z   F     INVX32        11 113.5    58    53     469    (-,-) 
  g85168/Z                          -       A->Z   R     INVX16        11  69.4    75    62     531    (-,-) 
  g85112/Z                          -       A->Z   F     INVX16        11  87.0    80    70     602    (-,-) 
  g85108/Z                          -       A->Z   R     INVX32        22  93.9    61    56     658    (-,-) 
  g85014/Z                          -       A->Z   F     NAND2X1        3  15.2   171   109     767    (-,-) 
  g84548/Z                          -       B->Z   R     NAND2X1        4  19.3   324   247    1014    (-,-) 
  g83770/Z                          -       A->Z   R     MUX2X1         2  11.0   180   190    1204    (-,-) 
  g83099/Z                          -       A->Z   F     NAND2X1        1   7.3   110    89    1293    (-,-) 
  g85994/Z                          -       A->Z   R     NAND3X1        1   7.2   192   123    1416    (-,-) 
  g85993/Z                          -       A->Z   R     OR2X1          1   6.8   117   161    1577    (-,-) 
  g82010/Z                          -       A->Z   F     NAND2X1        1   7.3   122    78    1655    (-,-) 
  g81989/Z                          -       A->Z   R     NAND3X1        1   8.5   210   138    1794    (-,-) 
  g81287/Z                          -       S->Z   F     MUX2X1         1   7.7    80   178    1972    (-,-) 
  g81232/Z                          -       A->Z   R     INVX2          2  19.2   157   117    2089    (-,-) 
  g81231/Z                          -       A->Z   F     INVX8          9  45.5   100    90    2179    (-,-) 
  g81225/Z                          -       A->Z   R     INVX4          9  44.4   177   134    2312    (-,-) 
  g80859__5526/Z                    -       A->Z   F     NAND3X1        2  12.0   148   114    2426    (-,-) 
  g80557__2802/Z                    -       B->Z   R     NOR2X1         3  15.9   264   192    2618    (-,-) 
  g80374__8428/Z                    -       A->Z   F     NAND2X1        1   6.8   120    93    2710    (-,-) 
  g80332__7410/Z                    -       B->Z   R     NAND2X1        1   6.8   146   128    2838    (-,-) 
  g80276__5526/Z                    -       A->Z   F     NAND2X1        1   7.3   141    83    2921    (-,-) 
  g80228__5122/Z                    -       A->Z   R     NAND3X1        1   7.2   191   133    3054    (-,-) 
  g80197__6131/Z                    -       A->Z   F     NOR2X1         1   8.5   136   131    3185    (-,-) 
  g80142__5526/Z                    -       A->Z   F     XOR2X1         1   6.9   118   146    3331    (-,-) 
  g80113__2398/Z                    -       A->Z   R     NAND2X1        1   7.3   223   118    3449    (-,-) 
  g80093__3680/Z                    -       A->Z   F     NAND3X1        1   6.4   110    85    3533    (-,-) 
  csm_inst_right_reg_reg[25]/D      -       -      F     DFFQSRX1       1     -     -     0    3533    (-,-) 
#------------------------------------------------------------------------------------------------------------



Path 13: MET (9 ps) Setup Check with Pin csm_inst_right_reg_reg[8]/CLK->D
          Group: C2C
     Startpoint: (R) csm_inst_round_counter_reg[3]/CLK
          Clock: (R) clk
       Endpoint: (F) csm_inst_right_reg_reg[8]/D
          Clock: (R) clk

                     Capture       Launch     
        Clock Edge:+    6000            0     
       Src Latency:+       0            0     
       Net Latency:+       0 (I)        0 (I) 
           Arrival:=    6000            0     
                                              
             Setup:-     459                  
       Uncertainty:-    2000                  
     Required Time:=    3541                  
      Launch Clock:-       0                  
         Data Path:-    3533                  
             Slack:=       9                  

#------------------------------------------------------------------------------------------------------------
#           Timing Point            Flags    Arc   Edge   Cell     Fanout  Load Trans Delay Arrival Instance 
#                                                                          (fF)  (ps)  (ps)   (ps)  Location 
#------------------------------------------------------------------------------------------------------------
  csm_inst_round_counter_reg[3]/CLK -       -      R     (arrival)    536     -  2000     0       0    (-,-) 
  csm_inst_round_counter_reg[3]/Q   -       CLK->Q R     DFFQSRX1       1  10.1   165   259     259    (-,-) 
  g85171/Z                          -       A->Z   F     INVX4          1  24.9   107    96     355    (-,-) 
  g85131/Z                          -       A->Z   R     INVX16         1  44.5    65    61     415    (-,-) 
  g85153/Z                          -       A->Z   F     INVX32        11 113.5    58    53     469    (-,-) 
  g85158/Z                          -       A->Z   R     INVX8          5  27.2    64    55     524    (-,-) 
  g85157/Z                          -       A->Z   F     INVX4          3  18.9    70    62     586    (-,-) 
  g85123/Z                          -       A->Z   R     INVX4          7  32.1   131    99     685    (-,-) 
  g85030/Z                          -       A->Z   F     NAND2X1        3  15.1   168   125     809    (-,-) 
  g84541/Z                          -       B->Z   R     NAND2X1        4  19.3   324   246    1055    (-,-) 
  g83794/Z                          -       B->Z   R     MUX2X1         2  11.0   180   190    1245    (-,-) 
  g83299/Z                          -       A->Z   F     NAND2X1        1   7.2   107    89    1334    (-,-) 
  g82770/Z                          -       C->Z   R     NAND3X1        1   6.8   185   156    1489    (-,-) 
  g82537/Z                          -       A->Z   F     NAND2X1        1   6.9   106    87    1576    (-,-) 
  g82105/Z                          -       A->Z   R     NAND2X1        1  12.8   231   159    1736    (-,-) 
  g81728/Z                          -       B->Z   R     XOR2X1         5  23.9   365   300    2036    (-,-) 
  g81544/Z                          -       A->Z   F     INVX2          5  25.2   211   179    2214    (-,-) 
  g81143__7410/Z                    -       A->Z   R     NOR2X1         2  11.4   204   170    2385    (-,-) 
  g80979__6783/Z                    -       A->Z   R     OR2X1          2  12.4   198   208    2593    (-,-) 
  g80846__2346/Z                    -       A->Z   F     NAND3X1        1   6.9   109    87    2679    (-,-) 
  g80484__6260/Z                    -       A->Z   R     NAND2X1        1   6.8   147   111    2790    (-,-) 
  g80371__5122/Z                    -       A->Z   F     NAND2X1        1   7.3   104    84    2874    (-,-) 
  g80347__9945/Z                    -       A->Z   R     NAND3X1        1   7.2   192   122    2995    (-,-) 
  g80238__2398/Z                    -       A->Z   F     NOR2X1         1  12.8   170   157    3152    (-,-) 
  g80203__9315/Z                    -       B->Z   F     XOR2X1         1   6.9    97   185    3337    (-,-) 
  g80166__1666/Z                    -       A->Z   R     NAND2X1        1   7.3   223   111    3448    (-,-) 
  g80147__1881/Z                    -       A->Z   F     NAND3X1        1   6.4   110    85    3533    (-,-) 
  csm_inst_right_reg_reg[8]/D       -       -      F     DFFQSRX1       1     -     -     0    3533    (-,-) 
#------------------------------------------------------------------------------------------------------------



Path 14: MET (10 ps) Setup Check with Pin csm_inst_right_reg_reg[29]/CLK->D
          Group: C2C
     Startpoint: (R) csm_inst_round_counter_reg[3]/CLK
          Clock: (R) clk
       Endpoint: (F) csm_inst_right_reg_reg[29]/D
          Clock: (R) clk

                     Capture       Launch     
        Clock Edge:+    6000            0     
       Src Latency:+       0            0     
       Net Latency:+       0 (I)        0 (I) 
           Arrival:=    6000            0     
                                              
             Setup:-     459                  
       Uncertainty:-    2000                  
     Required Time:=    3541                  
      Launch Clock:-       0                  
         Data Path:-    3532                  
             Slack:=      10                  

#------------------------------------------------------------------------------------------------------------
#           Timing Point            Flags    Arc   Edge   Cell     Fanout  Load Trans Delay Arrival Instance 
#                                                                          (fF)  (ps)  (ps)   (ps)  Location 
#------------------------------------------------------------------------------------------------------------
  csm_inst_round_counter_reg[3]/CLK -       -      R     (arrival)    536     -  2000     0       0    (-,-) 
  csm_inst_round_counter_reg[3]/Q   -       CLK->Q R     DFFQSRX1       1  10.1   165   259     259    (-,-) 
  g85171/Z                          -       A->Z   F     INVX4          1  24.9   107    96     355    (-,-) 
  g85131/Z                          -       A->Z   R     INVX16         1  44.5    65    61     415    (-,-) 
  g85153/Z                          -       A->Z   F     INVX32        11 113.5    58    53     469    (-,-) 
  g85158/Z                          -       A->Z   R     INVX8          5  27.2    64    55     524    (-,-) 
  g85157/Z                          -       A->Z   F     INVX4          3  18.9    70    62     586    (-,-) 
  g85123/Z                          -       A->Z   R     INVX4          7  32.1   131    99     685    (-,-) 
  g85028/Z                          -       A->Z   F     NAND2X1        3  15.2   169   125     810    (-,-) 
  g84558/Z                          -       B->Z   R     NAND2X1        5  23.4   384   280    1090    (-,-) 
  g84343/Z                          -       A->Z   F     NAND2X1        1   7.2   155   106    1195    (-,-) 
  g83406/Z                          -       C->Z   R     NAND3X1        1   7.3   193   176    1371    (-,-) 
  g82960/Z                          -       B->Z   F     NOR2X1         1   7.3   119   106    1477    (-,-) 
  g82743/Z                          -       A->Z   R     NAND3X1        1   6.8   185   123    1599    (-,-) 
  g82530/Z                          -       A->Z   F     NAND2X1        1   7.3   109    90    1690    (-,-) 
  g82366/Z                          -       A->Z   R     NAND3X1        1   8.5   210   134    1824    (-,-) 
  g81742/Z                          -       A->Z   R     XOR2X1         1  10.1   168   143    1967    (-,-) 
  g81687/Z                          -       A->Z   F     INVX4         13  66.9   217   178    2144    (-,-) 
  g81686/Z                          -       A->Z   R     INVX4          9  42.6   186   164    2308    (-,-) 
  g81160__5115/Z                    -       A->Z   F     NAND2X1        5  25.8   253   195    2503    (-,-) 
  g80944__6131/Z                    -       B->Z   F     OR2X1          1   7.2    89   151    2654    (-,-) 
  g80441__6417/Z                    -       C->Z   R     NAND3X1        1   6.8   184   150    2804    (-,-) 
  g80323__2883/Z                    -       A->Z   F     NAND2X1        1   7.2   108    89    2893    (-,-) 
  g80284__1881/Z                    -       C->Z   R     NAND3X1        1   7.2   191   159    3052    (-,-) 
  g80255__2883/Z                    -       A->Z   F     NOR2X1         1   8.5   136   131    3183    (-,-) 
  g80200__4319/Z                    -       A->Z   F     XOR2X1         1   6.9   118   146    3329    (-,-) 
  g80171__5122/Z                    -       A->Z   R     NAND2X1        1   7.3   224   118    3447    (-,-) 
  g80155__5526/Z                    -       A->Z   F     NAND3X1        1   6.4   110    85    3532    (-,-) 
  csm_inst_right_reg_reg[29]/D      -       -      F     DFFQSRX1       1     -     -     0    3532    (-,-) 
#------------------------------------------------------------------------------------------------------------



Path 15: MET (10 ps) Setup Check with Pin csm_inst_right_reg_reg[27]/CLK->D
          Group: C2C
     Startpoint: (R) csm_inst_round_counter_reg[0]/CLK
          Clock: (R) clk
       Endpoint: (F) csm_inst_right_reg_reg[27]/D
          Clock: (R) clk

                     Capture       Launch     
        Clock Edge:+    6000            0     
       Src Latency:+       0            0     
       Net Latency:+       0 (I)        0 (I) 
           Arrival:=    6000            0     
                                              
             Setup:-     459                  
       Uncertainty:-    2000                  
     Required Time:=    3541                  
      Launch Clock:-       0                  
         Data Path:-    3531                  
             Slack:=      10                  

#-----------------------------------------------------------------------------------------------------------
#           Timing Point            Flags    Arc   Edge   Cell     Fanout Load Trans Delay Arrival Instance 
#                                                                         (fF)  (ps)  (ps)   (ps)  Location 
#-----------------------------------------------------------------------------------------------------------
  csm_inst_round_counter_reg[0]/CLK -       -      R     (arrival)    536    -  2000     0       0    (-,-) 
  csm_inst_round_counter_reg[0]/Q   -       CLK->Q R     DFFQSRX1       1 10.1   165   259     259    (-,-) 
  g85229/Z                          -       A->Z   F     INVX4          8 45.2   159   137     396    (-,-) 
  g85218/Z                          -       A->Z   R     INVX8          5 41.6   106    97     493    (-,-) 
  g85225/Z                          -       A->Z   R     BUFX1          4 25.3   384   261     753    (-,-) 
  g85224/Z                          -       A->Z   F     INVX2          1  7.7   118    90     843    (-,-) 
  g85219/Z                          -       A->Z   R     INVX2          6 37.7   296   208    1051    (-,-) 
  g83823/Z                          -       S->Z   R     MUX2X1         2 11.0   180   178    1229    (-,-) 
  g83282/Z                          -       A->Z   F     NAND2X1        1  7.2   107    89    1318    (-,-) 
  g82747/Z                          -       C->Z   R     NAND3X1        1  6.8   185   156    1473    (-,-) 
  g82453/Z                          -       A->Z   F     NAND2X1        1  7.3   114    90    1563    (-,-) 
  g82091/Z                          -       A->Z   R     NAND3X1        1  8.5   210   136    1699    (-,-) 
  g81713/Z                          -       S->Z   F     MUX2X1         1 15.0   119   210    1908    (-,-) 
  g81434/Z                          -       A->Z   R     INVX8          8 38.7    93    84    1992    (-,-) 
  g81432/Z                          -       A->Z   F     INVX2          5 24.6   153   119    2111    (-,-) 
  g81168__4733/Z                    -       A->Z   R     NOR2X1         5 24.2   377   265    2376    (-,-) 
  g80956__5122/Z                    -       A->Z   F     NAND2X1        1  6.8   139   101    2477    (-,-) 
  g80730__6783/Z                    -       B->Z   R     NAND2X1        1  6.8   148   134    2611    (-,-) 
  g80591__3680/Z                    -       A->Z   F     NAND2X1        1  7.3   110    84    2695    (-,-) 
  g80408__5122/Z                    -       A->Z   R     NAND3X1        1  7.2   192   123    2818    (-,-) 
  g80355__6260/Z                    -       A->Z   F     NOR2X1         1  7.3   126   123    2942    (-,-) 
  g80260__6783/Z                    -       A->Z   R     NAND3X1        1  7.3   192   129    3071    (-,-) 
  g80246__4319/Z                    -       B->Z   F     NOR2X1         1  8.5   129   114    3185    (-,-) 
  g80198__4733/Z                    -       A->Z   F     XOR2X1         1  6.9   118   144    3328    (-,-) 
  g80169__6417/Z                    -       A->Z   R     NAND2X1        1  7.3   224   118    3446    (-,-) 
  g80154__7098/Z                    -       A->Z   F     NAND3X1        1  6.4   110    85    3531    (-,-) 
  csm_inst_right_reg_reg[27]/D      -       -      F     DFFQSRX1       1    -     -     0    3531    (-,-) 
#-----------------------------------------------------------------------------------------------------------



Path 16: MET (11 ps) Setup Check with Pin csm_inst_right_reg_reg[4]/CLK->D
          Group: C2C
     Startpoint: (R) csm_inst_round_counter_reg[0]/CLK
          Clock: (R) clk
       Endpoint: (F) csm_inst_right_reg_reg[4]/D
          Clock: (R) clk

                     Capture       Launch     
        Clock Edge:+    6000            0     
       Src Latency:+       0            0     
       Net Latency:+       0 (I)        0 (I) 
           Arrival:=    6000            0     
                                              
             Setup:-     459                  
       Uncertainty:-    2000                  
     Required Time:=    3541                  
      Launch Clock:-       0                  
         Data Path:-    3530                  
             Slack:=      11                  

#-----------------------------------------------------------------------------------------------------------
#           Timing Point            Flags    Arc   Edge   Cell     Fanout Load Trans Delay Arrival Instance 
#                                                                         (fF)  (ps)  (ps)   (ps)  Location 
#-----------------------------------------------------------------------------------------------------------
  csm_inst_round_counter_reg[0]/CLK -       -      R     (arrival)    536    -  2000     0       0    (-,-) 
  csm_inst_round_counter_reg[0]/Q   -       CLK->Q R     DFFQSRX1       1 10.1   165   259     259    (-,-) 
  g85229/Z                          -       A->Z   F     INVX4          8 45.2   159   137     396    (-,-) 
  g85218/Z                          -       A->Z   R     INVX8          5 41.6   106    97     493    (-,-) 
  g84954/Z                          -       B->Z   F     NOR2X1         3 16.2   194   140     632    (-,-) 
  g84853/Z                          -       A->Z   R     INVX2          1 10.1   116   108     741    (-,-) 
  g84852/Z                          -       A->Z   F     INVX4          8 35.8   125   107     848    (-,-) 
  g84561/Z                          -       B->Z   R     NAND2X1        1  7.7   160   137     984    (-,-) 
  g84405/Z                          -       A->Z   F     INVX2          6 27.8   178   148    1132    (-,-) 
  g83978/Z                          -       A->Z   R     NAND2X1        1  6.8   160   132    1265    (-,-) 
  g83510/Z                          -       A->Z   R     AND2X1         1  7.3   124   124    1389    (-,-) 
  g83368/Z                          -       A->Z   F     NAND3X1        1  7.2   100    78    1467    (-,-) 
  g82780/Z                          -       A->Z   R     NOR2X1         1  6.8   136   114    1581    (-,-) 
  g85846/Z                          -       B->Z   F     NAND2X1        1  8.5   109    88    1669    (-,-) 
  g85845/Z                          -       A->Z   R     XOR2X1         7 36.2   543   410    2079    (-,-) 
  g81536/Z                          -       A->Z   F     INVX4          7 39.3   222   182    2260    (-,-) 
  g81109__2398/Z                    -       B->Z   F     XOR2X1         3 19.0   145   251    2511    (-,-) 
  g80841__1881/Z                    -       A->Z   R     NAND3X1        1  6.8   187   131    2642    (-,-) 
  g80481__5107/Z                    -       A->Z   F     NAND2X1        1  6.9   106    87    2730    (-,-) 
  g80380__8246/Z                    -       A->Z   R     NAND2X1        1  7.3   185   114    2844    (-,-) 
  g80344__6417/Z                    -       A->Z   F     NAND3X1        1  7.3   110    88    2932    (-,-) 
  g80257__6783/Z                    -       B->Z   R     NOR2X1         1  7.3   142   111    3043    (-,-) 
  g80254__5122/Z                    -       A->Z   F     NAND3X1        1 12.8   144   111    3154    (-,-) 
  g80207__9315/Z                    -       B->Z   F     XOR2X1         1  6.9   108   177    3331    (-,-) 
  g80164__4733/Z                    -       A->Z   R     NAND2X1        1  7.3   223   115    3445    (-,-) 
  g80145__2398/Z                    -       A->Z   F     NAND3X1        1  6.4   110    85    3530    (-,-) 
  csm_inst_right_reg_reg[4]/D       -       -      F     DFFQSRX1       1    -     -     0    3530    (-,-) 
#-----------------------------------------------------------------------------------------------------------



Path 17: MET (14 ps) Setup Check with Pin csm_inst_right_reg_reg[19]/CLK->D
          Group: C2C
     Startpoint: (R) csm_inst_round_counter_reg[0]/CLK
          Clock: (R) clk
       Endpoint: (F) csm_inst_right_reg_reg[19]/D
          Clock: (R) clk

                     Capture       Launch     
        Clock Edge:+    6000            0     
       Src Latency:+       0            0     
       Net Latency:+       0 (I)        0 (I) 
           Arrival:=    6000            0     
                                              
             Setup:-     459                  
       Uncertainty:-    2000                  
     Required Time:=    3541                  
      Launch Clock:-       0                  
         Data Path:-    3527                  
             Slack:=      14                  

#-----------------------------------------------------------------------------------------------------------
#           Timing Point            Flags    Arc   Edge   Cell     Fanout Load Trans Delay Arrival Instance 
#                                                                         (fF)  (ps)  (ps)   (ps)  Location 
#-----------------------------------------------------------------------------------------------------------
  csm_inst_round_counter_reg[0]/CLK -       -      R     (arrival)    536    -  2000     0       0    (-,-) 
  csm_inst_round_counter_reg[0]/Q   -       CLK->Q R     DFFQSRX1       1 10.1   165   259     259    (-,-) 
  g85229/Z                          -       A->Z   F     INVX4          8 45.2   159   137     396    (-,-) 
  g85218/Z                          -       A->Z   R     INVX8          5 41.6   106    97     493    (-,-) 
  g84954/Z                          -       B->Z   F     NOR2X1         3 16.2   194   140     632    (-,-) 
  g84853/Z                          -       A->Z   R     INVX2          1 10.1   116   108     741    (-,-) 
  g84852/Z                          -       A->Z   F     INVX4          8 35.8   125   107     848    (-,-) 
  g84561/Z                          -       B->Z   R     NAND2X1        1  7.7   160   137     984    (-,-) 
  g84405/Z                          -       A->Z   F     INVX2          6 27.8   178   148    1132    (-,-) 
  g83978/Z                          -       A->Z   R     NAND2X1        1  6.8   160   132    1265    (-,-) 
  g83510/Z                          -       A->Z   R     AND2X1         1  7.3   124   124    1389    (-,-) 
  g83368/Z                          -       A->Z   F     NAND3X1        1  7.2   100    78    1467    (-,-) 
  g82780/Z                          -       A->Z   R     NOR2X1         1  6.8   136   114    1581    (-,-) 
  g85846/Z                          -       B->Z   F     NAND2X1        1  8.5   109    88    1669    (-,-) 
  g85845/Z                          -       A->Z   R     XOR2X1         7 36.2   543   410    2079    (-,-) 
  g81536/Z                          -       A->Z   F     INVX4          7 39.3   222   182    2260    (-,-) 
  g81109__2398/Z                    -       B->Z   F     XOR2X1         3 19.0   145   251    2511    (-,-) 
  g81007/Z                          -       A->Z   R     INVX4          4 20.7   105    95    2606    (-,-) 
  g80868__3680/Z                    -       A->Z   F     NAND2X1        2 11.1   159    97    2703    (-,-) 
  g80395__8428/Z                    -       B->Z   R     NAND2X1        1  6.8   151   140    2844    (-,-) 
  g80315__5115/Z                    -       A->Z   F     NAND2X1        1  7.3   101    84    2928    (-,-) 
  g80267__2802/Z                    -       A->Z   R     NAND3X1        1  7.2   190   120    3048    (-,-) 
  g80211__7410/Z                    -       A->Z   F     NOR2X1         1  8.5   135   131    3179    (-,-) 
  g80180__1666/Z                    -       A->Z   F     XOR2X1         1  6.9   118   145    3325    (-,-) 
  g80133__1881/Z                    -       A->Z   R     NAND2X1        1  7.3   224   118    3442    (-,-) 
  g80121__6161/Z                    -       A->Z   F     NAND3X1        1  6.4   110    85    3527    (-,-) 
  csm_inst_right_reg_reg[19]/D      -       -      F     DFFQSRX1       1    -     -     0    3527    (-,-) 
#-----------------------------------------------------------------------------------------------------------



Path 18: MET (14 ps) Setup Check with Pin csm_inst_right_reg_reg[15]/CLK->D
          Group: C2C
     Startpoint: (R) csm_inst_round_counter_reg[0]/CLK
          Clock: (R) clk
       Endpoint: (F) csm_inst_right_reg_reg[15]/D
          Clock: (R) clk

                     Capture       Launch     
        Clock Edge:+    6000            0     
       Src Latency:+       0            0     
       Net Latency:+       0 (I)        0 (I) 
           Arrival:=    6000            0     
                                              
             Setup:-     459                  
       Uncertainty:-    2000                  
     Required Time:=    3541                  
      Launch Clock:-       0                  
         Data Path:-    3527                  
             Slack:=      14                  

#------------------------------------------------------------------------------------------------------------
#           Timing Point            Flags    Arc   Edge   Cell     Fanout  Load Trans Delay Arrival Instance 
#                                                                          (fF)  (ps)  (ps)   (ps)  Location 
#------------------------------------------------------------------------------------------------------------
  csm_inst_round_counter_reg[0]/CLK -       -      R     (arrival)    536     -  2000     0       0    (-,-) 
  csm_inst_round_counter_reg[0]/Q   -       CLK->Q R     DFFQSRX1       1  10.1   165   259     259    (-,-) 
  g85229/Z                          -       A->Z   F     INVX4          8  45.2   159   137     396    (-,-) 
  g85218/Z                          -       A->Z   R     INVX8          5  41.6   106    97     493    (-,-) 
  g85217/Z                          -       A->Z   F     INVX16         7  79.3    80    74     566    (-,-) 
  g85178/Z                          -       A->Z   R     INVX32        41 235.5   116    93     660    (-,-) 
  g84821/Z                          -       B->Z   F     NAND2X1        1  10.1   154    94     754    (-,-) 
  g84656/Z                          -       A->Z   R     INVX4          3  23.3   115   103     857    (-,-) 
  g84649/Z                          -       A->Z   F     INVX8          3  33.7    75    69     926    (-,-) 
  g84654/Z                          -       A->Z   R     INVX16        34 144.4   138   105    1031    (-,-) 
  g84389/Z                          -       A->Z   F     NAND2X1        2  11.1   132   104    1136    (-,-) 
  g83654/Z                          -       B->Z   F     AND2X1         1   7.3    85   149    1284    (-,-) 
  g83350/Z                          -       A->Z   R     NAND3X1        1   7.2   191   115    1400    (-,-) 
  g82725/Z                          -       A->Z   R     OR2X1          1   6.8   117   160    1560    (-,-) 
  g82525/Z                          -       A->Z   F     NAND2X1        1   7.3   105    78    1639    (-,-) 
  g3/Z                              -       A->Z   R     NAND3X1        1   8.5   210   133    1771    (-,-) 
  g2/Z                              -       A->Z   F     XOR2X1         1  10.1   172   120    1891    (-,-) 
  g4/Z                              -       A->Z   R     INVX4          3  16.5    99    91    1983    (-,-) 
  g81389/Z                          -       A->Z   F     INVX2          5  25.6   159   124    2107    (-,-) 
  g81189__4733/Z                    -       B->Z   R     NAND2X1        3  16.4   283   220    2327    (-,-) 
  g81135/Z                          -       A->Z   F     INVX2          6  28.7   209   178    2504    (-,-) 
  g80924__4319/Z                    -       A->Z   R     NAND2X1        1   7.2   153   144    2648    (-,-) 
  g80617__4733/Z                    -       B->Z   F     NAND3X1        1   6.9   111    85    2734    (-,-) 
  g80370__1705/Z                    -       A->Z   R     NAND2X1        1   6.8   164   111    2845    (-,-) 
  g80310__1881/Z                    -       A->Z   F     NAND2X1        1   7.3   104    86    2931    (-,-) 
  g80289__1666/Z                    -       B->Z   R     NOR2X1         1   7.3   141   109    3041    (-,-) 
  g80240__2883/Z                    -       A->Z   F     NAND3X1        1  12.8   143   111    3151    (-,-) 
  g80199__8428/Z                    -       B->Z   F     XOR2X1         1   6.9   108   176    3327    (-,-) 
  g80170__1617/Z                    -       A->Z   R     NAND2X1        1   7.3   224   115    3442    (-,-) 
  g80151__4319/Z                    -       A->Z   F     NAND3X1        1   6.4   110    85    3527    (-,-) 
  csm_inst_right_reg_reg[15]/D      -       -      F     DFFQSRX1       1     -     -     0    3527    (-,-) 
#------------------------------------------------------------------------------------------------------------



Path 19: MET (19 ps) Setup Check with Pin csm_inst_right_reg_reg[13]/CLK->D
          Group: C2C
     Startpoint: (R) csm_inst_round_counter_reg[0]/CLK
          Clock: (R) clk
       Endpoint: (F) csm_inst_right_reg_reg[13]/D
          Clock: (R) clk

                     Capture       Launch     
        Clock Edge:+    6000            0     
       Src Latency:+       0            0     
       Net Latency:+       0 (I)        0 (I) 
           Arrival:=    6000            0     
                                              
             Setup:-     458                  
       Uncertainty:-    2000                  
     Required Time:=    3542                  
      Launch Clock:-       0                  
         Data Path:-    3522                  
             Slack:=      19                  

#------------------------------------------------------------------------------------------------------------
#           Timing Point            Flags    Arc   Edge   Cell     Fanout  Load Trans Delay Arrival Instance 
#                                                                          (fF)  (ps)  (ps)   (ps)  Location 
#------------------------------------------------------------------------------------------------------------
  csm_inst_round_counter_reg[0]/CLK -       -      R     (arrival)    536     -  2000     0       0    (-,-) 
  csm_inst_round_counter_reg[0]/Q   -       CLK->Q F     DFFQSRX1       1  10.1   113   219     219    (-,-) 
  g85229/Z                          -       A->Z   R     INVX4          8  45.2   181   139     358    (-,-) 
  g85064/Z                          -       A->Z   F     NOR2X1         2  12.0   162   149     508    (-,-) 
  g84983/Z                          -       A->Z   R     INVX2          1  15.0   139   124     632    (-,-) 
  g84982/Z                          -       A->Z   F     INVX8          9  40.0    89    80     712    (-,-) 
  g84819/Z                          -       B->Z   R     NAND2X1        1  24.9   406   266     978    (-,-) 
  g84642/Z                          -       A->Z   F     INVX16        32 139.2   186   156    1134    (-,-) 
  g84135/Z                          -       A->Z   R     NAND2X1        1   6.8   153   135    1269    (-,-) 
  g83491/Z                          -       B->Z   R     AND2X1         1   7.3   124   127    1396    (-,-) 
  g83355/Z                          -       A->Z   F     NAND3X1        1   7.3   101    78    1474    (-,-) 
  g82569/Z                          -       B->Z   R     NOR2X1         1   6.8   134   104    1578    (-,-) 
  g82081/Z                          -       B->Z   F     NAND2X1        1  12.8   143   111    1690    (-,-) 
  g85851/Z                          -       B->Z   F     XOR2X1         1   7.7   104   180    1870    (-,-) 
  g81454/Z                          -       A->Z   R     INVX2          4  23.4   190   143    2013    (-,-) 
  g81453/Z                          -       A->Z   F     INVX4          5  25.3   114   102    2114    (-,-) 
  g81255/Z                          -       A->Z   R     NOR2X1         2  11.4   200   154    2268    (-,-) 
  g81102__7098/Z                    -       A->Z   F     NOR2X1         5  24.5   274   226    2495    (-,-) 
  g80806__8246/Z                    -       B->Z   F     OR2X1          1   6.9    86   152    2647    (-,-) 
  g80568__2346/Z                    -       A->Z   R     NAND2X1        1   6.8   145   104    2750    (-,-) 
  g80421__1705/Z                    -       A->Z   F     NAND2X1        1   7.3   100    83    2834    (-,-) 
  g80309__7098/Z                    -       A->Z   R     NAND3X1        1   7.3   192   121    2954    (-,-) 
  g80263__5107/Z                    -       B->Z   F     NOR2X1         1   7.3   114   106    3060    (-,-) 
  g80251__9315/Z                    -       A->Z   R     NAND3X1        1   8.5   209   136    3196    (-,-) 
  g80196__8428/Z                    -       A->Z   R     XOR2X1         1   7.3   141   120    3316    (-,-) 
  g80159__3680/Z                    -       B->Z   R     OR2X1          1   7.3   126   134    3449    (-,-) 
  g80149__5107/Z                    -       A->Z   F     NAND3X1        1   6.4   108    73    3522    (-,-) 
  csm_inst_right_reg_reg[13]/D      -       -      F     DFFQSRX1       1     -     -     0    3522    (-,-) 
#------------------------------------------------------------------------------------------------------------



Path 20: MET (25 ps) Setup Check with Pin csm_inst_right_reg_reg[0]/CLK->D
          Group: C2C
     Startpoint: (R) csm_inst_round_counter_reg[2]/CLK
          Clock: (R) clk
       Endpoint: (F) csm_inst_right_reg_reg[0]/D
          Clock: (R) clk

                     Capture       Launch     
        Clock Edge:+    6000            0     
       Src Latency:+       0            0     
       Net Latency:+       0 (I)        0 (I) 
           Arrival:=    6000            0     
                                              
             Setup:-     459                  
       Uncertainty:-    2000                  
     Required Time:=    3541                  
      Launch Clock:-       0                  
         Data Path:-    3516                  
             Slack:=      25                  

#------------------------------------------------------------------------------------------------------------
#           Timing Point            Flags    Arc   Edge   Cell     Fanout  Load Trans Delay Arrival Instance 
#                                                                          (fF)  (ps)  (ps)   (ps)  Location 
#------------------------------------------------------------------------------------------------------------
  csm_inst_round_counter_reg[2]/CLK -       -      R     (arrival)    536     -  2000     0       0    (-,-) 
  csm_inst_round_counter_reg[2]/Q   -       CLK->Q R     DFFQSRX1       1  10.1   165   259     259    (-,-) 
  g85095/Z                          -       A->Z   F     INVX4          7  36.2   135   120     379    (-,-) 
  g85058/Z                          -       A->Z   F     AND2X1         2  10.7   115   151     530    (-,-) 
  g84966/Z                          -       A->Z   F     BUFX1          2  10.7   114   134     665    (-,-) 
  g84823/Z                          -       A->Z   R     NAND2X1        1  15.0   262   180     845    (-,-) 
  g84675/Z                          -       A->Z   F     INVX8          9  49.0   126   109     954    (-,-) 
  g84674/Z                          -       A->Z   R     INVX8          2  30.0    81    75    1029    (-,-) 
  g84670/Z                          -       A->Z   F     INVX16        33 142.5   119    98    1126    (-,-) 
  g84199/Z                          -       A->Z   R     NAND2X1        1   6.8   154   114    1240    (-,-) 
  g83599/Z                          -       B->Z   F     NAND2X1        1   7.2   102    82    1322    (-,-) 
  g83429/Z                          -       A->Z   R     NOR2X1         1   7.3   141   119    1441    (-,-) 
  g82766/Z                          -       A->Z   F     NAND3X1        1   6.9    98    79    1520    (-,-) 
  g82535/Z                          -       A->Z   R     NAND2X1        1   7.3   153   112    1632    (-,-) 
  g82364/Z                          -       A->Z   F     NAND3X1        1   8.5   113    90    1722    (-,-) 
  g81705/Z                          -       A->Z   F     XOR2X1         2  12.4   186   163    1885    (-,-) 
  g81379/Z                          -       A->Z   R     INVX2          6  30.6   246   199    2084    (-,-) 
  g81378/Z                          -       A->Z   F     INVX2          5  24.6   180   154    2238    (-,-) 
  g81175__1881/Z                    -       B->Z   R     NAND2X1        4  21.5   356   268    2507    (-,-) 
  g81126/Z                          -       A->Z   F     INVX2          3  16.0   163   135    2641    (-,-) 
  g80608__2398/Z                    -       B->Z   R     NAND3X1        1   6.8   186   157    2798    (-,-) 
  g80383__7098/Z                    -       B->Z   F     NAND2X1        1   6.9   107    84    2882    (-,-) 
  g80301__8246/Z                    -       A->Z   R     NAND2X1        1   7.3   155   114    2997    (-,-) 
  g80243__7410/Z                    -       A->Z   F     NAND3X1        1   7.2   103    83    3080    (-,-) 
  g80215__7482/Z                    -       A->Z   R     NOR2X1         1   8.5   158   129    3208    (-,-) 
  g80183__2802/Z                    -       A->Z   F     XOR2X1         1   6.9   118   105    3313    (-,-) 
  g80131__6131/Z                    -       A->Z   R     NAND2X1        1   7.3   223   118    3431    (-,-) 
  g80115__6260/Z                    -       A->Z   F     NAND3X1        1   6.4   110    85    3516    (-,-) 
  csm_inst_right_reg_reg[0]/D       -       -      F     DFFQSRX1       1     -     -     0    3516    (-,-) 
#------------------------------------------------------------------------------------------------------------



Path 21: MET (26 ps) Setup Check with Pin csm_inst_right_reg_reg[31]/CLK->D
          Group: C2C
     Startpoint: (R) csm_inst_round_counter_reg[2]/CLK
          Clock: (R) clk
       Endpoint: (F) csm_inst_right_reg_reg[31]/D
          Clock: (R) clk

                     Capture       Launch     
        Clock Edge:+    6000            0     
       Src Latency:+       0            0     
       Net Latency:+       0 (I)        0 (I) 
           Arrival:=    6000            0     
                                              
             Setup:-     459                  
       Uncertainty:-    2000                  
     Required Time:=    3541                  
      Launch Clock:-       0                  
         Data Path:-    3516                  
             Slack:=      26                  

#-----------------------------------------------------------------------------------------------------------
#           Timing Point            Flags    Arc   Edge   Cell     Fanout Load Trans Delay Arrival Instance 
#                                                                         (fF)  (ps)  (ps)   (ps)  Location 
#-----------------------------------------------------------------------------------------------------------
  csm_inst_round_counter_reg[2]/CLK -       -      R     (arrival)    536    -  2000     0       0    (-,-) 
  csm_inst_round_counter_reg[2]/Q   -       CLK->Q R     DFFQSRX1       1 10.1   165   259     259    (-,-) 
  g85095/Z                          -       A->Z   F     INVX4          7 36.2   135   120     379    (-,-) 
  g85058/Z                          -       A->Z   F     AND2X1         2 10.7   115   151     530    (-,-) 
  g84966/Z                          -       A->Z   F     BUFX1          2 10.7   114   134     665    (-,-) 
  g84823/Z                          -       A->Z   R     NAND2X1        1 15.0   262   180     845    (-,-) 
  g84675/Z                          -       A->Z   F     INVX8          9 49.0   126   109     954    (-,-) 
  g84674/Z                          -       A->Z   R     INVX8          2 30.0    81    75    1029    (-,-) 
  g84668/Z                          -       A->Z   F     INVX2          5 23.9   148   114    1143    (-,-) 
  g83958/Z                          -       A->Z   R     NAND2X1        1  6.8   153   123    1266    (-,-) 
  g83549/Z                          -       B->Z   F     NAND2X1        1  7.3   113    83    1348    (-,-) 
  g83395/Z                          -       B->Z   R     NOR2X1         1  7.3   142   112    1460    (-,-) 
  g82757/Z                          -       A->Z   F     NAND3X1        1  6.9    98    79    1539    (-,-) 
  g82524/Z                          -       A->Z   R     NAND2X1        1  6.8   170   108    1647    (-,-) 
  g82100/Z                          -       A->Z   F     NAND2X1        1  8.5   115    96    1742    (-,-) 
  g81738/Z                          -       S->Z   R     MUX2X1         1 15.0   238   250    1992    (-,-) 
  g81649/Z                          -       A->Z   F     INVX8         10 65.5   142   126    2118    (-,-) 
  g81648/Z                          -       A->Z   R     INVX16         9 42.8    71    66    2184    (-,-) 
  g81114__6161/Z                    -       B->Z   F     NAND2X1        1 10.1   176    88    2272    (-,-) 
  g81012/Z                          -       A->Z   R     INVX4          8 39.0   166   146    2418    (-,-) 
  g80860__8428/Z                    -       B->Z   F     NOR2X1         2 11.5   179   127    2545    (-,-) 
  g85975/Z                          -       B->Z   F     MUX2X1         1  6.4    72   203    2747    (-,-) 
  g85974/Z                          -       A->Z   R     INVX1          1  7.3   123    96    2843    (-,-) 
  g80335__6417/Z                    -       A->Z   F     NAND3X1        1  7.3   135    78    2921    (-,-) 
  g80282__1617/Z                    -       A->Z   R     NAND3X1        1  7.3   192   132    3053    (-,-) 
  g80241__1881/Z                    -       B->Z   F     NOR2X1         1  8.5   136   114    3167    (-,-) 
  g80201__6783/Z                    -       A->Z   F     XOR2X1         1  6.9   118   146    3313    (-,-) 
  g80163__7482/Z                    -       A->Z   R     NAND2X1        1  7.3   223   118    3431    (-,-) 
  g80144__5477/Z                    -       A->Z   F     NAND3X1        1  6.4   110    85    3516    (-,-) 
  csm_inst_right_reg_reg[31]/D      -       -      F     DFFQSRX1       1    -     -     0    3516    (-,-) 
#-----------------------------------------------------------------------------------------------------------



Path 22: MET (27 ps) Setup Check with Pin csm_inst_right_reg_reg[26]/CLK->D
          Group: C2C
     Startpoint: (R) csm_inst_round_counter_reg[3]/CLK
          Clock: (R) clk
       Endpoint: (F) csm_inst_right_reg_reg[26]/D
          Clock: (R) clk

                     Capture       Launch     
        Clock Edge:+    6000            0     
       Src Latency:+       0            0     
       Net Latency:+       0 (I)        0 (I) 
           Arrival:=    6000            0     
                                              
             Setup:-     459                  
       Uncertainty:-    2000                  
     Required Time:=    3541                  
      Launch Clock:-       0                  
         Data Path:-    3514                  
             Slack:=      27                  

#------------------------------------------------------------------------------------------------------------
#           Timing Point            Flags    Arc   Edge   Cell     Fanout  Load Trans Delay Arrival Instance 
#                                                                          (fF)  (ps)  (ps)   (ps)  Location 
#------------------------------------------------------------------------------------------------------------
  csm_inst_round_counter_reg[3]/CLK -       -      R     (arrival)    536     -  2000     0       0    (-,-) 
  csm_inst_round_counter_reg[3]/Q   -       CLK->Q R     DFFQSRX1       1  10.1   165   259     259    (-,-) 
  g85171/Z                          -       A->Z   F     INVX4          1  24.9   107    96     355    (-,-) 
  g85131/Z                          -       A->Z   R     INVX16         1  44.5    65    61     415    (-,-) 
  g85153/Z                          -       A->Z   F     INVX32        11 113.5    58    53     469    (-,-) 
  g85158/Z                          -       A->Z   R     INVX8          5  27.2    64    55     524    (-,-) 
  g85157/Z                          -       A->Z   F     INVX4          3  18.9    70    62     586    (-,-) 
  g85123/Z                          -       A->Z   R     INVX4          7  32.1   131    99     685    (-,-) 
  g85034/Z                          -       A->Z   F     NAND2X1        3  15.2   178   125     810    (-,-) 
  g84760/Z                          -       A->Z   R     NAND2X1        4  19.3   324   236    1046    (-,-) 
  g83797/Z                          -       B->Z   R     MUX2X1         2  11.0   180   190    1236    (-,-) 
  g83074/Z                          -       A->Z   R     AND2X1         1   7.3   124   126    1362    (-,-) 
  g82966/Z                          -       B->Z   F     NOR2X1         1   6.8   115    88    1450    (-,-) 
  g82730/Z                          -       B->Z   R     NAND2X1        1   6.8   146   126    1576    (-,-) 
  g82549/Z                          -       A->Z   F     NAND2X1        1   6.9   118    81    1657    (-,-) 
  g82363/Z                          -       A->Z   F     AND2X1         1   8.5    95   135    1791    (-,-) 
  g81712/Z                          -       S->Z   F     MUX2X1         1  10.1    93   171    1962    (-,-) 
  g81424/Z                          -       A->Z   R     INVX4          4  28.0   118    97    2060    (-,-) 
  g81422/Z                          -       A->Z   F     INVX8          8  40.7    85    77    2137    (-,-) 
  g81258__5107/Z                    -       A->Z   R     NAND2X1        3  16.4   282   182    2319    (-,-) 
  g81106__5526/Z                    -       B->Z   R     AND2X1         3  18.2   282   220    2540    (-,-) 
  g81004/Z                          -       A->Z   F     INVX2          2  11.6   123   102    2642    (-,-) 
  g80790__3680/Z                    -       A->Z   R     NAND2X1        1   6.8   196   115    2757    (-,-) 
  g80545__2802/Z                    -       A->Z   F     NAND2X1        1   6.9   108    88    2845    (-,-) 
  g80406__7410/Z                    -       A->Z   R     NAND2X1        1   7.3   159   115    2960    (-,-) 
  g80354__7098/Z                    -       A->Z   F     NAND3X1        1   7.3   105    84    3044    (-,-) 
  g80272__2346/Z                    -       B->Z   F     OR2X1          1   8.5    98   133    3177    (-,-) 
  g80219__6783/Z                    -       A->Z   F     XOR2X1         1   6.9   118   135    3311    (-,-) 
  g80193__7410/Z                    -       A->Z   R     NAND2X1        1   7.3   223   118    3429    (-,-) 
  g80175__5122/Z                    -       A->Z   F     NAND3X1        1   6.4   110    85    3514    (-,-) 
  csm_inst_right_reg_reg[26]/D      -       -      F     DFFQSRX1       1     -     -     0    3514    (-,-) 
#------------------------------------------------------------------------------------------------------------



Path 23: MET (33 ps) Setup Check with Pin csm_inst_right_reg_reg[24]/CLK->D
          Group: C2C
     Startpoint: (R) csm_inst_round_counter_reg[3]/CLK
          Clock: (R) clk
       Endpoint: (F) csm_inst_right_reg_reg[24]/D
          Clock: (R) clk

                     Capture       Launch     
        Clock Edge:+    6000            0     
       Src Latency:+       0            0     
       Net Latency:+       0 (I)        0 (I) 
           Arrival:=    6000            0     
                                              
             Setup:-     459                  
       Uncertainty:-    2000                  
     Required Time:=    3541                  
      Launch Clock:-       0                  
         Data Path:-    3508                  
             Slack:=      33                  

#------------------------------------------------------------------------------------------------------------
#           Timing Point            Flags    Arc   Edge   Cell     Fanout  Load Trans Delay Arrival Instance 
#                                                                          (fF)  (ps)  (ps)   (ps)  Location 
#------------------------------------------------------------------------------------------------------------
  csm_inst_round_counter_reg[3]/CLK -       -      R     (arrival)    536     -  2000     0       0    (-,-) 
  csm_inst_round_counter_reg[3]/Q   -       CLK->Q R     DFFQSRX1       1  10.1   165   259     259    (-,-) 
  g85171/Z                          -       A->Z   F     INVX4          1  24.9   107    96     355    (-,-) 
  g85131/Z                          -       A->Z   R     INVX16         1  44.5    65    61     415    (-,-) 
  g85153/Z                          -       A->Z   F     INVX32        11 113.5    58    53     469    (-,-) 
  g85118/Z                          -       A->Z   R     INVX32        21 129.0    71    60     528    (-,-) 
  g85151/Z                          -       A->Z   F     INVX16         2  19.3    34    34     562    (-,-) 
  g85150/Z                          -       A->Z   R     INVX8          8  39.1    82    60     623    (-,-) 
  g85149/Z                          -       A->Z   F     INVX4          6  28.1    97    84     706    (-,-) 
  g84927/Z                          -       A->Z   R     NAND2X1        3  15.1   272   176     882    (-,-) 
  g84706/Z                          -       A->Z   F     NAND2X1        3  15.3   187   152    1034    (-,-) 
  g83818/Z                          -       A->Z   F     MUX2X1         2  11.2    97   226    1260    (-,-) 
  g83082/Z                          -       A->Z   R     NAND2X1        1   7.3   158   111    1371    (-,-) 
  g82957/Z                          -       A->Z   F     NAND3X1        1   7.3   105    84    1455    (-,-) 
  g82726/Z                          -       B->Z   F     OR2X1          1   6.9    84   123    1578    (-,-) 
  g82527/Z                          -       A->Z   R     NAND2X1        1   7.3   153   107    1686    (-,-) 
  g82369/Z                          -       A->Z   F     NAND3X1        1   8.5   113    90    1776    (-,-) 
  g81718/Z                          -       A->Z   F     XOR2X1         1  10.1   172   154    1929    (-,-) 
  g81475/Z                          -       A->Z   R     INVX4          7  41.2   173   149    2078    (-,-) 
  g81474/Z                          -       A->Z   F     INVX8          7  33.8    89    79    2158    (-,-) 
  g81163__5122/Z                    -       B->Z   R     NOR2X1         5  24.8   386   246    2404    (-,-) 
  g81107__4319/Z                    -       B->Z   F     NOR2X1         3  18.1   245   214    2618    (-,-) 
  g81005/Z                          -       A->Z   R     INVX2          2  12.0   138   128    2746    (-,-) 
  g80620__8246/Z                    -       A->Z   F     NAND3X1        1   7.3   124    81    2827    (-,-) 
  g80470__3680/Z                    -       A->Z   R     NAND3X1        1   7.3   192   128    2955    (-,-) 
  g80322__6161/Z                    -       B->Z   F     NOR2X1         1   7.3   118   106    3061    (-,-) 
  g80273__2346/Z                    -       A->Z   R     NAND3X1        1   8.5   210   137    3198    (-,-) 
  g80222__1617/Z                    -       A->Z   F     XOR2X1         1   6.9   118   108    3306    (-,-) 
  g80191__6260/Z                    -       A->Z   R     NAND2X1        1   7.3   224   118    3424    (-,-) 
  g80174__2802/Z                    -       A->Z   F     NAND3X1        1   6.4   110    85    3508    (-,-) 
  csm_inst_right_reg_reg[24]/D      -       -      F     DFFQSRX1       1     -     -     0    3508    (-,-) 
#------------------------------------------------------------------------------------------------------------



Path 24: MET (42 ps) Setup Check with Pin csm_inst_right_reg_reg[2]/CLK->D
          Group: C2C
     Startpoint: (R) csm_inst_round_counter_reg[2]/CLK
          Clock: (R) clk
       Endpoint: (F) csm_inst_right_reg_reg[2]/D
          Clock: (R) clk

                     Capture       Launch     
        Clock Edge:+    6000            0     
       Src Latency:+       0            0     
       Net Latency:+       0 (I)        0 (I) 
           Arrival:=    6000            0     
                                              
             Setup:-     459                  
       Uncertainty:-    2000                  
     Required Time:=    3541                  
      Launch Clock:-       0                  
         Data Path:-    3499                  
             Slack:=      42                  

#------------------------------------------------------------------------------------------------------------
#           Timing Point            Flags    Arc   Edge   Cell     Fanout  Load Trans Delay Arrival Instance 
#                                                                          (fF)  (ps)  (ps)   (ps)  Location 
#------------------------------------------------------------------------------------------------------------
  csm_inst_round_counter_reg[2]/CLK -       -      R     (arrival)    536     -  2000     0       0    (-,-) 
  csm_inst_round_counter_reg[2]/Q   -       CLK->Q R     DFFQSRX1       1  10.1   165   259     259    (-,-) 
  g85095/Z                          -       A->Z   F     INVX4          7  36.2   135   120     379    (-,-) 
  g85058/Z                          -       A->Z   F     AND2X1         2  10.7   115   151     530    (-,-) 
  g84966/Z                          -       A->Z   F     BUFX1          2  10.7   114   134     665    (-,-) 
  g84823/Z                          -       A->Z   R     NAND2X1        1  15.0   262   180     845    (-,-) 
  g84675/Z                          -       A->Z   F     INVX8          9  49.0   126   109     954    (-,-) 
  g84674/Z                          -       A->Z   R     INVX8          2  30.0    81    75    1029    (-,-) 
  g84670/Z                          -       A->Z   F     INVX16        33 142.5   119    98    1126    (-,-) 
  g84060/Z                          -       A->Z   R     NAND2X1        1   6.8   160   114    1240    (-,-) 
  g83548/Z                          -       B->Z   F     NAND2X1        1   7.2   101    83    1323    (-,-) 
  g83446/Z                          -       A->Z   R     NOR2X1         1   7.3   143   119    1442    (-,-) 
  g82773/Z                          -       A->Z   F     NAND3X1        1   6.9    98    79    1521    (-,-) 
  g82541/Z                          -       A->Z   R     NAND2X1        1   7.3   153   112    1632    (-,-) 
  g82370/Z                          -       A->Z   F     NAND3X1        1   8.5   113    90    1722    (-,-) 
  g81717/Z                          -       A->Z   F     XOR2X1         1   7.7   136   143    1866    (-,-) 
  g81465/Z                          -       A->Z   R     INVX2          8  41.3   323   229    2094    (-,-) 
  g81463/Z                          -       A->Z   F     INVX4          6  29.0   151   128    2223    (-,-) 
  g81188/Z                          -       B->Z   R     NOR2X1         7  35.3   535   348    2571    (-,-) 
  g80811__5107/Z                    -       B->Z   R     MUX2X1         1   6.8   122   158    2728    (-,-) 
  g80593__1617/Z                    -       A->Z   F     NAND2X1        1   7.2    94    79    2807    (-,-) 
  g80456__4319/Z                    -       B->Z   R     NAND3X1        1   6.8   186   134    2941    (-,-) 
  g80297__1705/Z                    -       A->Z   F     NAND2X1        1   7.2   122    90    3031    (-,-) 
  g80274__3680/Z                    -       B->Z   R     NAND3X1        1   8.5   209   158    3189    (-,-) 
  g80221__7410/Z                    -       A->Z   F     XOR2X1         1   6.9   118   108    3297    (-,-) 
  g80192__6161/Z                    -       A->Z   R     NAND2X1        1   7.3   223   118    3415    (-,-) 
  g80172__9945/Z                    -       A->Z   F     NAND3X1        1   6.4   110    85    3499    (-,-) 
  csm_inst_right_reg_reg[2]/D       -       -      F     DFFQSRX1       1     -     -     0    3499    (-,-) 
#------------------------------------------------------------------------------------------------------------



Path 25: MET (47 ps) Setup Check with Pin csm_inst_right_reg_reg[14]/CLK->D
          Group: C2C
     Startpoint: (R) csm_inst_round_counter_reg[2]/CLK
          Clock: (R) clk
       Endpoint: (F) csm_inst_right_reg_reg[14]/D
          Clock: (R) clk

                     Capture       Launch     
        Clock Edge:+    6000            0     
       Src Latency:+       0            0     
       Net Latency:+       0 (I)        0 (I) 
           Arrival:=    6000            0     
                                              
             Setup:-     458                  
       Uncertainty:-    2000                  
     Required Time:=    3542                  
      Launch Clock:-       0                  
         Data Path:-    3495                  
             Slack:=      47                  

#------------------------------------------------------------------------------------------------------------
#           Timing Point            Flags    Arc   Edge   Cell     Fanout  Load Trans Delay Arrival Instance 
#                                                                          (fF)  (ps)  (ps)   (ps)  Location 
#------------------------------------------------------------------------------------------------------------
  csm_inst_round_counter_reg[2]/CLK -       -      R     (arrival)    536     -  2000     0       0    (-,-) 
  csm_inst_round_counter_reg[2]/Q   -       CLK->Q R     DFFQSRX1       1  10.1   165   259     259    (-,-) 
  g85095/Z                          -       A->Z   F     INVX4          7  36.2   135   120     379    (-,-) 
  g85058/Z                          -       A->Z   F     AND2X1         2  10.7   115   151     530    (-,-) 
  g84966/Z                          -       A->Z   F     BUFX1          2  10.7   114   134     665    (-,-) 
  g84823/Z                          -       A->Z   R     NAND2X1        1  15.0   262   180     845    (-,-) 
  g84675/Z                          -       A->Z   F     INVX8          9  49.0   126   109     954    (-,-) 
  g84674/Z                          -       A->Z   R     INVX8          2  30.0    81    75    1029    (-,-) 
  g84670/Z                          -       A->Z   F     INVX16        33 142.5   119    98    1126    (-,-) 
  g84035/Z                          -       A->Z   R     NAND2X1        1   6.8   160   114    1240    (-,-) 
  g83552/Z                          -       B->Z   F     NAND2X1        1   7.3   103    84    1324    (-,-) 
  g83401/Z                          -       B->Z   R     NOR2X1         1   7.3   141   109    1433    (-,-) 
  g82744/Z                          -       A->Z   F     NAND3X1        1   6.9    98    79    1512    (-,-) 
  g82447/Z                          -       A->Z   R     NAND2X1        1   6.8   146   107    1619    (-,-) 
  g82088/Z                          -       A->Z   F     NAND2X1        1   8.5   109    91    1710    (-,-) 
  g81733/Z                          -       A->Z   F     XOR2X1         1  10.1   172   153    1863    (-,-) 
  g81592/Z                          -       A->Z   R     INVX4          4  23.5   120   108    1971    (-,-) 
  g81591/Z                          -       A->Z   F     INVX4         11  52.6   173   138    2110    (-,-) 
  g81180/Z                          -       A->Z   R     NOR2X1         7  31.7   483   329    2438    (-,-) 
  g80916__9315/Z                    -       A->Z   F     NAND2X1        1   6.9   155   106    2544    (-,-) 
  g80835__7098/Z                    -       A->Z   R     NAND2X1        1   6.8   159   125    2669    (-,-) 
  g80479__7410/Z                    -       A->Z   F     NAND2X1        1   7.2   133    85    2754    (-,-) 
  g80349__8428/Z                    -       C->Z   R     NAND3X1        1   7.3   193   168    2923    (-,-) 
  g80264__6260/Z                    -       B->Z   F     NOR2X1         1   7.3   126   106    3028    (-,-) 
  g80252__9945/Z                    -       A->Z   R     NAND3X1        1   8.5   209   140    3168    (-,-) 
  g80195__5526/Z                    -       A->Z   R     XOR2X1         1   7.3   141   120    3288    (-,-) 
  g80160__2398/Z                    -       B->Z   R     OR2X1          1   7.3   126   134    3422    (-,-) 
  g80150__6260/Z                    -       A->Z   F     NAND3X1        1   6.4   108    73    3495    (-,-) 
  csm_inst_right_reg_reg[14]/D      -       -      F     DFFQSRX1       1     -     -     0    3495    (-,-) 
#------------------------------------------------------------------------------------------------------------



Path 26: MET (51 ps) Setup Check with Pin csm_inst_right_reg_reg[6]/CLK->D
          Group: C2C
     Startpoint: (R) csm_inst_round_counter_reg[3]/CLK
          Clock: (R) clk
       Endpoint: (F) csm_inst_right_reg_reg[6]/D
          Clock: (R) clk

                     Capture       Launch     
        Clock Edge:+    6000            0     
       Src Latency:+       0            0     
       Net Latency:+       0 (I)        0 (I) 
           Arrival:=    6000            0     
                                              
             Setup:-     459                  
       Uncertainty:-    2000                  
     Required Time:=    3541                  
      Launch Clock:-       0                  
         Data Path:-    3490                  
             Slack:=      51                  

#------------------------------------------------------------------------------------------------------------
#           Timing Point            Flags    Arc   Edge   Cell     Fanout  Load Trans Delay Arrival Instance 
#                                                                          (fF)  (ps)  (ps)   (ps)  Location 
#------------------------------------------------------------------------------------------------------------
  csm_inst_round_counter_reg[3]/CLK -       -      R     (arrival)    536     -  2000     0       0    (-,-) 
  csm_inst_round_counter_reg[3]/Q   -       CLK->Q R     DFFQSRX1       1  10.1   165   259     259    (-,-) 
  g85171/Z                          -       A->Z   F     INVX4          1  24.9   107    96     355    (-,-) 
  g85131/Z                          -       A->Z   R     INVX16         1  44.5    65    61     415    (-,-) 
  g85153/Z                          -       A->Z   F     INVX32        11 113.5    58    53     469    (-,-) 
  g85118/Z                          -       A->Z   R     INVX32        21 129.0    71    60     528    (-,-) 
  g85151/Z                          -       A->Z   F     INVX16         2  19.3    34    34     562    (-,-) 
  g85150/Z                          -       A->Z   R     INVX8          8  39.1    82    60     623    (-,-) 
  g85149/Z                          -       A->Z   F     INVX4          6  28.1    97    84     706    (-,-) 
  g84948/Z                          -       A->Z   R     NAND2X1        3  15.1   265   176     882    (-,-) 
  g84784/Z                          -       A->Z   F     NAND2X1        4  19.3   216   175    1057    (-,-) 
  g84055/Z                          -       B->Z   R     NAND2X1        1   6.8   160   157    1215    (-,-) 
  g83480/Z                          -       B->Z   R     AND2X1         1   7.3   124   128    1342    (-,-) 
  g83397/Z                          -       A->Z   F     NAND3X1        1   7.2   108    78    1420    (-,-) 
  g82722/Z                          -       A->Z   F     OR2X1          1   6.9    84   135    1555    (-,-) 
  g82545/Z                          -       A->Z   R     NAND2X1        1   6.8   170   103    1658    (-,-) 
  g82101/Z                          -       A->Z   F     NAND2X1        1   8.5   115    96    1753    (-,-) 
  g81734/Z                          -       A->Z   R     XOR2X1         1  15.0   262   237    1990    (-,-) 
  g81602/Z                          -       A->Z   F     INVX8         12  55.5   135   117    2108    (-,-) 
  g81284/Z                          -       A->Z   R     NAND2X1        4  20.2   337   230    2337    (-,-) 
  g81212/Z                          -       A->Z   F     INVX2          7  32.3   239   204    2541    (-,-) 
  g80836__9315/Z                    -       A->Z   R     NAND2X1        1   6.8   152   148    2689    (-,-) 
  g80474__1666/Z                    -       A->Z   R     MUX2X1         1   7.3   127   150    2839    (-,-) 
  g80302__7098/Z                    -       B->Z   F     NOR2X1         1   7.2   145    92    2931    (-,-) 
  g80258__1705/Z                    -       A->Z   R     NOR2X1         1   7.2   142   125    3056    (-,-) 
  g80214__1705/Z                    -       B->Z   F     NAND3X1        1   8.5   110    93    3149    (-,-) 
  g80184__8246/Z                    -       A->Z   F     XOR2X1         1   6.9   118   138    3287    (-,-) 
  g80129__5115/Z                    -       A->Z   R     NAND2X1        1   7.3   224   118    3405    (-,-) 
  g80117__1666/Z                    -       A->Z   F     NAND3X1        1   6.4   110    85    3490    (-,-) 
  csm_inst_right_reg_reg[6]/D       -       -      F     DFFQSRX1       1     -     -     0    3490    (-,-) 
#------------------------------------------------------------------------------------------------------------



Path 27: MET (52 ps) Setup Check with Pin csm_inst_right_reg_reg[30]/CLK->D
          Group: C2C
     Startpoint: (R) csm_inst_round_counter_reg[2]/CLK
          Clock: (R) clk
       Endpoint: (F) csm_inst_right_reg_reg[30]/D
          Clock: (R) clk

                     Capture       Launch     
        Clock Edge:+    6000            0     
       Src Latency:+       0            0     
       Net Latency:+       0 (I)        0 (I) 
           Arrival:=    6000            0     
                                              
             Setup:-     459                  
       Uncertainty:-    2000                  
     Required Time:=    3541                  
      Launch Clock:-       0                  
         Data Path:-    3489                  
             Slack:=      52                  

#------------------------------------------------------------------------------------------------------------
#           Timing Point            Flags    Arc   Edge   Cell     Fanout  Load Trans Delay Arrival Instance 
#                                                                          (fF)  (ps)  (ps)   (ps)  Location 
#------------------------------------------------------------------------------------------------------------
  csm_inst_round_counter_reg[2]/CLK -       -      R     (arrival)    536     -  2000     0       0    (-,-) 
  csm_inst_round_counter_reg[2]/Q   -       CLK->Q R     DFFQSRX1       1  10.1   165   259     259    (-,-) 
  g85095/Z                          -       A->Z   F     INVX4          7  36.2   135   120     379    (-,-) 
  g85058/Z                          -       A->Z   F     AND2X1         2  10.7   115   151     530    (-,-) 
  g84966/Z                          -       A->Z   F     BUFX1          2  10.7   114   134     665    (-,-) 
  g84823/Z                          -       A->Z   R     NAND2X1        1  15.0   262   180     845    (-,-) 
  g84675/Z                          -       A->Z   F     INVX8          9  49.0   126   109     954    (-,-) 
  g84674/Z                          -       A->Z   R     INVX8          2  30.0    81    75    1029    (-,-) 
  g84670/Z                          -       A->Z   F     INVX16        33 142.5   119    98    1126    (-,-) 
  g83931/Z                          -       A->Z   R     NAND2X1        1   6.8   160   114    1240    (-,-) 
  g83517/Z                          -       B->Z   F     NAND2X1        1   7.2   102    83    1323    (-,-) 
  g83348/Z                          -       A->Z   R     NOR2X1         1   7.3   142   119    1442    (-,-) 
  g82742/Z                          -       A->Z   F     NAND3X1        1   6.9    98    79    1521    (-,-) 
  g82443/Z                          -       A->Z   R     NAND2X1        1   6.8   146   108    1628    (-,-) 
  g82084/Z                          -       A->Z   F     NAND2X1        1   8.5   109    91    1719    (-,-) 
  g81703/Z                          -       A->Z   R     XOR2X1         3  18.8   299   267    1986    (-,-) 
  g81372/Z                          -       A->Z   F     INVX4          8  39.1   173   150    2137    (-,-) 
  g81173__3680/Z                    -       A->Z   R     NOR2X1         5  24.8   387   273    2410    (-,-) 
  g81124/Z                          -       A->Z   F     INVX2          2  11.5   142   113    2522    (-,-) 
  g80656__7098/Z                    -       A->Z   F     OR2X1          1   6.9    86   140    2662    (-,-) 
  g80480__2398/Z                    -       A->Z   F     AND2X1         1   7.2    84   119    2781    (-,-) 
  g80341__5477/Z                    -       B->Z   R     NAND3X1        1   7.2   191   135    2916    (-,-) 
  g80281__5122/Z                    -       A->Z   F     NOR2X1         1   7.3   126   123    3039    (-,-) 
  g80249__5526/Z                    -       A->Z   R     NAND3X1        1   8.5   209   140    3178    (-,-) 
  g80206__2883/Z                    -       A->Z   F     XOR2X1         1   6.9   118   108    3286    (-,-) 
  g80162__2346/Z                    -       A->Z   R     NAND2X1        1   7.3   223   118    3404    (-,-) 
  g80156__2346/Z                    -       A->Z   F     NAND3X1        1   6.4   110    85    3489    (-,-) 
  csm_inst_right_reg_reg[30]/D      -       -      F     DFFQSRX1       1     -     -     0    3489    (-,-) 
#------------------------------------------------------------------------------------------------------------



Path 28: MET (66 ps) Setup Check with Pin csm_inst_right_reg_reg[16]/CLK->D
          Group: C2C
     Startpoint: (R) csm_inst_round_counter_reg[2]/CLK
          Clock: (R) clk
       Endpoint: (F) csm_inst_right_reg_reg[16]/D
          Clock: (R) clk

                     Capture       Launch     
        Clock Edge:+    6000            0     
       Src Latency:+       0            0     
       Net Latency:+       0 (I)        0 (I) 
           Arrival:=    6000            0     
                                              
             Setup:-     459                  
       Uncertainty:-    2000                  
     Required Time:=    3541                  
      Launch Clock:-       0                  
         Data Path:-    3475                  
             Slack:=      66                  

#------------------------------------------------------------------------------------------------------------
#           Timing Point            Flags    Arc   Edge   Cell     Fanout  Load Trans Delay Arrival Instance 
#                                                                          (fF)  (ps)  (ps)   (ps)  Location 
#------------------------------------------------------------------------------------------------------------
  csm_inst_round_counter_reg[2]/CLK -       -      R     (arrival)    536     -  2000     0       0    (-,-) 
  csm_inst_round_counter_reg[2]/Q   -       CLK->Q R     DFFQSRX1       1  10.1   165   259     259    (-,-) 
  g85095/Z                          -       A->Z   F     INVX4          7  36.2   135   120     379    (-,-) 
  g85058/Z                          -       A->Z   F     AND2X1         2  10.7   115   151     530    (-,-) 
  g84966/Z                          -       A->Z   F     BUFX1          2  10.7   114   134     665    (-,-) 
  g84823/Z                          -       A->Z   R     NAND2X1        1  15.0   262   180     845    (-,-) 
  g84675/Z                          -       A->Z   F     INVX8          9  49.0   126   109     954    (-,-) 
  g84674/Z                          -       A->Z   R     INVX8          2  30.0    81    75    1029    (-,-) 
  g84670/Z                          -       A->Z   F     INVX16        33 142.5   119    98    1126    (-,-) 
  g84189/Z                          -       A->Z   R     NAND2X1        1   6.8   160   114    1240    (-,-) 
  g83622/Z                          -       B->Z   F     NAND2X1        1   7.2   101    83    1323    (-,-) 
  g83440/Z                          -       A->Z   R     NOR2X1         1   7.3   141   119    1442    (-,-) 
  g82772/Z                          -       A->Z   F     NAND3X1        1   6.9    98    79    1520    (-,-) 
  g82539/Z                          -       A->Z   R     NAND2X1        1   7.3   153   112    1632    (-,-) 
  g85832/Z                          -       A->Z   F     NAND3X1        1   8.5   113    90    1722    (-,-) 
  g85831/Z                          -       A->Z   R     XOR2X1         4  21.0   339   286    2008    (-,-) 
  g81446/Z                          -       A->Z   F     INVX2          5  25.7   208   176    2184    (-,-) 
  g81441/Z                          -       A->Z   R     INVX2          4  26.6   224   188    2372    (-,-) 
  g81091__2346/Z                    -       B->Z   R     XOR2X1         2  12.3   201   204    2576    (-,-) 
  g80996/Z                          -       A->Z   F     INVX2          2  11.4   107    93    2669    (-,-) 
  g80522__3680/Z                    -       A->Z   F     OR2X1          1   7.3    87   137    2806    (-,-) 
  g80462__2802/Z                    -       A->Z   R     NAND3X1        1   7.3   193   117    2923    (-,-) 
  g80295__5115/Z                    -       B->Z   F     NOR2X1         1   7.3   114   106    3028    (-,-) 
  g80293__1617/Z                    -       A->Z   R     NAND3X1        1   8.5   210   136    3164    (-,-) 
  g80223__6417/Z                    -       A->Z   F     XOR2X1         1   6.9   118   108    3272    (-,-) 
  g80190__4733/Z                    -       A->Z   R     NAND2X1        1   7.3   224   118    3390    (-,-) 
  g80188__8246/Z                    -       A->Z   F     NAND3X1        1   6.4   110    85    3475    (-,-) 
  csm_inst_right_reg_reg[16]/D      -       -      F     DFFQSRX1       1     -     -     0    3475    (-,-) 
#------------------------------------------------------------------------------------------------------------



Path 29: MET (73 ps) Setup Check with Pin csm_inst_right_reg_reg[23]/CLK->D
          Group: C2C
     Startpoint: (R) csm_inst_round_counter_reg[2]/CLK
          Clock: (R) clk
       Endpoint: (F) csm_inst_right_reg_reg[23]/D
          Clock: (R) clk

                     Capture       Launch     
        Clock Edge:+    6000            0     
       Src Latency:+       0            0     
       Net Latency:+       0 (I)        0 (I) 
           Arrival:=    6000            0     
                                              
             Setup:-     459                  
       Uncertainty:-    2000                  
     Required Time:=    3541                  
      Launch Clock:-       0                  
         Data Path:-    3468                  
             Slack:=      73                  

#------------------------------------------------------------------------------------------------------------
#           Timing Point            Flags    Arc   Edge   Cell     Fanout  Load Trans Delay Arrival Instance 
#                                                                          (fF)  (ps)  (ps)   (ps)  Location 
#------------------------------------------------------------------------------------------------------------
  csm_inst_round_counter_reg[2]/CLK -       -      R     (arrival)    536     -  2000     0       0    (-,-) 
  csm_inst_round_counter_reg[2]/Q   -       CLK->Q F     DFFQSRX1       1  10.1   113   219     219    (-,-) 
  g85095/Z                          -       A->Z   R     INVX4          7  36.0   148   120     339    (-,-) 
  g85058/Z                          -       A->Z   R     AND2X1         2  10.6   171   150     489    (-,-) 
  g84966/Z                          -       A->Z   R     BUFX1          2  10.6   171   145     634    (-,-) 
  g84823/Z                          -       A->Z   F     NAND2X1        1  15.0   163   134     768    (-,-) 
  g84675/Z                          -       A->Z   R     INVX8          9  48.2   117   105     873    (-,-) 
  g84674/Z                          -       A->Z   F     INVX8          2  30.0    70    65     938    (-,-) 
  g84670/Z                          -       A->Z   R     INVX16        33 139.4   134   101    1040    (-,-) 
  g84029/Z                          -       A->Z   F     NAND2X1        1   7.2   118    81    1120    (-,-) 
  g83454/Z                          -       C->Z   R     NAND3X1        1   7.7   198   167    1287    (-,-) 
  g83252/Z                          -       A->Z   F     INVX2          1   7.2    85    72    1359    (-,-) 
  g82729/Z                          -       B->Z   R     NAND3X1        1   6.8   185   132    1491    (-,-) 
  g82528/Z                          -       A->Z   F     NAND2X1        1   7.2   108    89    1580    (-,-) 
  g82368/Z                          -       B->Z   R     NAND3X1        1   8.5   210   153    1734    (-,-) 
  g81709/Z                          -       S->Z   F     MUX2X1         2  14.4   115   207    1941    (-,-) 
  g81403/Z                          -       A->Z   R     INVX4          8  43.1   174   135    2076    (-,-) 
  g81108__1705/Z                    -       B->Z   R     XOR2X1         6  30.4   459   349    2425    (-,-) 
  g80833__8246/Z                    -       B->Z   R     OR2X1          1   6.8   118   152    2577    (-,-) 
  g80601__5122/Z                    -       A->Z   F     NAND2X1        1   6.9    90    76    2653    (-,-) 
  g80373__2883/Z                    -       A->Z   R     NAND2X1        1   6.8   152   105    2758    (-,-) 
  g80330__1666/Z                    -       A->Z   F     NAND2X1        1   6.9   119    82    2839    (-,-) 
  g80265__1617/Z                    -       A->Z   R     NAND2X1        1   7.3   158   118    2958    (-,-) 
  g80245__6260/Z                    -       A->Z   F     NAND3X1        1   7.3   105    84    3041    (-,-) 
  g80212__1705/Z                    -       B->Z   R     NOR2X1         1   8.5   157   119    3161    (-,-) 
  g80185__9945/Z                    -       A->Z   F     XOR2X1         1   6.9   118   105    3266    (-,-) 
  g80126__7482/Z                    -       A->Z   R     NAND2X1        1   7.3   223   118    3384    (-,-) 
  g80125__5107/Z                    -       A->Z   F     NAND3X1        1   6.4   110    85    3468    (-,-) 
  csm_inst_right_reg_reg[23]/D      -       -      F     DFFQSRX1       1     -     -     0    3468    (-,-) 
#------------------------------------------------------------------------------------------------------------



Path 30: MET (82 ps) Setup Check with Pin csm_inst_right_reg_reg[7]/CLK->D
          Group: C2C
     Startpoint: (R) csm_inst_round_counter_reg[3]/CLK
          Clock: (R) clk
       Endpoint: (F) csm_inst_right_reg_reg[7]/D
          Clock: (R) clk

                     Capture       Launch     
        Clock Edge:+    6000            0     
       Src Latency:+       0            0     
       Net Latency:+       0 (I)        0 (I) 
           Arrival:=    6000            0     
                                              
             Setup:-     459                  
       Uncertainty:-    2000                  
     Required Time:=    3541                  
      Launch Clock:-       0                  
         Data Path:-    3459                  
             Slack:=      82                  

#------------------------------------------------------------------------------------------------------------
#           Timing Point            Flags    Arc   Edge   Cell     Fanout  Load Trans Delay Arrival Instance 
#                                                                          (fF)  (ps)  (ps)   (ps)  Location 
#------------------------------------------------------------------------------------------------------------
  csm_inst_round_counter_reg[3]/CLK -       -      R     (arrival)    536     -  2000     0       0    (-,-) 
  csm_inst_round_counter_reg[3]/Q   -       CLK->Q R     DFFQSRX1       1  10.1   165   259     259    (-,-) 
  g85171/Z                          -       A->Z   F     INVX4          1  24.9   107    96     355    (-,-) 
  g85131/Z                          -       A->Z   R     INVX16         1  44.5    65    61     415    (-,-) 
  g85153/Z                          -       A->Z   F     INVX32        11 113.5    58    53     469    (-,-) 
  g85158/Z                          -       A->Z   R     INVX8          5  27.2    64    55     524    (-,-) 
  g85157/Z                          -       A->Z   F     INVX4          3  18.9    70    62     586    (-,-) 
  g85123/Z                          -       A->Z   R     INVX4          7  32.1   131    99     685    (-,-) 
  g85028/Z                          -       A->Z   F     NAND2X1        3  15.2   169   125     810    (-,-) 
  g84558/Z                          -       B->Z   R     NAND2X1        5  23.4   384   280    1090    (-,-) 
  g84343/Z                          -       A->Z   F     NAND2X1        1   7.2   155   106    1195    (-,-) 
  g83406/Z                          -       C->Z   R     NAND3X1        1   7.3   193   176    1371    (-,-) 
  g82960/Z                          -       B->Z   F     NOR2X1         1   7.3   119   106    1477    (-,-) 
  g82743/Z                          -       A->Z   R     NAND3X1        1   6.8   185   123    1599    (-,-) 
  g82530/Z                          -       A->Z   F     NAND2X1        1   7.3   109    90    1690    (-,-) 
  g82366/Z                          -       A->Z   R     NAND3X1        1   8.5   210   134    1824    (-,-) 
  g81742/Z                          -       A->Z   F     XOR2X1         1  10.1    92   120    1944    (-,-) 
  g81687/Z                          -       A->Z   R     INVX4         13  66.7   257   177    2121    (-,-) 
  g81686/Z                          -       A->Z   F     INVX4          9  42.7   172   150    2272    (-,-) 
  g81160__5115/Z                    -       A->Z   R     NAND2X1        5  25.8   419   288    2559    (-,-) 
  g80959__2802/Z                    -       B->Z   F     NOR2X1         2  11.6   196   167    2726    (-,-) 
  g80724__4319/Z                    -       A->Z   R     NAND2X1        1   7.3   168   142    2868    (-,-) 
  g80452__2883/Z                    -       A->Z   F     NAND3X1        1   7.7   110    88    2956    (-,-) 
  g80416/Z                          -       A->Z   R     INVX2          1   7.2    79    74    3030    (-,-) 
  g80248__8428/Z                    -       C->Z   F     NAND3X1        1   8.5   110    88    3118    (-,-) 
  g80202__6161/Z                    -       A->Z   F     XOR2X1         1   6.9   118   138    3257    (-,-) 
  g80158__2883/Z                    -       A->Z   R     NAND2X1        1   7.3   223   118    3374    (-,-) 
  g80146__6131/Z                    -       A->Z   F     NAND3X1        1   6.4   110    85    3459    (-,-) 
  csm_inst_right_reg_reg[7]/D       -       -      F     DFFQSRX1       1     -     -     0    3459    (-,-) 
#------------------------------------------------------------------------------------------------------------



Path 31: MET (95 ps) Setup Check with Pin csm_inst_right_reg_reg[20]/CLK->D
          Group: C2C
     Startpoint: (R) csm_inst_round_counter_reg[3]/CLK
          Clock: (R) clk
       Endpoint: (F) csm_inst_right_reg_reg[20]/D
          Clock: (R) clk

                     Capture       Launch     
        Clock Edge:+    6000            0     
       Src Latency:+       0            0     
       Net Latency:+       0 (I)        0 (I) 
           Arrival:=    6000            0     
                                              
             Setup:-     459                  
       Uncertainty:-    2000                  
     Required Time:=    3541                  
      Launch Clock:-       0                  
         Data Path:-    3447                  
             Slack:=      95                  

#------------------------------------------------------------------------------------------------------------
#           Timing Point            Flags    Arc   Edge   Cell     Fanout  Load Trans Delay Arrival Instance 
#                                                                          (fF)  (ps)  (ps)   (ps)  Location 
#------------------------------------------------------------------------------------------------------------
  csm_inst_round_counter_reg[3]/CLK -       -      R     (arrival)    536     -  2000     0       0    (-,-) 
  csm_inst_round_counter_reg[3]/Q   -       CLK->Q R     DFFQSRX1       1  10.1   165   259     259    (-,-) 
  g85171/Z                          -       A->Z   F     INVX4          1  24.9   107    96     355    (-,-) 
  g85131/Z                          -       A->Z   R     INVX16         1  44.5    65    61     415    (-,-) 
  g85153/Z                          -       A->Z   F     INVX32        11 113.5    58    53     469    (-,-) 
  g85158/Z                          -       A->Z   R     INVX8          5  27.2    64    55     524    (-,-) 
  g85157/Z                          -       A->Z   F     INVX4          3  18.9    70    62     586    (-,-) 
  g85123/Z                          -       A->Z   R     INVX4          7  32.1   131    99     685    (-,-) 
  g85028/Z                          -       A->Z   F     NAND2X1        3  15.2   169   125     810    (-,-) 
  g84558/Z                          -       B->Z   R     NAND2X1        5  23.4   384   280    1090    (-,-) 
  g84370/Z                          -       A->Z   F     NAND2X1        1   7.2   144   106    1195    (-,-) 
  g83439/Z                          -       B->Z   R     NAND3X1        1   6.8   185   151    1346    (-,-) 
  g82910/Z                          -       A->Z   R     AND2X1         1   7.3   125   126    1472    (-,-) 
  g82567/Z                          -       B->Z   F     NOR2X1         1   7.3   126    92    1564    (-,-) 
  g82096/Z                          -       A->Z   R     NAND3X1        1   8.5   210   140    1704    (-,-) 
  g81726/Z                          -       A->Z   R     XOR2X1         4  27.0   414   282    1986    (-,-) 
  g81181/Z                          -       A->Z   F     NOR2X1         1   7.7   177   160    2146    (-,-) 
  g81129/Z                          -       A->Z   R     INVX2          7  34.0   269   211    2356    (-,-) 
  g81097__3680/Z                    -       B->Z   F     NOR2X1         4  20.0   232   201    2557    (-,-) 
  g80654__2883/Z                    -       A->Z   R     NAND2X1        1   6.8   150   146    2703    (-,-) 
  g80396__6783/Z                    -       A->Z   F     NAND2X1        1   6.9   108    81    2784    (-,-) 
  g80316__6783/Z                    -       A->Z   R     NAND2X1        1   6.8   152   110    2895    (-,-) 
  g80268__4319/Z                    -       B->Z   R     AND2X1         1   7.3   124   127    3022    (-,-) 
  g80226__9945/Z                    -       A->Z   F     NAND3X1        1   8.5   107    85    3107    (-,-) 
  g80187__5107/Z                    -       A->Z   F     XOR2X1         1   6.9   118   137    3244    (-,-) 
  g80128__8246/Z                    -       A->Z   R     NAND2X1        1   7.3   223   118    3362    (-,-) 
  g80122__1705/Z                    -       A->Z   F     NAND3X1        1   6.4   110    85    3447    (-,-) 
  csm_inst_right_reg_reg[20]/D      -       -      F     DFFQSRX1       1     -     -     0    3447    (-,-) 
#------------------------------------------------------------------------------------------------------------



Path 32: MET (128 ps) Setup Check with Pin csm_inst_right_reg_reg[11]/CLK->D
          Group: C2C
     Startpoint: (R) csm_inst_round_counter_reg[3]/CLK
          Clock: (R) clk
       Endpoint: (F) csm_inst_right_reg_reg[11]/D
          Clock: (R) clk

                     Capture       Launch     
        Clock Edge:+    6000            0     
       Src Latency:+       0            0     
       Net Latency:+       0 (I)        0 (I) 
           Arrival:=    6000            0     
                                              
             Setup:-     460                  
       Uncertainty:-    2000                  
     Required Time:=    3540                  
      Launch Clock:-       0                  
         Data Path:-    3412                  
             Slack:=     128                  

#------------------------------------------------------------------------------------------------------------
#           Timing Point            Flags    Arc   Edge   Cell     Fanout  Load Trans Delay Arrival Instance 
#                                                                          (fF)  (ps)  (ps)   (ps)  Location 
#------------------------------------------------------------------------------------------------------------
  csm_inst_round_counter_reg[3]/CLK -       -      R     (arrival)    536     -  2000     0       0    (-,-) 
  csm_inst_round_counter_reg[3]/Q   -       CLK->Q R     DFFQSRX1       1  10.1   165   259     259    (-,-) 
  g85171/Z                          -       A->Z   F     INVX4          1  24.9   107    96     355    (-,-) 
  g85131/Z                          -       A->Z   R     INVX16         1  44.5    65    61     415    (-,-) 
  g85153/Z                          -       A->Z   F     INVX32        11 113.5    58    53     469    (-,-) 
  g85158/Z                          -       A->Z   R     INVX8          5  27.2    64    55     524    (-,-) 
  g85157/Z                          -       A->Z   F     INVX4          3  18.9    70    62     586    (-,-) 
  g85123/Z                          -       A->Z   R     INVX4          7  32.1   131    99     685    (-,-) 
  g85048/Z                          -       A->Z   F     NAND2X1        3  15.3   197   126     810    (-,-) 
  g84529/Z                          -       B->Z   R     NAND2X1        3  15.1   267   221    1032    (-,-) 
  g83766/Z                          -       B->Z   R     MUX2X1         2  11.0   180   187    1219    (-,-) 
  g83097/Z                          -       A->Z   F     NAND2X1        1   7.3   108    89    1308    (-,-) 
  g83040/Z                          -       A->Z   R     NAND3X1        1   7.3   192   124    1432    (-,-) 
  g82718/Z                          -       B->Z   F     NOR2X1         1   7.3   126   106    1537    (-,-) 
  g82478/Z                          -       B->Z   R     NOR2X1         1   7.3   155   116    1653    (-,-) 
  g82095/Z                          -       B->Z   F     NOR2X1         1  12.8   170   132    1785    (-,-) 
  g81721/Z                          -       B->Z   R     XOR2X1         6  31.7   478   344    2129    (-,-) 
  g81493/Z                          -       A->Z   F     INVX4          5  24.9   165   132    2261    (-,-) 
  g81492/Z                          -       A->Z   R     INVX2          4  21.0   179   152    2413    (-,-) 
  g81257__5115/Z                    -       B->Z   F     NOR2X1         3  15.7   192   156    2568    (-,-) 
  g80897__3680/Z                    -       A->Z   R     NAND2X1        1   6.8   170   136    2704    (-,-) 
  g80604__8246/Z                    -       B->Z   F     NAND2X1        1   6.9    94    82    2787    (-,-) 
  g80446__4733/Z                    -       A->Z   R     NAND2X1        1   6.8   152   106    2893    (-,-) 
  g80308__6161/Z                    -       B->Z   F     NAND2X1        1   7.3   112    83    2975    (-,-) 
  g80288__6131/Z                    -       B->Z   R     NOR2X1         1   7.3   142   112    3087    (-,-) 
  g80250__1666/Z                    -       A->Z   F     NAND3X1        2  12.0   137   107    3194    (-,-) 
  g80209__6260/Z                    -       A->Z   R     NAND3X1        1   7.3   238   133    3327    (-,-) 
  g80165__3680/Z                    -       A->Z   F     NAND3X1        1   6.4   112    86    3412    (-,-) 
  csm_inst_right_reg_reg[11]/D      -       -      F     DFFQSRX1       1     -     -     0    3412    (-,-) 
#------------------------------------------------------------------------------------------------------------



Path 33: MET (1088 ps) Setup Check with Pin spi_inst_shift_in_reg[33]/CLK->D
          Group: C2C
     Startpoint: (R) cs_sync_reg/CLK
          Clock: (R) clk
       Endpoint: (F) spi_inst_shift_in_reg[33]/D
          Clock: (R) clk

                     Capture       Launch     
        Clock Edge:+    6000            0     
       Src Latency:+       0            0     
       Net Latency:+       0 (I)        0 (I) 
           Arrival:=    6000            0     
                                              
             Setup:-     452                  
       Uncertainty:-    2000                  
     Required Time:=    3548                  
      Launch Clock:-       0                  
         Data Path:-    2460                  
             Slack:=    1088                  

#------------------------------------------------------------------------------------------------------
#        Timing Point         Flags    Arc   Edge   Cell     Fanout  Load Trans Delay Arrival Instance 
#                                                                    (fF)  (ps)  (ps)   (ps)  Location 
#------------------------------------------------------------------------------------------------------
  cs_sync_reg/CLK             -       -      R     (arrival)    536     -  2000     0       0    (-,-) 
  cs_sync_reg/Q               -       CLK->Q F     DFFQSRX1       5  25.2   250   305     305    (-,-) 
  g84406/Z                    -       A->Z   R     INVX2          3  16.0   164   151     456    (-,-) 
  g83650/Z                    -       B->Z   F     NAND2X1        7  35.0   347   234     690    (-,-) 
  g83470/Z                    -       A->Z   R     INVX4         67 284.1  1052   706    1396    (-,-) 
  g83466/Z                    -       A->Z   F     INVX4         64 267.9   917   771    2168    (-,-) 
  g82491/Z                    -       B->Z   F     AND2X1         1   6.4    87   292    2460    (-,-) 
  spi_inst_shift_in_reg[33]/D -       -      F     DFFQSRX1       1     -     -     0    2460    (-,-) 
#------------------------------------------------------------------------------------------------------



Path 34: MET (1088 ps) Setup Check with Pin spi_inst_shift_in_reg[24]/CLK->D
          Group: C2C
     Startpoint: (R) cs_sync_reg/CLK
          Clock: (R) clk
       Endpoint: (F) spi_inst_shift_in_reg[24]/D
          Clock: (R) clk

                     Capture       Launch     
        Clock Edge:+    6000            0     
       Src Latency:+       0            0     
       Net Latency:+       0 (I)        0 (I) 
           Arrival:=    6000            0     
                                              
             Setup:-     452                  
       Uncertainty:-    2000                  
     Required Time:=    3548                  
      Launch Clock:-       0                  
         Data Path:-    2460                  
             Slack:=    1088                  

#------------------------------------------------------------------------------------------------------
#        Timing Point         Flags    Arc   Edge   Cell     Fanout  Load Trans Delay Arrival Instance 
#                                                                    (fF)  (ps)  (ps)   (ps)  Location 
#------------------------------------------------------------------------------------------------------
  cs_sync_reg/CLK             -       -      R     (arrival)    536     -  2000     0       0    (-,-) 
  cs_sync_reg/Q               -       CLK->Q F     DFFQSRX1       5  25.2   250   305     305    (-,-) 
  g84406/Z                    -       A->Z   R     INVX2          3  16.0   164   151     456    (-,-) 
  g83650/Z                    -       B->Z   F     NAND2X1        7  35.0   347   234     690    (-,-) 
  g83470/Z                    -       A->Z   R     INVX4         67 284.1  1052   706    1396    (-,-) 
  g83466/Z                    -       A->Z   F     INVX4         64 267.9   917   771    2168    (-,-) 
  g82482/Z                    -       B->Z   F     AND2X1         1   6.4    87   292    2460    (-,-) 
  spi_inst_shift_in_reg[24]/D -       -      F     DFFQSRX1       1     -     -     0    2460    (-,-) 
#------------------------------------------------------------------------------------------------------



Path 35: MET (1088 ps) Setup Check with Pin spi_inst_shift_in_reg[20]/CLK->D
          Group: C2C
     Startpoint: (R) cs_sync_reg/CLK
          Clock: (R) clk
       Endpoint: (F) spi_inst_shift_in_reg[20]/D
          Clock: (R) clk

                     Capture       Launch     
        Clock Edge:+    6000            0     
       Src Latency:+       0            0     
       Net Latency:+       0 (I)        0 (I) 
           Arrival:=    6000            0     
                                              
             Setup:-     452                  
       Uncertainty:-    2000                  
     Required Time:=    3548                  
      Launch Clock:-       0                  
         Data Path:-    2460                  
             Slack:=    1088                  

#------------------------------------------------------------------------------------------------------
#        Timing Point         Flags    Arc   Edge   Cell     Fanout  Load Trans Delay Arrival Instance 
#                                                                    (fF)  (ps)  (ps)   (ps)  Location 
#------------------------------------------------------------------------------------------------------
  cs_sync_reg/CLK             -       -      R     (arrival)    536     -  2000     0       0    (-,-) 
  cs_sync_reg/Q               -       CLK->Q F     DFFQSRX1       5  25.2   250   305     305    (-,-) 
  g84406/Z                    -       A->Z   R     INVX2          3  16.0   164   151     456    (-,-) 
  g83650/Z                    -       B->Z   F     NAND2X1        7  35.0   347   234     690    (-,-) 
  g83470/Z                    -       A->Z   R     INVX4         67 284.1  1052   706    1396    (-,-) 
  g83466/Z                    -       A->Z   F     INVX4         64 267.9   917   771    2168    (-,-) 
  g82477/Z                    -       B->Z   F     AND2X1         1   6.4    87   292    2460    (-,-) 
  spi_inst_shift_in_reg[20]/D -       -      F     DFFQSRX1       1     -     -     0    2460    (-,-) 
#------------------------------------------------------------------------------------------------------



Path 36: MET (1088 ps) Setup Check with Pin spi_inst_shift_in_reg[6]/CLK->D
          Group: C2C
     Startpoint: (R) cs_sync_reg/CLK
          Clock: (R) clk
       Endpoint: (F) spi_inst_shift_in_reg[6]/D
          Clock: (R) clk

                     Capture       Launch     
        Clock Edge:+    6000            0     
       Src Latency:+       0            0     
       Net Latency:+       0 (I)        0 (I) 
           Arrival:=    6000            0     
                                              
             Setup:-     452                  
       Uncertainty:-    2000                  
     Required Time:=    3548                  
      Launch Clock:-       0                  
         Data Path:-    2460                  
             Slack:=    1088                  

#-----------------------------------------------------------------------------------------------------
#       Timing Point         Flags    Arc   Edge   Cell     Fanout  Load Trans Delay Arrival Instance 
#                                                                   (fF)  (ps)  (ps)   (ps)  Location 
#-----------------------------------------------------------------------------------------------------
  cs_sync_reg/CLK            -       -      R     (arrival)    536     -  2000     0       0    (-,-) 
  cs_sync_reg/Q              -       CLK->Q F     DFFQSRX1       5  25.2   250   305     305    (-,-) 
  g84406/Z                   -       A->Z   R     INVX2          3  16.0   164   151     456    (-,-) 
  g83650/Z                   -       B->Z   F     NAND2X1        7  35.0   347   234     690    (-,-) 
  g83470/Z                   -       A->Z   R     INVX4         67 284.1  1052   706    1396    (-,-) 
  g83466/Z                   -       A->Z   F     INVX4         64 267.9   917   771    2168    (-,-) 
  g82509/Z                   -       B->Z   F     AND2X1         1   6.4    87   292    2460    (-,-) 
  spi_inst_shift_in_reg[6]/D -       -      F     DFFQSRX1       1     -     -     0    2460    (-,-) 
#-----------------------------------------------------------------------------------------------------



Path 37: MET (1088 ps) Setup Check with Pin spi_inst_shift_in_reg[22]/CLK->D
          Group: C2C
     Startpoint: (R) cs_sync_reg/CLK
          Clock: (R) clk
       Endpoint: (F) spi_inst_shift_in_reg[22]/D
          Clock: (R) clk

                     Capture       Launch     
        Clock Edge:+    6000            0     
       Src Latency:+       0            0     
       Net Latency:+       0 (I)        0 (I) 
           Arrival:=    6000            0     
                                              
             Setup:-     452                  
       Uncertainty:-    2000                  
     Required Time:=    3548                  
      Launch Clock:-       0                  
         Data Path:-    2460                  
             Slack:=    1088                  

#------------------------------------------------------------------------------------------------------
#        Timing Point         Flags    Arc   Edge   Cell     Fanout  Load Trans Delay Arrival Instance 
#                                                                    (fF)  (ps)  (ps)   (ps)  Location 
#------------------------------------------------------------------------------------------------------
  cs_sync_reg/CLK             -       -      R     (arrival)    536     -  2000     0       0    (-,-) 
  cs_sync_reg/Q               -       CLK->Q F     DFFQSRX1       5  25.2   250   305     305    (-,-) 
  g84406/Z                    -       A->Z   R     INVX2          3  16.0   164   151     456    (-,-) 
  g83650/Z                    -       B->Z   F     NAND2X1        7  35.0   347   234     690    (-,-) 
  g83470/Z                    -       A->Z   R     INVX4         67 284.1  1052   706    1396    (-,-) 
  g83466/Z                    -       A->Z   F     INVX4         64 267.9   917   771    2168    (-,-) 
  g82480/Z                    -       B->Z   F     AND2X1         1   6.4    87   292    2460    (-,-) 
  spi_inst_shift_in_reg[22]/D -       -      F     DFFQSRX1       1     -     -     0    2460    (-,-) 
#------------------------------------------------------------------------------------------------------



Path 38: MET (1088 ps) Setup Check with Pin spi_inst_shift_in_reg[16]/CLK->D
          Group: C2C
     Startpoint: (R) cs_sync_reg/CLK
          Clock: (R) clk
       Endpoint: (F) spi_inst_shift_in_reg[16]/D
          Clock: (R) clk

                     Capture       Launch     
        Clock Edge:+    6000            0     
       Src Latency:+       0            0     
       Net Latency:+       0 (I)        0 (I) 
           Arrival:=    6000            0     
                                              
             Setup:-     452                  
       Uncertainty:-    2000                  
     Required Time:=    3548                  
      Launch Clock:-       0                  
         Data Path:-    2460                  
             Slack:=    1088                  

#------------------------------------------------------------------------------------------------------
#        Timing Point         Flags    Arc   Edge   Cell     Fanout  Load Trans Delay Arrival Instance 
#                                                                    (fF)  (ps)  (ps)   (ps)  Location 
#------------------------------------------------------------------------------------------------------
  cs_sync_reg/CLK             -       -      R     (arrival)    536     -  2000     0       0    (-,-) 
  cs_sync_reg/Q               -       CLK->Q F     DFFQSRX1       5  25.2   250   305     305    (-,-) 
  g84406/Z                    -       A->Z   R     INVX2          3  16.0   164   151     456    (-,-) 
  g83650/Z                    -       B->Z   F     NAND2X1        7  35.0   347   234     690    (-,-) 
  g83470/Z                    -       A->Z   R     INVX4         67 284.1  1052   706    1396    (-,-) 
  g83466/Z                    -       A->Z   F     INVX4         64 267.9   917   771    2168    (-,-) 
  g82473/Z                    -       B->Z   F     AND2X1         1   6.4    87   292    2460    (-,-) 
  spi_inst_shift_in_reg[16]/D -       -      F     DFFQSRX1       1     -     -     0    2460    (-,-) 
#------------------------------------------------------------------------------------------------------



Path 39: MET (1088 ps) Setup Check with Pin spi_inst_shift_in_reg[11]/CLK->D
          Group: C2C
     Startpoint: (R) cs_sync_reg/CLK
          Clock: (R) clk
       Endpoint: (F) spi_inst_shift_in_reg[11]/D
          Clock: (R) clk

                     Capture       Launch     
        Clock Edge:+    6000            0     
       Src Latency:+       0            0     
       Net Latency:+       0 (I)        0 (I) 
           Arrival:=    6000            0     
                                              
             Setup:-     452                  
       Uncertainty:-    2000                  
     Required Time:=    3548                  
      Launch Clock:-       0                  
         Data Path:-    2460                  
             Slack:=    1088                  

#------------------------------------------------------------------------------------------------------
#        Timing Point         Flags    Arc   Edge   Cell     Fanout  Load Trans Delay Arrival Instance 
#                                                                    (fF)  (ps)  (ps)   (ps)  Location 
#------------------------------------------------------------------------------------------------------
  cs_sync_reg/CLK             -       -      R     (arrival)    536     -  2000     0       0    (-,-) 
  cs_sync_reg/Q               -       CLK->Q F     DFFQSRX1       5  25.2   250   305     305    (-,-) 
  g84406/Z                    -       A->Z   R     INVX2          3  16.0   164   151     456    (-,-) 
  g83650/Z                    -       B->Z   F     NAND2X1        7  35.0   347   234     690    (-,-) 
  g83470/Z                    -       A->Z   R     INVX4         67 284.1  1052   706    1396    (-,-) 
  g83466/Z                    -       A->Z   F     INVX4         64 267.9   917   771    2168    (-,-) 
  g82468/Z                    -       B->Z   F     AND2X1         1   6.4    87   292    2460    (-,-) 
  spi_inst_shift_in_reg[11]/D -       -      F     DFFQSRX1       1     -     -     0    2460    (-,-) 
#------------------------------------------------------------------------------------------------------



Path 40: MET (1088 ps) Setup Check with Pin spi_inst_shift_in_reg[35]/CLK->D
          Group: C2C
     Startpoint: (R) cs_sync_reg/CLK
          Clock: (R) clk
       Endpoint: (F) spi_inst_shift_in_reg[35]/D
          Clock: (R) clk

                     Capture       Launch     
        Clock Edge:+    6000            0     
       Src Latency:+       0            0     
       Net Latency:+       0 (I)        0 (I) 
           Arrival:=    6000            0     
                                              
             Setup:-     452                  
       Uncertainty:-    2000                  
     Required Time:=    3548                  
      Launch Clock:-       0                  
         Data Path:-    2460                  
             Slack:=    1088                  

#------------------------------------------------------------------------------------------------------
#        Timing Point         Flags    Arc   Edge   Cell     Fanout  Load Trans Delay Arrival Instance 
#                                                                    (fF)  (ps)  (ps)   (ps)  Location 
#------------------------------------------------------------------------------------------------------
  cs_sync_reg/CLK             -       -      R     (arrival)    536     -  2000     0       0    (-,-) 
  cs_sync_reg/Q               -       CLK->Q F     DFFQSRX1       5  25.2   250   305     305    (-,-) 
  g84406/Z                    -       A->Z   R     INVX2          3  16.0   164   151     456    (-,-) 
  g83650/Z                    -       B->Z   F     NAND2X1        7  35.0   347   234     690    (-,-) 
  g83470/Z                    -       A->Z   R     INVX4         67 284.1  1052   706    1396    (-,-) 
  g83466/Z                    -       A->Z   F     INVX4         64 267.9   917   771    2168    (-,-) 
  g82492/Z                    -       B->Z   F     AND2X1         1   6.4    87   292    2460    (-,-) 
  spi_inst_shift_in_reg[35]/D -       -      F     DFFQSRX1       1     -     -     0    2460    (-,-) 
#------------------------------------------------------------------------------------------------------



Path 41: MET (1088 ps) Setup Check with Pin spi_inst_shift_in_reg[29]/CLK->D
          Group: C2C
     Startpoint: (R) cs_sync_reg/CLK
          Clock: (R) clk
       Endpoint: (F) spi_inst_shift_in_reg[29]/D
          Clock: (R) clk

                     Capture       Launch     
        Clock Edge:+    6000            0     
       Src Latency:+       0            0     
       Net Latency:+       0 (I)        0 (I) 
           Arrival:=    6000            0     
                                              
             Setup:-     452                  
       Uncertainty:-    2000                  
     Required Time:=    3548                  
      Launch Clock:-       0                  
         Data Path:-    2460                  
             Slack:=    1088                  

#------------------------------------------------------------------------------------------------------
#        Timing Point         Flags    Arc   Edge   Cell     Fanout  Load Trans Delay Arrival Instance 
#                                                                    (fF)  (ps)  (ps)   (ps)  Location 
#------------------------------------------------------------------------------------------------------
  cs_sync_reg/CLK             -       -      R     (arrival)    536     -  2000     0       0    (-,-) 
  cs_sync_reg/Q               -       CLK->Q F     DFFQSRX1       5  25.2   250   305     305    (-,-) 
  g84406/Z                    -       A->Z   R     INVX2          3  16.0   164   151     456    (-,-) 
  g83650/Z                    -       B->Z   F     NAND2X1        7  35.0   347   234     690    (-,-) 
  g83470/Z                    -       A->Z   R     INVX4         67 284.1  1052   706    1396    (-,-) 
  g83466/Z                    -       A->Z   F     INVX4         64 267.9   917   771    2168    (-,-) 
  g82487/Z                    -       B->Z   F     AND2X1         1   6.4    87   292    2460    (-,-) 
  spi_inst_shift_in_reg[29]/D -       -      F     DFFQSRX1       1     -     -     0    2460    (-,-) 
#------------------------------------------------------------------------------------------------------



Path 42: MET (1088 ps) Setup Check with Pin spi_inst_bit_count_reg[2]/CLK->D
          Group: C2C
     Startpoint: (R) cs_sync_reg/CLK
          Clock: (R) clk
       Endpoint: (F) spi_inst_bit_count_reg[2]/D
          Clock: (R) clk

                     Capture       Launch     
        Clock Edge:+    6000            0     
       Src Latency:+       0            0     
       Net Latency:+       0 (I)        0 (I) 
           Arrival:=    6000            0     
                                              
             Setup:-     452                  
       Uncertainty:-    2000                  
     Required Time:=    3548                  
      Launch Clock:-       0                  
         Data Path:-    2460                  
             Slack:=    1088                  

#------------------------------------------------------------------------------------------------------
#        Timing Point         Flags    Arc   Edge   Cell     Fanout  Load Trans Delay Arrival Instance 
#                                                                    (fF)  (ps)  (ps)   (ps)  Location 
#------------------------------------------------------------------------------------------------------
  cs_sync_reg/CLK             -       -      R     (arrival)    536     -  2000     0       0    (-,-) 
  cs_sync_reg/Q               -       CLK->Q F     DFFQSRX1       5  25.2   250   305     305    (-,-) 
  g84406/Z                    -       A->Z   R     INVX2          3  16.0   164   151     456    (-,-) 
  g83650/Z                    -       B->Z   F     NAND2X1        7  35.0   347   234     690    (-,-) 
  g83470/Z                    -       A->Z   R     INVX4         67 284.1  1052   706    1396    (-,-) 
  g83466/Z                    -       A->Z   F     INVX4         64 267.9   917   771    2168    (-,-) 
  g82448/Z                    -       B->Z   F     AND2X1         1   6.4    87   292    2460    (-,-) 
  spi_inst_bit_count_reg[2]/D -       -      F     DFFQSRX1       1     -     -     0    2460    (-,-) 
#------------------------------------------------------------------------------------------------------



Path 43: MET (1088 ps) Setup Check with Pin spi_inst_bit_count_reg[3]/CLK->D
          Group: C2C
     Startpoint: (R) cs_sync_reg/CLK
          Clock: (R) clk
       Endpoint: (F) spi_inst_bit_count_reg[3]/D
          Clock: (R) clk

                     Capture       Launch     
        Clock Edge:+    6000            0     
       Src Latency:+       0            0     
       Net Latency:+       0 (I)        0 (I) 
           Arrival:=    6000            0     
                                              
             Setup:-     452                  
       Uncertainty:-    2000                  
     Required Time:=    3548                  
      Launch Clock:-       0                  
         Data Path:-    2460                  
             Slack:=    1088                  

#------------------------------------------------------------------------------------------------------
#        Timing Point         Flags    Arc   Edge   Cell     Fanout  Load Trans Delay Arrival Instance 
#                                                                    (fF)  (ps)  (ps)   (ps)  Location 
#------------------------------------------------------------------------------------------------------
  cs_sync_reg/CLK             -       -      R     (arrival)    536     -  2000     0       0    (-,-) 
  cs_sync_reg/Q               -       CLK->Q F     DFFQSRX1       5  25.2   250   305     305    (-,-) 
  g84406/Z                    -       A->Z   R     INVX2          3  16.0   164   151     456    (-,-) 
  g83650/Z                    -       B->Z   F     NAND2X1        7  35.0   347   234     690    (-,-) 
  g83470/Z                    -       A->Z   R     INVX4         67 284.1  1052   706    1396    (-,-) 
  g83466/Z                    -       A->Z   F     INVX4         64 267.9   917   771    2168    (-,-) 
  g82450/Z                    -       B->Z   F     AND2X1         1   6.4    87   292    2460    (-,-) 
  spi_inst_bit_count_reg[3]/D -       -      F     DFFQSRX1       1     -     -     0    2460    (-,-) 
#------------------------------------------------------------------------------------------------------



Path 44: MET (1088 ps) Setup Check with Pin spi_inst_bit_count_reg[6]/CLK->D
          Group: C2C
     Startpoint: (R) cs_sync_reg/CLK
          Clock: (R) clk
       Endpoint: (F) spi_inst_bit_count_reg[6]/D
          Clock: (R) clk

                     Capture       Launch     
        Clock Edge:+    6000            0     
       Src Latency:+       0            0     
       Net Latency:+       0 (I)        0 (I) 
           Arrival:=    6000            0     
                                              
             Setup:-     452                  
       Uncertainty:-    2000                  
     Required Time:=    3548                  
      Launch Clock:-       0                  
         Data Path:-    2460                  
             Slack:=    1088                  

#------------------------------------------------------------------------------------------------------
#        Timing Point         Flags    Arc   Edge   Cell     Fanout  Load Trans Delay Arrival Instance 
#                                                                    (fF)  (ps)  (ps)   (ps)  Location 
#------------------------------------------------------------------------------------------------------
  cs_sync_reg/CLK             -       -      R     (arrival)    536     -  2000     0       0    (-,-) 
  cs_sync_reg/Q               -       CLK->Q F     DFFQSRX1       5  25.2   250   305     305    (-,-) 
  g84406/Z                    -       A->Z   R     INVX2          3  16.0   164   151     456    (-,-) 
  g83650/Z                    -       B->Z   F     NAND2X1        7  35.0   347   234     690    (-,-) 
  g83470/Z                    -       A->Z   R     INVX4         67 284.1  1052   706    1396    (-,-) 
  g83466/Z                    -       A->Z   F     INVX4         64 267.9   917   771    2168    (-,-) 
  g81873/Z                    -       B->Z   F     AND2X1         1   6.4    87   292    2460    (-,-) 
  spi_inst_bit_count_reg[6]/D -       -      F     DFFQSRX1       1     -     -     0    2460    (-,-) 
#------------------------------------------------------------------------------------------------------



Path 45: MET (1088 ps) Setup Check with Pin spi_inst_bit_count_reg[5]/CLK->D
          Group: C2C
     Startpoint: (R) cs_sync_reg/CLK
          Clock: (R) clk
       Endpoint: (F) spi_inst_bit_count_reg[5]/D
          Clock: (R) clk

                     Capture       Launch     
        Clock Edge:+    6000            0     
       Src Latency:+       0            0     
       Net Latency:+       0 (I)        0 (I) 
           Arrival:=    6000            0     
                                              
             Setup:-     452                  
       Uncertainty:-    2000                  
     Required Time:=    3548                  
      Launch Clock:-       0                  
         Data Path:-    2460                  
             Slack:=    1088                  

#------------------------------------------------------------------------------------------------------
#        Timing Point         Flags    Arc   Edge   Cell     Fanout  Load Trans Delay Arrival Instance 
#                                                                    (fF)  (ps)  (ps)   (ps)  Location 
#------------------------------------------------------------------------------------------------------
  cs_sync_reg/CLK             -       -      R     (arrival)    536     -  2000     0       0    (-,-) 
  cs_sync_reg/Q               -       CLK->Q F     DFFQSRX1       5  25.2   250   305     305    (-,-) 
  g84406/Z                    -       A->Z   R     INVX2          3  16.0   164   151     456    (-,-) 
  g83650/Z                    -       B->Z   F     NAND2X1        7  35.0   347   234     690    (-,-) 
  g83470/Z                    -       A->Z   R     INVX4         67 284.1  1052   706    1396    (-,-) 
  g83466/Z                    -       A->Z   F     INVX4         64 267.9   917   771    2168    (-,-) 
  g82014/Z                    -       B->Z   F     AND2X1         1   6.4    87   292    2460    (-,-) 
  spi_inst_bit_count_reg[5]/D -       -      F     DFFQSRX1       1     -     -     0    2460    (-,-) 
#------------------------------------------------------------------------------------------------------



Path 46: MET (1088 ps) Setup Check with Pin spi_inst_bit_count_reg[1]/CLK->D
          Group: C2C
     Startpoint: (R) cs_sync_reg/CLK
          Clock: (R) clk
       Endpoint: (F) spi_inst_bit_count_reg[1]/D
          Clock: (R) clk

                     Capture       Launch     
        Clock Edge:+    6000            0     
       Src Latency:+       0            0     
       Net Latency:+       0 (I)        0 (I) 
           Arrival:=    6000            0     
                                              
             Setup:-     452                  
       Uncertainty:-    2000                  
     Required Time:=    3548                  
      Launch Clock:-       0                  
         Data Path:-    2460                  
             Slack:=    1088                  

#------------------------------------------------------------------------------------------------------
#        Timing Point         Flags    Arc   Edge   Cell     Fanout  Load Trans Delay Arrival Instance 
#                                                                    (fF)  (ps)  (ps)   (ps)  Location 
#------------------------------------------------------------------------------------------------------
  cs_sync_reg/CLK             -       -      R     (arrival)    536     -  2000     0       0    (-,-) 
  cs_sync_reg/Q               -       CLK->Q F     DFFQSRX1       5  25.2   250   305     305    (-,-) 
  g84406/Z                    -       A->Z   R     INVX2          3  16.0   164   151     456    (-,-) 
  g83650/Z                    -       B->Z   F     NAND2X1        7  35.0   347   234     690    (-,-) 
  g83470/Z                    -       A->Z   R     INVX4         67 284.1  1052   706    1396    (-,-) 
  g83466/Z                    -       A->Z   F     INVX4         64 267.9   917   771    2168    (-,-) 
  g82446/Z                    -       B->Z   F     AND2X1         1   6.4    87   292    2460    (-,-) 
  spi_inst_bit_count_reg[1]/D -       -      F     DFFQSRX1       1     -     -     0    2460    (-,-) 
#------------------------------------------------------------------------------------------------------



Path 47: MET (1088 ps) Setup Check with Pin spi_inst_bit_count_reg[4]/CLK->D
          Group: C2C
     Startpoint: (R) cs_sync_reg/CLK
          Clock: (R) clk
       Endpoint: (F) spi_inst_bit_count_reg[4]/D
          Clock: (R) clk

                     Capture       Launch     
        Clock Edge:+    6000            0     
       Src Latency:+       0            0     
       Net Latency:+       0 (I)        0 (I) 
           Arrival:=    6000            0     
                                              
             Setup:-     452                  
       Uncertainty:-    2000                  
     Required Time:=    3548                  
      Launch Clock:-       0                  
         Data Path:-    2460                  
             Slack:=    1088                  

#------------------------------------------------------------------------------------------------------
#        Timing Point         Flags    Arc   Edge   Cell     Fanout  Load Trans Delay Arrival Instance 
#                                                                    (fF)  (ps)  (ps)   (ps)  Location 
#------------------------------------------------------------------------------------------------------
  cs_sync_reg/CLK             -       -      R     (arrival)    536     -  2000     0       0    (-,-) 
  cs_sync_reg/Q               -       CLK->Q F     DFFQSRX1       5  25.2   250   305     305    (-,-) 
  g84406/Z                    -       A->Z   R     INVX2          3  16.0   164   151     456    (-,-) 
  g83650/Z                    -       B->Z   F     NAND2X1        7  35.0   347   234     690    (-,-) 
  g83470/Z                    -       A->Z   R     INVX4         67 284.1  1052   706    1396    (-,-) 
  g83466/Z                    -       A->Z   F     INVX4         64 267.9   917   771    2168    (-,-) 
  g82451/Z                    -       B->Z   F     AND2X1         1   6.4    87   292    2460    (-,-) 
  spi_inst_bit_count_reg[4]/D -       -      F     DFFQSRX1       1     -     -     0    2460    (-,-) 
#------------------------------------------------------------------------------------------------------



Path 48: MET (1088 ps) Setup Check with Pin spi_inst_shift_in_reg[53]/CLK->D
          Group: C2C
     Startpoint: (R) cs_sync_reg/CLK
          Clock: (R) clk
       Endpoint: (F) spi_inst_shift_in_reg[53]/D
          Clock: (R) clk

                     Capture       Launch     
        Clock Edge:+    6000            0     
       Src Latency:+       0            0     
       Net Latency:+       0 (I)        0 (I) 
           Arrival:=    6000            0     
                                              
             Setup:-     452                  
       Uncertainty:-    2000                  
     Required Time:=    3548                  
      Launch Clock:-       0                  
         Data Path:-    2460                  
             Slack:=    1088                  

#------------------------------------------------------------------------------------------------------
#        Timing Point         Flags    Arc   Edge   Cell     Fanout  Load Trans Delay Arrival Instance 
#                                                                    (fF)  (ps)  (ps)   (ps)  Location 
#------------------------------------------------------------------------------------------------------
  cs_sync_reg/CLK             -       -      R     (arrival)    536     -  2000     0       0    (-,-) 
  cs_sync_reg/Q               -       CLK->Q F     DFFQSRX1       5  25.2   250   305     305    (-,-) 
  g84406/Z                    -       A->Z   R     INVX2          3  16.0   164   151     456    (-,-) 
  g83650/Z                    -       B->Z   F     NAND2X1        7  35.0   347   234     690    (-,-) 
  g83470/Z                    -       A->Z   R     INVX4         67 284.1  1052   706    1396    (-,-) 
  g83466/Z                    -       A->Z   F     INVX4         64 267.9   917   771    2168    (-,-) 
  g82463/Z                    -       B->Z   F     AND2X1         1   6.4    87   292    2460    (-,-) 
  spi_inst_shift_in_reg[53]/D -       -      F     DFFQSRX1       1     -     -     0    2460    (-,-) 
#------------------------------------------------------------------------------------------------------



Path 49: MET (1088 ps) Setup Check with Pin spi_inst_shift_in_reg[15]/CLK->D
          Group: C2C
     Startpoint: (R) cs_sync_reg/CLK
          Clock: (R) clk
       Endpoint: (F) spi_inst_shift_in_reg[15]/D
          Clock: (R) clk

                     Capture       Launch     
        Clock Edge:+    6000            0     
       Src Latency:+       0            0     
       Net Latency:+       0 (I)        0 (I) 
           Arrival:=    6000            0     
                                              
             Setup:-     452                  
       Uncertainty:-    2000                  
     Required Time:=    3548                  
      Launch Clock:-       0                  
         Data Path:-    2460                  
             Slack:=    1088                  

#------------------------------------------------------------------------------------------------------
#        Timing Point         Flags    Arc   Edge   Cell     Fanout  Load Trans Delay Arrival Instance 
#                                                                    (fF)  (ps)  (ps)   (ps)  Location 
#------------------------------------------------------------------------------------------------------
  cs_sync_reg/CLK             -       -      R     (arrival)    536     -  2000     0       0    (-,-) 
  cs_sync_reg/Q               -       CLK->Q F     DFFQSRX1       5  25.2   250   305     305    (-,-) 
  g84406/Z                    -       A->Z   R     INVX2          3  16.0   164   151     456    (-,-) 
  g83650/Z                    -       B->Z   F     NAND2X1        7  35.0   347   234     690    (-,-) 
  g83470/Z                    -       A->Z   R     INVX4         67 284.1  1052   706    1396    (-,-) 
  g83466/Z                    -       A->Z   F     INVX4         64 267.9   917   771    2168    (-,-) 
  g82472/Z                    -       B->Z   F     AND2X1         1   6.4    87   292    2460    (-,-) 
  spi_inst_shift_in_reg[15]/D -       -      F     DFFQSRX1       1     -     -     0    2460    (-,-) 
#------------------------------------------------------------------------------------------------------



Path 50: MET (1088 ps) Setup Check with Pin spi_inst_shift_in_reg[30]/CLK->D
          Group: C2C
     Startpoint: (R) cs_sync_reg/CLK
          Clock: (R) clk
       Endpoint: (F) spi_inst_shift_in_reg[30]/D
          Clock: (R) clk

                     Capture       Launch     
        Clock Edge:+    6000            0     
       Src Latency:+       0            0     
       Net Latency:+       0 (I)        0 (I) 
           Arrival:=    6000            0     
                                              
             Setup:-     452                  
       Uncertainty:-    2000                  
     Required Time:=    3548                  
      Launch Clock:-       0                  
         Data Path:-    2460                  
             Slack:=    1088                  

#------------------------------------------------------------------------------------------------------
#        Timing Point         Flags    Arc   Edge   Cell     Fanout  Load Trans Delay Arrival Instance 
#                                                                    (fF)  (ps)  (ps)   (ps)  Location 
#------------------------------------------------------------------------------------------------------
  cs_sync_reg/CLK             -       -      R     (arrival)    536     -  2000     0       0    (-,-) 
  cs_sync_reg/Q               -       CLK->Q F     DFFQSRX1       5  25.2   250   305     305    (-,-) 
  g84406/Z                    -       A->Z   R     INVX2          3  16.0   164   151     456    (-,-) 
  g83650/Z                    -       B->Z   F     NAND2X1        7  35.0   347   234     690    (-,-) 
  g83470/Z                    -       A->Z   R     INVX4         67 284.1  1052   706    1396    (-,-) 
  g83466/Z                    -       A->Z   F     INVX4         64 267.9   917   771    2168    (-,-) 
  g82488/Z                    -       B->Z   F     AND2X1         1   6.4    87   292    2460    (-,-) 
  spi_inst_shift_in_reg[30]/D -       -      F     DFFQSRX1       1     -     -     0    2460    (-,-) 
#------------------------------------------------------------------------------------------------------

