============================================================
  Generated by:           Genus(TM) Synthesis Solution 21.15-s080_1
  Generated on:           Nov 30 2025  08:08:35 pm
  Module:                 TopModule
  Operating conditions:   PVT_1P8V_25C 
  Interconnect mode:      global
  Area mode:              timing library
============================================================


Path 1: VIOLATED (-354 ps) Setup Check with Pin csm_inst_right_reg_reg[19]/clk->d
          Group: C2C
     Startpoint: (R) csm_inst_round_counter_reg[0]/clk
          Clock: (R) clk
       Endpoint: (R) csm_inst_right_reg_reg[19]/d
          Clock: (R) clk

                     Capture       Launch     
        Clock Edge:+    6000            0     
       Src Latency:+       0            0     
       Net Latency:+       0 (I)        0 (I) 
           Arrival:=    6000            0     
                                              
             Setup:-      75                  
       Uncertainty:-    2000                  
     Required Time:=    3925                  
      Launch Clock:-       0                  
         Data Path:-    4279                  
             Slack:=    -354                  

#---------------------------------------------------------------------------------------------------------------------
#           Timing Point            Flags    Arc    Edge       Cell         Fanout  Load Trans Delay Arrival Instance 
#                                                                                   (fF)  (ps)  (ps)   (ps)  Location 
#---------------------------------------------------------------------------------------------------------------------
  csm_inst_round_counter_reg[0]/clk -       -       R     (arrival)            536     -  2000     0       0    (-,-) 
  csm_inst_round_counter_reg[0]/q   (u)     clk->q  R     unmapped_d_flop      163 652.0     0   594     594    (-,-) 
  csm_inst_g37424/z                 (u)     in_0->z F     unmapped_nand2         9  36.0     0   252     846    (-,-) 
  csm_inst_g37217/z                 (u)     in_1->z F     unmapped_complex2     38 152.0     0   327    1173    (-,-) 
  csm_inst_g36984/z                 (u)     in_1->z F     unmapped_complex2      2   8.0     0   166    1339    (-,-) 
  csm_inst_g35995/z                 (u)     in_0->z R     unmapped_nand2         1   4.0     0   122    1461    (-,-) 
  csm_inst_g35850/z                 (u)     in_1->z R     unmapped_or2           1   4.0     0   122    1583    (-,-) 
  csm_inst_g35525/z                 (u)     in_0->z R     unmapped_complex2      1   4.0     0   122    1706    (-,-) 
  csm_inst_g35471/z                 (u)     in_0->z R     unmapped_complex2      1   4.0     0   122    1828    (-,-) 
  csm_inst_g35376/z                 (u)     in_1->z F     unmapped_nand2         1   4.0     0   122    1950    (-,-) 
  csm_inst_g35355/z                 (u)     in_0->z R     unmapped_complex2      2   8.0     0   166    2116    (-,-) 
  csm_inst_g35230/z                 (u)     in_1->z F     unmapped_complex2      1   4.0     0   122    2238    (-,-) 
  csm_inst_g35231/z                 (u)     in_1->z R     unmapped_nand2        14  56.0     0   276    2514    (-,-) 
  csm_inst_g35160/z                 (u)     in_0->z F     unmapped_complex2      2   8.0     0   166    2680    (-,-) 
  csm_inst_g35065/z                 (u)     in_1->z R     unmapped_nand2         4  16.0     0   211    2891    (-,-) 
  csm_inst_g34972/z                 (u)     in_1->z R     unmapped_or2           1   4.0     0   122    3013    (-,-) 
  csm_inst_g34973/z                 (u)     in_1->z F     unmapped_nand2         1   4.0     0   122    3135    (-,-) 
  csm_inst_g34574/z                 (u)     in_1->z R     unmapped_nand2         1   4.0     0   122    3258    (-,-) 
  csm_inst_g34290/z                 (u)     in_1->z F     unmapped_nand2         1   4.0     0   122    3380    (-,-) 
  csm_inst_g34206/z                 (u)     in_0->z R     unmapped_complex2      1   4.0     0   122    3502    (-,-) 
  csm_inst_g34006/z                 (u)     in_1->z F     unmapped_complex2      1   4.0     0   122    3624    (-,-) 
  csm_inst_g33912/z                 (u)     in_0->z F     unmapped_or2           2   8.0     0   166    3790    (-,-) 
  csm_inst_g33844/z                 (u)     in_1->z F     unmapped_or2           1   4.0     0   122    3912    (-,-) 
  csm_inst_g33845/z                 (u)     in_1->z R     unmapped_nand2         1   4.0     0   122    4034    (-,-) 
  csm_inst_g33816/z                 (u)     in_0->z F     unmapped_complex2      1   4.0     0   122    4157    (-,-) 
  csm_inst_g33795/z                 (u)     in_0->z R     unmapped_complex2      1   4.0     0   122    4279    (-,-) 
  csm_inst_right_reg_reg[19]/d      -       -       R     unmapped_d_flop        1     -     -     0    4279    (-,-) 
#---------------------------------------------------------------------------------------------------------------------

(u) : Net has unmapped pin(s).



Path 2: VIOLATED (-314 ps) Setup Check with Pin csm_inst_right_reg_reg[17]/clk->d
          Group: C2C
     Startpoint: (R) csm_inst_round_counter_reg[0]/clk
          Clock: (R) clk
       Endpoint: (R) csm_inst_right_reg_reg[17]/d
          Clock: (R) clk

                     Capture       Launch     
        Clock Edge:+    6000            0     
       Src Latency:+       0            0     
       Net Latency:+       0 (I)        0 (I) 
           Arrival:=    6000            0     
                                              
             Setup:-      75                  
       Uncertainty:-    2000                  
     Required Time:=    3925                  
      Launch Clock:-       0                  
         Data Path:-    4238                  
             Slack:=    -314                  

#---------------------------------------------------------------------------------------------------------------------
#           Timing Point            Flags    Arc    Edge       Cell         Fanout  Load Trans Delay Arrival Instance 
#                                                                                   (fF)  (ps)  (ps)   (ps)  Location 
#---------------------------------------------------------------------------------------------------------------------
  csm_inst_round_counter_reg[0]/clk -       -       R     (arrival)            536     -  2000     0       0    (-,-) 
  csm_inst_round_counter_reg[0]/q   (u)     clk->q  R     unmapped_d_flop      163 652.0     0   594     594    (-,-) 
  csm_inst_g37403/z                 (u)     in_0->z F     unmapped_complex2     12  48.0     0   266     860    (-,-) 
  csm_inst_g37145/z                 (u)     in_1->z F     unmapped_or2          46 184.0     0   338    1198    (-,-) 
  csm_inst_g36455/z                 (u)     in_1->z F     unmapped_complex2      1   4.0     0   122    1320    (-,-) 
  csm_inst_g36286/z                 (u)     in_0->z R     unmapped_nand2         1   4.0     0   122    1442    (-,-) 
  csm_inst_g35809/z                 (u)     in_1->z R     unmapped_or2           1   4.0     0   122    1564    (-,-) 
  csm_inst_g35534/z                 (u)     in_1->z R     unmapped_or2           1   4.0     0   122    1687    (-,-) 
  csm_inst_g35462/z                 (u)     in_0->z R     unmapped_complex2      1   4.0     0   122    1809    (-,-) 
  csm_inst_g35375/z                 (u)     in_1->z F     unmapped_complex2      1   4.0     0   122    1931    (-,-) 
  csm_inst_g35310/z                 (u)     in_0->z R     unmapped_complex2      2   8.0     0   166    2097    (-,-) 
  csm_inst_g35193/z                 (u)     in_1->z F     unmapped_complex2      1   4.0     0   122    2219    (-,-) 
  csm_inst_g35194/z                 (u)     in_1->z R     unmapped_nand2        16  64.0     0   285    2504    (-,-) 
  csm_inst_g35054/z                 (u)     in_0->z R     unmapped_or2           1   4.0     0   122    2626    (-,-) 
  csm_inst_g35055/z                 (u)     in_1->z F     unmapped_nand2         5  20.0     0   224    2850    (-,-) 
  csm_inst_g34986/z                 (u)     in_0->z R     unmapped_complex2      1   4.0     0   122    2972    (-,-) 
  csm_inst_g34987/z                 (u)     in_1->z F     unmapped_nand2         1   4.0     0   122    3095    (-,-) 
  csm_inst_g34640/z                 (u)     in_0->z R     unmapped_complex2      1   4.0     0   122    3217    (-,-) 
  csm_inst_g34264/z                 (u)     in_0->z F     unmapped_nand2         1   4.0     0   122    3339    (-,-) 
  csm_inst_g34092/z                 (u)     in_1->z F     unmapped_or2           1   4.0     0   122    3461    (-,-) 
  csm_inst_g34013/z                 (u)     in_1->z F     unmapped_or2           1   4.0     0   122    3583    (-,-) 
  csm_inst_g33960/z                 (u)     in_1->z F     unmapped_or2           2   8.0     0   166    3749    (-,-) 
  csm_inst_g33888/z                 (u)     in_1->z F     unmapped_or2           1   4.0     0   122    3872    (-,-) 
  csm_inst_g33889/z                 (u)     in_1->z R     unmapped_nand2         1   4.0     0   122    3994    (-,-) 
  csm_inst_g33812/z                 (u)     in_0->z F     unmapped_complex2      1   4.0     0   122    4116    (-,-) 
  csm_inst_g33789/z                 (u)     in_0->z R     unmapped_complex2      1   4.0     0   122    4238    (-,-) 
  csm_inst_right_reg_reg[17]/d      -       -       R     unmapped_d_flop        1     -     -     0    4238    (-,-) 
#---------------------------------------------------------------------------------------------------------------------

(u) : Net has unmapped pin(s).



Path 3: VIOLATED (-300 ps) Setup Check with Pin csm_inst_right_reg_reg[21]/clk->d
          Group: C2C
     Startpoint: (R) csm_inst_round_counter_reg[0]/clk
          Clock: (R) clk
       Endpoint: (R) csm_inst_right_reg_reg[21]/d
          Clock: (R) clk

                     Capture       Launch     
        Clock Edge:+    6000            0     
       Src Latency:+       0            0     
       Net Latency:+       0 (I)        0 (I) 
           Arrival:=    6000            0     
                                              
             Setup:-      75                  
       Uncertainty:-    2000                  
     Required Time:=    3925                  
      Launch Clock:-       0                  
         Data Path:-    4225                  
             Slack:=    -300                  

#---------------------------------------------------------------------------------------------------------------------
#           Timing Point            Flags    Arc    Edge       Cell         Fanout  Load Trans Delay Arrival Instance 
#                                                                                   (fF)  (ps)  (ps)   (ps)  Location 
#---------------------------------------------------------------------------------------------------------------------
  csm_inst_round_counter_reg[0]/clk -       -       R     (arrival)            536     -  2000     0       0    (-,-) 
  csm_inst_round_counter_reg[0]/q   (u)     clk->q  R     unmapped_d_flop      163 652.0     0   594     594    (-,-) 
  csm_inst_g37416/z                 (u)     in_0->z R     unmapped_or2          11  44.0     0   262     856    (-,-) 
  csm_inst_g37088/z                 (u)     in_1->z R     unmapped_or2          35 140.0     0   323    1178    (-,-) 
  csm_inst_g36498/z                 (u)     in_0->z R     unmapped_complex2      2   8.0     0   166    1344    (-,-) 
  csm_inst_g36272/z                 (u)     in_1->z F     unmapped_nand2         1   4.0     0   122    1466    (-,-) 
  csm_inst_g35895/z                 (u)     in_1->z F     unmapped_or2           1   4.0     0   122    1589    (-,-) 
  csm_inst_g35593/z                 (u)     in_0->z F     unmapped_complex2      1   4.0     0   122    1711    (-,-) 
  csm_inst_g35469/z                 (u)     in_0->z F     unmapped_complex2      1   4.0     0   122    1833    (-,-) 
  csm_inst_g35378/z                 (u)     in_1->z R     unmapped_nand2         1   4.0     0   122    1955    (-,-) 
  csm_inst_g35330/z                 (u)     in_0->z F     unmapped_complex2      2   8.0     0   166    2121    (-,-) 
  csm_inst_g35242/z                 (u)     in_1->z R     unmapped_complex2      1   4.0     0   122    2244    (-,-) 
  csm_inst_g35243/z                 (u)     in_1->z F     unmapped_nand2        10  40.0     0   257    2500    (-,-) 
  csm_inst_g34953/z                 (u)     in_1->z F     unmapped_complex2      4  16.0     0   211    2712    (-,-) 
  csm_inst_g34954/z                 (u)     in_1->z R     unmapped_nand2         8  32.0     0   248    2959    (-,-) 
  csm_inst_g34498/z                 (u)     in_1->z R     unmapped_or2           1   4.0     0   122    3081    (-,-) 
  csm_inst_g34389/z                 (u)     in_1->z F     unmapped_nand2         1   4.0     0   122    3204    (-,-) 
  csm_inst_g34150/z                 (u)     in_0->z R     unmapped_complex2      1   4.0     0   122    3326    (-,-) 
  csm_inst_g34033/z                 (u)     in_0->z F     unmapped_complex2      1   4.0     0   122    3448    (-,-) 
  csm_inst_g33989/z                 (u)     in_1->z F     unmapped_or2           1   4.0     0   122    3570    (-,-) 
  csm_inst_g33939/z                 (u)     in_0->z F     unmapped_or2           2   8.0     0   166    3736    (-,-) 
  csm_inst_g33863/z                 (u)     in_1->z F     unmapped_or2           1   4.0     0   122    3858    (-,-) 
  csm_inst_g33864/z                 (u)     in_1->z R     unmapped_nand2         1   4.0     0   122    3980    (-,-) 
  csm_inst_g33809/z                 (u)     in_0->z F     unmapped_complex2      1   4.0     0   122    4103    (-,-) 
  csm_inst_g33792/z                 (u)     in_0->z R     unmapped_complex2      1   4.0     0   122    4225    (-,-) 
  csm_inst_right_reg_reg[21]/d      -       -       R     unmapped_d_flop        1     -     -     0    4225    (-,-) 
#---------------------------------------------------------------------------------------------------------------------

(u) : Net has unmapped pin(s).



Path 4: VIOLATED (-234 ps) Setup Check with Pin csm_inst_right_reg_reg[10]/clk->d
          Group: C2C
     Startpoint: (R) csm_inst_round_counter_reg[0]/clk
          Clock: (R) clk
       Endpoint: (R) csm_inst_right_reg_reg[10]/d
          Clock: (R) clk

                     Capture       Launch     
        Clock Edge:+    6000            0     
       Src Latency:+       0            0     
       Net Latency:+       0 (I)        0 (I) 
           Arrival:=    6000            0     
                                              
             Setup:-      75                  
       Uncertainty:-    2000                  
     Required Time:=    3925                  
      Launch Clock:-       0                  
         Data Path:-    4158                  
             Slack:=    -234                  

#---------------------------------------------------------------------------------------------------------------------
#           Timing Point            Flags    Arc    Edge       Cell         Fanout  Load Trans Delay Arrival Instance 
#                                                                                   (fF)  (ps)  (ps)   (ps)  Location 
#---------------------------------------------------------------------------------------------------------------------
  csm_inst_round_counter_reg[0]/clk -       -       R     (arrival)            536     -  2000     0       0    (-,-) 
  csm_inst_round_counter_reg[0]/q   (u)     clk->q  R     unmapped_d_flop      163 652.0     0   594     594    (-,-) 
  csm_inst_g37412/z                 (u)     in_0->z R     unmapped_complex2     11  44.0     0   262     856    (-,-) 
  csm_inst_g37112/z                 (u)     in_1->z R     unmapped_complex2     45 180.0     0   336    1192    (-,-) 
  csm_inst_g36345/z                 (u)     in_0->z R     unmapped_complex2      1   4.0     0   122    1314    (-,-) 
  csm_inst_g36339/z                 (u)     in_1->z F     unmapped_nand2         1   4.0     0   122    1436    (-,-) 
  csm_inst_g35569/z                 (u)     in_1->z F     unmapped_complex2      1   4.0     0   122    1558    (-,-) 
  csm_inst_g35417/z                 (u)     in_1->z F     unmapped_or2           1   4.0     0   122    1681    (-,-) 
  csm_inst_g35402/z                 (u)     in_0->z F     unmapped_complex2      1   4.0     0   122    1803    (-,-) 
  csm_inst_g35316/z                 (u)     in_1->z R     unmapped_nand2         1   4.0     0   122    1925    (-,-) 
  csm_inst_g35294/z                 (u)     in_0->z F     unmapped_complex2      2   8.0     0   166    2091    (-,-) 
  csm_inst_g35152/z                 (u)     in_1->z R     unmapped_complex2      1   4.0     0   122    2213    (-,-) 
  csm_inst_g35153/z                 (u)     in_1->z F     unmapped_nand2        12  48.0     0   266    2479    (-,-) 
  csm_inst_g34943/z                 (u)     in_0->z F     unmapped_complex2      5  20.0     0   224    2703    (-,-) 
  csm_inst_g34698/z                 (u)     in_1->z F     unmapped_or2           3  12.0     0   189    2893    (-,-) 
  csm_inst_g34386/z                 (u)     in_0->z F     unmapped_complex2      1   4.0     0   122    3015    (-,-) 
  csm_inst_g34155/z                 (u)     in_1->z R     unmapped_nand2         1   4.0     0   122    3137    (-,-) 
  csm_inst_g34085/z                 (u)     in_0->z R     unmapped_or2           1   4.0     0   122    3259    (-,-) 
  csm_inst_g34022/z                 (u)     in_0->z R     unmapped_or2           1   4.0     0   122    3381    (-,-) 
  csm_inst_g33970/z                 (u)     in_0->z R     unmapped_complex2      1   4.0     0   122    3504    (-,-) 
  csm_inst_g33875/z                 (u)     in_1->z R     unmapped_or2           2   8.0     0   166    3670    (-,-) 
  csm_inst_g33821/z                 (u)     in_1->z F     unmapped_complex2      1   4.0     0   122    3792    (-,-) 
  csm_inst_g33822/z                 (u)     in_1->z R     unmapped_nand2         1   4.0     0   122    3914    (-,-) 
  csm_inst_g33788/z                 (u)     in_0->z F     unmapped_complex2      1   4.0     0   122    4036    (-,-) 
  csm_inst_g33781/z                 (u)     in_0->z R     unmapped_complex2      1   4.0     0   122    4158    (-,-) 
  csm_inst_right_reg_reg[10]/d      -       -       R     unmapped_d_flop        1     -     -     0    4158    (-,-) 
#---------------------------------------------------------------------------------------------------------------------

(u) : Net has unmapped pin(s).



Path 5: VIOLATED (-233 ps) Setup Check with Pin csm_inst_right_reg_reg[18]/clk->d
          Group: C2C
     Startpoint: (R) csm_inst_round_counter_reg[0]/clk
          Clock: (R) clk
       Endpoint: (R) csm_inst_right_reg_reg[18]/d
          Clock: (R) clk

                     Capture       Launch     
        Clock Edge:+    6000            0     
       Src Latency:+       0            0     
       Net Latency:+       0 (I)        0 (I) 
           Arrival:=    6000            0     
                                              
             Setup:-      75                  
       Uncertainty:-    2000                  
     Required Time:=    3925                  
      Launch Clock:-       0                  
         Data Path:-    4158                  
             Slack:=    -233                  

#---------------------------------------------------------------------------------------------------------------------
#           Timing Point            Flags    Arc    Edge       Cell         Fanout  Load Trans Delay Arrival Instance 
#                                                                                   (fF)  (ps)  (ps)   (ps)  Location 
#---------------------------------------------------------------------------------------------------------------------
  csm_inst_round_counter_reg[0]/clk -       -       R     (arrival)            536     -  2000     0       0    (-,-) 
  csm_inst_round_counter_reg[0]/q   (u)     clk->q  F     unmapped_d_flop      163 652.0     0   594     594    (-,-) 
  csm_inst_g37416/z                 (u)     in_0->z F     unmapped_or2          11  44.0     0   262     856    (-,-) 
  csm_inst_g37088/z                 (u)     in_1->z F     unmapped_or2          35 140.0     0   323    1178    (-,-) 
  csm_inst_g36688/z                 (u)     in_1->z F     unmapped_complex2      2   8.0     0   166    1344    (-,-) 
  csm_inst_g36202/z                 (u)     in_1->z R     unmapped_nand2         1   4.0     0   122    1466    (-,-) 
  csm_inst_g35664/z                 (u)     in_0->z R     unmapped_or2           1   4.0     0   122    1589    (-,-) 
  csm_inst_g35515/z                 (u)     in_0->z R     unmapped_or2           1   4.0     0   122    1711    (-,-) 
  csm_inst_g35483/z                 (u)     in_0->z R     unmapped_complex2      1   4.0     0   122    1833    (-,-) 
  csm_inst_g35371/z                 (u)     in_1->z F     unmapped_nand2         1   4.0     0   122    1955    (-,-) 
  csm_inst_g35336/z                 (u)     in_0->z R     unmapped_complex2      2   8.0     0   166    2121    (-,-) 
  csm_inst_g35190/z                 (u)     in_1->z F     unmapped_complex2      1   4.0     0   122    2244    (-,-) 
  csm_inst_g35191/z                 (u)     in_1->z R     unmapped_nand2        20  80.0     0   293    2537    (-,-) 
  csm_inst_g35096/z                 (u)     in_1->z F     unmapped_nand2         2   8.0     0   166    2703    (-,-) 
  csm_inst_g35098/z                 (u)     in_0->z R     unmapped_nand2         3  12.0     0   189    2892    (-,-) 
  csm_inst_g34967/z                 (u)     in_1->z F     unmapped_nand2         1   4.0     0   122    3014    (-,-) 
  csm_inst_g34511/z                 (u)     in_0->z F     unmapped_or2           1   4.0     0   122    3137    (-,-) 
  csm_inst_g34160/z                 (u)     in_0->z R     unmapped_nand2         1   4.0     0   122    3259    (-,-) 
  csm_inst_g34062/z                 (u)     in_0->z R     unmapped_complex2      1   4.0     0   122    3381    (-,-) 
  csm_inst_g33997/z                 (u)     in_1->z R     unmapped_or2           1   4.0     0   122    3503    (-,-) 
  csm_inst_g33927/z                 (u)     in_1->z R     unmapped_or2           2   8.0     0   166    3669    (-,-) 
  csm_inst_g33882/z                 (u)     in_1->z F     unmapped_complex2      1   4.0     0   122    3792    (-,-) 
  csm_inst_g33883/z                 (u)     in_1->z R     unmapped_nand2         1   4.0     0   122    3914    (-,-) 
  csm_inst_g33810/z                 (u)     in_0->z F     unmapped_complex2      1   4.0     0   122    4036    (-,-) 
  csm_inst_g33791/z                 (u)     in_0->z R     unmapped_complex2      1   4.0     0   122    4158    (-,-) 
  csm_inst_right_reg_reg[18]/d      -       -       R     unmapped_d_flop        1     -     -     0    4158    (-,-) 
#---------------------------------------------------------------------------------------------------------------------

(u) : Net has unmapped pin(s).



Path 6: VIOLATED (-232 ps) Setup Check with Pin csm_inst_right_reg_reg[30]/clk->d
          Group: C2C
     Startpoint: (R) csm_inst_round_counter_reg[0]/clk
          Clock: (R) clk
       Endpoint: (R) csm_inst_right_reg_reg[30]/d
          Clock: (R) clk

                     Capture       Launch     
        Clock Edge:+    6000            0     
       Src Latency:+       0            0     
       Net Latency:+       0 (I)        0 (I) 
           Arrival:=    6000            0     
                                              
             Setup:-      75                  
       Uncertainty:-    2000                  
     Required Time:=    3925                  
      Launch Clock:-       0                  
         Data Path:-    4157                  
             Slack:=    -232                  

#---------------------------------------------------------------------------------------------------------------------
#           Timing Point            Flags    Arc    Edge       Cell         Fanout  Load Trans Delay Arrival Instance 
#                                                                                   (fF)  (ps)  (ps)   (ps)  Location 
#---------------------------------------------------------------------------------------------------------------------
  csm_inst_round_counter_reg[0]/clk -       -       R     (arrival)            536     -  2000     0       0    (-,-) 
  csm_inst_round_counter_reg[0]/q   (u)     clk->q  F     unmapped_d_flop      163 652.0     0   594     594    (-,-) 
  csm_inst_g37424/z                 (u)     in_0->z R     unmapped_nand2         9  36.0     0   252     846    (-,-) 
  csm_inst_g37217/z                 (u)     in_1->z R     unmapped_complex2     38 152.0     0   327    1173    (-,-) 
  csm_inst_g36984/z                 (u)     in_1->z R     unmapped_complex2      2   8.0     0   166    1339    (-,-) 
  csm_inst_g35995/z                 (u)     in_0->z F     unmapped_nand2         1   4.0     0   122    1461    (-,-) 
  csm_inst_g35850/z                 (u)     in_1->z F     unmapped_or2           1   4.0     0   122    1583    (-,-) 
  csm_inst_g35525/z                 (u)     in_0->z F     unmapped_complex2      1   4.0     0   122    1706    (-,-) 
  csm_inst_g35471/z                 (u)     in_0->z F     unmapped_complex2      1   4.0     0   122    1828    (-,-) 
  csm_inst_g35376/z                 (u)     in_1->z R     unmapped_nand2         1   4.0     0   122    1950    (-,-) 
  csm_inst_g35355/z                 (u)     in_0->z F     unmapped_complex2      2   8.0     0   166    2116    (-,-) 
  csm_inst_g35230/z                 (u)     in_1->z R     unmapped_complex2      1   4.0     0   122    2238    (-,-) 
  csm_inst_g35231/z                 (u)     in_1->z F     unmapped_nand2        14  56.0     0   276    2514    (-,-) 
  csm_inst_g35160/z                 (u)     in_0->z R     unmapped_complex2      2   8.0     0   166    2680    (-,-) 
  csm_inst_g35065/z                 (u)     in_1->z F     unmapped_nand2         4  16.0     0   211    2891    (-,-) 
  csm_inst_g34894/z                 (u)     in_0->z F     unmapped_complex2      1   4.0     0   122    3013    (-,-) 
  csm_inst_g34607/z                 (u)     in_1->z R     unmapped_nand2         1   4.0     0   122    3135    (-,-) 
  csm_inst_g34262/z                 (u)     in_0->z F     unmapped_complex2      1   4.0     0   122    3258    (-,-) 
  csm_inst_g34226/z                 (u)     in_1->z R     unmapped_complex2      1   4.0     0   122    3380    (-,-) 
  csm_inst_g28687/z                 (u)     in_1->z R     unmapped_or2           1   4.0     0   122    3502    (-,-) 
  csm_inst_g28688/z                 (u)     in_0->z R     unmapped_or2           2   8.0     0   166    3668    (-,-) 
  csm_inst_g33947/z                 (u)     in_1->z F     unmapped_complex2      1   4.0     0   122    3790    (-,-) 
  csm_inst_g33948/z                 (u)     in_1->z R     unmapped_nand2         1   4.0     0   122    3912    (-,-) 
  csm_inst_g33853/z                 (u)     in_0->z F     unmapped_complex2      1   4.0     0   122    4034    (-,-) 
  csm_inst_g33817/z                 (u)     in_0->z R     unmapped_complex2      1   4.0     0   122    4157    (-,-) 
  csm_inst_right_reg_reg[30]/d      -       -       R     unmapped_d_flop        1     -     -     0    4157    (-,-) 
#---------------------------------------------------------------------------------------------------------------------

(u) : Net has unmapped pin(s).



Path 7: VIOLATED (-214 ps) Setup Check with Pin csm_inst_right_reg_reg[8]/clk->d
          Group: C2C
     Startpoint: (R) csm_inst_round_counter_reg[0]/clk
          Clock: (R) clk
       Endpoint: (R) csm_inst_right_reg_reg[8]/d
          Clock: (R) clk

                     Capture       Launch     
        Clock Edge:+    6000            0     
       Src Latency:+       0            0     
       Net Latency:+       0 (I)        0 (I) 
           Arrival:=    6000            0     
                                              
             Setup:-      75                  
       Uncertainty:-    2000                  
     Required Time:=    3925                  
      Launch Clock:-       0                  
         Data Path:-    4139                  
             Slack:=    -214                  

#---------------------------------------------------------------------------------------------------------------------
#           Timing Point            Flags    Arc    Edge       Cell         Fanout  Load Trans Delay Arrival Instance 
#                                                                                   (fF)  (ps)  (ps)   (ps)  Location 
#---------------------------------------------------------------------------------------------------------------------
  csm_inst_round_counter_reg[0]/clk -       -       R     (arrival)            536     -  2000     0       0    (-,-) 
  csm_inst_round_counter_reg[0]/q   (u)     clk->q  R     unmapped_d_flop      163 652.0     0   594     594    (-,-) 
  csm_inst_g37403/z                 (u)     in_0->z F     unmapped_complex2     12  48.0     0   266     860    (-,-) 
  csm_inst_g37145/z                 (u)     in_1->z F     unmapped_or2          46 184.0     0   338    1198    (-,-) 
  csm_inst_g36886/z                 (u)     in_0->z F     unmapped_complex2      1   4.0     0   122    1320    (-,-) 
  csm_inst_g36104/z                 (u)     in_1->z R     unmapped_nand2         1   4.0     0   122    1442    (-,-) 
  csm_inst_g35835/z                 (u)     in_0->z R     unmapped_or2           1   4.0     0   122    1564    (-,-) 
  csm_inst_g35588/z                 (u)     in_0->z R     unmapped_complex2      1   4.0     0   122    1687    (-,-) 
  csm_inst_g35458/z                 (u)     in_0->z R     unmapped_complex2      1   4.0     0   122    1809    (-,-) 
  csm_inst_g35381/z                 (u)     in_1->z F     unmapped_nand2         1   4.0     0   122    1931    (-,-) 
  csm_inst_g35332/z                 (u)     in_0->z R     unmapped_complex2      2   8.0     0   166    2097    (-,-) 
  csm_inst_g35221/z                 (u)     in_1->z F     unmapped_complex2      1   4.0     0   122    2219    (-,-) 
  csm_inst_g35222/z                 (u)     in_1->z R     unmapped_nand2        19  76.0     0   291    2510    (-,-) 
  csm_inst_g35067/z                 (u)     in_0->z R     unmapped_or2           1   4.0     0   122    2633    (-,-) 
  csm_inst_g35068/z                 (u)     in_1->z F     unmapped_nand2         7  28.0     0   240    2873    (-,-) 
  csm_inst_g34797/z                 (u)     in_1->z R     unmapped_complex2      1   4.0     0   122    2995    (-,-) 
  csm_inst_g34585/z                 (u)     in_1->z F     unmapped_nand2         1   4.0     0   122    3117    (-,-) 
  csm_inst_g34279/z                 (u)     in_1->z F     unmapped_complex2      1   4.0     0   122    3240    (-,-) 
  csm_inst_g34216/z                 (u)     in_0->z R     unmapped_complex2      1   4.0     0   122    3362    (-,-) 
  csm_inst_g34048/z                 (u)     in_1->z F     unmapped_complex2      1   4.0     0   122    3484    (-,-) 
  csm_inst_g28543/z                 (u)     in_0->z F     unmapped_or2           2   8.0     0   166    3650    (-,-) 
  csm_inst_g33924/z                 (u)     in_1->z F     unmapped_or2           1   4.0     0   122    3772    (-,-) 
  csm_inst_g33925/z                 (u)     in_1->z R     unmapped_nand2         1   4.0     0   122    3894    (-,-) 
  csm_inst_g33884/z                 (u)     in_0->z F     unmapped_complex2      1   4.0     0   122    4017    (-,-) 
  csm_inst_g33838/z                 (u)     in_0->z R     unmapped_complex2      1   4.0     0   122    4139    (-,-) 
  csm_inst_right_reg_reg[8]/d       -       -       R     unmapped_d_flop        1     -     -     0    4139    (-,-) 
#---------------------------------------------------------------------------------------------------------------------

(u) : Net has unmapped pin(s).



Path 8: VIOLATED (-209 ps) Setup Check with Pin csm_inst_right_reg_reg[23]/clk->d
          Group: C2C
     Startpoint: (R) csm_inst_round_counter_reg[0]/clk
          Clock: (R) clk
       Endpoint: (R) csm_inst_right_reg_reg[23]/d
          Clock: (R) clk

                     Capture       Launch     
        Clock Edge:+    6000            0     
       Src Latency:+       0            0     
       Net Latency:+       0 (I)        0 (I) 
           Arrival:=    6000            0     
                                              
             Setup:-      75                  
       Uncertainty:-    2000                  
     Required Time:=    3925                  
      Launch Clock:-       0                  
         Data Path:-    4134                  
             Slack:=    -209                  

#--------------------------------------------------------------------------------------------------------------------------
#             Timing Point               Flags    Arc    Edge       Cell         Fanout  Load Trans Delay Arrival Instance 
#                                                                                        (fF)  (ps)  (ps)   (ps)  Location 
#--------------------------------------------------------------------------------------------------------------------------
  csm_inst_round_counter_reg[0]/clk      -       -       R     (arrival)            536     -  2000     0       0    (-,-) 
  csm_inst_round_counter_reg[0]/q        (u)     clk->q  F     unmapped_d_flop      163 652.0     0   594     594    (-,-) 
  csm_inst_g37416/z                      (u)     in_0->z F     unmapped_or2          11  44.0     0   262     856    (-,-) 
  csm_inst_g37088/z                      (u)     in_1->z F     unmapped_or2          35 140.0     0   323    1178    (-,-) 
  csm_inst_g36732/z                      (u)     in_0->z F     unmapped_complex2      2   8.0     0   166    1344    (-,-) 
  csm_inst_g35959/z                      (u)     in_1->z R     unmapped_nand2         1   4.0     0   122    1466    (-,-) 
  csm_inst_g35839/z                      (u)     in_0->z R     unmapped_or2           1   4.0     0   122    1589    (-,-) 
  csm_inst_g35517/z                      (u)     in_0->z R     unmapped_or2           1   4.0     0   122    1711    (-,-) 
  csm_inst_g35482/z                      (u)     in_0->z R     unmapped_complex2      1   4.0     0   122    1833    (-,-) 
  csm_inst_g35370/z                      (u)     in_1->z F     unmapped_complex2      1   4.0     0   122    1955    (-,-) 
  csm_inst_g35322/z                      (u)     in_0->z R     unmapped_complex2      2   8.0     0   166    2121    (-,-) 
  csm_inst_g35196/z                      (u)     in_1->z F     unmapped_complex2      1   4.0     0   122    2244    (-,-) 
  csm_inst_g35197/z                      (u)     in_1->z R     unmapped_nand2        14  56.0     0   276    2519    (-,-) 
  csm_inst_f_inst_sbox_inst_sbox1_g105/z (u)     in_0->z R     unmapped_or2           8  32.0     0   248    2767    (-,-) 
  csm_inst_g34918/z                      (u)     in_0->z R     unmapped_complex2      5  20.0     0   224    2990    (-,-) 
  csm_inst_g34465/z                      (u)     in_1->z R     unmapped_or2           1   4.0     0   122    3113    (-,-) 
  csm_inst_g34419/z                      (u)     in_0->z F     unmapped_nand2         1   4.0     0   122    3235    (-,-) 
  csm_inst_g34138/z                      (u)     in_1->z F     unmapped_or2           1   4.0     0   122    3357    (-,-) 
  csm_inst_g34035/z                      (u)     in_0->z F     unmapped_or2           1   4.0     0   122    3479    (-,-) 
  csm_inst_g33990/z                      (u)     in_0->z F     unmapped_or2           2   8.0     0   166    3645    (-,-) 
  csm_inst_g33933/z                      (u)     in_1->z F     unmapped_or2           1   4.0     0   122    3767    (-,-) 
  csm_inst_g33934/z                      (u)     in_1->z R     unmapped_nand2         1   4.0     0   122    3890    (-,-) 
  csm_inst_g33885/z                      (u)     in_0->z F     unmapped_complex2      1   4.0     0   122    4012    (-,-) 
  csm_inst_g33819/z                      (u)     in_0->z R     unmapped_complex2      1   4.0     0   122    4134    (-,-) 
  csm_inst_right_reg_reg[23]/d           -       -       R     unmapped_d_flop        1     -     -     0    4134    (-,-) 
#--------------------------------------------------------------------------------------------------------------------------

(u) : Net has unmapped pin(s).



Path 9: VIOLATED (-209 ps) Setup Check with Pin csm_inst_right_reg_reg[9]/clk->d
          Group: C2C
     Startpoint: (R) csm_inst_round_counter_reg[0]/clk
          Clock: (R) clk
       Endpoint: (R) csm_inst_right_reg_reg[9]/d
          Clock: (R) clk

                     Capture       Launch     
        Clock Edge:+    6000            0     
       Src Latency:+       0            0     
       Net Latency:+       0 (I)        0 (I) 
           Arrival:=    6000            0     
                                              
             Setup:-      75                  
       Uncertainty:-    2000                  
     Required Time:=    3925                  
      Launch Clock:-       0                  
         Data Path:-    4134                  
             Slack:=    -209                  

#--------------------------------------------------------------------------------------------------------------------------
#             Timing Point               Flags    Arc    Edge       Cell         Fanout  Load Trans Delay Arrival Instance 
#                                                                                        (fF)  (ps)  (ps)   (ps)  Location 
#--------------------------------------------------------------------------------------------------------------------------
  csm_inst_round_counter_reg[0]/clk      -       -       R     (arrival)            536     -  2000     0       0    (-,-) 
  csm_inst_round_counter_reg[0]/q        (u)     clk->q  R     unmapped_d_flop      163 652.0     0   594     594    (-,-) 
  csm_inst_g37416/z                      (u)     in_0->z R     unmapped_or2          11  44.0     0   262     856    (-,-) 
  csm_inst_g37088/z                      (u)     in_1->z R     unmapped_or2          35 140.0     0   323    1178    (-,-) 
  csm_inst_g36732/z                      (u)     in_0->z R     unmapped_complex2      2   8.0     0   166    1344    (-,-) 
  csm_inst_g35959/z                      (u)     in_1->z F     unmapped_nand2         1   4.0     0   122    1466    (-,-) 
  csm_inst_g35839/z                      (u)     in_0->z F     unmapped_or2           1   4.0     0   122    1589    (-,-) 
  csm_inst_g35517/z                      (u)     in_0->z F     unmapped_or2           1   4.0     0   122    1711    (-,-) 
  csm_inst_g35482/z                      (u)     in_0->z F     unmapped_complex2      1   4.0     0   122    1833    (-,-) 
  csm_inst_g35370/z                      (u)     in_1->z R     unmapped_complex2      1   4.0     0   122    1955    (-,-) 
  csm_inst_g35322/z                      (u)     in_0->z F     unmapped_complex2      2   8.0     0   166    2121    (-,-) 
  csm_inst_g35196/z                      (u)     in_1->z R     unmapped_complex2      1   4.0     0   122    2244    (-,-) 
  csm_inst_g35197/z                      (u)     in_1->z F     unmapped_nand2        14  56.0     0   276    2519    (-,-) 
  csm_inst_f_inst_sbox_inst_sbox1_g105/z (u)     in_0->z F     unmapped_or2           8  32.0     0   248    2767    (-,-) 
  csm_inst_g34918/z                      (u)     in_0->z F     unmapped_complex2      5  20.0     0   224    2990    (-,-) 
  csm_inst_g34617/z                      (u)     in_1->z F     unmapped_or2           1   4.0     0   122    3113    (-,-) 
  csm_inst_g34248/z                      (u)     in_1->z R     unmapped_nand2         1   4.0     0   122    3235    (-,-) 
  csm_inst_g34234/z                      (u)     in_1->z R     unmapped_or2           1   4.0     0   122    3357    (-,-) 
  csm_inst_g34044/z                      (u)     in_1->z R     unmapped_or2           1   4.0     0   122    3479    (-,-) 
  csm_inst_g34010/z                      (u)     in_1->z R     unmapped_or2           2   8.0     0   166    3645    (-,-) 
  csm_inst_g33951/z                      (u)     in_1->z F     unmapped_complex2      1   4.0     0   122    3767    (-,-) 
  csm_inst_g33952/z                      (u)     in_1->z R     unmapped_nand2         1   4.0     0   122    3890    (-,-) 
  csm_inst_g33865/z                      (u)     in_0->z F     unmapped_complex2      1   4.0     0   122    4012    (-,-) 
  csm_inst_g33825/z                      (u)     in_0->z R     unmapped_complex2      1   4.0     0   122    4134    (-,-) 
  csm_inst_right_reg_reg[9]/d            -       -       R     unmapped_d_flop        1     -     -     0    4134    (-,-) 
#--------------------------------------------------------------------------------------------------------------------------

(u) : Net has unmapped pin(s).



Path 10: VIOLATED (-205 ps) Setup Check with Pin csm_inst_right_reg_reg[14]/clk->d
          Group: C2C
     Startpoint: (R) csm_inst_round_counter_reg[0]/clk
          Clock: (R) clk
       Endpoint: (R) csm_inst_right_reg_reg[14]/d
          Clock: (R) clk

                     Capture       Launch     
        Clock Edge:+    6000            0     
       Src Latency:+       0            0     
       Net Latency:+       0 (I)        0 (I) 
           Arrival:=    6000            0     
                                              
             Setup:-      75                  
       Uncertainty:-    2000                  
     Required Time:=    3925                  
      Launch Clock:-       0                  
         Data Path:-    4130                  
             Slack:=    -205                  

#---------------------------------------------------------------------------------------------------------------------
#           Timing Point            Flags    Arc    Edge       Cell         Fanout  Load Trans Delay Arrival Instance 
#                                                                                   (fF)  (ps)  (ps)   (ps)  Location 
#---------------------------------------------------------------------------------------------------------------------
  csm_inst_round_counter_reg[0]/clk -       -       R     (arrival)            536     -  2000     0       0    (-,-) 
  csm_inst_round_counter_reg[0]/q   (u)     clk->q  F     unmapped_d_flop      163 652.0     0   594     594    (-,-) 
  csm_inst_g37403/z                 (u)     in_0->z R     unmapped_complex2     12  48.0     0   266     860    (-,-) 
  csm_inst_g37145/z                 (u)     in_1->z R     unmapped_or2          46 184.0     0   338    1198    (-,-) 
  csm_inst_g37059/z                 (u)     in_0->z R     unmapped_complex2      1   4.0     0   122    1320    (-,-) 
  csm_inst_g36011/z                 (u)     in_1->z F     unmapped_nand2         1   4.0     0   122    1442    (-,-) 
  csm_inst_g35645/z                 (u)     in_1->z F     unmapped_or2           1   4.0     0   122    1564    (-,-) 
  csm_inst_g35528/z                 (u)     in_0->z F     unmapped_complex2      1   4.0     0   122    1687    (-,-) 
  csm_inst_g35466/z                 (u)     in_0->z F     unmapped_complex2      1   4.0     0   122    1809    (-,-) 
  csm_inst_g35379/z                 (u)     in_1->z R     unmapped_nand2         1   4.0     0   122    1931    (-,-) 
  csm_inst_g35331/z                 (u)     in_0->z F     unmapped_complex2      2   8.0     0   166    2097    (-,-) 
  csm_inst_g35199/z                 (u)     in_1->z R     unmapped_complex2      1   4.0     0   122    2219    (-,-) 
  csm_inst_g35200/z                 (u)     in_1->z F     unmapped_nand2        18  72.0     0   289    2508    (-,-) 
  csm_inst_g35074/z                 (u)     in_0->z F     unmapped_complex2      1   4.0     0   122    2631    (-,-) 
  csm_inst_g35075/z                 (u)     in_1->z R     unmapped_nand2         6  24.0     0   233    2864    (-,-) 
  csm_inst_g34848/z                 (u)     in_0->z R     unmapped_complex2      1   4.0     0   122    2986    (-,-) 
  csm_inst_g34663/z                 (u)     in_1->z F     unmapped_nand2         1   4.0     0   122    3108    (-,-) 
  csm_inst_g34316/z                 (u)     in_0->z R     unmapped_complex2      1   4.0     0   122    3230    (-,-) 
  csm_inst_g34194/z                 (u)     in_0->z F     unmapped_complex2      1   4.0     0   122    3352    (-,-) 
  csm_inst_g28797/z                 (u)     in_0->z F     unmapped_or2           1   4.0     0   122    3475    (-,-) 
  csm_inst_g28798/z                 (u)     in_0->z F     unmapped_or2           2   8.0     0   166    3641    (-,-) 
  csm_inst_g33963/z                 (u)     in_1->z F     unmapped_or2           1   4.0     0   122    3763    (-,-) 
  csm_inst_g33964/z                 (u)     in_1->z R     unmapped_nand2         1   4.0     0   122    3885    (-,-) 
  csm_inst_g33852/z                 (u)     in_0->z F     unmapped_complex2      1   4.0     0   122    4007    (-,-) 
  csm_inst_g33830/z                 (u)     in_0->z R     unmapped_complex2      1   4.0     0   122    4130    (-,-) 
  csm_inst_right_reg_reg[14]/d      -       -       R     unmapped_d_flop        1     -     -     0    4130    (-,-) 
#---------------------------------------------------------------------------------------------------------------------

(u) : Net has unmapped pin(s).



Path 11: VIOLATED (-203 ps) Setup Check with Pin csm_inst_right_reg_reg[25]/clk->d
          Group: C2C
     Startpoint: (R) csm_inst_round_counter_reg[0]/clk
          Clock: (R) clk
       Endpoint: (R) csm_inst_right_reg_reg[25]/d
          Clock: (R) clk

                     Capture       Launch     
        Clock Edge:+    6000            0     
       Src Latency:+       0            0     
       Net Latency:+       0 (I)        0 (I) 
           Arrival:=    6000            0     
                                              
             Setup:-      75                  
       Uncertainty:-    2000                  
     Required Time:=    3925                  
      Launch Clock:-       0                  
         Data Path:-    4128                  
             Slack:=    -203                  

#---------------------------------------------------------------------------------------------------------------------
#           Timing Point            Flags    Arc    Edge       Cell         Fanout  Load Trans Delay Arrival Instance 
#                                                                                   (fF)  (ps)  (ps)   (ps)  Location 
#---------------------------------------------------------------------------------------------------------------------
  csm_inst_round_counter_reg[0]/clk -       -       R     (arrival)            536     -  2000     0       0    (-,-) 
  csm_inst_round_counter_reg[0]/q   (u)     clk->q  F     unmapped_d_flop      163 652.0     0   594     594    (-,-) 
  csm_inst_g37416/z                 (u)     in_0->z F     unmapped_or2          11  44.0     0   262     856    (-,-) 
  csm_inst_g37088/z                 (u)     in_1->z F     unmapped_or2          35 140.0     0   323    1178    (-,-) 
  csm_inst_g36498/z                 (u)     in_0->z F     unmapped_complex2      2   8.0     0   166    1344    (-,-) 
  csm_inst_g35944/z                 (u)     in_1->z R     unmapped_nand2         1   4.0     0   122    1466    (-,-) 
  csm_inst_g35624/z                 (u)     in_1->z R     unmapped_or2           1   4.0     0   122    1589    (-,-) 
  csm_inst_g35576/z                 (u)     in_0->z R     unmapped_complex2      1   4.0     0   122    1711    (-,-) 
  csm_inst_g35427/z                 (u)     in_0->z R     unmapped_complex2      1   4.0     0   122    1833    (-,-) 
  csm_inst_g35397/z                 (u)     in_1->z F     unmapped_complex2      1   4.0     0   122    1955    (-,-) 
  csm_inst_g35353/z                 (u)     in_0->z R     unmapped_complex2      2   8.0     0   166    2121    (-,-) 
  csm_inst_g35263/z                 (u)     in_1->z F     unmapped_complex2      1   4.0     0   122    2244    (-,-) 
  csm_inst_g35264/z                 (u)     in_1->z R     unmapped_nand2        18  72.0     0   289    2533    (-,-) 
  csm_inst_g35046/z                 (u)     in_0->z F     unmapped_complex2      7  28.0     0   240    2773    (-,-) 
  csm_inst_g34858/z                 (u)     in_1->z R     unmapped_nand2         4  16.0     0   211    2984    (-,-) 
  csm_inst_g34691/z                 (u)     in_1->z R     unmapped_or2           1   4.0     0   122    3106    (-,-) 
  csm_inst_g34382/z                 (u)     in_0->z F     unmapped_nand2         1   4.0     0   122    3229    (-,-) 
  csm_inst_g34152/z                 (u)     in_1->z R     unmapped_complex2      1   4.0     0   122    3351    (-,-) 
  csm_inst_g33956/z                 (u)     in_1->z F     unmapped_complex2      1   4.0     0   122    3473    (-,-) 
  csm_inst_g33895/z                 (u)     in_1->z F     unmapped_or2           2   8.0     0   166    3639    (-,-) 
  csm_inst_g33805/z                 (u)     in_1->z F     unmapped_or2           1   4.0     0   122    3761    (-,-) 
  csm_inst_g33806/z                 (u)     in_1->z R     unmapped_nand2         1   4.0     0   122    3883    (-,-) 
  csm_inst_g33783/z                 (u)     in_0->z F     unmapped_complex2      1   4.0     0   122    4006    (-,-) 
  csm_inst_g33782/z                 (u)     in_0->z R     unmapped_complex2      1   4.0     0   122    4128    (-,-) 
  csm_inst_right_reg_reg[25]/d      -       -       R     unmapped_d_flop        1     -     -     0    4128    (-,-) 
#---------------------------------------------------------------------------------------------------------------------

(u) : Net has unmapped pin(s).



Path 12: VIOLATED (-196 ps) Setup Check with Pin csm_inst_right_reg_reg[13]/clk->d
          Group: C2C
     Startpoint: (R) csm_inst_round_counter_reg[0]/clk
          Clock: (R) clk
       Endpoint: (R) csm_inst_right_reg_reg[13]/d
          Clock: (R) clk

                     Capture       Launch     
        Clock Edge:+    6000            0     
       Src Latency:+       0            0     
       Net Latency:+       0 (I)        0 (I) 
           Arrival:=    6000            0     
                                              
             Setup:-      75                  
       Uncertainty:-    2000                  
     Required Time:=    3925                  
      Launch Clock:-       0                  
         Data Path:-    4121                  
             Slack:=    -196                  

#---------------------------------------------------------------------------------------------------------------------
#           Timing Point            Flags    Arc    Edge       Cell         Fanout  Load Trans Delay Arrival Instance 
#                                                                                   (fF)  (ps)  (ps)   (ps)  Location 
#---------------------------------------------------------------------------------------------------------------------
  csm_inst_round_counter_reg[0]/clk -       -       R     (arrival)            536     -  2000     0       0    (-,-) 
  csm_inst_round_counter_reg[0]/q   (u)     clk->q  R     unmapped_d_flop      163 652.0     0   594     594    (-,-) 
  csm_inst_g37403/z                 (u)     in_0->z F     unmapped_complex2     12  48.0     0   266     860    (-,-) 
  csm_inst_g37145/z                 (u)     in_1->z F     unmapped_or2          46 184.0     0   338    1198    (-,-) 
  csm_inst_g36376/z                 (u)     in_0->z F     unmapped_complex2      1   4.0     0   122    1320    (-,-) 
  csm_inst_g36327/z                 (u)     in_1->z R     unmapped_nand2         1   4.0     0   122    1442    (-,-) 
  csm_inst_g35649/z                 (u)     in_1->z R     unmapped_or2           1   4.0     0   122    1564    (-,-) 
  csm_inst_g35592/z                 (u)     in_0->z R     unmapped_complex2      1   4.0     0   122    1687    (-,-) 
  csm_inst_g35464/z                 (u)     in_0->z R     unmapped_complex2      1   4.0     0   122    1809    (-,-) 
  csm_inst_g35387/z                 (u)     in_1->z F     unmapped_nand2         1   4.0     0   122    1931    (-,-) 
  csm_inst_g35319/z                 (u)     in_0->z R     unmapped_complex2      2   8.0     0   166    2097    (-,-) 
  csm_inst_g35257/z                 (u)     in_1->z F     unmapped_complex2      1   4.0     0   122    2219    (-,-) 
  csm_inst_g35258/z                 (u)     in_1->z R     unmapped_nand2        15  60.0     0   280    2500    (-,-) 
  csm_inst_g35048/z                 (u)     in_1->z R     unmapped_or2           2   8.0     0   166    2666    (-,-) 
  csm_inst_g35049/z                 (u)     in_1->z F     unmapped_nand2         3  12.0     0   189    2855    (-,-) 
  csm_inst_g34764/z                 (u)     in_0->z R     unmapped_complex2      1   4.0     0   122    2977    (-,-) 
  csm_inst_g34340/z                 (u)     in_0->z R     unmapped_or2           1   4.0     0   122    3099    (-,-) 
  csm_inst_g34182/z                 (u)     in_0->z F     unmapped_nand2         1   4.0     0   122    3222    (-,-) 
  csm_inst_g28548/z                 (u)     in_1->z F     unmapped_or2           1   4.0     0   122    3344    (-,-) 
  csm_inst_g28550/z                 (u)     in_0->z F     unmapped_or2           1   4.0     0   122    3466    (-,-) 
  csm_inst_g28551/z                 (u)     in_0->z F     unmapped_or2           2   8.0     0   166    3632    (-,-) 
  csm_inst_g33847/z                 (u)     in_1->z F     unmapped_or2           1   4.0     0   122    3754    (-,-) 
  csm_inst_g33848/z                 (u)     in_1->z R     unmapped_nand2         1   4.0     0   122    3876    (-,-) 
  csm_inst_g33811/z                 (u)     in_0->z F     unmapped_complex2      1   4.0     0   122    3998    (-,-) 
  csm_inst_g33797/z                 (u)     in_0->z R     unmapped_complex2      1   4.0     0   122    4121    (-,-) 
  csm_inst_right_reg_reg[13]/d      -       -       R     unmapped_d_flop        1     -     -     0    4121    (-,-) 
#---------------------------------------------------------------------------------------------------------------------

(u) : Net has unmapped pin(s).



Path 13: VIOLATED (-196 ps) Setup Check with Pin csm_inst_right_reg_reg[6]/clk->d
          Group: C2C
     Startpoint: (R) csm_inst_round_counter_reg[0]/clk
          Clock: (R) clk
       Endpoint: (R) csm_inst_right_reg_reg[6]/d
          Clock: (R) clk

                     Capture       Launch     
        Clock Edge:+    6000            0     
       Src Latency:+       0            0     
       Net Latency:+       0 (I)        0 (I) 
           Arrival:=    6000            0     
                                              
             Setup:-      75                  
       Uncertainty:-    2000                  
     Required Time:=    3925                  
      Launch Clock:-       0                  
         Data Path:-    4120                  
             Slack:=    -196                  

#---------------------------------------------------------------------------------------------------------------------
#           Timing Point            Flags    Arc    Edge       Cell         Fanout  Load Trans Delay Arrival Instance 
#                                                                                   (fF)  (ps)  (ps)   (ps)  Location 
#---------------------------------------------------------------------------------------------------------------------
  csm_inst_round_counter_reg[0]/clk -       -       R     (arrival)            536     -  2000     0       0    (-,-) 
  csm_inst_round_counter_reg[0]/q   (u)     clk->q  R     unmapped_d_flop      163 652.0     0   594     594    (-,-) 
  csm_inst_g37424/z                 (u)     in_0->z F     unmapped_nand2         9  36.0     0   252     846    (-,-) 
  csm_inst_g37217/z                 (u)     in_1->z F     unmapped_complex2     38 152.0     0   327    1173    (-,-) 
  csm_inst_g36568/z                 (u)     in_0->z F     unmapped_complex2      2   8.0     0   166    1339    (-,-) 
  csm_inst_g36141/z                 (u)     in_1->z R     unmapped_nand2         1   4.0     0   122    1461    (-,-) 
  csm_inst_g35890/z                 (u)     in_1->z R     unmapped_or2           1   4.0     0   122    1583    (-,-) 
  csm_inst_g35540/z                 (u)     in_0->z R     unmapped_complex2      1   4.0     0   122    1706    (-,-) 
  csm_inst_g35445/z                 (u)     in_0->z R     unmapped_complex2      1   4.0     0   122    1828    (-,-) 
  csm_inst_g35392/z                 (u)     in_1->z F     unmapped_nand2         1   4.0     0   122    1950    (-,-) 
  csm_inst_g35350/z                 (u)     in_0->z R     unmapped_complex2      2   8.0     0   166    2116    (-,-) 
  csm_inst_g35202/z                 (u)     in_1->z F     unmapped_complex2      1   4.0     0   122    2238    (-,-) 
  csm_inst_g35203/z                 (u)     in_1->z R     unmapped_nand2        17  68.0     0   287    2525    (-,-) 
  csm_inst_g35042/z                 (u)     in_0->z F     unmapped_complex2      7  28.0     0   240    2766    (-,-) 
  csm_inst_g34890/z                 (u)     in_0->z F     unmapped_complex2      4  16.0     0   211    2977    (-,-) 
  csm_inst_g34714/z                 (u)     in_1->z F     unmapped_or2           1   4.0     0   122    3099    (-,-) 
  csm_inst_g34132/z                 (u)     in_0->z R     unmapped_nand2         1   4.0     0   122    3221    (-,-) 
  csm_inst_g34059/z                 (u)     in_0->z R     unmapped_complex2      1   4.0     0   122    3343    (-,-) 
  csm_inst_g34026/z                 (u)     in_0->z R     unmapped_complex2      1   4.0     0   122    3466    (-,-) 
  csm_inst_g33907/z                 (u)     in_1->z R     unmapped_or2           2   8.0     0   166    3632    (-,-) 
  csm_inst_g33903/z                 (u)     in_1->z F     unmapped_complex2      1   4.0     0   122    3754    (-,-) 
  csm_inst_g33904/z                 (u)     in_1->z R     unmapped_nand2         1   4.0     0   122    3876    (-,-) 
  csm_inst_g33828/z                 (u)     in_0->z F     unmapped_complex2      1   4.0     0   122    3998    (-,-) 
  csm_inst_g33785/z                 (u)     in_0->z R     unmapped_complex2      1   4.0     0   122    4120    (-,-) 
  csm_inst_right_reg_reg[6]/d       -       -       R     unmapped_d_flop        1     -     -     0    4120    (-,-) 
#---------------------------------------------------------------------------------------------------------------------

(u) : Net has unmapped pin(s).



Path 14: VIOLATED (-194 ps) Setup Check with Pin csm_inst_right_reg_reg[24]/clk->d
          Group: C2C
     Startpoint: (R) csm_inst_round_counter_reg[0]/clk
          Clock: (R) clk
       Endpoint: (R) csm_inst_right_reg_reg[24]/d
          Clock: (R) clk

                     Capture       Launch     
        Clock Edge:+    6000            0     
       Src Latency:+       0            0     
       Net Latency:+       0 (I)        0 (I) 
           Arrival:=    6000            0     
                                              
             Setup:-      75                  
       Uncertainty:-    2000                  
     Required Time:=    3925                  
      Launch Clock:-       0                  
         Data Path:-    4119                  
             Slack:=    -194                  

#---------------------------------------------------------------------------------------------------------------------
#           Timing Point            Flags    Arc    Edge       Cell         Fanout  Load Trans Delay Arrival Instance 
#                                                                                   (fF)  (ps)  (ps)   (ps)  Location 
#---------------------------------------------------------------------------------------------------------------------
  csm_inst_round_counter_reg[0]/clk -       -       R     (arrival)            536     -  2000     0       0    (-,-) 
  csm_inst_round_counter_reg[0]/q   (u)     clk->q  R     unmapped_d_flop      163 652.0     0   594     594    (-,-) 
  csm_inst_g37424/z                 (u)     in_0->z F     unmapped_nand2         9  36.0     0   252     846    (-,-) 
  csm_inst_g37217/z                 (u)     in_1->z F     unmapped_complex2     38 152.0     0   327    1173    (-,-) 
  csm_inst_g36625/z                 (u)     in_1->z F     unmapped_complex2      2   8.0     0   166    1339    (-,-) 
  csm_inst_g36222/z                 (u)     in_1->z R     unmapped_nand2         1   4.0     0   122    1461    (-,-) 
  csm_inst_g35870/z                 (u)     in_1->z R     unmapped_or2           1   4.0     0   122    1583    (-,-) 
  csm_inst_g35581/z                 (u)     in_0->z R     unmapped_complex2      1   4.0     0   122    1706    (-,-) 
  csm_inst_g35439/z                 (u)     in_0->z R     unmapped_complex2      1   4.0     0   122    1828    (-,-) 
  csm_inst_g35395/z                 (u)     in_1->z F     unmapped_nand2         1   4.0     0   122    1950    (-,-) 
  csm_inst_g35354/z                 (u)     in_0->z R     unmapped_complex2      2   8.0     0   166    2116    (-,-) 
  csm_inst_g35178/z                 (u)     in_1->z F     unmapped_complex2      1   4.0     0   122    2238    (-,-) 
  csm_inst_g35179/z                 (u)     in_1->z R     unmapped_nand2        15  60.0     0   280    2518    (-,-) 
  csm_inst_g35102/z                 (u)     in_0->z F     unmapped_nand2         6  24.0     0   233    2752    (-,-) 
  csm_inst_g35001/z                 (u)     in_1->z F     unmapped_or2           5  20.0     0   224    2975    (-,-) 
  csm_inst_g34509/z                 (u)     in_1->z F     unmapped_or2           1   4.0     0   122    3098    (-,-) 
  csm_inst_g34361/z                 (u)     in_1->z R     unmapped_nand2         1   4.0     0   122    3220    (-,-) 
  csm_inst_g34172/z                 (u)     in_0->z R     unmapped_or2           1   4.0     0   122    3342    (-,-) 
  csm_inst_g34068/z                 (u)     in_1->z R     unmapped_or2           1   4.0     0   122    3464    (-,-) 
  csm_inst_g34028/z                 (u)     in_1->z R     unmapped_or2           2   8.0     0   166    3630    (-,-) 
  csm_inst_g33944/z                 (u)     in_1->z F     unmapped_complex2      1   4.0     0   122    3752    (-,-) 
  csm_inst_g33945/z                 (u)     in_1->z R     unmapped_nand2         1   4.0     0   122    3874    (-,-) 
  csm_inst_g33842/z                 (u)     in_0->z F     unmapped_complex2      1   4.0     0   122    3997    (-,-) 
  csm_inst_g33840/z                 (u)     in_0->z R     unmapped_complex2      1   4.0     0   122    4119    (-,-) 
  csm_inst_right_reg_reg[24]/d      -       -       R     unmapped_d_flop        1     -     -     0    4119    (-,-) 
#---------------------------------------------------------------------------------------------------------------------

(u) : Net has unmapped pin(s).



Path 15: VIOLATED (-194 ps) Setup Check with Pin csm_inst_right_reg_reg[7]/clk->d
          Group: C2C
     Startpoint: (R) csm_inst_round_counter_reg[0]/clk
          Clock: (R) clk
       Endpoint: (R) csm_inst_right_reg_reg[7]/d
          Clock: (R) clk

                     Capture       Launch     
        Clock Edge:+    6000            0     
       Src Latency:+       0            0     
       Net Latency:+       0 (I)        0 (I) 
           Arrival:=    6000            0     
                                              
             Setup:-      75                  
       Uncertainty:-    2000                  
     Required Time:=    3925                  
      Launch Clock:-       0                  
         Data Path:-    4119                  
             Slack:=    -194                  

#---------------------------------------------------------------------------------------------------------------------
#           Timing Point            Flags    Arc    Edge       Cell         Fanout  Load Trans Delay Arrival Instance 
#                                                                                   (fF)  (ps)  (ps)   (ps)  Location 
#---------------------------------------------------------------------------------------------------------------------
  csm_inst_round_counter_reg[0]/clk -       -       R     (arrival)            536     -  2000     0       0    (-,-) 
  csm_inst_round_counter_reg[0]/q   (u)     clk->q  R     unmapped_d_flop      163 652.0     0   594     594    (-,-) 
  csm_inst_g37424/z                 (u)     in_0->z F     unmapped_nand2         9  36.0     0   252     846    (-,-) 
  csm_inst_g37217/z                 (u)     in_1->z F     unmapped_complex2     38 152.0     0   327    1173    (-,-) 
  csm_inst_g36625/z                 (u)     in_1->z F     unmapped_complex2      2   8.0     0   166    1339    (-,-) 
  csm_inst_g36222/z                 (u)     in_1->z R     unmapped_nand2         1   4.0     0   122    1461    (-,-) 
  csm_inst_g35870/z                 (u)     in_1->z R     unmapped_or2           1   4.0     0   122    1583    (-,-) 
  csm_inst_g35581/z                 (u)     in_0->z R     unmapped_complex2      1   4.0     0   122    1706    (-,-) 
  csm_inst_g35439/z                 (u)     in_0->z R     unmapped_complex2      1   4.0     0   122    1828    (-,-) 
  csm_inst_g35395/z                 (u)     in_1->z F     unmapped_nand2         1   4.0     0   122    1950    (-,-) 
  csm_inst_g35354/z                 (u)     in_0->z R     unmapped_complex2      2   8.0     0   166    2116    (-,-) 
  csm_inst_g35178/z                 (u)     in_1->z F     unmapped_complex2      1   4.0     0   122    2238    (-,-) 
  csm_inst_g35179/z                 (u)     in_1->z R     unmapped_nand2        15  60.0     0   280    2518    (-,-) 
  csm_inst_g35102/z                 (u)     in_0->z F     unmapped_nand2         6  24.0     0   233    2752    (-,-) 
  csm_inst_g35001/z                 (u)     in_1->z F     unmapped_or2           5  20.0     0   224    2975    (-,-) 
  csm_inst_g34456/z                 (u)     in_0->z F     unmapped_or2           1   4.0     0   122    3098    (-,-) 
  csm_inst_g34437/z                 (u)     in_0->z R     unmapped_nand2         1   4.0     0   122    3220    (-,-) 
  csm_inst_g34108/z                 (u)     in_0->z R     unmapped_complex2      1   4.0     0   122    3342    (-,-) 
  csm_inst_g28709/z                 (u)     in_0->z R     unmapped_or2           1   4.0     0   122    3464    (-,-) 
  csm_inst_g28710/z                 (u)     in_0->z R     unmapped_or2           2   8.0     0   166    3630    (-,-) 
  csm_inst_g33858/z                 (u)     in_1->z F     unmapped_complex2      1   4.0     0   122    3752    (-,-) 
  csm_inst_g33859/z                 (u)     in_1->z R     unmapped_nand2         1   4.0     0   122    3874    (-,-) 
  csm_inst_g33807/z                 (u)     in_0->z F     unmapped_complex2      1   4.0     0   122    3997    (-,-) 
  csm_inst_g33793/z                 (u)     in_0->z R     unmapped_complex2      1   4.0     0   122    4119    (-,-) 
  csm_inst_right_reg_reg[7]/d       -       -       R     unmapped_d_flop        1     -     -     0    4119    (-,-) 
#---------------------------------------------------------------------------------------------------------------------

(u) : Net has unmapped pin(s).



Path 16: VIOLATED (-194 ps) Setup Check with Pin csm_inst_right_reg_reg[31]/clk->d
          Group: C2C
     Startpoint: (R) csm_inst_round_counter_reg[0]/clk
          Clock: (R) clk
       Endpoint: (R) csm_inst_right_reg_reg[31]/d
          Clock: (R) clk

                     Capture       Launch     
        Clock Edge:+    6000            0     
       Src Latency:+       0            0     
       Net Latency:+       0 (I)        0 (I) 
           Arrival:=    6000            0     
                                              
             Setup:-      75                  
       Uncertainty:-    2000                  
     Required Time:=    3925                  
      Launch Clock:-       0                  
         Data Path:-    4118                  
             Slack:=    -194                  

#---------------------------------------------------------------------------------------------------------------------
#           Timing Point            Flags    Arc    Edge       Cell         Fanout  Load Trans Delay Arrival Instance 
#                                                                                   (fF)  (ps)  (ps)   (ps)  Location 
#---------------------------------------------------------------------------------------------------------------------
  csm_inst_round_counter_reg[0]/clk -       -       R     (arrival)            536     -  2000     0       0    (-,-) 
  csm_inst_round_counter_reg[0]/q   (u)     clk->q  R     unmapped_d_flop      163 652.0     0   594     594    (-,-) 
  csm_inst_g37416/z                 (u)     in_0->z R     unmapped_or2          11  44.0     0   262     856    (-,-) 
  csm_inst_g37088/z                 (u)     in_1->z R     unmapped_or2          35 140.0     0   323    1178    (-,-) 
  csm_inst_g36385/z                 (u)     in_0->z R     unmapped_complex2      2   8.0     0   166    1344    (-,-) 
  csm_inst_g36132/z                 (u)     in_0->z F     unmapped_nand2         1   4.0     0   122    1466    (-,-) 
  csm_inst_g35834/z                 (u)     in_1->z F     unmapped_or2           1   4.0     0   122    1589    (-,-) 
  csm_inst_g35563/z                 (u)     in_0->z F     unmapped_complex2      1   4.0     0   122    1711    (-,-) 
  csm_inst_g35420/z                 (u)     in_0->z F     unmapped_complex2      1   4.0     0   122    1833    (-,-) 
  csm_inst_g35404/z                 (u)     in_1->z R     unmapped_nand2         1   4.0     0   122    1955    (-,-) 
  csm_inst_g35349/z                 (u)     in_0->z F     unmapped_complex2      2   8.0     0   166    2121    (-,-) 
  csm_inst_g35308/z                 (u)     in_1->z R     unmapped_complex2      1   4.0     0   122    2244    (-,-) 
  csm_inst_g35309/z                 (u)     in_1->z F     unmapped_nand2        14  56.0     0   276    2519    (-,-) 
  csm_inst_g35091/z                 (u)     in_0->z R     unmapped_nand2         4  16.0     0   211    2730    (-,-) 
  csm_inst_g34822/z                 (u)     in_1->z R     unmapped_or2           1   4.0     0   122    2852    (-,-) 
  csm_inst_g34567/z                 (u)     in_1->z R     unmapped_or2           1   4.0     0   122    2975    (-,-) 
  csm_inst_g34293/z                 (u)     in_1->z F     unmapped_nand2         1   4.0     0   122    3097    (-,-) 
  csm_inst_g34203/z                 (u)     in_0->z R     unmapped_complex2      1   4.0     0   122    3219    (-,-) 
  csm_inst_g34052/z                 (u)     in_0->z F     unmapped_nand2         1   4.0     0   122    3341    (-,-) 
  csm_inst_g33993/z                 (u)     in_0->z F     unmapped_complex2      1   4.0     0   122    3464    (-,-) 
  csm_inst_g33930/z                 (u)     in_1->z F     unmapped_or2           2   8.0     0   166    3630    (-,-) 
  csm_inst_g33893/z                 (u)     in_1->z F     unmapped_or2           1   4.0     0   122    3752    (-,-) 
  csm_inst_g33894/z                 (u)     in_1->z R     unmapped_nand2         1   4.0     0   122    3874    (-,-) 
  csm_inst_g33824/z                 (u)     in_0->z F     unmapped_complex2      1   4.0     0   122    3996    (-,-) 
  csm_inst_g33794/z                 (u)     in_0->z R     unmapped_complex2      1   4.0     0   122    4118    (-,-) 
  csm_inst_right_reg_reg[31]/d      -       -       R     unmapped_d_flop        1     -     -     0    4118    (-,-) 
#---------------------------------------------------------------------------------------------------------------------

(u) : Net has unmapped pin(s).



Path 17: VIOLATED (-176 ps) Setup Check with Pin csm_inst_right_reg_reg[29]/clk->d
          Group: C2C
     Startpoint: (R) csm_inst_round_counter_reg[0]/clk
          Clock: (R) clk
       Endpoint: (R) csm_inst_right_reg_reg[29]/d
          Clock: (R) clk

                     Capture       Launch     
        Clock Edge:+    6000            0     
       Src Latency:+       0            0     
       Net Latency:+       0 (I)        0 (I) 
           Arrival:=    6000            0     
                                              
             Setup:-      75                  
       Uncertainty:-    2000                  
     Required Time:=    3925                  
      Launch Clock:-       0                  
         Data Path:-    4100                  
             Slack:=    -176                  

#---------------------------------------------------------------------------------------------------------------------
#           Timing Point            Flags    Arc    Edge       Cell         Fanout  Load Trans Delay Arrival Instance 
#                                                                                   (fF)  (ps)  (ps)   (ps)  Location 
#---------------------------------------------------------------------------------------------------------------------
  csm_inst_round_counter_reg[0]/clk -       -       R     (arrival)            536     -  2000     0       0    (-,-) 
  csm_inst_round_counter_reg[0]/q   (u)     clk->q  R     unmapped_d_flop      163 652.0     0   594     594    (-,-) 
  csm_inst_g37424/z                 (u)     in_0->z F     unmapped_nand2         9  36.0     0   252     846    (-,-) 
  csm_inst_g37217/z                 (u)     in_1->z F     unmapped_complex2     38 152.0     0   327    1173    (-,-) 
  csm_inst_g36742/z                 (u)     in_1->z F     unmapped_complex2      2   8.0     0   166    1339    (-,-) 
  csm_inst_g36181/z                 (u)     in_1->z R     unmapped_nand2         1   4.0     0   122    1461    (-,-) 
  csm_inst_g35853/z                 (u)     in_1->z R     unmapped_or2           1   4.0     0   122    1583    (-,-) 
  csm_inst_g35574/z                 (u)     in_0->z R     unmapped_complex2      1   4.0     0   122    1706    (-,-) 
  csm_inst_g35419/z                 (u)     in_0->z R     unmapped_complex2      1   4.0     0   122    1828    (-,-) 
  csm_inst_g35405/z                 (u)     in_1->z F     unmapped_nand2         1   4.0     0   122    1950    (-,-) 
  csm_inst_g35320/z                 (u)     in_0->z R     unmapped_complex2      2   8.0     0   166    2116    (-,-) 
  csm_inst_g35227/z                 (u)     in_1->z F     unmapped_complex2      1   4.0     0   122    2238    (-,-) 
  csm_inst_g35228/z                 (u)     in_1->z R     unmapped_nand2        11  44.0     0   262    2500    (-,-) 
  csm_inst_g35045/z                 (u)     in_1->z R     unmapped_complex2      5  20.0     0   224    2724    (-,-) 
  csm_inst_g34828/z                 (u)     in_1->z F     unmapped_nand2         6  24.0     0   233    2957    (-,-) 
  csm_inst_g34631/z                 (u)     in_0->z R     unmapped_complex2      1   4.0     0   122    3079    (-,-) 
  csm_inst_g34250/z                 (u)     in_1->z F     unmapped_nand2         1   4.0     0   122    3201    (-,-) 
  csm_inst_g34237/z                 (u)     in_1->z F     unmapped_complex2      1   4.0     0   122    3323    (-,-) 
  csm_inst_g34098/z                 (u)     in_1->z F     unmapped_or2           1   4.0     0   122    3445    (-,-) 
  csm_inst_g34001/z                 (u)     in_1->z F     unmapped_or2           2   8.0     0   166    3611    (-,-) 
  csm_inst_g33910/z                 (u)     in_1->z F     unmapped_or2           1   4.0     0   122    3734    (-,-) 
  csm_inst_g33911/z                 (u)     in_1->z R     unmapped_nand2         1   4.0     0   122    3856    (-,-) 
  csm_inst_g33876/z                 (u)     in_0->z F     unmapped_complex2      1   4.0     0   122    3978    (-,-) 
  csm_inst_g33814/z                 (u)     in_0->z R     unmapped_complex2      1   4.0     0   122    4100    (-,-) 
  csm_inst_right_reg_reg[29]/d      -       -       R     unmapped_d_flop        1     -     -     0    4100    (-,-) 
#---------------------------------------------------------------------------------------------------------------------

(u) : Net has unmapped pin(s).



Path 18: VIOLATED (-175 ps) Setup Check with Pin csm_inst_right_reg_reg[4]/clk->d
          Group: C2C
     Startpoint: (R) csm_inst_round_counter_reg[0]/clk
          Clock: (R) clk
       Endpoint: (R) csm_inst_right_reg_reg[4]/d
          Clock: (R) clk

                     Capture       Launch     
        Clock Edge:+    6000            0     
       Src Latency:+       0            0     
       Net Latency:+       0 (I)        0 (I) 
           Arrival:=    6000            0     
                                              
             Setup:-      75                  
       Uncertainty:-    2000                  
     Required Time:=    3925                  
      Launch Clock:-       0                  
         Data Path:-    4100                  
             Slack:=    -175                  

#---------------------------------------------------------------------------------------------------------------------
#           Timing Point            Flags    Arc    Edge       Cell         Fanout  Load Trans Delay Arrival Instance 
#                                                                                   (fF)  (ps)  (ps)   (ps)  Location 
#---------------------------------------------------------------------------------------------------------------------
  csm_inst_round_counter_reg[0]/clk -       -       R     (arrival)            536     -  2000     0       0    (-,-) 
  csm_inst_round_counter_reg[0]/q   (u)     clk->q  R     unmapped_d_flop      163 652.0     0   594     594    (-,-) 
  csm_inst_g37416/z                 (u)     in_0->z R     unmapped_or2          11  44.0     0   262     856    (-,-) 
  csm_inst_g37088/z                 (u)     in_1->z R     unmapped_or2          35 140.0     0   323    1178    (-,-) 
  csm_inst_g36732/z                 (u)     in_0->z R     unmapped_complex2      2   8.0     0   166    1344    (-,-) 
  csm_inst_g36063/z                 (u)     in_1->z F     unmapped_nand2         1   4.0     0   122    1466    (-,-) 
  csm_inst_g35782/z                 (u)     in_1->z F     unmapped_or2           1   4.0     0   122    1589    (-,-) 
  csm_inst_g35600/z                 (u)     in_0->z F     unmapped_complex2      1   4.0     0   122    1711    (-,-) 
  csm_inst_g35490/z                 (u)     in_0->z F     unmapped_complex2      1   4.0     0   122    1833    (-,-) 
  csm_inst_g35363/z                 (u)     in_1->z R     unmapped_nand2         1   4.0     0   122    1955    (-,-) 
  csm_inst_g35326/z                 (u)     in_0->z F     unmapped_complex2      2   8.0     0   166    2121    (-,-) 
  csm_inst_g35212/z                 (u)     in_1->z R     unmapped_complex2      1   4.0     0   122    2244    (-,-) 
  csm_inst_g35213/z                 (u)     in_1->z F     unmapped_nand2        10  40.0     0   257    2500    (-,-) 
  csm_inst_g35155/z                 (u)     in_0->z F     unmapped_or2           1   4.0     0   122    2623    (-,-) 
  csm_inst_g34826/z                 (u)     in_1->z F     unmapped_or2           4  16.0     0   211    2834    (-,-) 
  csm_inst_g34726/z                 (u)     in_0->z R     unmapped_nand2         1   4.0     0   122    2956    (-,-) 
  csm_inst_g34433/z                 (u)     in_0->z F     unmapped_complex2      1   4.0     0   122    3078    (-,-) 
  csm_inst_g34118/z                 (u)     in_1->z R     unmapped_nand2         1   4.0     0   122    3200    (-,-) 
  csm_inst_g34047/z                 (u)     in_1->z R     unmapped_or2           1   4.0     0   122    3323    (-,-) 
  csm_inst_g34025/z                 (u)     in_1->z R     unmapped_or2           1   4.0     0   122    3445    (-,-) 
  csm_inst_g33972/z                 (u)     in_1->z R     unmapped_or2           2   8.0     0   166    3611    (-,-) 
  csm_inst_g33872/z                 (u)     in_1->z F     unmapped_complex2      1   4.0     0   122    3733    (-,-) 
  csm_inst_g33873/z                 (u)     in_1->z R     unmapped_nand2         1   4.0     0   122    3855    (-,-) 
  csm_inst_g33831/z                 (u)     in_0->z F     unmapped_complex2      1   4.0     0   122    3977    (-,-) 
  csm_inst_g33801/z                 (u)     in_0->z R     unmapped_complex2      1   4.0     0   122    4100    (-,-) 
  csm_inst_right_reg_reg[4]/d       -       -       R     unmapped_d_flop        1     -     -     0    4100    (-,-) 
#---------------------------------------------------------------------------------------------------------------------

(u) : Net has unmapped pin(s).



Path 19: VIOLATED (-173 ps) Setup Check with Pin csm_inst_right_reg_reg[2]/clk->d
          Group: C2C
     Startpoint: (R) csm_inst_round_counter_reg[0]/clk
          Clock: (R) clk
       Endpoint: (R) csm_inst_right_reg_reg[2]/d
          Clock: (R) clk

                     Capture       Launch     
        Clock Edge:+    6000            0     
       Src Latency:+       0            0     
       Net Latency:+       0 (I)        0 (I) 
           Arrival:=    6000            0     
                                              
             Setup:-      75                  
       Uncertainty:-    2000                  
     Required Time:=    3925                  
      Launch Clock:-       0                  
         Data Path:-    4098                  
             Slack:=    -173                  

#---------------------------------------------------------------------------------------------------------------------
#           Timing Point            Flags    Arc    Edge       Cell         Fanout  Load Trans Delay Arrival Instance 
#                                                                                   (fF)  (ps)  (ps)   (ps)  Location 
#---------------------------------------------------------------------------------------------------------------------
  csm_inst_round_counter_reg[0]/clk -       -       R     (arrival)            536     -  2000     0       0    (-,-) 
  csm_inst_round_counter_reg[0]/q   (u)     clk->q  R     unmapped_d_flop      163 652.0     0   594     594    (-,-) 
  csm_inst_g37416/z                 (u)     in_0->z R     unmapped_or2          11  44.0     0   262     856    (-,-) 
  csm_inst_g37088/z                 (u)     in_1->z R     unmapped_or2          35 140.0     0   323    1178    (-,-) 
  csm_inst_g36801/z                 (u)     in_0->z R     unmapped_complex2      2   8.0     0   166    1344    (-,-) 
  csm_inst_g36124/z                 (u)     in_0->z F     unmapped_nand2         1   4.0     0   122    1466    (-,-) 
  csm_inst_g35865/z                 (u)     in_1->z F     unmapped_or2           1   4.0     0   122    1589    (-,-) 
  csm_inst_g35583/z                 (u)     in_0->z F     unmapped_complex2      1   4.0     0   122    1711    (-,-) 
  csm_inst_g35449/z                 (u)     in_0->z F     unmapped_complex2      1   4.0     0   122    1833    (-,-) 
  csm_inst_g35388/z                 (u)     in_1->z R     unmapped_nand2         1   4.0     0   122    1955    (-,-) 
  csm_inst_g35345/z                 (u)     in_0->z F     unmapped_complex2      2   8.0     0   166    2121    (-,-) 
  csm_inst_g35187/z                 (u)     in_1->z R     unmapped_complex2      1   4.0     0   122    2244    (-,-) 
  csm_inst_g35188/z                 (u)     in_1->z F     unmapped_nand2        14  56.0     0   276    2519    (-,-) 
  csm_inst_g35120/z                 (u)     in_1->z F     unmapped_complex2      5  20.0     0   224    2743    (-,-) 
  csm_inst_g34889/z                 (u)     in_0->z R     unmapped_nand2         4  16.0     0   211    2954    (-,-) 
  csm_inst_g34668/z                 (u)     in_1->z F     unmapped_complex2      1   4.0     0   122    3076    (-,-) 
  csm_inst_g34330/z                 (u)     in_1->z R     unmapped_nand2         1   4.0     0   122    3198    (-,-) 
  csm_inst_g34040/z                 (u)     in_1->z R     unmapped_complex2      1   4.0     0   122    3321    (-,-) 
  csm_inst_g34018/z                 (u)     in_1->z R     unmapped_or2           1   4.0     0   122    3443    (-,-) 
  csm_inst_g33969/z                 (u)     in_1->z R     unmapped_or2           2   8.0     0   166    3609    (-,-) 
  csm_inst_g33867/z                 (u)     in_1->z F     unmapped_complex2      1   4.0     0   122    3731    (-,-) 
  csm_inst_g33868/z                 (u)     in_1->z R     unmapped_nand2         1   4.0     0   122    3853    (-,-) 
  csm_inst_g33823/z                 (u)     in_0->z F     unmapped_complex2      1   4.0     0   122    3976    (-,-) 
  csm_inst_g33798/z                 (u)     in_0->z R     unmapped_complex2      1   4.0     0   122    4098    (-,-) 
  csm_inst_right_reg_reg[2]/d       -       -       R     unmapped_d_flop        1     -     -     0    4098    (-,-) 
#---------------------------------------------------------------------------------------------------------------------

(u) : Net has unmapped pin(s).



Path 20: VIOLATED (-159 ps) Setup Check with Pin csm_inst_right_reg_reg[26]/clk->d
          Group: C2C
     Startpoint: (R) csm_inst_round_counter_reg[0]/clk
          Clock: (R) clk
       Endpoint: (R) csm_inst_right_reg_reg[26]/d
          Clock: (R) clk

                     Capture       Launch     
        Clock Edge:+    6000            0     
       Src Latency:+       0            0     
       Net Latency:+       0 (I)        0 (I) 
           Arrival:=    6000            0     
                                              
             Setup:-      75                  
       Uncertainty:-    2000                  
     Required Time:=    3925                  
      Launch Clock:-       0                  
         Data Path:-    4084                  
             Slack:=    -159                  

#---------------------------------------------------------------------------------------------------------------------
#           Timing Point            Flags    Arc    Edge       Cell         Fanout  Load Trans Delay Arrival Instance 
#                                                                                   (fF)  (ps)  (ps)   (ps)  Location 
#---------------------------------------------------------------------------------------------------------------------
  csm_inst_round_counter_reg[0]/clk -       -       R     (arrival)            536     -  2000     0       0    (-,-) 
  csm_inst_round_counter_reg[0]/q   (u)     clk->q  R     unmapped_d_flop      163 652.0     0   594     594    (-,-) 
  csm_inst_g37403/z                 (u)     in_0->z F     unmapped_complex2     12  48.0     0   266     860    (-,-) 
  csm_inst_g37145/z                 (u)     in_1->z F     unmapped_or2          46 184.0     0   338    1198    (-,-) 
  csm_inst_g36886/z                 (u)     in_0->z F     unmapped_complex2      1   4.0     0   122    1320    (-,-) 
  csm_inst_g36104/z                 (u)     in_1->z R     unmapped_nand2         1   4.0     0   122    1442    (-,-) 
  csm_inst_g35835/z                 (u)     in_0->z R     unmapped_or2           1   4.0     0   122    1564    (-,-) 
  csm_inst_g35588/z                 (u)     in_0->z R     unmapped_complex2      1   4.0     0   122    1687    (-,-) 
  csm_inst_g35458/z                 (u)     in_0->z R     unmapped_complex2      1   4.0     0   122    1809    (-,-) 
  csm_inst_g35381/z                 (u)     in_1->z F     unmapped_nand2         1   4.0     0   122    1931    (-,-) 
  csm_inst_g35332/z                 (u)     in_0->z R     unmapped_complex2      2   8.0     0   166    2097    (-,-) 
  csm_inst_g35221/z                 (u)     in_1->z F     unmapped_complex2      1   4.0     0   122    2219    (-,-) 
  csm_inst_g35222/z                 (u)     in_1->z R     unmapped_nand2        19  76.0     0   291    2510    (-,-) 
  csm_inst_g35067/z                 (u)     in_0->z R     unmapped_or2           1   4.0     0   122    2633    (-,-) 
  csm_inst_g35068/z                 (u)     in_1->z F     unmapped_nand2         7  28.0     0   240    2873    (-,-) 
  csm_inst_g34940/z                 (u)     in_1->z F     unmapped_or2           3  12.0     0   189    3062    (-,-) 
  csm_inst_g34588/z                 (u)     in_1->z F     unmapped_or2           1   4.0     0   122    3185    (-,-) 
  csm_inst_g34212/z                 (u)     in_1->z R     unmapped_nand2         1   4.0     0   122    3307    (-,-) 
  csm_inst_g34095/z                 (u)     in_0->z R     unmapped_or2           1   4.0     0   122    3429    (-,-) 
  csm_inst_g34008/z                 (u)     in_1->z R     unmapped_or2           2   8.0     0   166    3595    (-,-) 
  csm_inst_g33937/z                 (u)     in_1->z F     unmapped_complex2      1   4.0     0   122    3717    (-,-) 
  csm_inst_g33938/z                 (u)     in_1->z R     unmapped_nand2         1   4.0     0   122    3839    (-,-) 
  csm_inst_g33850/z                 (u)     in_0->z F     unmapped_complex2      1   4.0     0   122    3962    (-,-) 
  csm_inst_g33834/z                 (u)     in_0->z R     unmapped_complex2      1   4.0     0   122    4084    (-,-) 
  csm_inst_right_reg_reg[26]/d      -       -       R     unmapped_d_flop        1     -     -     0    4084    (-,-) 
#---------------------------------------------------------------------------------------------------------------------

(u) : Net has unmapped pin(s).



Path 21: VIOLATED (-143 ps) Setup Check with Pin csm_inst_right_reg_reg[28]/clk->d
          Group: C2C
     Startpoint: (R) csm_inst_round_counter_reg[0]/clk
          Clock: (R) clk
       Endpoint: (R) csm_inst_right_reg_reg[28]/d
          Clock: (R) clk

                     Capture       Launch     
        Clock Edge:+    6000            0     
       Src Latency:+       0            0     
       Net Latency:+       0 (I)        0 (I) 
           Arrival:=    6000            0     
                                              
             Setup:-      75                  
       Uncertainty:-    2000                  
     Required Time:=    3925                  
      Launch Clock:-       0                  
         Data Path:-    4067                  
             Slack:=    -143                  

#---------------------------------------------------------------------------------------------------------------------
#           Timing Point            Flags    Arc    Edge       Cell         Fanout  Load Trans Delay Arrival Instance 
#                                                                                   (fF)  (ps)  (ps)   (ps)  Location 
#---------------------------------------------------------------------------------------------------------------------
  csm_inst_round_counter_reg[0]/clk -       -       R     (arrival)            536     -  2000     0       0    (-,-) 
  csm_inst_round_counter_reg[0]/q   (u)     clk->q  R     unmapped_d_flop      163 652.0     0   594     594    (-,-) 
  csm_inst_g37403/z                 (u)     in_0->z F     unmapped_complex2     12  48.0     0   266     860    (-,-) 
  csm_inst_g37145/z                 (u)     in_1->z F     unmapped_or2          46 184.0     0   338    1198    (-,-) 
  csm_inst_g36428/z                 (u)     in_0->z F     unmapped_complex2      1   4.0     0   122    1320    (-,-) 
  csm_inst_g36304/z                 (u)     in_0->z R     unmapped_nand2         1   4.0     0   122    1442    (-,-) 
  csm_inst_g35754/z                 (u)     in_1->z R     unmapped_or2           1   4.0     0   122    1564    (-,-) 
  csm_inst_g35599/z                 (u)     in_1->z R     unmapped_or2           1   4.0     0   122    1687    (-,-) 
  csm_inst_g35488/z                 (u)     in_0->z R     unmapped_complex2      1   4.0     0   122    1809    (-,-) 
  csm_inst_g35368/z                 (u)     in_1->z F     unmapped_nand2         1   4.0     0   122    1931    (-,-) 
  csm_inst_g35314/z                 (u)     in_0->z R     unmapped_complex2      2   8.0     0   166    2097    (-,-) 
  csm_inst_g35184/z                 (u)     in_1->z F     unmapped_complex2      1   4.0     0   122    2219    (-,-) 
  csm_inst_g35185/z                 (u)     in_1->z R     unmapped_nand2        10  40.0     0   257    2476    (-,-) 
  csm_inst_g35007/z                 (u)     in_1->z F     unmapped_nand2         5  20.0     0   224    2700    (-,-) 
  csm_inst_g34896/z                 (u)     in_0->z F     unmapped_or2           5  20.0     0   224    2924    (-,-) 
  csm_inst_g34712/z                 (u)     in_1->z F     unmapped_or2           1   4.0     0   122    3046    (-,-) 
  csm_inst_g34417/z                 (u)     in_0->z R     unmapped_nand2         1   4.0     0   122    3168    (-,-) 
  csm_inst_g34133/z                 (u)     in_0->z F     unmapped_complex2      1   4.0     0   122    3290    (-,-) 
  csm_inst_g34017/z                 (u)     in_1->z R     unmapped_complex2      1   4.0     0   122    3412    (-,-) 
  csm_inst_g33958/z                 (u)     in_1->z R     unmapped_or2           2   8.0     0   166    3578    (-,-) 
  csm_inst_g33897/z                 (u)     in_1->z F     unmapped_complex2      1   4.0     0   122    3701    (-,-) 
  csm_inst_g33898/z                 (u)     in_1->z R     unmapped_nand2         1   4.0     0   122    3823    (-,-) 
  csm_inst_g33833/z                 (u)     in_0->z F     unmapped_complex2      1   4.0     0   122    3945    (-,-) 
  csm_inst_g33799/z                 (u)     in_0->z R     unmapped_complex2      1   4.0     0   122    4067    (-,-) 
  csm_inst_right_reg_reg[28]/d      -       -       R     unmapped_d_flop        1     -     -     0    4067    (-,-) 
#---------------------------------------------------------------------------------------------------------------------

(u) : Net has unmapped pin(s).



Path 22: VIOLATED (-124 ps) Setup Check with Pin csm_inst_right_reg_reg[5]/clk->d
          Group: C2C
     Startpoint: (R) csm_inst_round_counter_reg[0]/clk
          Clock: (R) clk
       Endpoint: (R) csm_inst_right_reg_reg[5]/d
          Clock: (R) clk

                     Capture       Launch     
        Clock Edge:+    6000            0     
       Src Latency:+       0            0     
       Net Latency:+       0 (I)        0 (I) 
           Arrival:=    6000            0     
                                              
             Setup:-      75                  
       Uncertainty:-    2000                  
     Required Time:=    3925                  
      Launch Clock:-       0                  
         Data Path:-    4048                  
             Slack:=    -124                  

#---------------------------------------------------------------------------------------------------------------------
#           Timing Point            Flags    Arc    Edge       Cell         Fanout  Load Trans Delay Arrival Instance 
#                                                                                   (fF)  (ps)  (ps)   (ps)  Location 
#---------------------------------------------------------------------------------------------------------------------
  csm_inst_round_counter_reg[0]/clk -       -       R     (arrival)            536     -  2000     0       0    (-,-) 
  csm_inst_round_counter_reg[0]/q   (u)     clk->q  R     unmapped_d_flop      163 652.0     0   594     594    (-,-) 
  csm_inst_g37416/z                 (u)     in_0->z R     unmapped_or2          11  44.0     0   262     856    (-,-) 
  csm_inst_g37088/z                 (u)     in_1->z R     unmapped_or2          35 140.0     0   323    1178    (-,-) 
  csm_inst_g36689/z                 (u)     in_0->z R     unmapped_complex2      2   8.0     0   166    1344    (-,-) 
  csm_inst_g35961/z                 (u)     in_0->z F     unmapped_nand2         1   4.0     0   122    1466    (-,-) 
  csm_inst_g35648/z                 (u)     in_1->z F     unmapped_or2           1   4.0     0   122    1589    (-,-) 
  csm_inst_g35570/z                 (u)     in_0->z F     unmapped_complex2      1   4.0     0   122    1711    (-,-) 
  csm_inst_g35414/z                 (u)     in_0->z F     unmapped_complex2      1   4.0     0   122    1833    (-,-) 
  csm_inst_g35407/z                 (u)     in_1->z R     unmapped_complex2      1   4.0     0   122    1955    (-,-) 
  csm_inst_g35317/z                 (u)     in_0->z F     unmapped_complex2      2   8.0     0   166    2121    (-,-) 
  csm_inst_g35302/z                 (u)     in_1->z R     unmapped_complex2      1   4.0     0   122    2244    (-,-) 
  csm_inst_g35303/z                 (u)     in_1->z F     unmapped_nand2         9  36.0     0   252    2496    (-,-) 
  csm_inst_g35032/z                 (u)     in_0->z R     unmapped_complex2      7  28.0     0   240    2736    (-,-) 
  csm_inst_g34786/z                 (u)     in_0->z F     unmapped_nand2         5  20.0     0   224    2960    (-,-) 
  csm_inst_g34610/z                 (u)     in_1->z F     unmapped_or2           3  12.0     0   189    3149    (-,-) 
  csm_inst_g34180/z                 (u)     in_1->z R     unmapped_complex2      1   4.0     0   122    3271    (-,-) 
  csm_inst_g34078/z                 (u)     in_0->z F     unmapped_complex2      1   4.0     0   122    3394    (-,-) 
  csm_inst_g33992/z                 (u)     in_1->z R     unmapped_nand2         2   8.0     0   166    3560    (-,-) 
  csm_inst_g33916/z                 (u)     in_0->z F     unmapped_complex2      1   4.0     0   122    3682    (-,-) 
  csm_inst_g33855/z                 (u)     in_1->z R     unmapped_nand2         1   4.0     0   122    3804    (-,-) 
  csm_inst_g33837/z                 (u)     in_1->z R     unmapped_or2           1   4.0     0   122    3926    (-,-) 
  csm_inst_g33803/z                 (u)     in_1->z R     unmapped_complex2      1   4.0     0   122    4048    (-,-) 
  csm_inst_right_reg_reg[5]/d       -       -       R     unmapped_d_flop        1     -     -     0    4048    (-,-) 
#---------------------------------------------------------------------------------------------------------------------

(u) : Net has unmapped pin(s).



Path 23: VIOLATED (-115 ps) Setup Check with Pin csm_inst_right_reg_reg[11]/clk->d
          Group: C2C
     Startpoint: (R) csm_inst_round_counter_reg[0]/clk
          Clock: (R) clk
       Endpoint: (R) csm_inst_right_reg_reg[11]/d
          Clock: (R) clk

                     Capture       Launch     
        Clock Edge:+    6000            0     
       Src Latency:+       0            0     
       Net Latency:+       0 (I)        0 (I) 
           Arrival:=    6000            0     
                                              
             Setup:-      75                  
       Uncertainty:-    2000                  
     Required Time:=    3925                  
      Launch Clock:-       0                  
         Data Path:-    4040                  
             Slack:=    -115                  

#---------------------------------------------------------------------------------------------------------------------
#           Timing Point            Flags    Arc    Edge       Cell         Fanout  Load Trans Delay Arrival Instance 
#                                                                                   (fF)  (ps)  (ps)   (ps)  Location 
#---------------------------------------------------------------------------------------------------------------------
  csm_inst_round_counter_reg[0]/clk -       -       R     (arrival)            536     -  2000     0       0    (-,-) 
  csm_inst_round_counter_reg[0]/q   (u)     clk->q  F     unmapped_d_flop      163 652.0     0   594     594    (-,-) 
  csm_inst_g37416/z                 (u)     in_0->z F     unmapped_or2          11  44.0     0   262     856    (-,-) 
  csm_inst_g37088/z                 (u)     in_1->z F     unmapped_or2          35 140.0     0   323    1178    (-,-) 
  csm_inst_g36689/z                 (u)     in_0->z F     unmapped_complex2      2   8.0     0   166    1344    (-,-) 
  csm_inst_g35961/z                 (u)     in_0->z R     unmapped_nand2         1   4.0     0   122    1466    (-,-) 
  csm_inst_g35648/z                 (u)     in_1->z R     unmapped_or2           1   4.0     0   122    1589    (-,-) 
  csm_inst_g35570/z                 (u)     in_0->z R     unmapped_complex2      1   4.0     0   122    1711    (-,-) 
  csm_inst_g35414/z                 (u)     in_0->z R     unmapped_complex2      1   4.0     0   122    1833    (-,-) 
  csm_inst_g35407/z                 (u)     in_1->z F     unmapped_complex2      1   4.0     0   122    1955    (-,-) 
  csm_inst_g35317/z                 (u)     in_0->z R     unmapped_complex2      2   8.0     0   166    2121    (-,-) 
  csm_inst_g35302/z                 (u)     in_1->z F     unmapped_complex2      1   4.0     0   122    2244    (-,-) 
  csm_inst_g35303/z                 (u)     in_1->z R     unmapped_nand2         9  36.0     0   252    2496    (-,-) 
  csm_inst_g35090/z                 (u)     in_1->z R     unmapped_or2           4  16.0     0   211    2707    (-,-) 
  csm_inst_g34841/z                 (u)     in_0->z R     unmapped_complex2      3  12.0     0   189    2896    (-,-) 
  csm_inst_g34616/z                 (u)     in_0->z R     unmapped_complex2      1   4.0     0   122    3018    (-,-) 
  csm_inst_g34247/z                 (u)     in_1->z F     unmapped_nand2         1   4.0     0   122    3141    (-,-) 
  csm_inst_g34231/z                 (u)     in_0->z R     unmapped_nand2         1   4.0     0   122    3263    (-,-) 
  csm_inst_g34057/z                 (u)     in_1->z F     unmapped_complex2      1   4.0     0   122    3385    (-,-) 
  csm_inst_g33994/z                 (u)     in_1->z F     unmapped_or2           1   4.0     0   122    3507    (-,-) 
  csm_inst_g33928/z                 (u)     in_0->z F     unmapped_complex2      2   8.0     0   166    3673    (-,-) 
  csm_inst_g33901/z                 (u)     in_1->z F     unmapped_or2           1   4.0     0   122    3796    (-,-) 
  csm_inst_g33829/z                 (u)     in_1->z R     unmapped_nand2         1   4.0     0   122    3918    (-,-) 
  csm_inst_g33784/z                 (u)     in_1->z R     unmapped_or2           1   4.0     0   122    4040    (-,-) 
  csm_inst_right_reg_reg[11]/d      -       -       R     unmapped_d_flop        1     -     -     0    4040    (-,-) 
#---------------------------------------------------------------------------------------------------------------------

(u) : Net has unmapped pin(s).



Path 24: VIOLATED (-113 ps) Setup Check with Pin csm_inst_right_reg_reg[27]/clk->d
          Group: C2C
     Startpoint: (R) csm_inst_round_counter_reg[0]/clk
          Clock: (R) clk
       Endpoint: (R) csm_inst_right_reg_reg[27]/d
          Clock: (R) clk

                     Capture       Launch     
        Clock Edge:+    6000            0     
       Src Latency:+       0            0     
       Net Latency:+       0 (I)        0 (I) 
           Arrival:=    6000            0     
                                              
             Setup:-      75                  
       Uncertainty:-    2000                  
     Required Time:=    3925                  
      Launch Clock:-       0                  
         Data Path:-    4038                  
             Slack:=    -113                  

#---------------------------------------------------------------------------------------------------------------------
#           Timing Point            Flags    Arc    Edge       Cell         Fanout  Load Trans Delay Arrival Instance 
#                                                                                   (fF)  (ps)  (ps)   (ps)  Location 
#---------------------------------------------------------------------------------------------------------------------
  csm_inst_round_counter_reg[0]/clk -       -       R     (arrival)            536     -  2000     0       0    (-,-) 
  csm_inst_round_counter_reg[0]/q   (u)     clk->q  R     unmapped_d_flop      163 652.0     0   594     594    (-,-) 
  csm_inst_g37403/z                 (u)     in_0->z F     unmapped_complex2     12  48.0     0   266     860    (-,-) 
  csm_inst_g37145/z                 (u)     in_1->z F     unmapped_or2          46 184.0     0   338    1198    (-,-) 
  csm_inst_g36455/z                 (u)     in_1->z F     unmapped_complex2      1   4.0     0   122    1320    (-,-) 
  csm_inst_g36286/z                 (u)     in_0->z R     unmapped_nand2         1   4.0     0   122    1442    (-,-) 
  csm_inst_g35809/z                 (u)     in_1->z R     unmapped_or2           1   4.0     0   122    1564    (-,-) 
  csm_inst_g35534/z                 (u)     in_1->z R     unmapped_or2           1   4.0     0   122    1687    (-,-) 
  csm_inst_g35462/z                 (u)     in_0->z R     unmapped_complex2      1   4.0     0   122    1809    (-,-) 
  csm_inst_g35375/z                 (u)     in_1->z F     unmapped_complex2      1   4.0     0   122    1931    (-,-) 
  csm_inst_g35310/z                 (u)     in_0->z R     unmapped_complex2      2   8.0     0   166    2097    (-,-) 
  csm_inst_g35193/z                 (u)     in_1->z F     unmapped_complex2      1   4.0     0   122    2219    (-,-) 
  csm_inst_g35194/z                 (u)     in_1->z R     unmapped_nand2        16  64.0     0   285    2504    (-,-) 
  csm_inst_g35054/z                 (u)     in_0->z R     unmapped_or2           1   4.0     0   122    2626    (-,-) 
  csm_inst_g35055/z                 (u)     in_1->z F     unmapped_nand2         5  20.0     0   224    2850    (-,-) 
  csm_inst_g34788/z                 (u)     in_0->z R     unmapped_complex2      2   8.0     0   166    3016    (-,-) 
  csm_inst_g34554/z                 (u)     in_1->z F     unmapped_nand2         1   4.0     0   122    3138    (-,-) 
  csm_inst_g34308/z                 (u)     in_0->z R     unmapped_complex2      1   4.0     0   122    3261    (-,-) 
  csm_inst_g34192/z                 (u)     in_1->z F     unmapped_nand2         1   4.0     0   122    3383    (-,-) 
  csm_inst_g34075/z                 (u)     in_0->z F     unmapped_complex2      2   8.0     0   166    3549    (-,-) 
  csm_inst_g34019/z                 (u)     in_0->z F     unmapped_or2           1   4.0     0   122    3671    (-,-) 
  csm_inst_g33874/z                 (u)     in_1->z F     unmapped_or2           1   4.0     0   122    3793    (-,-) 
  csm_inst_g33826/z                 (u)     in_1->z R     unmapped_nand2         1   4.0     0   122    3915    (-,-) 
  csm_inst_g33787/z                 (u)     in_1->z R     unmapped_or2           1   4.0     0   122    4038    (-,-) 
  csm_inst_right_reg_reg[27]/d      -       -       R     unmapped_d_flop        1     -     -     0    4038    (-,-) 
#---------------------------------------------------------------------------------------------------------------------

(u) : Net has unmapped pin(s).



Path 25: VIOLATED (-92 ps) Setup Check with Pin csm_inst_right_reg_reg[16]/clk->d
          Group: C2C
     Startpoint: (R) csm_inst_round_counter_reg[0]/clk
          Clock: (R) clk
       Endpoint: (R) csm_inst_right_reg_reg[16]/d
          Clock: (R) clk

                     Capture       Launch     
        Clock Edge:+    6000            0     
       Src Latency:+       0            0     
       Net Latency:+       0 (I)        0 (I) 
           Arrival:=    6000            0     
                                              
             Setup:-      75                  
       Uncertainty:-    2000                  
     Required Time:=    3925                  
      Launch Clock:-       0                  
         Data Path:-    4017                  
             Slack:=     -92                  

#---------------------------------------------------------------------------------------------------------------------
#           Timing Point            Flags    Arc    Edge       Cell         Fanout  Load Trans Delay Arrival Instance 
#                                                                                   (fF)  (ps)  (ps)   (ps)  Location 
#---------------------------------------------------------------------------------------------------------------------
  csm_inst_round_counter_reg[0]/clk -       -       R     (arrival)            536     -  2000     0       0    (-,-) 
  csm_inst_round_counter_reg[0]/q   (u)     clk->q  R     unmapped_d_flop      163 652.0     0   594     594    (-,-) 
  csm_inst_g37403/z                 (u)     in_0->z F     unmapped_complex2     12  48.0     0   266     860    (-,-) 
  csm_inst_g37145/z                 (u)     in_1->z F     unmapped_or2          46 184.0     0   338    1198    (-,-) 
  csm_inst_g36886/z                 (u)     in_0->z F     unmapped_complex2      1   4.0     0   122    1320    (-,-) 
  csm_inst_g36104/z                 (u)     in_1->z R     unmapped_nand2         1   4.0     0   122    1442    (-,-) 
  csm_inst_g35835/z                 (u)     in_0->z R     unmapped_or2           1   4.0     0   122    1564    (-,-) 
  csm_inst_g35588/z                 (u)     in_0->z R     unmapped_complex2      1   4.0     0   122    1687    (-,-) 
  csm_inst_g35458/z                 (u)     in_0->z R     unmapped_complex2      1   4.0     0   122    1809    (-,-) 
  csm_inst_g35381/z                 (u)     in_1->z F     unmapped_nand2         1   4.0     0   122    1931    (-,-) 
  csm_inst_g35332/z                 (u)     in_0->z R     unmapped_complex2      2   8.0     0   166    2097    (-,-) 
  csm_inst_g35221/z                 (u)     in_1->z F     unmapped_complex2      1   4.0     0   122    2219    (-,-) 
  csm_inst_g35222/z                 (u)     in_1->z R     unmapped_nand2        19  76.0     0   291    2510    (-,-) 
  csm_inst_g35067/z                 (u)     in_0->z R     unmapped_or2           1   4.0     0   122    2633    (-,-) 
  csm_inst_g35068/z                 (u)     in_1->z F     unmapped_nand2         7  28.0     0   240    2873    (-,-) 
  csm_inst_g34977/z                 (u)     in_1->z F     unmapped_or2           1   4.0     0   122    2995    (-,-) 
  csm_inst_g34978/z                 (u)     in_1->z R     unmapped_nand2         1   4.0     0   122    3117    (-,-) 
  csm_inst_g34683/z                 (u)     in_0->z F     unmapped_complex2      1   4.0     0   122    3240    (-,-) 
  csm_inst_g34359/z                 (u)     in_1->z R     unmapped_nand2         1   4.0     0   122    3362    (-,-) 
  csm_inst_g34009/z                 (u)     in_1->z R     unmapped_or2           2   8.0     0   166    3528    (-,-) 
  csm_inst_g33941/z                 (u)     in_1->z F     unmapped_complex2      1   4.0     0   122    3650    (-,-) 
  csm_inst_g33942/z                 (u)     in_1->z R     unmapped_nand2         1   4.0     0   122    3772    (-,-) 
  csm_inst_g33851/z                 (u)     in_0->z F     unmapped_complex2      1   4.0     0   122    3894    (-,-) 
  csm_inst_g33832/z                 (u)     in_0->z R     unmapped_complex2      1   4.0     0   122    4017    (-,-) 
  csm_inst_right_reg_reg[16]/d      -       -       R     unmapped_d_flop        1     -     -     0    4017    (-,-) 
#---------------------------------------------------------------------------------------------------------------------

(u) : Net has unmapped pin(s).



Path 26: VIOLATED (-88 ps) Setup Check with Pin csm_inst_right_reg_reg[15]/clk->d
          Group: C2C
     Startpoint: (R) csm_inst_round_counter_reg[0]/clk
          Clock: (R) clk
       Endpoint: (R) csm_inst_right_reg_reg[15]/d
          Clock: (R) clk

                     Capture       Launch     
        Clock Edge:+    6000            0     
       Src Latency:+       0            0     
       Net Latency:+       0 (I)        0 (I) 
           Arrival:=    6000            0     
                                              
             Setup:-      75                  
       Uncertainty:-    2000                  
     Required Time:=    3925                  
      Launch Clock:-       0                  
         Data Path:-    4013                  
             Slack:=     -88                  

#---------------------------------------------------------------------------------------------------------------------
#           Timing Point            Flags    Arc    Edge       Cell         Fanout  Load Trans Delay Arrival Instance 
#                                                                                   (fF)  (ps)  (ps)   (ps)  Location 
#---------------------------------------------------------------------------------------------------------------------
  csm_inst_round_counter_reg[0]/clk -       -       R     (arrival)            536     -  2000     0       0    (-,-) 
  csm_inst_round_counter_reg[0]/q   (u)     clk->q  F     unmapped_d_flop      163 652.0     0   594     594    (-,-) 
  csm_inst_g37424/z                 (u)     in_0->z R     unmapped_nand2         9  36.0     0   252     846    (-,-) 
  csm_inst_g37217/z                 (u)     in_1->z R     unmapped_complex2     38 152.0     0   327    1173    (-,-) 
  csm_inst_g36766/z                 (u)     in_1->z R     unmapped_complex2      2   8.0     0   166    1339    (-,-) 
  csm_inst_g36173/z                 (u)     in_0->z F     unmapped_nand2         1   4.0     0   122    1461    (-,-) 
  csm_inst_g35864/z                 (u)     in_0->z F     unmapped_or2           1   4.0     0   122    1583    (-,-) 
  csm_inst_g35508/z                 (u)     in_1->z F     unmapped_or2           1   4.0     0   122    1706    (-,-) 
  csm_inst_g35495/z                 (u)     in_0->z F     unmapped_complex2      1   4.0     0   122    1828    (-,-) 
  csm_inst_g35362/z                 (u)     in_1->z R     unmapped_complex2      1   4.0     0   122    1950    (-,-) 
  csm_inst_g35334/z                 (u)     in_0->z F     unmapped_complex2      2   8.0     0   166    2116    (-,-) 
  csm_inst_g35251/z                 (u)     in_1->z R     unmapped_complex2      1   4.0     0   122    2238    (-,-) 
  csm_inst_g35252/z                 (u)     in_1->z F     unmapped_nand2        11  44.0     0   262    2500    (-,-) 
  csm_inst_g35037/z                 (u)     in_1->z F     unmapped_complex2      8  32.0     0   248    2747    (-,-) 
  csm_inst_g34884/z                 (u)     in_1->z F     unmapped_or2           1   4.0     0   122    2869    (-,-) 
  csm_inst_g34724/z                 (u)     in_1->z R     unmapped_nand2         1   4.0     0   122    2992    (-,-) 
  csm_inst_g34430/z                 (u)     in_0->z F     unmapped_complex2      1   4.0     0   122    3114    (-,-) 
  csm_inst_g34158/z                 (u)     in_0->z R     unmapped_nand2         1   4.0     0   122    3236    (-,-) 
  csm_inst_g28717/z                 (u)     in_0->z R     unmapped_or2           2   8.0     0   166    3402    (-,-) 
  csm_inst_g33984/z                 (u)     in_0->z F     unmapped_complex2      1   4.0     0   122    3524    (-,-) 
  csm_inst_g33957/z                 (u)     in_1->z R     unmapped_nand2         1   4.0     0   122    3646    (-,-) 
  csm_inst_g33880/z                 (u)     in_0->z R     unmapped_complex2      1   4.0     0   122    3769    (-,-) 
  csm_inst_g33808/z                 (u)     in_0->z R     unmapped_complex2      1   4.0     0   122    3891    (-,-) 
  csm_inst_g33796/z                 (u)     in_0->z R     unmapped_or2           1   4.0     0   122    4013    (-,-) 
  csm_inst_right_reg_reg[15]/d      -       -       R     unmapped_d_flop        1     -     -     0    4013    (-,-) 
#---------------------------------------------------------------------------------------------------------------------

(u) : Net has unmapped pin(s).



Path 27: VIOLATED (-57 ps) Setup Check with Pin csm_inst_right_reg_reg[22]/clk->d
          Group: C2C
     Startpoint: (R) csm_inst_round_counter_reg[0]/clk
          Clock: (R) clk
       Endpoint: (R) csm_inst_right_reg_reg[22]/d
          Clock: (R) clk

                     Capture       Launch     
        Clock Edge:+    6000            0     
       Src Latency:+       0            0     
       Net Latency:+       0 (I)        0 (I) 
           Arrival:=    6000            0     
                                              
             Setup:-      75                  
       Uncertainty:-    2000                  
     Required Time:=    3925                  
      Launch Clock:-       0                  
         Data Path:-    3982                  
             Slack:=     -57                  

#---------------------------------------------------------------------------------------------------------------------
#           Timing Point            Flags    Arc    Edge       Cell         Fanout  Load Trans Delay Arrival Instance 
#                                                                                   (fF)  (ps)  (ps)   (ps)  Location 
#---------------------------------------------------------------------------------------------------------------------
  csm_inst_round_counter_reg[0]/clk -       -       R     (arrival)            536     -  2000     0       0    (-,-) 
  csm_inst_round_counter_reg[0]/q   (u)     clk->q  R     unmapped_d_flop      163 652.0     0   594     594    (-,-) 
  csm_inst_g37416/z                 (u)     in_0->z R     unmapped_or2          11  44.0     0   262     856    (-,-) 
  csm_inst_g37088/z                 (u)     in_1->z R     unmapped_or2          35 140.0     0   323    1178    (-,-) 
  csm_inst_g36801/z                 (u)     in_0->z R     unmapped_complex2      2   8.0     0   166    1344    (-,-) 
  csm_inst_g36157/z                 (u)     in_0->z F     unmapped_nand2         1   4.0     0   122    1466    (-,-) 
  csm_inst_g35915/z                 (u)     in_1->z F     unmapped_or2           1   4.0     0   122    1589    (-,-) 
  csm_inst_g35532/z                 (u)     in_0->z F     unmapped_complex2      1   4.0     0   122    1711    (-,-) 
  csm_inst_g35456/z                 (u)     in_0->z F     unmapped_complex2      1   4.0     0   122    1833    (-,-) 
  csm_inst_g35389/z                 (u)     in_1->z R     unmapped_complex2      1   4.0     0   122    1955    (-,-) 
  csm_inst_g35325/z                 (u)     in_0->z F     unmapped_complex2      2   8.0     0   166    2121    (-,-) 
  csm_inst_g35248/z                 (u)     in_1->z R     unmapped_complex2      1   4.0     0   122    2244    (-,-) 
  csm_inst_g35249/z                 (u)     in_1->z F     unmapped_nand2        11  44.0     0   262    2505    (-,-) 
  csm_inst_g35051/z                 (u)     in_1->z R     unmapped_complex2      1   4.0     0   122    2627    (-,-) 
  csm_inst_g35052/z                 (u)     in_1->z F     unmapped_nand2         4  16.0     0   211    2838    (-,-) 
  csm_inst_g34910/z                 (u)     in_0->z R     unmapped_complex2      1   4.0     0   122    2961    (-,-) 
  csm_inst_g34443/z                 (u)     in_0->z F     unmapped_nand2         1   4.0     0   122    3083    (-,-) 
  csm_inst_g34107/z                 (u)     in_0->z F     unmapped_complex2      1   4.0     0   122    3205    (-,-) 
  csm_inst_g34034/z                 (u)     in_0->z R     unmapped_nand2         1   4.0     0   122    3327    (-,-) 
  csm_inst_g34016/z                 (u)     in_0->z F     unmapped_nand2         2   8.0     0   166    3493    (-,-) 
  csm_inst_g33908/z                 (u)     in_1->z F     unmapped_or2           1   4.0     0   122    3616    (-,-) 
  csm_inst_g33849/z                 (u)     in_1->z F     unmapped_or2           1   4.0     0   122    3738    (-,-) 
  csm_inst_g33839/z                 (u)     in_1->z R     unmapped_nand2         1   4.0     0   122    3860    (-,-) 
  csm_inst_g33790/z                 (u)     in_1->z R     unmapped_or2           1   4.0     0   122    3982    (-,-) 
  csm_inst_right_reg_reg[22]/d      -       -       R     unmapped_d_flop        1     -     -     0    3982    (-,-) 
#---------------------------------------------------------------------------------------------------------------------

(u) : Net has unmapped pin(s).



Path 28: VIOLATED (-56 ps) Setup Check with Pin csm_inst_right_reg_reg[3]/clk->d
          Group: C2C
     Startpoint: (R) csm_inst_round_counter_reg[0]/clk
          Clock: (R) clk
       Endpoint: (R) csm_inst_right_reg_reg[3]/d
          Clock: (R) clk

                     Capture       Launch     
        Clock Edge:+    6000            0     
       Src Latency:+       0            0     
       Net Latency:+       0 (I)        0 (I) 
           Arrival:=    6000            0     
                                              
             Setup:-      75                  
       Uncertainty:-    2000                  
     Required Time:=    3925                  
      Launch Clock:-       0                  
         Data Path:-    3980                  
             Slack:=     -56                  

#---------------------------------------------------------------------------------------------------------------------
#           Timing Point            Flags    Arc    Edge       Cell         Fanout  Load Trans Delay Arrival Instance 
#                                                                                   (fF)  (ps)  (ps)   (ps)  Location 
#---------------------------------------------------------------------------------------------------------------------
  csm_inst_round_counter_reg[0]/clk -       -       R     (arrival)            536     -  2000     0       0    (-,-) 
  csm_inst_round_counter_reg[0]/q   (u)     clk->q  F     unmapped_d_flop      163 652.0     0   594     594    (-,-) 
  csm_inst_g37416/z                 (u)     in_0->z F     unmapped_or2          11  44.0     0   262     856    (-,-) 
  csm_inst_g37088/z                 (u)     in_1->z F     unmapped_or2          35 140.0     0   323    1178    (-,-) 
  csm_inst_g36498/z                 (u)     in_0->z F     unmapped_complex2      2   8.0     0   166    1344    (-,-) 
  csm_inst_g36272/z                 (u)     in_1->z R     unmapped_nand2         1   4.0     0   122    1466    (-,-) 
  csm_inst_g35895/z                 (u)     in_1->z R     unmapped_or2           1   4.0     0   122    1589    (-,-) 
  csm_inst_g35593/z                 (u)     in_0->z R     unmapped_complex2      1   4.0     0   122    1711    (-,-) 
  csm_inst_g35469/z                 (u)     in_0->z R     unmapped_complex2      1   4.0     0   122    1833    (-,-) 
  csm_inst_g35378/z                 (u)     in_1->z F     unmapped_nand2         1   4.0     0   122    1955    (-,-) 
  csm_inst_g35330/z                 (u)     in_0->z R     unmapped_complex2      2   8.0     0   166    2121    (-,-) 
  csm_inst_g35242/z                 (u)     in_1->z F     unmapped_complex2      1   4.0     0   122    2244    (-,-) 
  csm_inst_g35243/z                 (u)     in_1->z R     unmapped_nand2        10  40.0     0   257    2500    (-,-) 
  csm_inst_g34953/z                 (u)     in_1->z R     unmapped_complex2      4  16.0     0   211    2712    (-,-) 
  csm_inst_g34954/z                 (u)     in_1->z F     unmapped_nand2         8  32.0     0   248    2959    (-,-) 
  csm_inst_g34500/z                 (u)     in_0->z R     unmapped_complex2      1   4.0     0   122    3081    (-,-) 
  csm_inst_g34380/z                 (u)     in_1->z F     unmapped_nand2         1   4.0     0   122    3204    (-,-) 
  csm_inst_g34154/z                 (u)     in_0->z R     unmapped_complex2      1   4.0     0   122    3326    (-,-) 
  csm_inst_g33976/z                 (u)     in_1->z F     unmapped_complex2      2   8.0     0   166    3492    (-,-) 
  csm_inst_g33929/z                 (u)     in_0->z F     unmapped_or2           1   4.0     0   122    3614    (-,-) 
  csm_inst_g33890/z                 (u)     in_1->z F     unmapped_or2           1   4.0     0   122    3736    (-,-) 
  csm_inst_g33827/z                 (u)     in_0->z R     unmapped_complex2      1   4.0     0   122    3858    (-,-) 
  csm_inst_g33786/z                 (u)     in_1->z R     unmapped_or2           1   4.0     0   122    3980    (-,-) 
  csm_inst_right_reg_reg[3]/d       -       -       R     unmapped_d_flop        1     -     -     0    3980    (-,-) 
#---------------------------------------------------------------------------------------------------------------------

(u) : Net has unmapped pin(s).



Path 29: VIOLATED (-52 ps) Setup Check with Pin csm_inst_right_reg_reg[12]/clk->d
          Group: C2C
     Startpoint: (R) csm_inst_round_counter_reg[0]/clk
          Clock: (R) clk
       Endpoint: (R) csm_inst_right_reg_reg[12]/d
          Clock: (R) clk

                     Capture       Launch     
        Clock Edge:+    6000            0     
       Src Latency:+       0            0     
       Net Latency:+       0 (I)        0 (I) 
           Arrival:=    6000            0     
                                              
             Setup:-      75                  
       Uncertainty:-    2000                  
     Required Time:=    3925                  
      Launch Clock:-       0                  
         Data Path:-    3976                  
             Slack:=     -52                  

#---------------------------------------------------------------------------------------------------------------------
#           Timing Point            Flags    Arc    Edge       Cell         Fanout  Load Trans Delay Arrival Instance 
#                                                                                   (fF)  (ps)  (ps)   (ps)  Location 
#---------------------------------------------------------------------------------------------------------------------
  csm_inst_round_counter_reg[0]/clk -       -       R     (arrival)            536     -  2000     0       0    (-,-) 
  csm_inst_round_counter_reg[0]/q   (u)     clk->q  F     unmapped_d_flop      163 652.0     0   594     594    (-,-) 
  csm_inst_g37424/z                 (u)     in_0->z R     unmapped_nand2         9  36.0     0   252     846    (-,-) 
  csm_inst_g37217/z                 (u)     in_1->z R     unmapped_complex2     38 152.0     0   327    1173    (-,-) 
  csm_inst_g36568/z                 (u)     in_0->z R     unmapped_complex2      2   8.0     0   166    1339    (-,-) 
  csm_inst_g36141/z                 (u)     in_1->z F     unmapped_nand2         1   4.0     0   122    1461    (-,-) 
  csm_inst_g35890/z                 (u)     in_1->z F     unmapped_or2           1   4.0     0   122    1583    (-,-) 
  csm_inst_g35540/z                 (u)     in_0->z F     unmapped_complex2      1   4.0     0   122    1706    (-,-) 
  csm_inst_g35445/z                 (u)     in_0->z F     unmapped_complex2      1   4.0     0   122    1828    (-,-) 
  csm_inst_g35392/z                 (u)     in_1->z R     unmapped_nand2         1   4.0     0   122    1950    (-,-) 
  csm_inst_g35350/z                 (u)     in_0->z F     unmapped_complex2      2   8.0     0   166    2116    (-,-) 
  csm_inst_g35202/z                 (u)     in_1->z R     unmapped_complex2      1   4.0     0   122    2238    (-,-) 
  csm_inst_g35203/z                 (u)     in_1->z F     unmapped_nand2        17  68.0     0   287    2525    (-,-) 
  csm_inst_g35042/z                 (u)     in_0->z R     unmapped_complex2      7  28.0     0   240    2766    (-,-) 
  csm_inst_g34941/z                 (u)     in_1->z R     unmapped_or2           3  12.0     0   189    2955    (-,-) 
  csm_inst_g34524/z                 (u)     in_1->z R     unmapped_or2           1   4.0     0   122    3077    (-,-) 
  csm_inst_g34356/z                 (u)     in_1->z F     unmapped_nand2         1   4.0     0   122    3199    (-,-) 
  csm_inst_g34162/z                 (u)     in_1->z F     unmapped_complex2      1   4.0     0   122    3322    (-,-) 
  csm_inst_g34094/z                 (u)     in_1->z F     unmapped_or2           2   8.0     0   166    3488    (-,-) 
  csm_inst_g33996/z                 (u)     in_0->z F     unmapped_complex2      1   4.0     0   122    3610    (-,-) 
  csm_inst_g33926/z                 (u)     in_1->z F     unmapped_or2           1   4.0     0   122    3732    (-,-) 
  csm_inst_g33886/z                 (u)     in_1->z R     unmapped_complex2      1   4.0     0   122    3854    (-,-) 
  csm_inst_g33835/z                 (u)     in_1->z R     unmapped_or2           1   4.0     0   122    3976    (-,-) 
  csm_inst_right_reg_reg[12]/d      -       -       R     unmapped_d_flop        1     -     -     0    3976    (-,-) 
#---------------------------------------------------------------------------------------------------------------------

(u) : Net has unmapped pin(s).



Path 30: VIOLATED (-38 ps) Setup Check with Pin csm_inst_right_reg_reg[1]/clk->d
          Group: C2C
     Startpoint: (R) csm_inst_round_counter_reg[0]/clk
          Clock: (R) clk
       Endpoint: (R) csm_inst_right_reg_reg[1]/d
          Clock: (R) clk

                     Capture       Launch     
        Clock Edge:+    6000            0     
       Src Latency:+       0            0     
       Net Latency:+       0 (I)        0 (I) 
           Arrival:=    6000            0     
                                              
             Setup:-      75                  
       Uncertainty:-    2000                  
     Required Time:=    3925                  
      Launch Clock:-       0                  
         Data Path:-    3963                  
             Slack:=     -38                  

#---------------------------------------------------------------------------------------------------------------------
#           Timing Point            Flags    Arc    Edge       Cell         Fanout  Load Trans Delay Arrival Instance 
#                                                                                   (fF)  (ps)  (ps)   (ps)  Location 
#---------------------------------------------------------------------------------------------------------------------
  csm_inst_round_counter_reg[0]/clk -       -       R     (arrival)            536     -  2000     0       0    (-,-) 
  csm_inst_round_counter_reg[0]/q   (u)     clk->q  F     unmapped_d_flop      163 652.0     0   594     594    (-,-) 
  csm_inst_g37416/z                 (u)     in_0->z F     unmapped_or2          11  44.0     0   262     856    (-,-) 
  csm_inst_g37088/z                 (u)     in_1->z F     unmapped_or2          35 140.0     0   323    1178    (-,-) 
  csm_inst_g36732/z                 (u)     in_0->z F     unmapped_complex2      2   8.0     0   166    1344    (-,-) 
  csm_inst_g35959/z                 (u)     in_1->z R     unmapped_nand2         1   4.0     0   122    1466    (-,-) 
  csm_inst_g35839/z                 (u)     in_0->z R     unmapped_or2           1   4.0     0   122    1589    (-,-) 
  csm_inst_g35517/z                 (u)     in_0->z R     unmapped_or2           1   4.0     0   122    1711    (-,-) 
  csm_inst_g35482/z                 (u)     in_0->z R     unmapped_complex2      1   4.0     0   122    1833    (-,-) 
  csm_inst_g35370/z                 (u)     in_1->z F     unmapped_complex2      1   4.0     0   122    1955    (-,-) 
  csm_inst_g35322/z                 (u)     in_0->z R     unmapped_complex2      2   8.0     0   166    2121    (-,-) 
  csm_inst_g35196/z                 (u)     in_1->z F     unmapped_complex2      1   4.0     0   122    2244    (-,-) 
  csm_inst_g35197/z                 (u)     in_1->z R     unmapped_nand2        14  56.0     0   276    2519    (-,-) 
  csm_inst_g35142/z                 (u)     in_0->z F     unmapped_nand2         6  24.0     0   233    2752    (-,-) 
  csm_inst_g34847/z                 (u)     in_0->z F     unmapped_complex2      3  12.0     0   189    2942    (-,-) 
  csm_inst_g34591/z                 (u)     in_1->z F     unmapped_or2           1   4.0     0   122    3064    (-,-) 
  csm_inst_g34276/z                 (u)     in_0->z R     unmapped_nand2         1   4.0     0   122    3186    (-,-) 
  csm_inst_g34213/z                 (u)     in_0->z F     unmapped_complex2      1   4.0     0   122    3308    (-,-) 
  csm_inst_g34081/z                 (u)     in_1->z R     unmapped_complex2      2   8.0     0   166    3474    (-,-) 
  csm_inst_g34012/z                 (u)     in_0->z F     unmapped_complex2      1   4.0     0   122    3596    (-,-) 
  csm_inst_g33967/z                 (u)     in_1->z R     unmapped_nand2         1   4.0     0   122    3719    (-,-) 
  csm_inst_g33879/z                 (u)     in_1->z R     unmapped_or2           1   4.0     0   122    3841    (-,-) 
  csm_inst_g33815/z                 (u)     in_0->z R     unmapped_complex2      1   4.0     0   122    3963    (-,-) 
  csm_inst_right_reg_reg[1]/d       -       -       R     unmapped_d_flop        1     -     -     0    3963    (-,-) 
#---------------------------------------------------------------------------------------------------------------------

(u) : Net has unmapped pin(s).



Path 31: VIOLATED (-29 ps) Setup Check with Pin csm_inst_right_reg_reg[20]/clk->d
          Group: C2C
     Startpoint: (R) csm_inst_round_counter_reg[0]/clk
          Clock: (R) clk
       Endpoint: (R) csm_inst_right_reg_reg[20]/d
          Clock: (R) clk

                     Capture       Launch     
        Clock Edge:+    6000            0     
       Src Latency:+       0            0     
       Net Latency:+       0 (I)        0 (I) 
           Arrival:=    6000            0     
                                              
             Setup:-      75                  
       Uncertainty:-    2000                  
     Required Time:=    3925                  
      Launch Clock:-       0                  
         Data Path:-    3954                  
             Slack:=     -29                  

#---------------------------------------------------------------------------------------------------------------------
#           Timing Point            Flags    Arc    Edge       Cell         Fanout  Load Trans Delay Arrival Instance 
#                                                                                   (fF)  (ps)  (ps)   (ps)  Location 
#---------------------------------------------------------------------------------------------------------------------
  csm_inst_round_counter_reg[0]/clk -       -       R     (arrival)            536     -  2000     0       0    (-,-) 
  csm_inst_round_counter_reg[0]/q   (u)     clk->q  F     unmapped_d_flop      163 652.0     0   594     594    (-,-) 
  csm_inst_g37416/z                 (u)     in_0->z F     unmapped_or2          11  44.0     0   262     856    (-,-) 
  csm_inst_g37088/z                 (u)     in_1->z F     unmapped_or2          35 140.0     0   323    1178    (-,-) 
  csm_inst_g36582/z                 (u)     in_0->z F     unmapped_complex2      2   8.0     0   166    1344    (-,-) 
  csm_inst_g36026/z                 (u)     in_1->z R     unmapped_nand2         1   4.0     0   122    1466    (-,-) 
  csm_inst_g35732/z                 (u)     in_1->z R     unmapped_or2           1   4.0     0   122    1589    (-,-) 
  csm_inst_g35526/z                 (u)     in_0->z R     unmapped_complex2      1   4.0     0   122    1711    (-,-) 
  csm_inst_g35467/z                 (u)     in_0->z R     unmapped_complex2      1   4.0     0   122    1833    (-,-) 
  csm_inst_g35380/z                 (u)     in_1->z F     unmapped_nand2         1   4.0     0   122    1955    (-,-) 
  csm_inst_g35333/z                 (u)     in_0->z R     unmapped_complex2      2   8.0     0   166    2121    (-,-) 
  csm_inst_g35286/z                 (u)     in_1->z F     unmapped_complex2      1   4.0     0   122    2244    (-,-) 
  csm_inst_g35287/z                 (u)     in_1->z R     unmapped_nand2        12  48.0     0   266    2510    (-,-) 
  csm_inst_g34980/z                 (u)     in_1->z F     unmapped_nand2         4  16.0     0   211    2721    (-,-) 
  csm_inst_g34723/z                 (u)     in_0->z F     unmapped_complex2      4  16.0     0   211    2932    (-,-) 
  csm_inst_g34344/z                 (u)     in_1->z F     unmapped_or2           1   4.0     0   122    3054    (-,-) 
  csm_inst_g34136/z                 (u)     in_0->z R     unmapped_nand2         1   4.0     0   122    3176    (-,-) 
  csm_inst_g28534/z                 (u)     in_0->z R     unmapped_or2           2   8.0     0   166    3342    (-,-) 
  csm_inst_g33980/z                 (u)     in_0->z F     unmapped_complex2      1   4.0     0   122    3465    (-,-) 
  csm_inst_g33965/z                 (u)     in_1->z R     unmapped_nand2         1   4.0     0   122    3587    (-,-) 
  csm_inst_g33870/z                 (u)     in_0->z R     unmapped_complex2      1   4.0     0   122    3709    (-,-) 
  csm_inst_g33813/z                 (u)     in_0->z R     unmapped_complex2      1   4.0     0   122    3831    (-,-) 
  csm_inst_g33800/z                 (u)     in_0->z R     unmapped_or2           1   4.0     0   122    3954    (-,-) 
  csm_inst_right_reg_reg[20]/d      -       -       R     unmapped_d_flop        1     -     -     0    3954    (-,-) 
#---------------------------------------------------------------------------------------------------------------------

(u) : Net has unmapped pin(s).



Path 32: VIOLATED (-8 ps) Setup Check with Pin csm_inst_right_reg_reg[0]/clk->d
          Group: C2C
     Startpoint: (R) csm_inst_round_counter_reg[0]/clk
          Clock: (R) clk
       Endpoint: (R) csm_inst_right_reg_reg[0]/d
          Clock: (R) clk

                     Capture       Launch     
        Clock Edge:+    6000            0     
       Src Latency:+       0            0     
       Net Latency:+       0 (I)        0 (I) 
           Arrival:=    6000            0     
                                              
             Setup:-      75                  
       Uncertainty:-    2000                  
     Required Time:=    3925                  
      Launch Clock:-       0                  
         Data Path:-    3933                  
             Slack:=      -8                  

#---------------------------------------------------------------------------------------------------------------------
#           Timing Point            Flags    Arc    Edge       Cell         Fanout  Load Trans Delay Arrival Instance 
#                                                                                   (fF)  (ps)  (ps)   (ps)  Location 
#---------------------------------------------------------------------------------------------------------------------
  csm_inst_round_counter_reg[0]/clk -       -       R     (arrival)            536     -  2000     0       0    (-,-) 
  csm_inst_round_counter_reg[0]/q   (u)     clk->q  F     unmapped_d_flop      163 652.0     0   594     594    (-,-) 
  csm_inst_g37416/z                 (u)     in_0->z F     unmapped_or2          11  44.0     0   262     856    (-,-) 
  csm_inst_g37088/z                 (u)     in_1->z F     unmapped_or2          35 140.0     0   323    1178    (-,-) 
  csm_inst_g36498/z                 (u)     in_0->z F     unmapped_complex2      2   8.0     0   166    1344    (-,-) 
  csm_inst_g35944/z                 (u)     in_1->z R     unmapped_nand2         1   4.0     0   122    1466    (-,-) 
  csm_inst_g35624/z                 (u)     in_1->z R     unmapped_or2           1   4.0     0   122    1589    (-,-) 
  csm_inst_g35576/z                 (u)     in_0->z R     unmapped_complex2      1   4.0     0   122    1711    (-,-) 
  csm_inst_g35427/z                 (u)     in_0->z R     unmapped_complex2      1   4.0     0   122    1833    (-,-) 
  csm_inst_g35397/z                 (u)     in_1->z F     unmapped_complex2      1   4.0     0   122    1955    (-,-) 
  csm_inst_g35353/z                 (u)     in_0->z R     unmapped_complex2      2   8.0     0   166    2121    (-,-) 
  csm_inst_g35263/z                 (u)     in_1->z F     unmapped_complex2      1   4.0     0   122    2244    (-,-) 
  csm_inst_g35264/z                 (u)     in_1->z R     unmapped_nand2        18  72.0     0   289    2533    (-,-) 
  csm_inst_g35092/z                 (u)     in_0->z F     unmapped_nand2         3  12.0     0   189    2722    (-,-) 
  csm_inst_g34702/z                 (u)     in_0->z F     unmapped_or2           3  12.0     0   189    2912    (-,-) 
  csm_inst_g34327/z                 (u)     in_0->z R     unmapped_nand2         1   4.0     0   122    3034    (-,-) 
  csm_inst_g34187/z                 (u)     in_0->z F     unmapped_nand2         1   4.0     0   122    3156    (-,-) 
  csm_inst_g34042/z                 (u)     in_1->z R     unmapped_nand2         1   4.0     0   122    3278    (-,-) 
  csm_inst_g33979/z                 (u)     in_0->z R     unmapped_complex2      2   8.0     0   166    3444    (-,-) 
  csm_inst_g33954/z                 (u)     in_0->z F     unmapped_complex2      1   4.0     0   122    3566    (-,-) 
  csm_inst_g33878/z                 (u)     in_1->z R     unmapped_nand2         1   4.0     0   122    3688    (-,-) 
  csm_inst_g33841/z                 (u)     in_1->z R     unmapped_or2           1   4.0     0   122    3811    (-,-) 
  csm_inst_g33802/z                 (u)     in_1->z R     unmapped_complex2      1   4.0     0   122    3933    (-,-) 
  csm_inst_right_reg_reg[0]/d       -       -       R     unmapped_d_flop        1     -     -     0    3933    (-,-) 
#---------------------------------------------------------------------------------------------------------------------

(u) : Net has unmapped pin(s).



Path 33: MET (2201 ps) Setup Check with Pin spi_inst_bit_count_reg[6]/clk->d
          Group: C2C
     Startpoint: (R) spi_inst_bit_count_reg[0]/clk
          Clock: (R) clk
       Endpoint: (R) spi_inst_bit_count_reg[6]/d
          Clock: (R) clk

                     Capture       Launch     
        Clock Edge:+    6000            0     
       Src Latency:+       0            0     
       Net Latency:+       0 (I)        0 (I) 
           Arrival:=    6000            0     
                                              
             Setup:-     270                  
       Uncertainty:-    2000                  
     Required Time:=    3730                  
      Launch Clock:-       0                  
         Data Path:-    1529                  
             Slack:=    2201                  

#----------------------------------------------------------------------------------------------------------------
#         Timing Point          Flags    Arc    Edge       Cell         Fanout Load Trans Delay Arrival Instance 
#                                                                              (fF)  (ps)  (ps)   (ps)  Location 
#----------------------------------------------------------------------------------------------------------------
  spi_inst_bit_count_reg[0]/clk -       -       R     (arrival)            536    -  2000     0       0    (-,-) 
  spi_inst_bit_count_reg[0]/q   (u)     clk->q  R     unmapped_d_flop        5 20.0     0   361     361    (-,-) 
  g1613/z                       (u)     in_1->z F     unmapped_nand2         3 12.0     0   189     550    (-,-) 
  g1765/z                       (u)     in_1->z F     unmapped_complex2      3 12.0     0   189     740    (-,-) 
  g1768/z                       (u)     in_1->z F     unmapped_complex2      3 12.0     0   189     929    (-,-) 
  g1833/z                       (u)     in_1->z F     unmapped_complex2      3 12.0     0   189    1118    (-,-) 
  g1996/z                       (u)     in_1->z F     unmapped_complex2      2  8.0     0   166    1284    (-,-) 
  g2609/z                       (u)     in_0->z F     unmapped_or2           1  4.0     0   122    1407    (-,-) 
  g2610/z                       (u)     in_1->z R     unmapped_nand2         1  4.0     0   122    1529    (-,-) 
  spi_inst_bit_count_reg[6]/d   -       -       R     unmapped_d_flop        1    -     -     0    1529    (-,-) 
#----------------------------------------------------------------------------------------------------------------

(u) : Net has unmapped pin(s).



Path 34: MET (2263 ps) Setup Check with Pin csm_inst_round_counter_reg[3]/clk->d
          Group: C2C
     Startpoint: (R) csm_inst_round_counter_reg[0]/clk
          Clock: (R) clk
       Endpoint: (R) csm_inst_round_counter_reg[3]/d
          Clock: (R) clk

                     Capture       Launch     
        Clock Edge:+    6000            0     
       Src Latency:+       0            0     
       Net Latency:+       0 (I)        0 (I) 
           Arrival:=    6000            0     
                                              
             Setup:-      75                  
       Uncertainty:-    2000                  
     Required Time:=    3925                  
      Launch Clock:-       0                  
         Data Path:-    1662                  
             Slack:=    2263                  

#---------------------------------------------------------------------------------------------------------------------
#           Timing Point            Flags    Arc    Edge       Cell         Fanout  Load Trans Delay Arrival Instance 
#                                                                                   (fF)  (ps)  (ps)   (ps)  Location 
#---------------------------------------------------------------------------------------------------------------------
  csm_inst_round_counter_reg[0]/clk -       -       R     (arrival)            536     -  2000     0       0    (-,-) 
  csm_inst_round_counter_reg[0]/q   (u)     clk->q  F     unmapped_d_flop      163 652.0     0   594     594    (-,-) 
  csm_inst_g37424/z                 (u)     in_0->z R     unmapped_nand2         9  36.0     0   252     846    (-,-) 
  csm_inst_g37217/z                 (u)     in_1->z R     unmapped_complex2     38 152.0     0   327    1173    (-,-) 
  csm_inst_g36480/z                 (u)     in_0->z F     unmapped_complex2      1   4.0     0   122    1295    (-,-) 
  csm_inst_g36280/z                 (u)     in_0->z R     unmapped_complex2      1   4.0     0   122    1417    (-,-) 
  csm_inst_g35798/z                 (u)     in_0->z F     unmapped_nand2         1   4.0     0   122    1540    (-,-) 
  csm_inst_g35510/z                 (u)     in_1->z R     unmapped_nand2         1   4.0     0   122    1662    (-,-) 
  csm_inst_round_counter_reg[3]/d   -       -       R     unmapped_d_flop        1     -     -     0    1662    (-,-) 
#---------------------------------------------------------------------------------------------------------------------

(u) : Net has unmapped pin(s).



Path 35: MET (2367 ps) Setup Check with Pin spi_inst_bit_count_reg[5]/clk->d
          Group: C2C
     Startpoint: (R) spi_inst_bit_count_reg[0]/clk
          Clock: (R) clk
       Endpoint: (R) spi_inst_bit_count_reg[5]/d
          Clock: (R) clk

                     Capture       Launch     
        Clock Edge:+    6000            0     
       Src Latency:+       0            0     
       Net Latency:+       0 (I)        0 (I) 
           Arrival:=    6000            0     
                                              
             Setup:-     270                  
       Uncertainty:-    2000                  
     Required Time:=    3730                  
      Launch Clock:-       0                  
         Data Path:-    1363                  
             Slack:=    2367                  

#----------------------------------------------------------------------------------------------------------------
#         Timing Point          Flags    Arc    Edge       Cell         Fanout Load Trans Delay Arrival Instance 
#                                                                              (fF)  (ps)  (ps)   (ps)  Location 
#----------------------------------------------------------------------------------------------------------------
  spi_inst_bit_count_reg[0]/clk -       -       R     (arrival)            536    -  2000     0       0    (-,-) 
  spi_inst_bit_count_reg[0]/q   (u)     clk->q  R     unmapped_d_flop        5 20.0     0   361     361    (-,-) 
  g1613/z                       (u)     in_1->z F     unmapped_nand2         3 12.0     0   189     550    (-,-) 
  g1765/z                       (u)     in_1->z F     unmapped_complex2      3 12.0     0   189     740    (-,-) 
  g1768/z                       (u)     in_1->z F     unmapped_complex2      3 12.0     0   189     929    (-,-) 
  g1833/z                       (u)     in_1->z F     unmapped_complex2      3 12.0     0   189    1118    (-,-) 
  g2766/z                       (u)     in_1->z F     unmapped_or2           1  4.0     0   122    1241    (-,-) 
  g2767/z                       (u)     in_1->z R     unmapped_nand2         1  4.0     0   122    1363    (-,-) 
  spi_inst_bit_count_reg[5]/d   -       -       R     unmapped_d_flop        1    -     -     0    1363    (-,-) 
#----------------------------------------------------------------------------------------------------------------

(u) : Net has unmapped pin(s).



Path 36: MET (2385 ps) Setup Check with Pin csm_inst_state_reg[0]/clk->d
          Group: C2C
     Startpoint: (R) csm_inst_round_counter_reg[0]/clk
          Clock: (R) clk
       Endpoint: (R) csm_inst_state_reg[0]/d
          Clock: (R) clk

                     Capture       Launch     
        Clock Edge:+    6000            0     
       Src Latency:+       0            0     
       Net Latency:+       0 (I)        0 (I) 
           Arrival:=    6000            0     
                                              
             Setup:-      75                  
       Uncertainty:-    2000                  
     Required Time:=    3925                  
      Launch Clock:-       0                  
         Data Path:-    1540                  
             Slack:=    2385                  

#---------------------------------------------------------------------------------------------------------------------
#           Timing Point            Flags    Arc    Edge       Cell         Fanout  Load Trans Delay Arrival Instance 
#                                                                                   (fF)  (ps)  (ps)   (ps)  Location 
#---------------------------------------------------------------------------------------------------------------------
  csm_inst_round_counter_reg[0]/clk -       -       R     (arrival)            536     -  2000     0       0    (-,-) 
  csm_inst_round_counter_reg[0]/q   (u)     clk->q  R     unmapped_d_flop      163 652.0     0   594     594    (-,-) 
  csm_inst_g37424/z                 (u)     in_0->z F     unmapped_nand2         9  36.0     0   252     846    (-,-) 
  csm_inst_g37217/z                 (u)     in_1->z F     unmapped_complex2     38 152.0     0   327    1173    (-,-) 
  csm_inst_g36440/z                 (u)     in_1->z F     unmapped_complex2      1   4.0     0   122    1295    (-,-) 
  csm_inst_g36295/z                 (u)     in_1->z F     unmapped_or2           1   4.0     0   122    1417    (-,-) 
  csm_inst_g35820/z                 (u)     in_1->z R     unmapped_nand2         1   4.0     0   122    1540    (-,-) 
  csm_inst_state_reg[0]/d           -       -       R     unmapped_d_flop        1     -     -     0    1540    (-,-) 
#---------------------------------------------------------------------------------------------------------------------

(u) : Net has unmapped pin(s).



Path 37: MET (2556 ps) Setup Check with Pin spi_inst_bit_count_reg[4]/clk->d
          Group: C2C
     Startpoint: (R) spi_inst_bit_count_reg[0]/clk
          Clock: (R) clk
       Endpoint: (R) spi_inst_bit_count_reg[4]/d
          Clock: (R) clk

                     Capture       Launch     
        Clock Edge:+    6000            0     
       Src Latency:+       0            0     
       Net Latency:+       0 (I)        0 (I) 
           Arrival:=    6000            0     
                                              
             Setup:-     270                  
       Uncertainty:-    2000                  
     Required Time:=    3730                  
      Launch Clock:-       0                  
         Data Path:-    1173                  
             Slack:=    2556                  

#----------------------------------------------------------------------------------------------------------------
#         Timing Point          Flags    Arc    Edge       Cell         Fanout Load Trans Delay Arrival Instance 
#                                                                              (fF)  (ps)  (ps)   (ps)  Location 
#----------------------------------------------------------------------------------------------------------------
  spi_inst_bit_count_reg[0]/clk -       -       R     (arrival)            536    -  2000     0       0    (-,-) 
  spi_inst_bit_count_reg[0]/q   (u)     clk->q  R     unmapped_d_flop        5 20.0     0   361     361    (-,-) 
  g1613/z                       (u)     in_1->z F     unmapped_nand2         3 12.0     0   189     550    (-,-) 
  g1765/z                       (u)     in_1->z F     unmapped_complex2      3 12.0     0   189     740    (-,-) 
  g1768/z                       (u)     in_1->z F     unmapped_complex2      3 12.0     0   189     929    (-,-) 
  g2836/z                       (u)     in_1->z F     unmapped_or2           1  4.0     0   122    1051    (-,-) 
  g2837/z                       (u)     in_1->z R     unmapped_nand2         1  4.0     0   122    1173    (-,-) 
  spi_inst_bit_count_reg[4]/d   -       -       R     unmapped_d_flop        1    -     -     0    1173    (-,-) 
#----------------------------------------------------------------------------------------------------------------

(u) : Net has unmapped pin(s).



Path 38: MET (2560 ps) Setup Check with Pin spi_inst_shift_out_reg[62]/clk->d
          Group: C2C
     Startpoint: (R) spi_inst_bit_count_reg[6]/clk
          Clock: (R) clk
       Endpoint: (R) spi_inst_shift_out_reg[62]/d
          Clock: (R) clk

                     Capture       Launch     
        Clock Edge:+    6000            0     
       Src Latency:+       0            0     
       Net Latency:+       0 (I)        0 (I) 
           Arrival:=    6000            0     
                                              
             Setup:-      75                  
       Uncertainty:-    2000                  
     Required Time:=    3925                  
      Launch Clock:-       0                  
         Data Path:-    1365                  
             Slack:=    2560                  

#-----------------------------------------------------------------------------------------------------------------
#         Timing Point          Flags    Arc    Edge       Cell         Fanout  Load Trans Delay Arrival Instance 
#                                                                               (fF)  (ps)  (ps)   (ps)  Location 
#-----------------------------------------------------------------------------------------------------------------
  spi_inst_bit_count_reg[6]/clk -       -       R     (arrival)            536     -  2000     0       0    (-,-) 
  spi_inst_bit_count_reg[6]/q   (u)     clk->q  R     unmapped_d_flop        4  16.0     0   348     348    (-,-) 
  g3094/z                       (u)     in_1->z R     unmapped_complex2      1   4.0     0   122     470    (-,-) 
  g3091/z                       (u)     in_0->z R     unmapped_or2           2   8.0     0   166     636    (-,-) 
  g2944/z                       (u)     in_1->z F     unmapped_complex2      1   4.0     0   122     759    (-,-) 
  g2817/z                       (u)     in_1->z R     unmapped_complex2     64 256.0     0   362    1121    (-,-) 
  g2688/z                       (u)     in_1->z F     unmapped_nand2         1   4.0     0   122    1243    (-,-) 
  g2566/z                       (u)     in_1->z R     unmapped_complex2      1   4.0     0   122    1365    (-,-) 
  spi_inst_shift_out_reg[62]/d  -       -       R     unmapped_d_flop        1     -     -     0    1365    (-,-) 
#-----------------------------------------------------------------------------------------------------------------

(u) : Net has unmapped pin(s).



Path 39: MET (2560 ps) Setup Check with Pin spi_inst_shift_out_reg[61]/clk->d
          Group: C2C
     Startpoint: (R) spi_inst_bit_count_reg[6]/clk
          Clock: (R) clk
       Endpoint: (R) spi_inst_shift_out_reg[61]/d
          Clock: (R) clk

                     Capture       Launch     
        Clock Edge:+    6000            0     
       Src Latency:+       0            0     
       Net Latency:+       0 (I)        0 (I) 
           Arrival:=    6000            0     
                                              
             Setup:-      75                  
       Uncertainty:-    2000                  
     Required Time:=    3925                  
      Launch Clock:-       0                  
         Data Path:-    1365                  
             Slack:=    2560                  

#-----------------------------------------------------------------------------------------------------------------
#         Timing Point          Flags    Arc    Edge       Cell         Fanout  Load Trans Delay Arrival Instance 
#                                                                               (fF)  (ps)  (ps)   (ps)  Location 
#-----------------------------------------------------------------------------------------------------------------
  spi_inst_bit_count_reg[6]/clk -       -       R     (arrival)            536     -  2000     0       0    (-,-) 
  spi_inst_bit_count_reg[6]/q   (u)     clk->q  R     unmapped_d_flop        4  16.0     0   348     348    (-,-) 
  g3094/z                       (u)     in_1->z R     unmapped_complex2      1   4.0     0   122     470    (-,-) 
  g3091/z                       (u)     in_0->z R     unmapped_or2           2   8.0     0   166     636    (-,-) 
  g2944/z                       (u)     in_1->z F     unmapped_complex2      1   4.0     0   122     759    (-,-) 
  g2817/z                       (u)     in_1->z R     unmapped_complex2     64 256.0     0   362    1121    (-,-) 
  g2713/z                       (u)     in_1->z F     unmapped_nand2         1   4.0     0   122    1243    (-,-) 
  g2564/z                       (u)     in_1->z R     unmapped_complex2      1   4.0     0   122    1365    (-,-) 
  spi_inst_shift_out_reg[61]/d  -       -       R     unmapped_d_flop        1     -     -     0    1365    (-,-) 
#-----------------------------------------------------------------------------------------------------------------

(u) : Net has unmapped pin(s).



Path 40: MET (2560 ps) Setup Check with Pin spi_inst_shift_out_reg[60]/clk->d
          Group: C2C
     Startpoint: (R) spi_inst_bit_count_reg[6]/clk
          Clock: (R) clk
       Endpoint: (R) spi_inst_shift_out_reg[60]/d
          Clock: (R) clk

                     Capture       Launch     
        Clock Edge:+    6000            0     
       Src Latency:+       0            0     
       Net Latency:+       0 (I)        0 (I) 
           Arrival:=    6000            0     
                                              
             Setup:-      75                  
       Uncertainty:-    2000                  
     Required Time:=    3925                  
      Launch Clock:-       0                  
         Data Path:-    1365                  
             Slack:=    2560                  

#-----------------------------------------------------------------------------------------------------------------
#         Timing Point          Flags    Arc    Edge       Cell         Fanout  Load Trans Delay Arrival Instance 
#                                                                               (fF)  (ps)  (ps)   (ps)  Location 
#-----------------------------------------------------------------------------------------------------------------
  spi_inst_bit_count_reg[6]/clk -       -       R     (arrival)            536     -  2000     0       0    (-,-) 
  spi_inst_bit_count_reg[6]/q   (u)     clk->q  R     unmapped_d_flop        4  16.0     0   348     348    (-,-) 
  g3094/z                       (u)     in_1->z R     unmapped_complex2      1   4.0     0   122     470    (-,-) 
  g3091/z                       (u)     in_0->z R     unmapped_or2           2   8.0     0   166     636    (-,-) 
  g2944/z                       (u)     in_1->z F     unmapped_complex2      1   4.0     0   122     759    (-,-) 
  g2817/z                       (u)     in_1->z R     unmapped_complex2     64 256.0     0   362    1121    (-,-) 
  g2698/z                       (u)     in_1->z F     unmapped_nand2         1   4.0     0   122    1243    (-,-) 
  g2565/z                       (u)     in_1->z R     unmapped_complex2      1   4.0     0   122    1365    (-,-) 
  spi_inst_shift_out_reg[60]/d  -       -       R     unmapped_d_flop        1     -     -     0    1365    (-,-) 
#-----------------------------------------------------------------------------------------------------------------

(u) : Net has unmapped pin(s).



Path 41: MET (2560 ps) Setup Check with Pin spi_inst_shift_out_reg[59]/clk->d
          Group: C2C
     Startpoint: (R) spi_inst_bit_count_reg[6]/clk
          Clock: (R) clk
       Endpoint: (R) spi_inst_shift_out_reg[59]/d
          Clock: (R) clk

                     Capture       Launch     
        Clock Edge:+    6000            0     
       Src Latency:+       0            0     
       Net Latency:+       0 (I)        0 (I) 
           Arrival:=    6000            0     
                                              
             Setup:-      75                  
       Uncertainty:-    2000                  
     Required Time:=    3925                  
      Launch Clock:-       0                  
         Data Path:-    1365                  
             Slack:=    2560                  

#-----------------------------------------------------------------------------------------------------------------
#         Timing Point          Flags    Arc    Edge       Cell         Fanout  Load Trans Delay Arrival Instance 
#                                                                               (fF)  (ps)  (ps)   (ps)  Location 
#-----------------------------------------------------------------------------------------------------------------
  spi_inst_bit_count_reg[6]/clk -       -       R     (arrival)            536     -  2000     0       0    (-,-) 
  spi_inst_bit_count_reg[6]/q   (u)     clk->q  R     unmapped_d_flop        4  16.0     0   348     348    (-,-) 
  g3094/z                       (u)     in_1->z R     unmapped_complex2      1   4.0     0   122     470    (-,-) 
  g3091/z                       (u)     in_0->z R     unmapped_or2           2   8.0     0   166     636    (-,-) 
  g2944/z                       (u)     in_1->z F     unmapped_complex2      1   4.0     0   122     759    (-,-) 
  g2817/z                       (u)     in_1->z R     unmapped_complex2     64 256.0     0   362    1121    (-,-) 
  g2745/z                       (u)     in_1->z F     unmapped_nand2         1   4.0     0   122    1243    (-,-) 
  g2562/z                       (u)     in_1->z R     unmapped_complex2      1   4.0     0   122    1365    (-,-) 
  spi_inst_shift_out_reg[59]/d  -       -       R     unmapped_d_flop        1     -     -     0    1365    (-,-) 
#-----------------------------------------------------------------------------------------------------------------

(u) : Net has unmapped pin(s).



Path 42: MET (2560 ps) Setup Check with Pin spi_inst_shift_out_reg[58]/clk->d
          Group: C2C
     Startpoint: (R) spi_inst_bit_count_reg[6]/clk
          Clock: (R) clk
       Endpoint: (R) spi_inst_shift_out_reg[58]/d
          Clock: (R) clk

                     Capture       Launch     
        Clock Edge:+    6000            0     
       Src Latency:+       0            0     
       Net Latency:+       0 (I)        0 (I) 
           Arrival:=    6000            0     
                                              
             Setup:-      75                  
       Uncertainty:-    2000                  
     Required Time:=    3925                  
      Launch Clock:-       0                  
         Data Path:-    1365                  
             Slack:=    2560                  

#-----------------------------------------------------------------------------------------------------------------
#         Timing Point          Flags    Arc    Edge       Cell         Fanout  Load Trans Delay Arrival Instance 
#                                                                               (fF)  (ps)  (ps)   (ps)  Location 
#-----------------------------------------------------------------------------------------------------------------
  spi_inst_bit_count_reg[6]/clk -       -       R     (arrival)            536     -  2000     0       0    (-,-) 
  spi_inst_bit_count_reg[6]/q   (u)     clk->q  R     unmapped_d_flop        4  16.0     0   348     348    (-,-) 
  g3094/z                       (u)     in_1->z R     unmapped_complex2      1   4.0     0   122     470    (-,-) 
  g3091/z                       (u)     in_0->z R     unmapped_or2           2   8.0     0   166     636    (-,-) 
  g2944/z                       (u)     in_1->z F     unmapped_complex2      1   4.0     0   122     759    (-,-) 
  g2817/z                       (u)     in_1->z R     unmapped_complex2     64 256.0     0   362    1121    (-,-) 
  g2791/z                       (u)     in_1->z F     unmapped_nand2         1   4.0     0   122    1243    (-,-) 
  g2598/z                       (u)     in_1->z R     unmapped_complex2      1   4.0     0   122    1365    (-,-) 
  spi_inst_shift_out_reg[58]/d  -       -       R     unmapped_d_flop        1     -     -     0    1365    (-,-) 
#-----------------------------------------------------------------------------------------------------------------

(u) : Net has unmapped pin(s).



Path 43: MET (2560 ps) Setup Check with Pin spi_inst_shift_out_reg[57]/clk->d
          Group: C2C
     Startpoint: (R) spi_inst_bit_count_reg[6]/clk
          Clock: (R) clk
       Endpoint: (R) spi_inst_shift_out_reg[57]/d
          Clock: (R) clk

                     Capture       Launch     
        Clock Edge:+    6000            0     
       Src Latency:+       0            0     
       Net Latency:+       0 (I)        0 (I) 
           Arrival:=    6000            0     
                                              
             Setup:-      75                  
       Uncertainty:-    2000                  
     Required Time:=    3925                  
      Launch Clock:-       0                  
         Data Path:-    1365                  
             Slack:=    2560                  

#-----------------------------------------------------------------------------------------------------------------
#         Timing Point          Flags    Arc    Edge       Cell         Fanout  Load Trans Delay Arrival Instance 
#                                                                               (fF)  (ps)  (ps)   (ps)  Location 
#-----------------------------------------------------------------------------------------------------------------
  spi_inst_bit_count_reg[6]/clk -       -       R     (arrival)            536     -  2000     0       0    (-,-) 
  spi_inst_bit_count_reg[6]/q   (u)     clk->q  R     unmapped_d_flop        4  16.0     0   348     348    (-,-) 
  g3094/z                       (u)     in_1->z R     unmapped_complex2      1   4.0     0   122     470    (-,-) 
  g3091/z                       (u)     in_0->z R     unmapped_or2           2   8.0     0   166     636    (-,-) 
  g2944/z                       (u)     in_1->z F     unmapped_complex2      1   4.0     0   122     759    (-,-) 
  g2817/z                       (u)     in_1->z R     unmapped_complex2     64 256.0     0   362    1121    (-,-) 
  g2617/z                       (u)     in_1->z F     unmapped_nand2         1   4.0     0   122    1243    (-,-) 
  g2548/z                       (u)     in_0->z R     unmapped_complex2      1   4.0     0   122    1365    (-,-) 
  spi_inst_shift_out_reg[57]/d  -       -       R     unmapped_d_flop        1     -     -     0    1365    (-,-) 
#-----------------------------------------------------------------------------------------------------------------

(u) : Net has unmapped pin(s).



Path 44: MET (2560 ps) Setup Check with Pin spi_inst_shift_out_reg[56]/clk->d
          Group: C2C
     Startpoint: (R) spi_inst_bit_count_reg[6]/clk
          Clock: (R) clk
       Endpoint: (R) spi_inst_shift_out_reg[56]/d
          Clock: (R) clk

                     Capture       Launch     
        Clock Edge:+    6000            0     
       Src Latency:+       0            0     
       Net Latency:+       0 (I)        0 (I) 
           Arrival:=    6000            0     
                                              
             Setup:-      75                  
       Uncertainty:-    2000                  
     Required Time:=    3925                  
      Launch Clock:-       0                  
         Data Path:-    1365                  
             Slack:=    2560                  

#-----------------------------------------------------------------------------------------------------------------
#         Timing Point          Flags    Arc    Edge       Cell         Fanout  Load Trans Delay Arrival Instance 
#                                                                               (fF)  (ps)  (ps)   (ps)  Location 
#-----------------------------------------------------------------------------------------------------------------
  spi_inst_bit_count_reg[6]/clk -       -       R     (arrival)            536     -  2000     0       0    (-,-) 
  spi_inst_bit_count_reg[6]/q   (u)     clk->q  R     unmapped_d_flop        4  16.0     0   348     348    (-,-) 
  g3094/z                       (u)     in_1->z R     unmapped_complex2      1   4.0     0   122     470    (-,-) 
  g3091/z                       (u)     in_0->z R     unmapped_or2           2   8.0     0   166     636    (-,-) 
  g2944/z                       (u)     in_1->z F     unmapped_complex2      1   4.0     0   122     759    (-,-) 
  g2817/z                       (u)     in_1->z R     unmapped_complex2     64 256.0     0   362    1121    (-,-) 
  g2706/z                       (u)     in_1->z F     unmapped_nand2         1   4.0     0   122    1243    (-,-) 
  g2555/z                       (u)     in_1->z R     unmapped_complex2      1   4.0     0   122    1365    (-,-) 
  spi_inst_shift_out_reg[56]/d  -       -       R     unmapped_d_flop        1     -     -     0    1365    (-,-) 
#-----------------------------------------------------------------------------------------------------------------

(u) : Net has unmapped pin(s).



Path 45: MET (2560 ps) Setup Check with Pin spi_inst_shift_out_reg[55]/clk->d
          Group: C2C
     Startpoint: (R) spi_inst_bit_count_reg[6]/clk
          Clock: (R) clk
       Endpoint: (R) spi_inst_shift_out_reg[55]/d
          Clock: (R) clk

                     Capture       Launch     
        Clock Edge:+    6000            0     
       Src Latency:+       0            0     
       Net Latency:+       0 (I)        0 (I) 
           Arrival:=    6000            0     
                                              
             Setup:-      75                  
       Uncertainty:-    2000                  
     Required Time:=    3925                  
      Launch Clock:-       0                  
         Data Path:-    1365                  
             Slack:=    2560                  

#-----------------------------------------------------------------------------------------------------------------
#         Timing Point          Flags    Arc    Edge       Cell         Fanout  Load Trans Delay Arrival Instance 
#                                                                               (fF)  (ps)  (ps)   (ps)  Location 
#-----------------------------------------------------------------------------------------------------------------
  spi_inst_bit_count_reg[6]/clk -       -       R     (arrival)            536     -  2000     0       0    (-,-) 
  spi_inst_bit_count_reg[6]/q   (u)     clk->q  R     unmapped_d_flop        4  16.0     0   348     348    (-,-) 
  g3094/z                       (u)     in_1->z R     unmapped_complex2      1   4.0     0   122     470    (-,-) 
  g3091/z                       (u)     in_0->z R     unmapped_or2           2   8.0     0   166     636    (-,-) 
  g2944/z                       (u)     in_1->z F     unmapped_complex2      1   4.0     0   122     759    (-,-) 
  g2817/z                       (u)     in_1->z R     unmapped_complex2     64 256.0     0   362    1121    (-,-) 
  g2760/z                       (u)     in_1->z F     unmapped_nand2         1   4.0     0   122    1243    (-,-) 
  g2561/z                       (u)     in_1->z R     unmapped_complex2      1   4.0     0   122    1365    (-,-) 
  spi_inst_shift_out_reg[55]/d  -       -       R     unmapped_d_flop        1     -     -     0    1365    (-,-) 
#-----------------------------------------------------------------------------------------------------------------

(u) : Net has unmapped pin(s).



Path 46: MET (2560 ps) Setup Check with Pin spi_inst_shift_out_reg[54]/clk->d
          Group: C2C
     Startpoint: (R) spi_inst_bit_count_reg[6]/clk
          Clock: (R) clk
       Endpoint: (R) spi_inst_shift_out_reg[54]/d
          Clock: (R) clk

                     Capture       Launch     
        Clock Edge:+    6000            0     
       Src Latency:+       0            0     
       Net Latency:+       0 (I)        0 (I) 
           Arrival:=    6000            0     
                                              
             Setup:-      75                  
       Uncertainty:-    2000                  
     Required Time:=    3925                  
      Launch Clock:-       0                  
         Data Path:-    1365                  
             Slack:=    2560                  

#-----------------------------------------------------------------------------------------------------------------
#         Timing Point          Flags    Arc    Edge       Cell         Fanout  Load Trans Delay Arrival Instance 
#                                                                               (fF)  (ps)  (ps)   (ps)  Location 
#-----------------------------------------------------------------------------------------------------------------
  spi_inst_bit_count_reg[6]/clk -       -       R     (arrival)            536     -  2000     0       0    (-,-) 
  spi_inst_bit_count_reg[6]/q   (u)     clk->q  R     unmapped_d_flop        4  16.0     0   348     348    (-,-) 
  g3094/z                       (u)     in_1->z R     unmapped_complex2      1   4.0     0   122     470    (-,-) 
  g3091/z                       (u)     in_0->z R     unmapped_or2           2   8.0     0   166     636    (-,-) 
  g2944/z                       (u)     in_1->z F     unmapped_complex2      1   4.0     0   122     759    (-,-) 
  g2817/z                       (u)     in_1->z R     unmapped_complex2     64 256.0     0   362    1121    (-,-) 
  g2658/z                       (u)     in_1->z F     unmapped_nand2         1   4.0     0   122    1243    (-,-) 
  g2568/z                       (u)     in_1->z R     unmapped_complex2      1   4.0     0   122    1365    (-,-) 
  spi_inst_shift_out_reg[54]/d  -       -       R     unmapped_d_flop        1     -     -     0    1365    (-,-) 
#-----------------------------------------------------------------------------------------------------------------

(u) : Net has unmapped pin(s).



Path 47: MET (2560 ps) Setup Check with Pin spi_inst_shift_out_reg[53]/clk->d
          Group: C2C
     Startpoint: (R) spi_inst_bit_count_reg[6]/clk
          Clock: (R) clk
       Endpoint: (R) spi_inst_shift_out_reg[53]/d
          Clock: (R) clk

                     Capture       Launch     
        Clock Edge:+    6000            0     
       Src Latency:+       0            0     
       Net Latency:+       0 (I)        0 (I) 
           Arrival:=    6000            0     
                                              
             Setup:-      75                  
       Uncertainty:-    2000                  
     Required Time:=    3925                  
      Launch Clock:-       0                  
         Data Path:-    1365                  
             Slack:=    2560                  

#-----------------------------------------------------------------------------------------------------------------
#         Timing Point          Flags    Arc    Edge       Cell         Fanout  Load Trans Delay Arrival Instance 
#                                                                               (fF)  (ps)  (ps)   (ps)  Location 
#-----------------------------------------------------------------------------------------------------------------
  spi_inst_bit_count_reg[6]/clk -       -       R     (arrival)            536     -  2000     0       0    (-,-) 
  spi_inst_bit_count_reg[6]/q   (u)     clk->q  R     unmapped_d_flop        4  16.0     0   348     348    (-,-) 
  g3094/z                       (u)     in_1->z R     unmapped_complex2      1   4.0     0   122     470    (-,-) 
  g3091/z                       (u)     in_0->z R     unmapped_or2           2   8.0     0   166     636    (-,-) 
  g2944/z                       (u)     in_1->z F     unmapped_complex2      1   4.0     0   122     759    (-,-) 
  g2817/z                       (u)     in_1->z R     unmapped_complex2     64 256.0     0   362    1121    (-,-) 
  g2616/z                       (u)     in_1->z F     unmapped_nand2         1   4.0     0   122    1243    (-,-) 
  g2571/z                       (u)     in_1->z R     unmapped_complex2      1   4.0     0   122    1365    (-,-) 
  spi_inst_shift_out_reg[53]/d  -       -       R     unmapped_d_flop        1     -     -     0    1365    (-,-) 
#-----------------------------------------------------------------------------------------------------------------

(u) : Net has unmapped pin(s).



Path 48: MET (2560 ps) Setup Check with Pin spi_inst_shift_out_reg[52]/clk->d
          Group: C2C
     Startpoint: (R) spi_inst_bit_count_reg[6]/clk
          Clock: (R) clk
       Endpoint: (R) spi_inst_shift_out_reg[52]/d
          Clock: (R) clk

                     Capture       Launch     
        Clock Edge:+    6000            0     
       Src Latency:+       0            0     
       Net Latency:+       0 (I)        0 (I) 
           Arrival:=    6000            0     
                                              
             Setup:-      75                  
       Uncertainty:-    2000                  
     Required Time:=    3925                  
      Launch Clock:-       0                  
         Data Path:-    1365                  
             Slack:=    2560                  

#-----------------------------------------------------------------------------------------------------------------
#         Timing Point          Flags    Arc    Edge       Cell         Fanout  Load Trans Delay Arrival Instance 
#                                                                               (fF)  (ps)  (ps)   (ps)  Location 
#-----------------------------------------------------------------------------------------------------------------
  spi_inst_bit_count_reg[6]/clk -       -       R     (arrival)            536     -  2000     0       0    (-,-) 
  spi_inst_bit_count_reg[6]/q   (u)     clk->q  R     unmapped_d_flop        4  16.0     0   348     348    (-,-) 
  g3094/z                       (u)     in_1->z R     unmapped_complex2      1   4.0     0   122     470    (-,-) 
  g3091/z                       (u)     in_0->z R     unmapped_or2           2   8.0     0   166     636    (-,-) 
  g2944/z                       (u)     in_1->z F     unmapped_complex2      1   4.0     0   122     759    (-,-) 
  g2817/z                       (u)     in_1->z R     unmapped_complex2     64 256.0     0   362    1121    (-,-) 
  g2673/z                       (u)     in_1->z F     unmapped_nand2         1   4.0     0   122    1243    (-,-) 
  g2587/z                       (u)     in_1->z R     unmapped_complex2      1   4.0     0   122    1365    (-,-) 
  spi_inst_shift_out_reg[52]/d  -       -       R     unmapped_d_flop        1     -     -     0    1365    (-,-) 
#-----------------------------------------------------------------------------------------------------------------

(u) : Net has unmapped pin(s).



Path 49: MET (2560 ps) Setup Check with Pin spi_inst_shift_out_reg[51]/clk->d
          Group: C2C
     Startpoint: (R) spi_inst_bit_count_reg[6]/clk
          Clock: (R) clk
       Endpoint: (R) spi_inst_shift_out_reg[51]/d
          Clock: (R) clk

                     Capture       Launch     
        Clock Edge:+    6000            0     
       Src Latency:+       0            0     
       Net Latency:+       0 (I)        0 (I) 
           Arrival:=    6000            0     
                                              
             Setup:-      75                  
       Uncertainty:-    2000                  
     Required Time:=    3925                  
      Launch Clock:-       0                  
         Data Path:-    1365                  
             Slack:=    2560                  

#-----------------------------------------------------------------------------------------------------------------
#         Timing Point          Flags    Arc    Edge       Cell         Fanout  Load Trans Delay Arrival Instance 
#                                                                               (fF)  (ps)  (ps)   (ps)  Location 
#-----------------------------------------------------------------------------------------------------------------
  spi_inst_bit_count_reg[6]/clk -       -       R     (arrival)            536     -  2000     0       0    (-,-) 
  spi_inst_bit_count_reg[6]/q   (u)     clk->q  R     unmapped_d_flop        4  16.0     0   348     348    (-,-) 
  g3094/z                       (u)     in_1->z R     unmapped_complex2      1   4.0     0   122     470    (-,-) 
  g3091/z                       (u)     in_0->z R     unmapped_or2           2   8.0     0   166     636    (-,-) 
  g2944/z                       (u)     in_1->z F     unmapped_complex2      1   4.0     0   122     759    (-,-) 
  g2817/z                       (u)     in_1->z R     unmapped_complex2     64 256.0     0   362    1121    (-,-) 
  g2620/z                       (u)     in_1->z F     unmapped_nand2         1   4.0     0   122    1243    (-,-) 
  g2594/z                       (u)     in_1->z R     unmapped_complex2      1   4.0     0   122    1365    (-,-) 
  spi_inst_shift_out_reg[51]/d  -       -       R     unmapped_d_flop        1     -     -     0    1365    (-,-) 
#-----------------------------------------------------------------------------------------------------------------

(u) : Net has unmapped pin(s).



Path 50: MET (2560 ps) Setup Check with Pin spi_inst_shift_out_reg[50]/clk->d
          Group: C2C
     Startpoint: (R) spi_inst_bit_count_reg[6]/clk
          Clock: (R) clk
       Endpoint: (R) spi_inst_shift_out_reg[50]/d
          Clock: (R) clk

                     Capture       Launch     
        Clock Edge:+    6000            0     
       Src Latency:+       0            0     
       Net Latency:+       0 (I)        0 (I) 
           Arrival:=    6000            0     
                                              
             Setup:-      75                  
       Uncertainty:-    2000                  
     Required Time:=    3925                  
      Launch Clock:-       0                  
         Data Path:-    1365                  
             Slack:=    2560                  

#-----------------------------------------------------------------------------------------------------------------
#         Timing Point          Flags    Arc    Edge       Cell         Fanout  Load Trans Delay Arrival Instance 
#                                                                               (fF)  (ps)  (ps)   (ps)  Location 
#-----------------------------------------------------------------------------------------------------------------
  spi_inst_bit_count_reg[6]/clk -       -       R     (arrival)            536     -  2000     0       0    (-,-) 
  spi_inst_bit_count_reg[6]/q   (u)     clk->q  R     unmapped_d_flop        4  16.0     0   348     348    (-,-) 
  g3094/z                       (u)     in_1->z R     unmapped_complex2      1   4.0     0   122     470    (-,-) 
  g3091/z                       (u)     in_0->z R     unmapped_or2           2   8.0     0   166     636    (-,-) 
  g2944/z                       (u)     in_1->z F     unmapped_complex2      1   4.0     0   122     759    (-,-) 
  g2817/z                       (u)     in_1->z R     unmapped_complex2     64 256.0     0   362    1121    (-,-) 
  g2614/z                       (u)     in_1->z F     unmapped_nand2         1   4.0     0   122    1243    (-,-) 
  g2595/z                       (u)     in_1->z R     unmapped_complex2      1   4.0     0   122    1365    (-,-) 
  spi_inst_shift_out_reg[50]/d  -       -       R     unmapped_d_flop        1     -     -     0    1365    (-,-) 
#-----------------------------------------------------------------------------------------------------------------

(u) : Net has unmapped pin(s).

