============================================================
  Generated by:           Genus(TM) Synthesis Solution 21.15-s080_1
  Generated on:           Nov 30 2025  08:08:50 pm
  Module:                 TopModule
  Operating conditions:   PVT_1P8V_25C 
  Interconnect mode:      global
  Area mode:              timing library
============================================================


Path 1: MET (0 ps) Setup Check with Pin csm_inst_right_reg_reg[8]/CLK->D
          Group: C2C
     Startpoint: (R) csm_inst_round_counter_reg[3]/CLK
          Clock: (R) clk
       Endpoint: (F) csm_inst_right_reg_reg[8]/D
          Clock: (R) clk

                     Capture       Launch     
        Clock Edge:+    6000            0     
       Src Latency:+       0            0     
       Net Latency:+       0 (I)        0 (I) 
           Arrival:=    6000            0     
                                              
             Setup:-     459                  
       Uncertainty:-    2000                  
     Required Time:=    3541                  
      Launch Clock:-       0                  
         Data Path:-    3540                  
             Slack:=       0                  

#-----------------------------------------------------------------------------------------------------------
#           Timing Point            Flags    Arc   Edge   Cell     Fanout Load Trans Delay Arrival Instance 
#                                                                         (fF)  (ps)  (ps)   (ps)  Location 
#-----------------------------------------------------------------------------------------------------------
  csm_inst_round_counter_reg[3]/CLK -       -      R     (arrival)    536    -  2000     0       0    (-,-) 
  csm_inst_round_counter_reg[3]/Q   -       CLK->Q R     DFFQSRX1       1 10.1   165   259     259    (-,-) 
  g85171/Z                          -       A->Z   F     INVX4          2 27.4   113   101     360    (-,-) 
  g85131/Z                          -       A->Z   R     INVX8          2 37.3    89    81     441    (-,-) 
  g85130/Z                          -       A->Z   F     INVX8          2 17.6    49    47     488    (-,-) 
  g85129/Z                          -       A->Z   R     INVX4          4 21.1    91    70     558    (-,-) 
  g85128/Z                          -       A->Z   F     INVX2          2 12.0    85    75     633    (-,-) 
  g85127/Z                          -       A->Z   R     INVX2          2 11.0    99    84     717    (-,-) 
  g85053/Z                          -       A->Z   F     NAND2X1        3 15.2   169   118     835    (-,-) 
  g84790/Z                          -       A->Z   R     NAND2X1        2 10.6   202   162     997    (-,-) 
  g84584/Z                          -       A->Z   R     BUFX1          3 15.1   236   183    1180    (-,-) 
  g84189/Z                          -       B->Z   F     NAND2X1        1  6.8   102    86    1266    (-,-) 
  g83622/Z                          -       B->Z   R     NAND2X1        1  7.2   150   125    1392    (-,-) 
  g83440/Z                          -       A->Z   F     NOR2X1         1  7.3   119   113    1505    (-,-) 
  g82772/Z                          -       A->Z   R     NAND3X1        1  6.8   185   123    1628    (-,-) 
  g82539/Z                          -       A->Z   F     NAND2X1        1  7.3   109    90    1718    (-,-) 
  g82107/Z                          -       A->Z   R     NAND3X1        1  8.5   210   134    1852    (-,-) 
  g81715/Z                          -       S->Z   R     MUX2X1         1  7.7   134   148    2000    (-,-) 
  g81447/Z                          -       A->Z   F     INVX2          4 21.1   141   118    2118    (-,-) 
  g81446/Z                          -       A->Z   R     INVX2          4 22.1   184   149    2266    (-,-) 
  g81441/Z                          -       A->Z   F     INVX2          2 17.5   133   118    2384    (-,-) 
  g81142__2346/Z                    -       B->Z   R     NOR2X1         2 11.0   195   148    2532    (-,-) 
  g80918__5107/Z                    -       A->Z   F     NAND2X1        1  7.2   110    90    2622    (-,-) 
  g80627__9945/Z                    -       C->Z   R     NAND3X1        1  6.8   185   156    2779    (-,-) 
  g80369__2802/Z                    -       A->Z   F     NAND2X1        1  7.2   130    89    2868    (-,-) 
  g80286__7098/Z                    -       B->Z   R     NAND3X1        1  7.3   192   151    3019    (-,-) 
  g80238__2398/Z                    -       B->Z   F     NOR2X1         1 12.8   170   140    3159    (-,-) 
  g80203__9315/Z                    -       B->Z   F     XOR2X1         1  6.9    97   185    3344    (-,-) 
  g80166__1666/Z                    -       A->Z   R     NAND2X1        1  7.3   228   111    3455    (-,-) 
  g80147__1881/Z                    -       A->Z   F     NAND3X1        1  6.4   111    85    3540    (-,-) 
  csm_inst_right_reg_reg[8]/D       -       -      F     DFFQSRX1       1    -     -     0    3540    (-,-) 
#-----------------------------------------------------------------------------------------------------------



Path 2: MET (2 ps) Setup Check with Pin csm_inst_right_reg_reg[5]/CLK->D
          Group: C2C
     Startpoint: (R) csm_inst_round_counter_reg[3]/CLK
          Clock: (R) clk
       Endpoint: (F) csm_inst_right_reg_reg[5]/D
          Clock: (R) clk

                     Capture       Launch     
        Clock Edge:+    6000            0     
       Src Latency:+       0            0     
       Net Latency:+       0 (I)        0 (I) 
           Arrival:=    6000            0     
                                              
             Setup:-     459                  
       Uncertainty:-    2000                  
     Required Time:=    3541                  
      Launch Clock:-       0                  
         Data Path:-    3539                  
             Slack:=       2                  

#-----------------------------------------------------------------------------------------------------------
#           Timing Point            Flags    Arc   Edge   Cell     Fanout Load Trans Delay Arrival Instance 
#                                                                         (fF)  (ps)  (ps)   (ps)  Location 
#-----------------------------------------------------------------------------------------------------------
  csm_inst_round_counter_reg[3]/CLK -       -      R     (arrival)    536    -  2000     0       0    (-,-) 
  csm_inst_round_counter_reg[3]/Q   -       CLK->Q R     DFFQSRX1       1 10.1   165   259     259    (-,-) 
  g85171/Z                          -       A->Z   F     INVX4          2 27.4   113   101     360    (-,-) 
  g85131/Z                          -       A->Z   R     INVX8          2 37.3    89    81     441    (-,-) 
  g85130/Z                          -       A->Z   F     INVX8          2 17.6    49    47     488    (-,-) 
  g85125/Z                          -       A->Z   R     INVX4          2 12.4    60    51     539    (-,-) 
  g85124/Z                          -       A->Z   F     INVX2          2 12.8    86    70     610    (-,-) 
  g85123/Z                          -       A->Z   R     INVX2          2 11.0    99    84     694    (-,-) 
  g85048/Z                          -       A->Z   F     NAND2X1        3 15.3   169   118     812    (-,-) 
  g84710/Z                          -       A->Z   R     NAND2X1        2 10.6   202   162     974    (-,-) 
  g84379/Z                          -       B->Z   F     NAND2X1        2 11.4   158   112    1087    (-,-) 
  g83536/Z                          -       B->Z   R     NAND2X1        1  7.2   156   143    1230    (-,-) 
  g83352/Z                          -       A->Z   F     NOR2X1         1  7.3   120   115    1345    (-,-) 
  g82748/Z                          -       A->Z   R     NAND3X1        1  6.8   185   123    1468    (-,-) 
  g82467/Z                          -       A->Z   F     NAND2X1        1  6.9   106    87    1555    (-,-) 
  g82094/Z                          -       A->Z   R     NAND2X1        1  8.5   170   124    1679    (-,-) 
  g81711/Z                          -       S->Z   R     MUX2X1         3 23.7   363   277    1956    (-,-) 
  g81281/Z                          -       A->Z   F     NAND2X1        4 22.7   264   213    2169    (-,-) 
  g81105__2883/Z                    -       B->Z   F     AND2X1         2 14.8   154   224    2393    (-,-) 
  g81003/Z                          -       A->Z   R     INVX4          4 20.3   106    96    2490    (-,-) 
  g80865__5107/Z                    -       B->Z   R     OR2X1          2 11.5   185   164    2653    (-,-) 
  g80504__7098/Z                    -       A->Z   F     NAND2X1        1  6.9   105    87    2740    (-,-) 
  g80424__8246/Z                    -       A->Z   R     NAND2X1        1  7.3   178   114    2854    (-,-) 
  g80275__8428/Z                    -       A->Z   F     NAND3X1        1  7.3   109    87    2941    (-,-) 
  g80229__8246/Z                    -       B->Z   R     NOR2X1         1  7.3   142   111    3052    (-,-) 
  g80210__1881/Z                    -       A->Z   F     NAND3X1        1 12.8   144   111    3163    (-,-) 
  g80173__8246/Z                    -       B->Z   F     XOR2X1         1  6.9   108   176    3339    (-,-) 
  g80130__7098/Z                    -       A->Z   R     NAND2X1        1  7.3   228   115    3454    (-,-) 
  g80116__8428/Z                    -       A->Z   F     NAND3X1        1  6.4   111    85    3539    (-,-) 
  csm_inst_right_reg_reg[5]/D       -       -      F     DFFQSRX1       1    -     -     0    3539    (-,-) 
#-----------------------------------------------------------------------------------------------------------



Path 3: MET (5 ps) Setup Check with Pin csm_inst_right_reg_reg[21]/CLK->D
          Group: C2C
     Startpoint: (R) csm_inst_round_counter_reg[3]/CLK
          Clock: (R) clk
       Endpoint: (F) csm_inst_right_reg_reg[21]/D
          Clock: (R) clk

                     Capture       Launch     
        Clock Edge:+    6000            0     
       Src Latency:+       0            0     
       Net Latency:+       0 (I)        0 (I) 
           Arrival:=    6000            0     
                                              
             Setup:-     456                  
       Uncertainty:-    2000                  
     Required Time:=    3544                  
      Launch Clock:-       0                  
         Data Path:-    3539                  
             Slack:=       5                  

#-----------------------------------------------------------------------------------------------------------
#           Timing Point            Flags    Arc   Edge   Cell     Fanout Load Trans Delay Arrival Instance 
#                                                                         (fF)  (ps)  (ps)   (ps)  Location 
#-----------------------------------------------------------------------------------------------------------
  csm_inst_round_counter_reg[3]/CLK -       -      R     (arrival)    536    -  2000     0       0    (-,-) 
  csm_inst_round_counter_reg[3]/Q   -       CLK->Q R     DFFQSRX1       1 10.1   165   259     259    (-,-) 
  g85171/Z                          -       A->Z   F     INVX4          2 27.4   113   101     360    (-,-) 
  g85131/Z                          -       A->Z   R     INVX8          2 37.3    89    81     441    (-,-) 
  g85121/Z                          -       A->Z   F     INVX16         5 35.5    50    47     488    (-,-) 
  g85120/Z                          -       A->Z   F     BUFX1          2 12.0   125   125     613    (-,-) 
  g84911/Z                          -       A->Z   R     NAND2X1        2 10.6   198   148     761    (-,-) 
  g84829/Z                          -       A->Z   R     BUFX1          2 11.0   177   150     910    (-,-) 
  g84780/Z                          -       A->Z   F     NAND2X1        4 19.3   207   159    1069    (-,-) 
  g83764/Z                          -       A->Z   F     MUX2X1         2 11.2    98   229    1299    (-,-) 
  g83061/Z                          -       A->Z   R     NAND2X1        1  6.8   188   107    1406    (-,-) 
  g82894/Z                          -       A->Z   F     NAND2X1        1  7.3   110    90    1496    (-,-) 
  g82737/Z                          -       B->Z   R     NOR2X1         1  6.8   135   107    1603    (-,-) 
  g82080/Z                          -       B->Z   F     NAND2X1        1  8.5   108    88    1691    (-,-) 
  g81702/Z                          -       S->Z   R     MUX2X1         1 15.0   238   248    1939    (-,-) 
  g81367/Z                          -       A->Z   F     INVX8         10 46.3   118   103    2042    (-,-) 
  g81243/Z                          -       A->Z   F     AND2X1         1  7.2    84   127    2169    (-,-) 
  g81110__6783/Z                    -       A->Z   R     NOR2X1         4 23.5   367   247    2415    (-,-) 
  g81008/Z                          -       A->Z   F     INVX4          3 15.7   118    95    2510    (-,-) 
  g80861__5107/Z                    -       A->Z   R     NAND2X1        2 12.4   240   160    2670    (-,-) 
  g80465__2883/Z                    -       A->Z   F     NAND3X1        1  6.9   117    90    2760    (-,-) 
  g80319__7482/Z                    -       A->Z   R     NAND2X1        1  6.8   144   113    2873    (-,-) 
  g80270__8246/Z                    -       A->Z   F     NAND2X1        1  6.9   110    80    2953    (-,-) 
  g80232__6260/Z                    -       A->Z   R     NAND2X1        1  7.3   153   115    3069    (-,-) 
  g80227__5477/Z                    -       A->Z   F     NAND3X1        1  8.5   113    90    3159    (-,-) 
  g80177__2398/Z                    -       A->Z   R     XOR2X1         1  7.3   141   173    3332    (-,-) 
  g80134__5115/Z                    -       B->Z   R     OR2X1          1  7.3   127   134    3465    (-,-) 
  g80123__9315/Z                    -       A->Z   F     NAND3X1        1  6.4   101    74    3539    (-,-) 
  csm_inst_right_reg_reg[21]/D      -       -      F     DFFQSRX1       1    -     -     0    3539    (-,-) 
#-----------------------------------------------------------------------------------------------------------



Path 4: MET (8 ps) Setup Check with Pin csm_inst_right_reg_reg[22]/CLK->D
          Group: C2C
     Startpoint: (R) csm_inst_round_counter_reg[3]/CLK
          Clock: (R) clk
       Endpoint: (F) csm_inst_right_reg_reg[22]/D
          Clock: (R) clk

                     Capture       Launch     
        Clock Edge:+    6000            0     
       Src Latency:+       0            0     
       Net Latency:+       0 (I)        0 (I) 
           Arrival:=    6000            0     
                                              
             Setup:-     456                  
       Uncertainty:-    2000                  
     Required Time:=    3544                  
      Launch Clock:-       0                  
         Data Path:-    3536                  
             Slack:=       8                  

#-----------------------------------------------------------------------------------------------------------
#           Timing Point            Flags    Arc   Edge   Cell     Fanout Load Trans Delay Arrival Instance 
#                                                                         (fF)  (ps)  (ps)   (ps)  Location 
#-----------------------------------------------------------------------------------------------------------
  csm_inst_round_counter_reg[3]/CLK -       -      R     (arrival)    536    -  2000     0       0    (-,-) 
  csm_inst_round_counter_reg[3]/Q   -       CLK->Q F     DFFQSRX1       1 10.1   113   219     219    (-,-) 
  g85171/Z                          -       A->Z   R     INVX4          2 27.4   120   102     320    (-,-) 
  g85170/Z                          -       A->Z   F     INVX8          2 27.4    68    63     383    (-,-) 
  g85153/Z                          -       A->Z   R     INVX8          2 27.4    66    58     441    (-,-) 
  g85152/Z                          -       A->Z   F     INVX8          2 27.4    57    53     494    (-,-) 
  g85145/Z                          -       A->Z   R     INVX8          5 27.6    64    55     548    (-,-) 
  g85141/Z                          -       A->Z   F     INVX2          2 12.0    82    69     617    (-,-) 
  g85140/Z                          -       A->Z   R     INVX2          2 11.0    99    83     700    (-,-) 
  g84908/Z                          -       A->Z   F     NAND2X1        3 15.2   169   118     818    (-,-) 
  g84761/Z                          -       A->Z   R     NAND2X1        4 19.3   324   233    1052    (-,-) 
  g83804/Z                          -       B->Z   R     MUX2X1         2 11.0   180   190    1241    (-,-) 
  g83317/Z                          -       A->Z   F     NAND2X1        1  7.3   132    89    1331    (-,-) 
  g82953/Z                          -       A->Z   R     NAND3X1        1  7.2   191   130    1461    (-,-) 
  g82721/Z                          -       A->Z   F     NOR2X1         1  6.8   122   120    1581    (-,-) 
  g82100/Z                          -       B->Z   R     NAND2X1        1  8.5   170   143    1723    (-,-) 
  g81738/Z                          -       S->Z   F     MUX2X1         1  7.7    80   178    1902    (-,-) 
  g81649/Z                          -       A->Z   R     INVX2          2 15.2   128   101    2002    (-,-) 
  g81639/Z                          -       A->Z   F     INVX2          3 15.5   111    96    2098    (-,-) 
  g81178__6161/Z                    -       A->Z   R     NOR2X1         6 27.5   424   284    2382    (-,-) 
  g80978__1881/Z                    -       A->Z   R     AND2X1         4 19.8   305   235    2617    (-,-) 
  g80739__2802/Z                    -       A->Z   F     NAND2X1        1  7.2   130    99    2716    (-,-) 
  g80280__7098/Z                    -       C->Z   R     NAND3X1        1  7.3   192   167    2884    (-,-) 
  g80236__4319/Z                    -       B->Z   F     NOR2X1         1  7.3   126   106    2989    (-,-) 
  g80224__6417/Z                    -       A->Z   R     NAND3X1        1 12.8   272   175    3164    (-,-) 
  g80178__5107/Z                    -       B->Z   R     XOR2X1         1  7.3   130   166    3330    (-,-) 
  g80135__7482/Z                    -       B->Z   R     OR2X1          1  7.3   127   132    3462    (-,-) 
  g80124__2883/Z                    -       A->Z   F     NAND3X1        1  6.4   101    74    3536    (-,-) 
  csm_inst_right_reg_reg[22]/D      -       -      F     DFFQSRX1       1    -     -     0    3536    (-,-) 
#-----------------------------------------------------------------------------------------------------------



Path 5: MET (8 ps) Setup Check with Pin csm_inst_right_reg_reg[10]/CLK->D
          Group: C2C
     Startpoint: (R) csm_inst_round_counter_reg[3]/CLK
          Clock: (R) clk
       Endpoint: (F) csm_inst_right_reg_reg[10]/D
          Clock: (R) clk

                     Capture       Launch     
        Clock Edge:+    6000            0     
       Src Latency:+       0            0     
       Net Latency:+       0 (I)        0 (I) 
           Arrival:=    6000            0     
                                              
             Setup:-     456                  
       Uncertainty:-    2000                  
     Required Time:=    3544                  
      Launch Clock:-       0                  
         Data Path:-    3536                  
             Slack:=       8                  

#-----------------------------------------------------------------------------------------------------------
#           Timing Point            Flags    Arc   Edge   Cell     Fanout Load Trans Delay Arrival Instance 
#                                                                         (fF)  (ps)  (ps)   (ps)  Location 
#-----------------------------------------------------------------------------------------------------------
  csm_inst_round_counter_reg[3]/CLK -       -      R     (arrival)    536    -  2000     0       0    (-,-) 
  csm_inst_round_counter_reg[3]/Q   -       CLK->Q R     DFFQSRX1       1 10.1   165   259     259    (-,-) 
  g85171/Z                          -       A->Z   F     INVX4          2 27.4   113   101     360    (-,-) 
  g85131/Z                          -       A->Z   R     INVX8          2 37.3    89    81     441    (-,-) 
  g85121/Z                          -       A->Z   F     INVX16         5 35.5    50    47     488    (-,-) 
  g85113/Z                          -       A->Z   R     INVX8          5 33.5    73    59     547    (-,-) 
  g85112/Z                          -       A->Z   F     INVX8          3 29.9    61    57     604    (-,-) 
  g85108/Z                          -       A->Z   R     INVX8          8 37.6    81    67     671    (-,-) 
  g84922/Z                          -       A->Z   F     NAND2X1        3 15.2   169   114     784    (-,-) 
  g84731/Z                          -       B->Z   R     NAND2X1        3 15.1   265   212     997    (-,-) 
  g83759/Z                          -       B->Z   R     MUX2X1         2 11.0   180   187    1184    (-,-) 
  g83056/Z                          -       A->Z   F     NAND2X1        1  7.3   108    89    1273    (-,-) 
  g82870/Z                          -       A->Z   R     NAND3X1        1  7.3   192   124    1397    (-,-) 
  g82738/Z                          -       B->Z   F     NOR2X1         1  6.9   116   102    1499    (-,-) 
  g82436/Z                          -       A->Z   R     NAND2X1        1  6.8   145   113    1612    (-,-) 
  g82010/Z                          -       A->Z   F     NAND2X1        1  7.3   100    83    1695    (-,-) 
  g81989/Z                          -       A->Z   R     NAND3X1        1  8.5   210   131    1826    (-,-) 
  g81287/Z                          -       S->Z   R     MUX2X1         1  7.7   133   148    1974    (-,-) 
  g81232/Z                          -       A->Z   F     INVX2          3 17.0   119   103    2077    (-,-) 
  g81111__6417/Z                    -       A->Z   R     NAND2X1        4 21.1   350   232    2309    (-,-) 
  g81009/Z                          -       A->Z   F     INVX2          4 20.9   187   157    2466    (-,-) 
  g80818__6783/Z                    -       A->Z   R     NAND3X1        1  6.8   187   144    2610    (-,-) 
  g80515__5122/Z                    -       A->Z   R     AND2X1         1  7.3   124   126    2736    (-,-) 
  g80311__6131/Z                    -       A->Z   F     NAND3X1        1  7.3   100    78    2815    (-,-) 
  g80287__2802/Z                    -       B->Z   R     NOR2X1         1  7.3   142   108    2923    (-,-) 
  g80242__5115/Z                    -       A->Z   F     NAND3X1        1  7.2   100    81    3004    (-,-) 
  g80213__5115/Z                    -       A->Z   R     NOR2X1         1 12.8   221   163    3167    (-,-) 
  g80181__6131/Z                    -       B->Z   R     XOR2X1         1  7.3   133   162    3329    (-,-) 
  g80157__6783/Z                    -       B->Z   R     OR2X1          1  7.3   127   133    3462    (-,-) 
  g80118__6783/Z                    -       A->Z   F     NAND3X1        1  6.4   101    74    3536    (-,-) 
  csm_inst_right_reg_reg[10]/D      -       -      F     DFFQSRX1       1    -     -     0    3536    (-,-) 
#-----------------------------------------------------------------------------------------------------------



Path 6: MET (10 ps) Setup Check with Pin csm_inst_right_reg_reg[12]/CLK->D
          Group: C2C
     Startpoint: (R) csm_inst_round_counter_reg[3]/CLK
          Clock: (R) clk
       Endpoint: (F) csm_inst_right_reg_reg[12]/D
          Clock: (R) clk

                     Capture       Launch     
        Clock Edge:+    6000            0     
       Src Latency:+       0            0     
       Net Latency:+       0 (I)        0 (I) 
           Arrival:=    6000            0     
                                              
             Setup:-     459                  
       Uncertainty:-    2000                  
     Required Time:=    3541                  
      Launch Clock:-       0                  
         Data Path:-    3530                  
             Slack:=      10                  

#-----------------------------------------------------------------------------------------------------------
#           Timing Point            Flags    Arc   Edge   Cell     Fanout Load Trans Delay Arrival Instance 
#                                                                         (fF)  (ps)  (ps)   (ps)  Location 
#-----------------------------------------------------------------------------------------------------------
  csm_inst_round_counter_reg[3]/CLK -       -      R     (arrival)    536    -  2000     0       0    (-,-) 
  csm_inst_round_counter_reg[3]/Q   -       CLK->Q R     DFFQSRX1       1 10.1   165   259     259    (-,-) 
  g85171/Z                          -       A->Z   F     INVX4          2 27.4   113   101     360    (-,-) 
  g85131/Z                          -       A->Z   R     INVX8          2 37.3    89    81     441    (-,-) 
  g85121/Z                          -       A->Z   F     INVX16         5 35.5    50    47     488    (-,-) 
  g85120/Z                          -       A->Z   F     BUFX1          2 12.0   125   125     613    (-,-) 
  g85119/Z                          -       A->Z   R     INVX2          2 11.0   107    95     708    (-,-) 
  g85004/Z                          -       A->Z   F     NAND2X1        3 15.1   168   119     828    (-,-) 
  g84536/Z                          -       B->Z   R     NAND2X1        2 10.6   202   175    1003    (-,-) 
  g84395/Z                          -       A->Z   R     BUFX1          3 15.1   236   183    1186    (-,-) 
  g84272/Z                          -       A->Z   F     NAND2X1        1  6.8   114    90    1276    (-,-) 
  g83661/Z                          -       B->Z   R     NAND2X1        1  7.2   151   129    1406    (-,-) 
  g82949/Z                          -       A->Z   F     NOR2X1         1  7.3   119   114    1519    (-,-) 
  g82513/Z                          -       A->Z   R     NAND3X1        1  6.8   184   123    1642    (-,-) 
  g82013/Z                          -       A->Z   F     NAND2X1        1  6.9   105    87    1729    (-,-) 
  g81993/Z                          -       A->Z   R     NAND2X1        1  8.5   170   124    1853    (-,-) 
  g81286/Z                          -       S->Z   R     MUX2X1         4 20.3   314   249    2102    (-,-) 
  g81220/Z                          -       A->Z   F     INVX2          2 11.2   127   103    2206    (-,-) 
  g81113__4733/Z                    -       A->Z   R     NAND2X1        1 10.1   195   144    2350    (-,-) 
  g81011/Z                          -       A->Z   F     INVX4          8 36.9   143   129    2478    (-,-) 
  g80800__1705/Z                    -       A->Z   R     NAND2X1        1  6.8   149   121    2600    (-,-) 
  g80595__4319/Z                    -       A->Z   F     NAND2X1        1  7.3   101    84    2684    (-,-) 
  g80458__1666/Z                    -       A->Z   R     NAND3X1        1  7.3   192   121    2805    (-,-) 
  g80348__4319/Z                    -       A->Z   F     NAND3X1        1  6.9   108    86    2891    (-,-) 
  g80262__2398/Z                    -       A->Z   R     NAND2X1        1  7.3   150   115    3006    (-,-) 
  g80235__6131/Z                    -       A->Z   F     NAND3X1        1  7.3   103    82    3088    (-,-) 
  g80216__4733/Z                    -       B->Z   R     NOR2X1         1 12.8   217   154    3242    (-,-) 
  g80179__7098/Z                    -       B->Z   F     XOR2X1         1  6.9    97    92    3334    (-,-) 
  g80132__8428/Z                    -       A->Z   R     NAND2X1        1  7.3   228   111    3445    (-,-) 
  g80119__1617/Z                    -       A->Z   F     NAND3X1        1  6.4   111    85    3530    (-,-) 
  csm_inst_right_reg_reg[12]/D      -       -      F     DFFQSRX1       1    -     -     0    3530    (-,-) 
#-----------------------------------------------------------------------------------------------------------



Path 7: MET (15 ps) Setup Check with Pin csm_inst_right_reg_reg[3]/CLK->D
          Group: C2C
     Startpoint: (R) csm_inst_round_counter_reg[3]/CLK
          Clock: (R) clk
       Endpoint: (F) csm_inst_right_reg_reg[3]/D
          Clock: (R) clk

                     Capture       Launch     
        Clock Edge:+    6000            0     
       Src Latency:+       0            0     
       Net Latency:+       0 (I)        0 (I) 
           Arrival:=    6000            0     
                                              
             Setup:-     459                  
       Uncertainty:-    2000                  
     Required Time:=    3541                  
      Launch Clock:-       0                  
         Data Path:-    3526                  
             Slack:=      15                  

#-----------------------------------------------------------------------------------------------------------
#           Timing Point            Flags    Arc   Edge   Cell     Fanout Load Trans Delay Arrival Instance 
#                                                                         (fF)  (ps)  (ps)   (ps)  Location 
#-----------------------------------------------------------------------------------------------------------
  csm_inst_round_counter_reg[3]/CLK -       -      R     (arrival)    536    -  2000     0       0    (-,-) 
  csm_inst_round_counter_reg[3]/Q   -       CLK->Q R     DFFQSRX1       1 10.1   165   259     259    (-,-) 
  g85171/Z                          -       A->Z   F     INVX4          2 27.4   113   101     360    (-,-) 
  g85170/Z                          -       A->Z   R     INVX8          2 27.4    74    69     429    (-,-) 
  g85153/Z                          -       A->Z   F     INVX8          2 27.4    58    55     484    (-,-) 
  g85152/Z                          -       A->Z   R     INVX8          2 27.4    64    55     539    (-,-) 
  g85151/Z                          -       A->Z   F     INVX8          3 19.4    46    44     583    (-,-) 
  g85150/Z                          -       A->Z   R     INVX4          4 21.1    90    69     652    (-,-) 
  g85054/Z                          -       A->Z   F     NAND2X1        3 15.3   170   116     768    (-,-) 
  g84520/Z                          -       B->Z   R     NAND2X1        3 15.1   265   212     981    (-,-) 
  g83822/Z                          -       B->Z   R     MUX2X1         2 11.0   180   187    1168    (-,-) 
  g83267/Z                          -       A->Z   F     NAND2X1        1  7.3   108    89    1257    (-,-) 
  g82868/Z                          -       A->Z   R     NAND3X1        1  7.2   191   123    1380    (-,-) 
  g82720/Z                          -       A->Z   R     OR2X1          1  6.8   117   160    1540    (-,-) 
  g82439/Z                          -       A->Z   F     NAND2X1        1  6.9    90    76    1616    (-,-) 
  g82082/Z                          -       A->Z   R     NAND2X1        1  8.5   169   119    1735    (-,-) 
  g81735/Z                          -       S->Z   R     MUX2X1         3 18.5   288   234    1970    (-,-) 
  g81614/Z                          -       A->Z   F     INVX4          4 21.2   122   103    2072    (-,-) 
  g81278/Z                          -       A->Z   R     NAND2X1        5 25.2   410   267    2339    (-,-) 
  g81090__6783/Z                    -       A->Z   F     NAND2X1        3 16.1   225   178    2517    (-,-) 
  g80810__2398/Z                    -       B->Z   F     OR2X1          1  6.9    86   145    2662    (-,-) 
  g80611__1617/Z                    -       A->Z   R     NAND2X1        1  6.8   145   104    2765    (-,-) 
  g80450__9945/Z                    -       A->Z   F     NAND2X1        1  7.3   101    83    2848    (-,-) 
  g80283__6131/Z                    -       A->Z   R     NAND3X1        1  7.3   192   121    2970    (-,-) 
  g80230__2398/Z                    -       B->Z   F     NOR2X1         1  7.3   126   106    3075    (-,-) 
  g80225__9315/Z                    -       A->Z   R     NAND3X1        1  8.5   209   140    3215    (-,-) 
  g80186__1617/Z                    -       A->Z   F     XOR2X1         1  6.9   118   108    3323    (-,-) 
  g80127__5122/Z                    -       A->Z   R     NAND2X1        1  7.3   228   118    3441    (-,-) 
  g80120__2802/Z                    -       A->Z   F     NAND3X1        1  6.4   111    85    3526    (-,-) 
  csm_inst_right_reg_reg[3]/D       -       -      F     DFFQSRX1       1    -     -     0    3526    (-,-) 
#-----------------------------------------------------------------------------------------------------------



Path 8: MET (19 ps) Setup Check with Pin csm_inst_right_reg_reg[4]/CLK->D
          Group: C2C
     Startpoint: (R) csm_inst_round_counter_reg[2]/CLK
          Clock: (R) clk
       Endpoint: (F) csm_inst_right_reg_reg[4]/D
          Clock: (R) clk

                     Capture       Launch     
        Clock Edge:+    6000            0     
       Src Latency:+       0            0     
       Net Latency:+       0 (I)        0 (I) 
           Arrival:=    6000            0     
                                              
             Setup:-     459                  
       Uncertainty:-    2000                  
     Required Time:=    3541                  
      Launch Clock:-       0                  
         Data Path:-    3522                  
             Slack:=      19                  

#-----------------------------------------------------------------------------------------------------------
#           Timing Point            Flags    Arc   Edge   Cell     Fanout Load Trans Delay Arrival Instance 
#                                                                         (fF)  (ps)  (ps)   (ps)  Location 
#-----------------------------------------------------------------------------------------------------------
  csm_inst_round_counter_reg[2]/CLK -       -      R     (arrival)    536    -  2000     0       0    (-,-) 
  csm_inst_round_counter_reg[2]/Q   -       CLK->Q R     DFFQSRX1       2 15.2   238   301     301    (-,-) 
  g85096/Z                          -       A->Z   F     INVX2          2 11.2   113    96     396    (-,-) 
  g85058/Z                          -       A->Z   F     AND2X1         2 10.7   116   146     542    (-,-) 
  g84966/Z                          -       A->Z   F     BUFX1          2 10.7   114   134     677    (-,-) 
  g84823/Z                          -       A->Z   R     NAND2X1        1 10.1   193   140     816    (-,-) 
  g84675/Z                          -       A->Z   F     INVX4          6 39.4   149   133     950    (-,-) 
  g84674/Z                          -       A->Z   R     INVX8          4 37.5    98    89    1039    (-,-) 
  g84673/Z                          -       A->Z   F     INVX8         16 70.4   120   101    1140    (-,-) 
  g84069/Z                          -       A->Z   R     NAND2X1        1  6.8   160   114    1255    (-,-) 
  g83564/Z                          -       B->Z   F     NAND2X1        1  7.3   113    84    1338    (-,-) 
  g83364/Z                          -       B->Z   R     NOR2X1         1  7.3   142   112    1450    (-,-) 
  g82741/Z                          -       A->Z   F     NAND3X1        1  6.9    98    79    1529    (-,-) 
  g82442/Z                          -       A->Z   R     NAND2X1        1  7.3   153   112    1641    (-,-) 
  g82087/Z                          -       A->Z   F     NAND3X1        1  8.5   113    90    1731    (-,-) 
  g81725/Z                          -       A->Z   R     XOR2X1         1  7.7   138   176    1907    (-,-) 
  g81525/Z                          -       A->Z   F     INVX2          4 22.0   146   122    2029    (-,-) 
  g81523/Z                          -       A->Z   R     INVX2          2 12.3   120   107    2136    (-,-) 
  g81522/Z                          -       A->Z   F     INVX2          2 12.0    92    81    2217    (-,-) 
  g81177__6131/Z                    -       A->Z   R     NAND2X1        2 12.3   231   151    2368    (-,-) 
  g81128/Z                          -       A->Z   F     INVX2          5 23.5   172   148    2515    (-,-) 
  g80957__2398/Z                    -       A->Z   R     NAND2X1        2 12.0   220   174    2690    (-,-) 
  g80665__5477/Z                    -       B->Z   R     OR2X1          1  7.2   122   141    2830    (-,-) 
  g80428__2883/Z                    -       C->Z   F     NAND3X1        1  7.2   103    86    2916    (-,-) 
  g80257__6783/Z                    -       A->Z   R     NOR2X1         1  7.3   142   119    3035    (-,-) 
  g80254__5122/Z                    -       A->Z   F     NAND3X1        1 12.8   144   111    3146    (-,-) 
  g80207__9315/Z                    -       B->Z   F     XOR2X1         1  6.9   108   176    3322    (-,-) 
  g80164__4733/Z                    -       A->Z   R     NAND2X1        1  7.3   228   115    3437    (-,-) 
  g80145__2398/Z                    -       A->Z   F     NAND3X1        1  6.4   111    85    3522    (-,-) 
  csm_inst_right_reg_reg[4]/D       -       -      F     DFFQSRX1       1    -     -     0    3522    (-,-) 
#-----------------------------------------------------------------------------------------------------------



Path 9: MET (19 ps) Setup Check with Pin csm_inst_right_reg_reg[1]/CLK->D
          Group: C2C
     Startpoint: (R) csm_inst_round_counter_reg[3]/CLK
          Clock: (R) clk
       Endpoint: (F) csm_inst_right_reg_reg[1]/D
          Clock: (R) clk

                     Capture       Launch     
        Clock Edge:+    6000            0     
       Src Latency:+       0            0     
       Net Latency:+       0 (I)        0 (I) 
           Arrival:=    6000            0     
                                              
             Setup:-     459                  
       Uncertainty:-    2000                  
     Required Time:=    3541                  
      Launch Clock:-       0                  
         Data Path:-    3522                  
             Slack:=      19                  

#-----------------------------------------------------------------------------------------------------------
#           Timing Point            Flags    Arc   Edge   Cell     Fanout Load Trans Delay Arrival Instance 
#                                                                         (fF)  (ps)  (ps)   (ps)  Location 
#-----------------------------------------------------------------------------------------------------------
  csm_inst_round_counter_reg[3]/CLK -       -      R     (arrival)    536    -  2000     0       0    (-,-) 
  csm_inst_round_counter_reg[3]/Q   -       CLK->Q R     DFFQSRX1       1 10.1   165   259     259    (-,-) 
  g85171/Z                          -       A->Z   F     INVX4          2 27.4   113   101     360    (-,-) 
  g85170/Z                          -       A->Z   R     INVX8          2 27.4    74    69     429    (-,-) 
  g85153/Z                          -       A->Z   F     INVX8          2 27.4    58    55     484    (-,-) 
  g85152/Z                          -       A->Z   R     INVX8          2 27.4    64    55     539    (-,-) 
  g85145/Z                          -       A->Z   F     INVX8          5 27.9    57    53     592    (-,-) 
  g85144/Z                          -       A->Z   R     INVX4          2 12.8    63    54     646    (-,-) 
  g85143/Z                          -       A->Z   F     INVX2          2 11.2    77    66     712    (-,-) 
  g84935/Z                          -       A->Z   R     NAND2X1        3 15.1   265   169     881    (-,-) 
  g84734/Z                          -       A->Z   F     NAND2X1        3 15.1   184   150    1031    (-,-) 
  g83791/Z                          -       B->Z   F     MUX2X1         2 11.2    97   226    1256    (-,-) 
  g83083/Z                          -       A->Z   R     NAND2X1        1  7.3   150   111    1368    (-,-) 
  g82955/Z                          -       A->Z   F     NAND3X1        1  7.3   103    82    1450    (-,-) 
  g82725/Z                          -       B->Z   F     OR2X1          1  6.9    84   123    1573    (-,-) 
  g82525/Z                          -       A->Z   R     NAND2X1        1  7.3   151   107    1680    (-,-) 
  g82362/Z                          -       A->Z   F     NAND3X1        1  8.5   112    90    1770    (-,-) 
  g81706/Z                          -       S->Z   R     MUX2X1         1 10.1   168   209    1978    (-,-) 
  g81390/Z                          -       A->Z   F     INVX4          3 16.9    88    79    2057    (-,-) 
  g81186__8246/Z                    -       B->Z   R     NAND2X1        4 20.6   343   231    2288    (-,-) 
  g81133/Z                          -       A->Z   F     INVX2          5 24.5   203   172    2459    (-,-) 
  g81077__6161/Z                    -       A->Z   R     NAND2X1        2 11.4   209   179    2638    (-,-) 
  g80675__4319/Z                    -       A->Z   F     NAND2X1        1  6.9   110    89    2727    (-,-) 
  g80511__2802/Z                    -       A->Z   R     NAND2X1        1  6.8   163   111    2838    (-,-) 
  g80304__4733/Z                    -       B->Z   R     AND2X1         1  7.2   122   127    2965    (-,-) 
  g80233__2802/Z                    -       C->Z   F     NAND3X1        1  7.3   102    86    3051    (-,-) 
  g80217__6161/Z                    -       B->Z   F     OR2X1          1  8.5    98   133    3184    (-,-) 
  g80182__1881/Z                    -       A->Z   F     XOR2X1         1  6.9   118   135    3318    (-,-) 
  g80143__6417/Z                    -       A->Z   R     NAND2X1        1  7.3   228   118    3436    (-,-) 
  g80114__5526/Z                    -       A->Z   F     NAND3X1        1  6.4   111    85    3522    (-,-) 
  csm_inst_right_reg_reg[1]/D       -       -      F     DFFQSRX1       1    -     -     0    3522    (-,-) 
#-----------------------------------------------------------------------------------------------------------



Path 10: MET (22 ps) Setup Check with Pin csm_inst_right_reg_reg[15]/CLK->D
          Group: C2C
     Startpoint: (R) csm_inst_round_counter_reg[3]/CLK
          Clock: (R) clk
       Endpoint: (F) csm_inst_right_reg_reg[15]/D
          Clock: (R) clk

                     Capture       Launch     
        Clock Edge:+    6000            0     
       Src Latency:+       0            0     
       Net Latency:+       0 (I)        0 (I) 
           Arrival:=    6000            0     
                                              
             Setup:-     458                  
       Uncertainty:-    2000                  
     Required Time:=    3542                  
      Launch Clock:-       0                  
         Data Path:-    3519                  
             Slack:=      22                  

#-----------------------------------------------------------------------------------------------------------
#           Timing Point            Flags    Arc   Edge   Cell     Fanout Load Trans Delay Arrival Instance 
#                                                                         (fF)  (ps)  (ps)   (ps)  Location 
#-----------------------------------------------------------------------------------------------------------
  csm_inst_round_counter_reg[3]/CLK -       -      R     (arrival)    536    -  2000     0       0    (-,-) 
  csm_inst_round_counter_reg[3]/Q   -       CLK->Q R     DFFQSRX1       1 10.1   165   259     259    (-,-) 
  g85171/Z                          -       A->Z   F     INVX4          2 27.4   113   101     360    (-,-) 
  g85170/Z                          -       A->Z   R     INVX8          2 27.4    74    69     429    (-,-) 
  g85169/Z                          -       A->Z   F     INVX8          5 43.9    80    71     500    (-,-) 
  g85168/Z                          -       A->Z   R     INVX16         9 49.0    63    58     558    (-,-) 
  g85164/Z                          -       A->Z   F     INVX4          4 31.0   105    84     642    (-,-) 
  g85162/Z                          -       A->Z   R     INVX4          4 19.3    92    82     723    (-,-) 
  g85032/Z                          -       A->Z   F     NAND2X1        3 15.1   168   116     839    (-,-) 
  g84516/Z                          -       B->Z   R     NAND2X1        3 15.1   265   212    1051    (-,-) 
  g84009/Z                          -       A->Z   F     NAND2X1        1  6.8   119    93    1143    (-,-) 
  g83645/Z                          -       B->Z   R     NAND2X1        2 12.0   220   170    1314    (-,-) 
  g83344/Z                          -       B->Z   F     NOR2X1         1  7.3   120   109    1422    (-,-) 
  g82874/Z                          -       B->Z   R     NOR2X1         1  7.3   143   114    1536    (-,-) 
  g82724/Z                          -       B->Z   F     NOR2X1         1  7.2   125    95    1631    (-,-) 
  g82362/Z                          -       B->Z   R     NAND3X1        1  8.5   210   159    1790    (-,-) 
  g81706/Z                          -       S->Z   F     MUX2X1         1 10.1    94   189    1979    (-,-) 
  g81390/Z                          -       A->Z   R     INVX4          3 16.9    81    74    2053    (-,-) 
  g81383/Z                          -       A->Z   F     INVX2          2 11.9    83    73    2126    (-,-) 
  g81189__4733/Z                    -       B->Z   R     NAND2X1        3 16.4   282   194    2320    (-,-) 
  g81135/Z                          -       A->Z   F     INVX2          6 28.7   208   178    2498    (-,-) 
  g80924__4319/Z                    -       A->Z   R     NAND2X1        1  7.2   152   144    2642    (-,-) 
  g80617__4733/Z                    -       B->Z   F     NAND3X1        1  6.9   111    85    2727    (-,-) 
  g80370__1705/Z                    -       A->Z   R     NAND2X1        1  6.8   162   111    2838    (-,-) 
  g80310__1881/Z                    -       A->Z   F     NAND2X1        1  7.3   104    86    2924    (-,-) 
  g80289__1666/Z                    -       B->Z   R     NOR2X1         1  7.3   141   109    3034    (-,-) 
  g80240__2883/Z                    -       A->Z   F     NAND3X1        1 12.8   143   111    3144    (-,-) 
  g80199__8428/Z                    -       B->Z   F     XOR2X1         1  6.9   108   176    3320    (-,-) 
  g80170__1617/Z                    -       A->Z   R     NAND2X1        1  7.3   215   115    3435    (-,-) 
  g80151__4319/Z                    -       A->Z   F     NAND3X1        1  6.4   108    84    3519    (-,-) 
  csm_inst_right_reg_reg[15]/D      -       -      F     DFFQSRX1       1    -     -     0    3519    (-,-) 
#-----------------------------------------------------------------------------------------------------------



Path 11: MET (24 ps) Setup Check with Pin csm_inst_right_reg_reg[26]/CLK->D
          Group: C2C
     Startpoint: (R) csm_inst_round_counter_reg[3]/CLK
          Clock: (R) clk
       Endpoint: (F) csm_inst_right_reg_reg[26]/D
          Clock: (R) clk

                     Capture       Launch     
        Clock Edge:+    6000            0     
       Src Latency:+       0            0     
       Net Latency:+       0 (I)        0 (I) 
           Arrival:=    6000            0     
                                              
             Setup:-     459                  
       Uncertainty:-    2000                  
     Required Time:=    3541                  
      Launch Clock:-       0                  
         Data Path:-    3517                  
             Slack:=      24                  

#-----------------------------------------------------------------------------------------------------------
#           Timing Point            Flags    Arc   Edge   Cell     Fanout Load Trans Delay Arrival Instance 
#                                                                         (fF)  (ps)  (ps)   (ps)  Location 
#-----------------------------------------------------------------------------------------------------------
  csm_inst_round_counter_reg[3]/CLK -       -      R     (arrival)    536    -  2000     0       0    (-,-) 
  csm_inst_round_counter_reg[3]/Q   -       CLK->Q R     DFFQSRX1       1 10.1   165   259     259    (-,-) 
  g85171/Z                          -       A->Z   F     INVX4          2 27.4   113   101     360    (-,-) 
  g85170/Z                          -       A->Z   R     INVX8          2 27.4    74    69     429    (-,-) 
  g85153/Z                          -       A->Z   F     INVX8          2 27.4    58    55     484    (-,-) 
  g85152/Z                          -       A->Z   R     INVX8          2 27.4    64    55     539    (-,-) 
  g85145/Z                          -       A->Z   F     INVX8          5 27.9    57    53     592    (-,-) 
  g85144/Z                          -       A->Z   R     INVX4          2 12.8    63    54     646    (-,-) 
  g85142/Z                          -       A->Z   F     INVX2          2 11.2    77    66     712    (-,-) 
  g84931/Z                          -       A->Z   R     NAND2X1        3 15.1   265   169     881    (-,-) 
  g84741/Z                          -       A->Z   F     NAND2X1        3 15.1   184   150    1031    (-,-) 
  g83797/Z                          -       A->Z   F     MUX2X1         2 11.2    98   225    1256    (-,-) 
  g83074/Z                          -       A->Z   F     AND2X1         1  7.3    84   123    1378    (-,-) 
  g82966/Z                          -       B->Z   R     NOR2X1         1  6.8   134   100    1478    (-,-) 
  g82730/Z                          -       B->Z   F     NAND2X1        1  6.9    97    78    1556    (-,-) 
  g82549/Z                          -       A->Z   R     NAND2X1        1  6.8   144   107    1663    (-,-) 
  g82363/Z                          -       A->Z   R     AND2X1         1  8.5   141   133    1796    (-,-) 
  g81712/Z                          -       S->Z   F     MUX2X1         1  7.7    80   178    1974    (-,-) 
  g81424/Z                          -       A->Z   R     INVX2          3 16.9   140   108    2082    (-,-) 
  g81423/Z                          -       A->Z   F     INVX2          1  6.9    71    63    2145    (-,-) 
  g81258__5107/Z                    -       A->Z   R     NAND2X1        3 16.4   282   178    2323    (-,-) 
  g81106__5526/Z                    -       B->Z   R     AND2X1         3 18.2   282   220    2544    (-,-) 
  g81004/Z                          -       A->Z   F     INVX2          2 11.6   123   102    2646    (-,-) 
  g80790__3680/Z                    -       A->Z   R     NAND2X1        1  6.8   194   115    2761    (-,-) 
  g80545__2802/Z                    -       A->Z   F     NAND2X1        1  6.9   107    88    2849    (-,-) 
  g80406__7410/Z                    -       A->Z   R     NAND2X1        1  7.3   153   114    2963    (-,-) 
  g80354__7098/Z                    -       A->Z   F     NAND3X1        1  7.3   104    83    3046    (-,-) 
  g80272__2346/Z                    -       B->Z   F     OR2X1          1  8.5    98   133    3179    (-,-) 
  g80219__6783/Z                    -       A->Z   F     XOR2X1         1  6.9   118   135    3314    (-,-) 
  g80193__7410/Z                    -       A->Z   R     NAND2X1        1  7.3   228   118    3432    (-,-) 
  g80175__5122/Z                    -       A->Z   F     NAND3X1        1  6.4   111    85    3517    (-,-) 
  csm_inst_right_reg_reg[26]/D      -       -      F     DFFQSRX1       1    -     -     0    3517    (-,-) 
#-----------------------------------------------------------------------------------------------------------



Path 12: MET (27 ps) Setup Check with Pin csm_inst_right_reg_reg[16]/CLK->D
          Group: C2C
     Startpoint: (R) csm_inst_round_counter_reg[3]/CLK
          Clock: (R) clk
       Endpoint: (F) csm_inst_right_reg_reg[16]/D
          Clock: (R) clk

                     Capture       Launch     
        Clock Edge:+    6000            0     
       Src Latency:+       0            0     
       Net Latency:+       0 (I)        0 (I) 
           Arrival:=    6000            0     
                                              
             Setup:-     458                  
       Uncertainty:-    2000                  
     Required Time:=    3542                  
      Launch Clock:-       0                  
         Data Path:-    3515                  
             Slack:=      27                  

#-----------------------------------------------------------------------------------------------------------
#           Timing Point            Flags    Arc   Edge   Cell     Fanout Load Trans Delay Arrival Instance 
#                                                                         (fF)  (ps)  (ps)   (ps)  Location 
#-----------------------------------------------------------------------------------------------------------
  csm_inst_round_counter_reg[3]/CLK -       -      R     (arrival)    536    -  2000     0       0    (-,-) 
  csm_inst_round_counter_reg[3]/Q   -       CLK->Q R     DFFQSRX1       1 10.1   165   259     259    (-,-) 
  g85171/Z                          -       A->Z   F     INVX4          2 27.4   113   101     360    (-,-) 
  g85131/Z                          -       A->Z   R     INVX8          2 37.3    89    81     441    (-,-) 
  g85130/Z                          -       A->Z   F     INVX8          2 17.6    49    47     488    (-,-) 
  g85129/Z                          -       A->Z   R     INVX4          4 21.1    91    70     558    (-,-) 
  g85128/Z                          -       A->Z   F     INVX2          2 12.0    85    75     633    (-,-) 
  g85127/Z                          -       A->Z   R     INVX2          2 11.0    99    84     717    (-,-) 
  g85053/Z                          -       A->Z   F     NAND2X1        3 15.2   169   118     835    (-,-) 
  g84790/Z                          -       A->Z   R     NAND2X1        2 10.6   202   162     997    (-,-) 
  g84584/Z                          -       A->Z   R     BUFX1          3 15.1   236   183    1180    (-,-) 
  g84189/Z                          -       B->Z   F     NAND2X1        1  6.8   102    86    1266    (-,-) 
  g83622/Z                          -       B->Z   R     NAND2X1        1  7.2   150   125    1392    (-,-) 
  g83440/Z                          -       A->Z   F     NOR2X1         1  7.3   119   113    1505    (-,-) 
  g82772/Z                          -       A->Z   R     NAND3X1        1  6.8   185   123    1628    (-,-) 
  g82539/Z                          -       A->Z   F     NAND2X1        1  7.3   109    90    1718    (-,-) 
  g82107/Z                          -       A->Z   R     NAND3X1        1  8.5   210   134    1852    (-,-) 
  g81715/Z                          -       S->Z   F     MUX2X1         1  7.7    81   178    2030    (-,-) 
  g81447/Z                          -       A->Z   R     INVX2          4 21.0   171   125    2155    (-,-) 
  g81446/Z                          -       A->Z   F     INVX2          4 22.1   152   131    2286    (-,-) 
  g81441/Z                          -       A->Z   R     INVX2          2 17.5   153   133    2419    (-,-) 
  g81091__2346/Z                    -       B->Z   R     XOR2X1         2 12.3   199   197    2616    (-,-) 
  g80996/Z                          -       A->Z   F     INVX2          2 11.4   106    92    2709    (-,-) 
  g80522__3680/Z                    -       A->Z   F     OR2X1          1  7.3    87   137    2846    (-,-) 
  g80462__2802/Z                    -       A->Z   R     NAND3X1        1  7.3   193   117    2963    (-,-) 
  g80295__5115/Z                    -       B->Z   F     NOR2X1         1  7.3   114   106    3068    (-,-) 
  g80293__1617/Z                    -       A->Z   R     NAND3X1        1  8.5   209   136    3204    (-,-) 
  g80223__6417/Z                    -       A->Z   F     XOR2X1         1  6.9   118   108    3312    (-,-) 
  g80190__4733/Z                    -       A->Z   R     NAND2X1        1  7.3   215   118    3430    (-,-) 
  g80188__8246/Z                    -       A->Z   F     NAND3X1        1  6.4   108    84    3515    (-,-) 
  csm_inst_right_reg_reg[16]/D      -       -      F     DFFQSRX1       1    -     -     0    3515    (-,-) 
#-----------------------------------------------------------------------------------------------------------



Path 13: MET (28 ps) Setup Check with Pin csm_inst_right_reg_reg[19]/CLK->D
          Group: C2C
     Startpoint: (R) csm_inst_round_counter_reg[0]/CLK
          Clock: (R) clk
       Endpoint: (F) csm_inst_right_reg_reg[19]/D
          Clock: (R) clk

                     Capture       Launch     
        Clock Edge:+    6000            0     
       Src Latency:+       0            0     
       Net Latency:+       0 (I)        0 (I) 
           Arrival:=    6000            0     
                                              
             Setup:-     458                  
       Uncertainty:-    2000                  
     Required Time:=    3542                  
      Launch Clock:-       0                  
         Data Path:-    3514                  
             Slack:=      28                  

#-----------------------------------------------------------------------------------------------------------
#           Timing Point            Flags    Arc   Edge   Cell     Fanout Load Trans Delay Arrival Instance 
#                                                                         (fF)  (ps)  (ps)   (ps)  Location 
#-----------------------------------------------------------------------------------------------------------
  csm_inst_round_counter_reg[0]/CLK -       -      R     (arrival)    536    -  2000     0       0    (-,-) 
  csm_inst_round_counter_reg[0]/Q   -       CLK->Q R     DFFQSRX1       1 10.1   165   259     259    (-,-) 
  g85229/Z                          -       A->Z   F     INVX4          9 50.3   172   146     405    (-,-) 
  g85065/Z                          -       B->Z   R     NAND2X1        1 15.0   264   212     618    (-,-) 
  g84984/Z                          -       A->Z   F     INVX8         12 52.7   131   114     732    (-,-) 
  g84806/Z                          -       A->Z   R     NAND2X1        1  7.7   165   126     857    (-,-) 
  g84590/Z                          -       A->Z   F     INVX2          7 32.1   200   164    1022    (-,-) 
  g83997/Z                          -       B->Z   R     NAND2X1        1  6.8   157   153    1175    (-,-) 
  g83513/Z                          -       B->Z   F     NAND2X1        1  7.3   103    83    1258    (-,-) 
  g83369/Z                          -       B->Z   R     NOR2X1         1  7.3   141   109    1367    (-,-) 
  g82566/Z                          -       A->Z   F     NAND3X1        1  6.9    98    79    1446    (-,-) 
  g82548/Z                          -       A->Z   R     NAND2X1        1  6.8   144   107    1553    (-,-) 
  g82086/Z                          -       A->Z   F     NAND2X1        1  8.5   109    90    1644    (-,-) 
  g81727/Z                          -       S->Z   R     MUX2X1         7 36.2   544   423    2067    (-,-) 
  g81536/Z                          -       A->Z   F     INVX4          7 39.3   222   182    2248    (-,-) 
  g81109__2398/Z                    -       B->Z   F     XOR2X1         3 19.0   140   251    2499    (-,-) 
  g81007/Z                          -       A->Z   R     INVX4          4 20.7   104    94    2593    (-,-) 
  g80868__3680/Z                    -       A->Z   F     NAND2X1        2 11.1   159    97    2690    (-,-) 
  g80395__8428/Z                    -       B->Z   R     NAND2X1        1  6.8   151   140    2830    (-,-) 
  g80315__5115/Z                    -       A->Z   F     NAND2X1        1  7.3   101    84    2915    (-,-) 
  g80267__2802/Z                    -       A->Z   R     NAND3X1        1  7.2   190   120    3035    (-,-) 
  g80211__7410/Z                    -       A->Z   F     NOR2X1         1  8.5   135   131    3166    (-,-) 
  g80180__1666/Z                    -       A->Z   F     XOR2X1         1  6.9   118   145    3311    (-,-) 
  g80133__1881/Z                    -       A->Z   R     NAND2X1        1  7.3   215   118    3429    (-,-) 
  g80121__6161/Z                    -       A->Z   F     NAND3X1        1  6.4   108    84    3514    (-,-) 
  csm_inst_right_reg_reg[19]/D      -       -      F     DFFQSRX1       1    -     -     0    3514    (-,-) 
#-----------------------------------------------------------------------------------------------------------



Path 14: MET (29 ps) Setup Check with Pin csm_inst_right_reg_reg[9]/CLK->D
          Group: C2C
     Startpoint: (R) csm_inst_round_counter_reg[3]/CLK
          Clock: (R) clk
       Endpoint: (F) csm_inst_right_reg_reg[9]/D
          Clock: (R) clk

                     Capture       Launch     
        Clock Edge:+    6000            0     
       Src Latency:+       0            0     
       Net Latency:+       0 (I)        0 (I) 
           Arrival:=    6000            0     
                                              
             Setup:-     459                  
       Uncertainty:-    2000                  
     Required Time:=    3541                  
      Launch Clock:-       0                  
         Data Path:-    3512                  
             Slack:=      29                  

#-----------------------------------------------------------------------------------------------------------
#           Timing Point            Flags    Arc   Edge   Cell     Fanout Load Trans Delay Arrival Instance 
#                                                                         (fF)  (ps)  (ps)   (ps)  Location 
#-----------------------------------------------------------------------------------------------------------
  csm_inst_round_counter_reg[3]/CLK -       -      R     (arrival)    536    -  2000     0       0    (-,-) 
  csm_inst_round_counter_reg[3]/Q   -       CLK->Q R     DFFQSRX1       1 10.1   165   259     259    (-,-) 
  g85171/Z                          -       A->Z   F     INVX4          2 27.4   113   101     360    (-,-) 
  g85170/Z                          -       A->Z   R     INVX8          2 27.4    74    69     429    (-,-) 
  g85153/Z                          -       A->Z   F     INVX8          2 27.4    58    55     484    (-,-) 
  g85152/Z                          -       A->Z   R     INVX8          2 27.4    64    55     539    (-,-) 
  g85151/Z                          -       A->Z   F     INVX8          3 19.4    46    44     583    (-,-) 
  g85150/Z                          -       A->Z   R     INVX4          4 21.1    90    69     652    (-,-) 
  g85039/Z                          -       A->Z   F     NAND2X1        3 15.1   168   115     767    (-,-) 
  g84560/Z                          -       B->Z   R     NAND2X1        5 23.4   384   280    1047    (-,-) 
  g83828/Z                          -       A->Z   R     MUX2X1         2 11.0   180   193    1239    (-,-) 
  g83291/Z                          -       A->Z   F     NAND2X1        1  7.3   108    89    1329    (-,-) 
  g82855/Z                          -       A->Z   R     NAND3X1        1  7.2   191   123    1451    (-,-) 
  g82717/Z                          -       A->Z   R     OR2X1          1  6.8   117   161    1612    (-,-) 
  g82460/Z                          -       A->Z   F     NAND2X1        1  7.3    93    78    1690    (-,-) 
  g82079/Z                          -       A->Z   R     NAND3X1        1  8.5   210   129    1819    (-,-) 
  g81720/Z                          -       S->Z   R     MUX2X1         3 18.8   292   239    2058    (-,-) 
  g81179/Z                          -       A->Z   F     NOR2X1         7 32.6   357   297    2355    (-,-) 
  g80972__5122/Z                    -       A->Z   R     NAND2X1        3 16.6   294   272    2627    (-,-) 
  g80741__5122/Z                    -       B->Z   R     OR2X1          1  7.3   124   147    2774    (-,-) 
  g80594__5526/Z                    -       A->Z   F     NAND3X1        1  6.9   126    76    2850    (-,-) 
  g80385__6131/Z                    -       A->Z   F     AND2X1         1  7.3    84   129    2979    (-,-) 
  g80305__6131/Z                    -       B->Z   R     NOR2X1         1  7.3   140   104    3083    (-,-) 
  g80239__5107/Z                    -       A->Z   F     NAND3X1        1  8.5   110    88    3171    (-,-) 
  g80205__9945/Z                    -       A->Z   F     XOR2X1         1  6.9   118   138    3309    (-,-) 
  g80167__7410/Z                    -       A->Z   R     NAND2X1        1  7.3   228   118    3427    (-,-) 
  g80148__5115/Z                    -       A->Z   F     NAND3X1        1  6.4   111    85    3512    (-,-) 
  csm_inst_right_reg_reg[9]/D       -       -      F     DFFQSRX1       1    -     -     0    3512    (-,-) 
#-----------------------------------------------------------------------------------------------------------



Path 15: MET (35 ps) Setup Check with Pin csm_inst_right_reg_reg[24]/CLK->D
          Group: C2C
     Startpoint: (R) csm_inst_round_counter_reg[3]/CLK
          Clock: (R) clk
       Endpoint: (F) csm_inst_right_reg_reg[24]/D
          Clock: (R) clk

                     Capture       Launch     
        Clock Edge:+    6000            0     
       Src Latency:+       0            0     
       Net Latency:+       0 (I)        0 (I) 
           Arrival:=    6000            0     
                                              
             Setup:-     458                  
       Uncertainty:-    2000                  
     Required Time:=    3542                  
      Launch Clock:-       0                  
         Data Path:-    3506                  
             Slack:=      35                  

#-----------------------------------------------------------------------------------------------------------
#           Timing Point            Flags    Arc   Edge   Cell     Fanout Load Trans Delay Arrival Instance 
#                                                                         (fF)  (ps)  (ps)   (ps)  Location 
#-----------------------------------------------------------------------------------------------------------
  csm_inst_round_counter_reg[3]/CLK -       -      R     (arrival)    536    -  2000     0       0    (-,-) 
  csm_inst_round_counter_reg[3]/Q   -       CLK->Q R     DFFQSRX1       1 10.1   165   259     259    (-,-) 
  g85171/Z                          -       A->Z   F     INVX4          2 27.4   113   101     360    (-,-) 
  g85131/Z                          -       A->Z   R     INVX8          2 37.3    89    81     441    (-,-) 
  g85130/Z                          -       A->Z   F     INVX8          2 17.6    49    47     488    (-,-) 
  g85129/Z                          -       A->Z   R     INVX4          4 21.1    91    70     558    (-,-) 
  g85128/Z                          -       A->Z   F     INVX2          2 12.0    85    75     633    (-,-) 
  g84933/Z                          -       A->Z   R     NAND2X1        2 10.6   202   135     768    (-,-) 
  g84834/Z                          -       A->Z   R     BUFX1          2 11.0   177   150     917    (-,-) 
  g84506/Z                          -       B->Z   F     NAND2X1        2 11.0   152   107    1025    (-,-) 
  g84100/Z                          -       B->Z   R     NAND2X1        2 11.0   207   173    1198    (-,-) 
  g83641/Z                          -       B->Z   R     AND2X1         1  7.3   124   130    1327    (-,-) 
  g83414/Z                          -       A->Z   F     NAND3X1        1  7.2   100    78    1405    (-,-) 
  g82727/Z                          -       A->Z   R     NOR2X1         1  7.3   141   118    1523    (-,-) 
  g82533/Z                          -       B->Z   F     NOR2X1         1  7.3   115    95    1619    (-,-) 
  g82365/Z                          -       B->Z   R     NOR2X1         1 12.8   218   157    1776    (-,-) 
  g81708/Z                          -       B->Z   R     XOR2X1         3 16.4   257   237    2013    (-,-) 
  g81398/Z                          -       A->Z   F     INVX2          4 21.5   168   144    2157    (-,-) 
  g81154/Z                          -       A->Z   R     NOR2X1         4 20.3   322   236    2393    (-,-) 
  g80985__1617/Z                    -       A->Z   F     NAND2X1        5 26.2   282   226    2619    (-,-) 
  g80880/Z                          -       A->Z   R     INVX2          1  6.8   110   104    2722    (-,-) 
  g80645__9945/Z                    -       A->Z   F     NAND2X1        1  7.2    92    76    2799    (-,-) 
  g80470__3680/Z                    -       C->Z   R     NAND3X1        1  7.3   192   155    2954    (-,-) 
  g80322__6161/Z                    -       B->Z   F     NOR2X1         1  7.3   118   106    3059    (-,-) 
  g80273__2346/Z                    -       A->Z   R     NAND3X1        1  8.5   210   137    3196    (-,-) 
  g80222__1617/Z                    -       A->Z   F     XOR2X1         1  6.9   118   108    3304    (-,-) 
  g80191__6260/Z                    -       A->Z   R     NAND2X1        1  7.3   215   118    3422    (-,-) 
  g80174__2802/Z                    -       A->Z   F     NAND3X1        1  6.4   108    84    3506    (-,-) 
  csm_inst_right_reg_reg[24]/D      -       -      F     DFFQSRX1       1    -     -     0    3506    (-,-) 
#-----------------------------------------------------------------------------------------------------------



Path 16: MET (36 ps) Setup Check with Pin csm_inst_right_reg_reg[31]/CLK->D
          Group: C2C
     Startpoint: (R) csm_inst_round_counter_reg[2]/CLK
          Clock: (R) clk
       Endpoint: (F) csm_inst_right_reg_reg[31]/D
          Clock: (R) clk

                     Capture       Launch     
        Clock Edge:+    6000            0     
       Src Latency:+       0            0     
       Net Latency:+       0 (I)        0 (I) 
           Arrival:=    6000            0     
                                              
             Setup:-     459                  
       Uncertainty:-    2000                  
     Required Time:=    3541                  
      Launch Clock:-       0                  
         Data Path:-    3505                  
             Slack:=      36                  

#-----------------------------------------------------------------------------------------------------------
#           Timing Point            Flags    Arc   Edge   Cell     Fanout Load Trans Delay Arrival Instance 
#                                                                         (fF)  (ps)  (ps)   (ps)  Location 
#-----------------------------------------------------------------------------------------------------------
  csm_inst_round_counter_reg[2]/CLK -       -      R     (arrival)    536    -  2000     0       0    (-,-) 
  csm_inst_round_counter_reg[2]/Q   -       CLK->Q R     DFFQSRX1       2 15.2   238   301     301    (-,-) 
  g85096/Z                          -       A->Z   F     INVX2          2 11.2   113    96     396    (-,-) 
  g85058/Z                          -       A->Z   F     AND2X1         2 10.7   116   146     542    (-,-) 
  g84966/Z                          -       A->Z   F     BUFX1          2 10.7   114   134     677    (-,-) 
  g84823/Z                          -       A->Z   R     NAND2X1        1 10.1   193   140     816    (-,-) 
  g84675/Z                          -       A->Z   F     INVX4          6 39.4   149   133     950    (-,-) 
  g84674/Z                          -       A->Z   R     INVX8          4 37.5    98    89    1039    (-,-) 
  g84673/Z                          -       A->Z   F     INVX8         16 70.4   120   101    1140    (-,-) 
  g84208/Z                          -       A->Z   R     NAND2X1        1  6.8   160   114    1255    (-,-) 
  g83608/Z                          -       B->Z   F     NAND2X1        1  7.2   102    83    1338    (-,-) 
  g83430/Z                          -       A->Z   R     NOR2X1         1  7.3   143   119    1457    (-,-) 
  g82753/Z                          -       A->Z   F     NAND3X1        1  6.9    98    79    1536    (-,-) 
  g82521/Z                          -       A->Z   R     NAND2X1        1  6.8   146   108    1643    (-,-) 
  g82097/Z                          -       A->Z   F     NAND2X1        1  8.5   109    91    1734    (-,-) 
  g81729/Z                          -       S->Z   R     MUX2X1         4 22.0   339   306    2040    (-,-) 
  g81556/Z                          -       A->Z   F     INVX2          1  6.9   105    81    2121    (-,-) 
  g81276/Z                          -       A->Z   R     NAND2X1        1  7.7   172   117    2238    (-,-) 
  g81201/Z                          -       A->Z   F     INVX2          6 29.0   186   155    2394    (-,-) 
  g81085__7482/Z                    -       A->Z   R     NAND2X1        2 11.9   218   178    2572    (-,-) 
  g80993/Z                          -       A->Z   F     INVX2          2 11.6   111    95    2667    (-,-) 
  g80838__2883/Z                    -       A->Z   R     NAND3X1        1  6.8   184   120    2787    (-,-) 
  g80493__5526/Z                    -       A->Z   F     NAND2X1        1  7.3   109    90    2877    (-,-) 
  g80451__2398/Z                    -       B->Z   R     NOR2X1         1  7.3   143   111    2988    (-,-) 
  g80279__3680/Z                    -       A->Z   F     NAND3X1        1  7.2   101    81    3069    (-,-) 
  g80241__1881/Z                    -       A->Z   R     NOR2X1         1  8.5   158   128    3197    (-,-) 
  g80201__6783/Z                    -       A->Z   F     XOR2X1         1  6.9   118   105    3302    (-,-) 
  g80163__7482/Z                    -       A->Z   R     NAND2X1        1  7.3   228   118    3420    (-,-) 
  g80144__5477/Z                    -       A->Z   F     NAND3X1        1  6.4   111    85    3505    (-,-) 
  csm_inst_right_reg_reg[31]/D      -       -      F     DFFQSRX1       1    -     -     0    3505    (-,-) 
#-----------------------------------------------------------------------------------------------------------



Path 17: MET (38 ps) Setup Check with Pin csm_inst_right_reg_reg[18]/CLK->D
          Group: C2C
     Startpoint: (R) csm_inst_round_counter_reg[1]/CLK
          Clock: (R) clk
       Endpoint: (F) csm_inst_right_reg_reg[18]/D
          Clock: (R) clk

                     Capture       Launch     
        Clock Edge:+    6000            0     
       Src Latency:+       0            0     
       Net Latency:+       0 (I)        0 (I) 
           Arrival:=    6000            0     
                                              
             Setup:-     458                  
       Uncertainty:-    2000                  
     Required Time:=    3542                  
      Launch Clock:-       0                  
         Data Path:-    3504                  
             Slack:=      38                  

#-----------------------------------------------------------------------------------------------------------
#           Timing Point            Flags    Arc   Edge   Cell     Fanout Load Trans Delay Arrival Instance 
#                                                                         (fF)  (ps)  (ps)   (ps)  Location 
#-----------------------------------------------------------------------------------------------------------
  csm_inst_round_counter_reg[1]/CLK -       -      R     (arrival)    536    -  2000     0       0    (-,-) 
  csm_inst_round_counter_reg[1]/Q   -       CLK->Q R     DFFQSRX1       1 10.1   165   259     259    (-,-) 
  g85104/Z                          -       A->Z   F     INVX4          6 32.6   126   113     372    (-,-) 
  g85103/Z                          -       A->Z   R     INVX4          3 15.2    84    77     448    (-,-) 
  g84952/Z                          -       A->Z   R     AND2X1         2 11.9   190   156     605    (-,-) 
  g84842/Z                          -       A->Z   F     INVX2          2 15.2   123   109     713    (-,-) 
  g84841/Z                          -       A->Z   R     INVX4          3 15.1    83    76     789    (-,-) 
  g84819/Z                          -       A->Z   F     NAND2X1        1 10.1   109    87     876    (-,-) 
  g84642/Z                          -       A->Z   R     INVX4          3 24.2   109    93     970    (-,-) 
  g84641/Z                          -       A->Z   F     INVX8          3 29.9    68    64    1034    (-,-) 
  g84635/Z                          -       A->Z   R     INVX4          8 36.7   147   108    1142    (-,-) 
  g84246/Z                          -       A->Z   F     NAND2X1        1  6.8   106    80    1222    (-,-) 
  g83609/Z                          -       B->Z   F     AND2X1         1  7.3    84   142    1363    (-,-) 
  g83384/Z                          -       A->Z   R     NAND3X1        1  7.3   192   116    1479    (-,-) 
  g82908/Z                          -       B->Z   F     NOR2X1         1  7.2   113   105    1584    (-,-) 
  g82106/Z                          -       B->Z   R     NAND3X1        1  8.5   210   155    1739    (-,-) 
  g81723/Z                          -       S->Z   R     MUX2X1         4 23.0   353   274    2013    (-,-) 
  g81506/Z                          -       A->Z   F     INVX4         10 46.7   205   177    2190    (-,-) 
  g81148/Z                          -       A->Z   R     NAND2X1        3 16.6   286   223    2413    (-,-) 
  g80986__8428/Z                    -       B->Z   F     NOR2X1         4 23.7   266   226    2639    (-,-) 
  g80881/Z                          -       A->Z   R     INVX4          3 16.3   115   106    2745    (-,-) 
  g80464__9945/Z                    -       C->Z   F     NAND3X1        1  6.9   136    84    2829    (-,-) 
  g80313__6131/Z                    -       A->Z   F     AND2X1         1  7.2    85   131    2960    (-,-) 
  g80256__6417/Z                    -       A->Z   R     NOR2X1         1  7.3   141   116    3076    (-,-) 
  g80247__6161/Z                    -       A->Z   F     NAND3X1        1  8.5   110    88    3164    (-,-) 
  g80204__3680/Z                    -       A->Z   F     XOR2X1         1  6.9   118   138    3302    (-,-) 
  g80168__1705/Z                    -       A->Z   R     NAND2X1        1  7.3   215   118    3420    (-,-) 
  g80153__4319/Z                    -       A->Z   F     NAND3X1        1  6.4   108    84    3504    (-,-) 
  csm_inst_right_reg_reg[18]/D      -       -      F     DFFQSRX1       1    -     -     0    3504    (-,-) 
#-----------------------------------------------------------------------------------------------------------



Path 18: MET (39 ps) Setup Check with Pin csm_inst_right_reg_reg[25]/CLK->D
          Group: C2C
     Startpoint: (R) csm_inst_round_counter_reg[3]/CLK
          Clock: (R) clk
       Endpoint: (F) csm_inst_right_reg_reg[25]/D
          Clock: (R) clk

                     Capture       Launch     
        Clock Edge:+    6000            0     
       Src Latency:+       0            0     
       Net Latency:+       0 (I)        0 (I) 
           Arrival:=    6000            0     
                                              
             Setup:-     459                  
       Uncertainty:-    2000                  
     Required Time:=    3541                  
      Launch Clock:-       0                  
         Data Path:-    3502                  
             Slack:=      39                  

#-----------------------------------------------------------------------------------------------------------
#           Timing Point            Flags    Arc   Edge   Cell     Fanout Load Trans Delay Arrival Instance 
#                                                                         (fF)  (ps)  (ps)   (ps)  Location 
#-----------------------------------------------------------------------------------------------------------
  csm_inst_round_counter_reg[3]/CLK -       -      R     (arrival)    536    -  2000     0       0    (-,-) 
  csm_inst_round_counter_reg[3]/Q   -       CLK->Q R     DFFQSRX1       1 10.1   165   259     259    (-,-) 
  g85171/Z                          -       A->Z   F     INVX4          2 27.4   113   101     360    (-,-) 
  g85131/Z                          -       A->Z   R     INVX8          2 37.3    89    81     441    (-,-) 
  g85121/Z                          -       A->Z   F     INVX16         5 35.5    50    47     488    (-,-) 
  g85113/Z                          -       A->Z   R     INVX8          5 33.5    73    59     547    (-,-) 
  g85112/Z                          -       A->Z   F     INVX8          3 29.9    61    57     604    (-,-) 
  g85108/Z                          -       A->Z   R     INVX8          8 37.6    81    67     671    (-,-) 
  g84922/Z                          -       A->Z   F     NAND2X1        3 15.2   169   114     784    (-,-) 
  g84731/Z                          -       B->Z   R     NAND2X1        3 15.1   265   212     997    (-,-) 
  g83759/Z                          -       B->Z   R     MUX2X1         2 11.0   180   187    1184    (-,-) 
  g83056/Z                          -       A->Z   F     NAND2X1        1  7.3   108    89    1273    (-,-) 
  g82870/Z                          -       A->Z   R     NAND3X1        1  7.3   192   124    1397    (-,-) 
  g82738/Z                          -       B->Z   F     NOR2X1         1  6.9   116   102    1499    (-,-) 
  g82436/Z                          -       A->Z   R     NAND2X1        1  6.8   145   113    1612    (-,-) 
  g82010/Z                          -       A->Z   F     NAND2X1        1  7.3   100    83    1695    (-,-) 
  g81989/Z                          -       A->Z   R     NAND3X1        1  8.5   210   131    1826    (-,-) 
  g81287/Z                          -       S->Z   F     MUX2X1         1  7.7    80   178    2004    (-,-) 
  g81232/Z                          -       A->Z   R     INVX2          3 16.9   140   108    2112    (-,-) 
  g81226/Z                          -       A->Z   F     INVX2          2 12.8   100    88    2200    (-,-) 
  g81221/Z                          -       A->Z   R     INVX2          2 12.0   109    93    2293    (-,-) 
  g80859__5526/Z                    -       A->Z   F     NAND3X1        2 12.0   136   100    2393    (-,-) 
  g80557__2802/Z                    -       B->Z   R     NOR2X1         3 16.4   268   192    2585    (-,-) 
  g80374__8428/Z                    -       A->Z   F     NAND2X1        1  6.8   120    93    2678    (-,-) 
  g80332__7410/Z                    -       B->Z   R     NAND2X1        1  6.8   146   128    2805    (-,-) 
  g80276__5526/Z                    -       A->Z   F     NAND2X1        1  7.3   141    83    2889    (-,-) 
  g80228__5122/Z                    -       A->Z   R     NAND3X1        1  7.2   191   133    3022    (-,-) 
  g80197__6131/Z                    -       A->Z   F     NOR2X1         1  8.5   136   131    3153    (-,-) 
  g80142__5526/Z                    -       A->Z   F     XOR2X1         1  6.9   118   146    3298    (-,-) 
  g80113__2398/Z                    -       A->Z   R     NAND2X1        1  7.3   228   118    3416    (-,-) 
  g80093__3680/Z                    -       A->Z   F     NAND3X1        1  6.4   111    85    3502    (-,-) 
  csm_inst_right_reg_reg[25]/D      -       -      F     DFFQSRX1       1    -     -     0    3502    (-,-) 
#-----------------------------------------------------------------------------------------------------------



Path 19: MET (42 ps) Setup Check with Pin csm_inst_right_reg_reg[14]/CLK->D
          Group: C2C
     Startpoint: (R) csm_inst_round_counter_reg[2]/CLK
          Clock: (R) clk
       Endpoint: (F) csm_inst_right_reg_reg[14]/D
          Clock: (R) clk

                     Capture       Launch     
        Clock Edge:+    6000            0     
       Src Latency:+       0            0     
       Net Latency:+       0 (I)        0 (I) 
           Arrival:=    6000            0     
                                              
             Setup:-     456                  
       Uncertainty:-    2000                  
     Required Time:=    3544                  
      Launch Clock:-       0                  
         Data Path:-    3502                  
             Slack:=      42                  

#-----------------------------------------------------------------------------------------------------------
#           Timing Point            Flags    Arc   Edge   Cell     Fanout Load Trans Delay Arrival Instance 
#                                                                         (fF)  (ps)  (ps)   (ps)  Location 
#-----------------------------------------------------------------------------------------------------------
  csm_inst_round_counter_reg[2]/CLK -       -      R     (arrival)    536    -  2000     0       0    (-,-) 
  csm_inst_round_counter_reg[2]/Q   -       CLK->Q R     DFFQSRX1       2 15.2   238   301     301    (-,-) 
  g85096/Z                          -       A->Z   F     INVX2          2 11.2   113    96     396    (-,-) 
  g85058/Z                          -       A->Z   F     AND2X1         2 10.7   116   146     542    (-,-) 
  g84966/Z                          -       A->Z   F     BUFX1          2 10.7   114   134     677    (-,-) 
  g84823/Z                          -       A->Z   R     NAND2X1        1 10.1   193   140     816    (-,-) 
  g84675/Z                          -       A->Z   F     INVX4          6 39.4   149   133     950    (-,-) 
  g84674/Z                          -       A->Z   R     INVX8          4 37.5    98    89    1039    (-,-) 
  g84673/Z                          -       A->Z   F     INVX8         16 70.4   120   101    1140    (-,-) 
  g84069/Z                          -       A->Z   R     NAND2X1        1  6.8   160   114    1255    (-,-) 
  g83564/Z                          -       B->Z   F     NAND2X1        1  7.3   113    84    1338    (-,-) 
  g83364/Z                          -       B->Z   R     NOR2X1         1  7.3   142   112    1450    (-,-) 
  g82741/Z                          -       A->Z   F     NAND3X1        1  6.9    98    79    1529    (-,-) 
  g82442/Z                          -       A->Z   R     NAND2X1        1  7.3   153   112    1641    (-,-) 
  g82087/Z                          -       A->Z   F     NAND3X1        1  8.5   113    90    1731    (-,-) 
  g81725/Z                          -       A->Z   R     XOR2X1         1  7.7   138   176    1907    (-,-) 
  g81525/Z                          -       A->Z   F     INVX2          4 22.0   146   122    2029    (-,-) 
  g81523/Z                          -       A->Z   R     INVX2          2 12.3   120   107    2136    (-,-) 
  g81522/Z                          -       A->Z   F     INVX2          2 12.0    92    81    2217    (-,-) 
  g81177__6131/Z                    -       A->Z   R     NAND2X1        2 12.3   231   151    2368    (-,-) 
  g81128/Z                          -       A->Z   F     INVX2          5 23.5   172   148    2515    (-,-) 
  g80957__2398/Z                    -       A->Z   R     NAND2X1        2 12.0   220   174    2690    (-,-) 
  g80685__4319/Z                    -       B->Z   R     OR2X1          1  7.2   123   141    2830    (-,-) 
  g80415__6260/Z                    -       B->Z   F     NAND3X1        1  7.2   104    83    2914    (-,-) 
  g80264__6260/Z                    -       A->Z   R     NOR2X1         1  7.3   141   119    3033    (-,-) 
  g80252__9945/Z                    -       A->Z   F     NAND3X1        1  8.5   116    88    3121    (-,-) 
  g80195__5526/Z                    -       A->Z   R     XOR2X1         1  7.3   141   174    3294    (-,-) 
  g80160__2398/Z                    -       B->Z   R     OR2X1          1  7.3   127   134    3428    (-,-) 
  g80150__6260/Z                    -       A->Z   F     NAND3X1        1  6.4   101    74    3502    (-,-) 
  csm_inst_right_reg_reg[14]/D      -       -      F     DFFQSRX1       1    -     -     0    3502    (-,-) 
#-----------------------------------------------------------------------------------------------------------



Path 20: MET (47 ps) Setup Check with Pin csm_inst_right_reg_reg[27]/CLK->D
          Group: C2C
     Startpoint: (R) csm_inst_round_counter_reg[1]/CLK
          Clock: (R) clk
       Endpoint: (F) csm_inst_right_reg_reg[27]/D
          Clock: (R) clk

                     Capture       Launch     
        Clock Edge:+    6000            0     
       Src Latency:+       0            0     
       Net Latency:+       0 (I)        0 (I) 
           Arrival:=    6000            0     
                                              
             Setup:-     458                  
       Uncertainty:-    2000                  
     Required Time:=    3542                  
      Launch Clock:-       0                  
         Data Path:-    3495                  
             Slack:=      47                  

#-----------------------------------------------------------------------------------------------------------
#           Timing Point            Flags    Arc   Edge   Cell     Fanout Load Trans Delay Arrival Instance 
#                                                                         (fF)  (ps)  (ps)   (ps)  Location 
#-----------------------------------------------------------------------------------------------------------
  csm_inst_round_counter_reg[1]/CLK -       -      R     (arrival)    536    -  2000     0       0    (-,-) 
  csm_inst_round_counter_reg[1]/Q   -       CLK->Q R     DFFQSRX1       1 10.1   165   259     259    (-,-) 
  g85104/Z                          -       A->Z   F     INVX4          6 32.6   126   113     372    (-,-) 
  g85103/Z                          -       A->Z   R     INVX4          3 15.2    84    77     448    (-,-) 
  g84952/Z                          -       A->Z   R     AND2X1         2 11.9   190   156     605    (-,-) 
  g84842/Z                          -       A->Z   F     INVX2          2 15.2   123   109     713    (-,-) 
  g84841/Z                          -       A->Z   R     INVX4          3 15.1    83    76     789    (-,-) 
  g84819/Z                          -       A->Z   F     NAND2X1        1 10.1   109    87     876    (-,-) 
  g84642/Z                          -       A->Z   R     INVX4          3 24.2   109    93     970    (-,-) 
  g84641/Z                          -       A->Z   F     INVX8          3 29.9    68    64    1034    (-,-) 
  g84635/Z                          -       A->Z   R     INVX4          8 36.7   147   108    1142    (-,-) 
  g84053/Z                          -       A->Z   F     NAND2X1        1  6.8   106    80    1222    (-,-) 
  g83507/Z                          -       B->Z   F     AND2X1         1  7.3    84   142    1363    (-,-) 
  g83379/Z                          -       A->Z   R     NAND3X1        1  7.3   192   116    1479    (-,-) 
  g82900/Z                          -       B->Z   F     NOR2X1         1  7.2   113   105    1584    (-,-) 
  g82091/Z                          -       B->Z   R     NAND3X1        1  8.5   210   155    1739    (-,-) 
  g81713/Z                          -       S->Z   F     MUX2X1         1 10.1    93   189    1928    (-,-) 
  g81434/Z                          -       A->Z   R     INVX4          6 29.7   124   101    2029    (-,-) 
  g81433/Z                          -       A->Z   F     INVX2          1  7.2    69    62    2091    (-,-) 
  g81168__4733/Z                    -       A->Z   R     NOR2X1         5 24.2   377   249    2340    (-,-) 
  g80956__5122/Z                    -       A->Z   F     NAND2X1        1  6.8   139   101    2441    (-,-) 
  g80730__6783/Z                    -       B->Z   R     NAND2X1        1  6.8   148   134    2575    (-,-) 
  g80591__3680/Z                    -       A->Z   F     NAND2X1        1  7.3   110    84    2659    (-,-) 
  g80408__5122/Z                    -       A->Z   R     NAND3X1        1  7.2   192   123    2782    (-,-) 
  g80355__6260/Z                    -       A->Z   F     NOR2X1         1  7.3   126   123    2906    (-,-) 
  g80260__6783/Z                    -       A->Z   R     NAND3X1        1  7.3   192   129    3035    (-,-) 
  g80246__4319/Z                    -       B->Z   F     NOR2X1         1  8.5   129   114    3149    (-,-) 
  g80198__4733/Z                    -       A->Z   F     XOR2X1         1  6.9   118   144    3292    (-,-) 
  g80169__6417/Z                    -       A->Z   R     NAND2X1        1  7.3   215   118    3410    (-,-) 
  g80154__7098/Z                    -       A->Z   F     NAND3X1        1  6.4   108    84    3495    (-,-) 
  csm_inst_right_reg_reg[27]/D      -       -      F     DFFQSRX1       1    -     -     0    3495    (-,-) 
#-----------------------------------------------------------------------------------------------------------



Path 21: MET (53 ps) Setup Check with Pin csm_inst_right_reg_reg[30]/CLK->D
          Group: C2C
     Startpoint: (R) csm_inst_round_counter_reg[3]/CLK
          Clock: (R) clk
       Endpoint: (F) csm_inst_right_reg_reg[30]/D
          Clock: (R) clk

                     Capture       Launch     
        Clock Edge:+    6000            0     
       Src Latency:+       0            0     
       Net Latency:+       0 (I)        0 (I) 
           Arrival:=    6000            0     
                                              
             Setup:-     459                  
       Uncertainty:-    2000                  
     Required Time:=    3541                  
      Launch Clock:-       0                  
         Data Path:-    3488                  
             Slack:=      53                  

#-----------------------------------------------------------------------------------------------------------
#           Timing Point            Flags    Arc   Edge   Cell     Fanout Load Trans Delay Arrival Instance 
#                                                                         (fF)  (ps)  (ps)   (ps)  Location 
#-----------------------------------------------------------------------------------------------------------
  csm_inst_round_counter_reg[3]/CLK -       -      R     (arrival)    536    -  2000     0       0    (-,-) 
  csm_inst_round_counter_reg[3]/Q   -       CLK->Q R     DFFQSRX1       1 10.1   165   259     259    (-,-) 
  g85171/Z                          -       A->Z   F     INVX4          2 27.4   113   101     360    (-,-) 
  g85170/Z                          -       A->Z   R     INVX8          2 27.4    74    69     429    (-,-) 
  g85153/Z                          -       A->Z   F     INVX8          2 27.4    58    55     484    (-,-) 
  g85152/Z                          -       A->Z   R     INVX8          2 27.4    64    55     539    (-,-) 
  g85151/Z                          -       A->Z   F     INVX8          3 19.4    46    44     583    (-,-) 
  g85150/Z                          -       A->Z   R     INVX4          4 21.1    90    69     652    (-,-) 
  g85149/Z                          -       A->Z   F     INVX2          2 11.2    81    72     724    (-,-) 
  g84936/Z                          -       A->Z   R     NAND2X1        3 15.1   265   170     895    (-,-) 
  g84743/Z                          -       A->Z   F     NAND2X1        2 10.6   150   120    1014    (-,-) 
  g84573/Z                          -       A->Z   F     BUFX1          2 11.0   117   143    1158    (-,-) 
  g84388/Z                          -       B->Z   R     NAND2X1        2 11.0   205   161    1319    (-,-) 
  g83506/Z                          -       A->Z   F     NAND2X1        1  7.3   112    92    1411    (-,-) 
  g83348/Z                          -       B->Z   R     NOR2X1         1  7.3   142   112    1523    (-,-) 
  g82742/Z                          -       A->Z   F     NAND3X1        1  6.9    98    79    1602    (-,-) 
  g82443/Z                          -       A->Z   R     NAND2X1        1  6.8   146   108    1709    (-,-) 
  g82084/Z                          -       A->Z   F     NAND2X1        1  8.5   109    91    1800    (-,-) 
  g81703/Z                          -       A->Z   R     XOR2X1         1  7.7   154   176    1976    (-,-) 
  g81372/Z                          -       A->Z   F     INVX2          6 30.5   191   156    2131    (-,-) 
  g81173__3680/Z                    -       A->Z   R     NOR2X1         5 24.8   386   276    2408    (-,-) 
  g81124/Z                          -       A->Z   F     INVX2          2 11.5   142   113    2520    (-,-) 
  g80656__7098/Z                    -       A->Z   F     OR2X1          1  6.9    86   140    2660    (-,-) 
  g80480__2398/Z                    -       A->Z   F     AND2X1         1  7.2    84   119    2779    (-,-) 
  g80341__5477/Z                    -       B->Z   R     NAND3X1        1  7.2   191   135    2914    (-,-) 
  g80281__5122/Z                    -       A->Z   F     NOR2X1         1  7.3   126   123    3037    (-,-) 
  g80249__5526/Z                    -       A->Z   R     NAND3X1        1  8.5   209   140    3176    (-,-) 
  g80206__2883/Z                    -       A->Z   F     XOR2X1         1  6.9   118   108    3284    (-,-) 
  g80162__2346/Z                    -       A->Z   R     NAND2X1        1  7.3   228   118    3402    (-,-) 
  g80156__2346/Z                    -       A->Z   F     NAND3X1        1  6.4   111    85    3488    (-,-) 
  csm_inst_right_reg_reg[30]/D      -       -      F     DFFQSRX1       1    -     -     0    3488    (-,-) 
#-----------------------------------------------------------------------------------------------------------



Path 22: MET (56 ps) Setup Check with Pin csm_inst_right_reg_reg[23]/CLK->D
          Group: C2C
     Startpoint: (R) csm_inst_round_counter_reg[3]/CLK
          Clock: (R) clk
       Endpoint: (F) csm_inst_right_reg_reg[23]/D
          Clock: (R) clk

                     Capture       Launch     
        Clock Edge:+    6000            0     
       Src Latency:+       0            0     
       Net Latency:+       0 (I)        0 (I) 
           Arrival:=    6000            0     
                                              
             Setup:-     459                  
       Uncertainty:-    2000                  
     Required Time:=    3541                  
      Launch Clock:-       0                  
         Data Path:-    3485                  
             Slack:=      56                  

#-----------------------------------------------------------------------------------------------------------
#           Timing Point            Flags    Arc   Edge   Cell     Fanout Load Trans Delay Arrival Instance 
#                                                                         (fF)  (ps)  (ps)   (ps)  Location 
#-----------------------------------------------------------------------------------------------------------
  csm_inst_round_counter_reg[3]/CLK -       -      R     (arrival)    536    -  2000     0       0    (-,-) 
  csm_inst_round_counter_reg[3]/Q   -       CLK->Q R     DFFQSRX1       1 10.1   165   259     259    (-,-) 
  g85171/Z                          -       A->Z   F     INVX4          2 27.4   113   101     360    (-,-) 
  g85131/Z                          -       A->Z   R     INVX8          2 37.3    89    81     441    (-,-) 
  g85121/Z                          -       A->Z   F     INVX16         5 35.5    50    47     488    (-,-) 
  g85120/Z                          -       A->Z   F     BUFX1          2 12.0   125   125     613    (-,-) 
  g85119/Z                          -       A->Z   R     INVX2          2 11.0   107    95     708    (-,-) 
  g85013/Z                          -       A->Z   F     NAND2X1        3 15.2   169   120     828    (-,-) 
  g84547/Z                          -       B->Z   R     NAND2X1        4 19.3   324   246    1074    (-,-) 
  g84029/Z                          -       B->Z   F     NAND2X1        1  7.2   118    94    1168    (-,-) 
  g83454/Z                          -       C->Z   R     NAND3X1        1  7.7   198   167    1335    (-,-) 
  g83252/Z                          -       A->Z   F     INVX2          1  7.2    85    72    1407    (-,-) 
  g82729/Z                          -       B->Z   R     NAND3X1        1  6.8   185   132    1539    (-,-) 
  g82528/Z                          -       A->Z   F     NAND2X1        1  7.2   108    89    1628    (-,-) 
  g82368/Z                          -       B->Z   R     NAND3X1        1  8.5   210   153    1782    (-,-) 
  g81709/Z                          -       S->Z   R     MUX2X1         3 19.3   300   244    2025    (-,-) 
  g81404/Z                          -       A->Z   F     INVX4          2 17.1   112    93    2118    (-,-) 
  g81108__1705/Z                    -       B->Z   F     XOR2X1         6 30.5   199   261    2380    (-,-) 
  g80833__8246/Z                    -       B->Z   F     OR2X1          1  6.9    86   141    2520    (-,-) 
  g80601__5122/Z                    -       A->Z   R     NAND2X1        1  6.8   147   104    2624    (-,-) 
  g80373__2883/Z                    -       A->Z   F     NAND2X1        1  6.9   104    81    2705    (-,-) 
  g80330__1666/Z                    -       A->Z   R     NAND2X1        1  6.8   162   109    2814    (-,-) 
  g80265__1617/Z                    -       A->Z   F     NAND2X1        1  7.3   104    86    2900    (-,-) 
  g80245__6260/Z                    -       A->Z   R     NAND3X1        1  7.3   192   122    3022    (-,-) 
  g80212__1705/Z                    -       B->Z   F     NOR2X1         1  8.5   135   114    3136    (-,-) 
  g80185__9945/Z                    -       A->Z   F     XOR2X1         1  6.9   118   145    3282    (-,-) 
  g80126__7482/Z                    -       A->Z   R     NAND2X1        1  7.3   228   118    3400    (-,-) 
  g80125__5107/Z                    -       A->Z   F     NAND3X1        1  6.4   111    85    3485    (-,-) 
  csm_inst_right_reg_reg[23]/D      -       -      F     DFFQSRX1       1    -     -     0    3485    (-,-) 
#-----------------------------------------------------------------------------------------------------------



Path 23: MET (56 ps) Setup Check with Pin csm_inst_right_reg_reg[17]/CLK->D
          Group: C2C
     Startpoint: (R) csm_inst_round_counter_reg[0]/CLK
          Clock: (R) clk
       Endpoint: (F) csm_inst_right_reg_reg[17]/D
          Clock: (R) clk

                     Capture       Launch     
        Clock Edge:+    6000            0     
       Src Latency:+       0            0     
       Net Latency:+       0 (I)        0 (I) 
           Arrival:=    6000            0     
                                              
             Setup:-     458                  
       Uncertainty:-    2000                  
     Required Time:=    3542                  
      Launch Clock:-       0                  
         Data Path:-    3485                  
             Slack:=      56                  

#-----------------------------------------------------------------------------------------------------------
#           Timing Point            Flags    Arc   Edge   Cell     Fanout Load Trans Delay Arrival Instance 
#                                                                         (fF)  (ps)  (ps)   (ps)  Location 
#-----------------------------------------------------------------------------------------------------------
  csm_inst_round_counter_reg[0]/CLK -       -      R     (arrival)    536    -  2000     0       0    (-,-) 
  csm_inst_round_counter_reg[0]/Q   -       CLK->Q R     DFFQSRX1       1 10.1   165   259     259    (-,-) 
  g85229/Z                          -       A->Z   F     INVX4          9 50.3   172   146     405    (-,-) 
  g85065/Z                          -       B->Z   R     NAND2X1        1 15.0   264   212     618    (-,-) 
  g84984/Z                          -       A->Z   F     INVX8         12 52.7   131   114     732    (-,-) 
  g84811/Z                          -       A->Z   R     NAND2X1        1  7.7   172   126     857    (-,-) 
  g84599/Z                          -       A->Z   F     INVX2          4 20.0   142   124     981    (-,-) 
  g84598/Z                          -       A->Z   R     INVX2          2 12.8   122   108    1089    (-,-) 
  g84596/Z                          -       A->Z   F     INVX2          4 19.7   131   110    1199    (-,-) 
  g84010/Z                          -       A->Z   R     NAND2X1        1  6.8   154   118    1317    (-,-) 
  g83537/Z                          -       A->Z   F     NAND2X1        1  7.2   101    84    1401    (-,-) 
  g83387/Z                          -       A->Z   R     NOR2X1         1  7.3   141   119    1519    (-,-) 
  g82750/Z                          -       A->Z   F     NAND3X1        1  7.2   100    80    1600    (-,-) 
  g82095/Z                          -       A->Z   R     NOR2X1         1 12.8   218   163    1763    (-,-) 
  g81721/Z                          -       B->Z   R     XOR2X1         6 28.9   437   340    2103    (-,-) 
  g81279/Z                          -       A->Z   F     NAND2X1        3 16.5   234   183    2286    (-,-) 
  g81203/Z                          -       A->Z   R     INVX2          5 23.8   210   183    2469    (-,-) 
  g81065__3680/Z                    -       A->Z   F     NAND2X1        1  6.9   110    89    2558    (-,-) 
  g80823__1705/Z                    -       A->Z   R     NAND2X1        1  6.8   143   111    2669    (-,-) 
  g80580__4319/Z                    -       A->Z   R     AND2X1         1  7.2   123   122    2791    (-,-) 
  g80463__6417/Z                    -       A->Z   F     NOR2X1         1  7.3   114   107    2898    (-,-) 
  g80290__5115/Z                    -       A->Z   R     NAND3X1        1  7.3   192   126    3024    (-,-) 
  g80253__5526/Z                    -       B->Z   F     NOR2X1         1  8.5   135   114    3138    (-,-) 
  g80189__7098/Z                    -       A->Z   F     XOR2X1         1  6.9   118   145    3283    (-,-) 
  g80161__5477/Z                    -       A->Z   R     NAND2X1        1  7.3   215   118    3401    (-,-) 
  g80152__5477/Z                    -       A->Z   F     NAND3X1        1  6.4   108    84    3485    (-,-) 
  csm_inst_right_reg_reg[17]/D      -       -      F     DFFQSRX1       1    -     -     0    3485    (-,-) 
#-----------------------------------------------------------------------------------------------------------



Path 24: MET (61 ps) Setup Check with Pin csm_inst_right_reg_reg[28]/CLK->D
          Group: C2C
     Startpoint: (R) csm_inst_round_counter_reg[3]/CLK
          Clock: (R) clk
       Endpoint: (F) csm_inst_right_reg_reg[28]/D
          Clock: (R) clk

                     Capture       Launch     
        Clock Edge:+    6000            0     
       Src Latency:+       0            0     
       Net Latency:+       0 (I)        0 (I) 
           Arrival:=    6000            0     
                                              
             Setup:-     458                  
       Uncertainty:-    2000                  
     Required Time:=    3542                  
      Launch Clock:-       0                  
         Data Path:-    3481                  
             Slack:=      61                  

#-----------------------------------------------------------------------------------------------------------
#           Timing Point            Flags    Arc   Edge   Cell     Fanout Load Trans Delay Arrival Instance 
#                                                                         (fF)  (ps)  (ps)   (ps)  Location 
#-----------------------------------------------------------------------------------------------------------
  csm_inst_round_counter_reg[3]/CLK -       -      R     (arrival)    536    -  2000     0       0    (-,-) 
  csm_inst_round_counter_reg[3]/Q   -       CLK->Q R     DFFQSRX1       1 10.1   165   259     259    (-,-) 
  g85171/Z                          -       A->Z   F     INVX4          2 27.4   113   101     360    (-,-) 
  g85131/Z                          -       A->Z   R     INVX8          2 37.3    89    81     441    (-,-) 
  g85121/Z                          -       A->Z   F     INVX16         5 35.5    50    47     488    (-,-) 
  g85116/Z                          -       A->Z   R     INVX4          8 38.6   154   106     594    (-,-) 
  g85023/Z                          -       A->Z   F     NAND2X1        3 15.1   169   130     724    (-,-) 
  g84543/Z                          -       B->Z   R     NAND2X1        2 10.6   202   176     900    (-,-) 
  g84399/Z                          -       A->Z   R     BUFX1          2 10.6   171   146    1046    (-,-) 
  g83813/Z                          -       B->Z   R     MUX2X1         2 11.0   180   182    1228    (-,-) 
  g83067/Z                          -       A->Z   F     NAND2X1        1  7.3   108    89    1318    (-,-) 
  g82972/Z                          -       A->Z   R     NAND3X1        1  7.2   191   123    1440    (-,-) 
  g82734/Z                          -       A->Z   R     OR2X1          1  6.8   117   161    1601    (-,-) 
  g82543/Z                          -       A->Z   F     NAND2X1        1  6.9    90    76    1677    (-,-) 
  g82110/Z                          -       A->Z   R     NAND2X1        1  8.5   170   119    1796    (-,-) 
  g81732/Z                          -       S->Z   R     MUX2X1         3 16.9   265   221    2017    (-,-) 
  g81576/Z                          -       A->Z   F     INVX2          1  6.9    94    75    2092    (-,-) 
  g81273/Z                          -       A->Z   R     NAND2X1        4 21.6   358   228    2320    (-,-) 
  g81104__1881/Z                    -       B->Z   R     OR2X1          2 14.3   225   209    2529    (-,-) 
  g81002/Z                          -       A->Z   F     INVX4          4 20.1   107    93    2622    (-,-) 
  g80814__4319/Z                    -       A->Z   R     NAND2X1        1  6.8   143   110    2732    (-,-) 
  g80549__1666/Z                    -       A->Z   F     NAND2X1        1  6.9    96    80    2812    (-,-) 
  g80409__8246/Z                    -       A->Z   R     NAND2X1        1  7.3   176   111    2923    (-,-) 
  g80356__4319/Z                    -       A->Z   F     NAND3X1        1  7.3   108    87    3010    (-,-) 
  g80294__7482/Z                    -       B->Z   F     OR2X1          1  8.5    98   134    3144    (-,-) 
  g80220__2802/Z                    -       A->Z   F     XOR2X1         1  6.9   118   135    3279    (-,-) 
  g80194__4319/Z                    -       A->Z   R     NAND2X1        1  7.3   215   118    3397    (-,-) 
  g80176__1705/Z                    -       A->Z   F     NAND3X1        1  6.4   108    84    3481    (-,-) 
  csm_inst_right_reg_reg[28]/D      -       -      F     DFFQSRX1       1    -     -     0    3481    (-,-) 
#-----------------------------------------------------------------------------------------------------------



Path 25: MET (63 ps) Setup Check with Pin csm_inst_right_reg_reg[6]/CLK->D
          Group: C2C
     Startpoint: (R) csm_inst_round_counter_reg[3]/CLK
          Clock: (R) clk
       Endpoint: (F) csm_inst_right_reg_reg[6]/D
          Clock: (R) clk

                     Capture       Launch     
        Clock Edge:+    6000            0     
       Src Latency:+       0            0     
       Net Latency:+       0 (I)        0 (I) 
           Arrival:=    6000            0     
                                              
             Setup:-     458                  
       Uncertainty:-    2000                  
     Required Time:=    3542                  
      Launch Clock:-       0                  
         Data Path:-    3479                  
             Slack:=      63                  

#-----------------------------------------------------------------------------------------------------------
#           Timing Point            Flags    Arc   Edge   Cell     Fanout Load Trans Delay Arrival Instance 
#                                                                         (fF)  (ps)  (ps)   (ps)  Location 
#-----------------------------------------------------------------------------------------------------------
  csm_inst_round_counter_reg[3]/CLK -       -      R     (arrival)    536    -  2000     0       0    (-,-) 
  csm_inst_round_counter_reg[3]/Q   -       CLK->Q R     DFFQSRX1       1 10.1   165   259     259    (-,-) 
  g85171/Z                          -       A->Z   F     INVX4          2 27.4   113   101     360    (-,-) 
  g85131/Z                          -       A->Z   R     INVX8          2 37.3    89    81     441    (-,-) 
  g85121/Z                          -       A->Z   F     INVX16         5 35.5    50    47     488    (-,-) 
  g85120/Z                          -       A->Z   F     BUFX1          2 12.0   125   125     613    (-,-) 
  g85119/Z                          -       A->Z   R     INVX2          2 11.0   107    95     708    (-,-) 
  g85004/Z                          -       A->Z   F     NAND2X1        3 15.1   168   119     828    (-,-) 
  g84536/Z                          -       B->Z   R     NAND2X1        2 10.6   202   175    1003    (-,-) 
  g84395/Z                          -       A->Z   R     BUFX1          3 15.1   236   183    1186    (-,-) 
  g84272/Z                          -       A->Z   F     NAND2X1        1  6.8   114    90    1276    (-,-) 
  g83661/Z                          -       B->Z   R     NAND2X1        1  7.2   151   129    1406    (-,-) 
  g82949/Z                          -       A->Z   F     NOR2X1         1  7.3   119   114    1519    (-,-) 
  g82513/Z                          -       A->Z   R     NAND3X1        1  6.8   184   123    1642    (-,-) 
  g82013/Z                          -       A->Z   F     NAND2X1        1  6.9   105    87    1729    (-,-) 
  g81993/Z                          -       A->Z   R     NAND2X1        1  8.5   170   124    1853    (-,-) 
  g81286/Z                          -       S->Z   R     MUX2X1         4 20.3   314   249    2102    (-,-) 
  g81220/Z                          -       A->Z   F     INVX2          2 11.2   127   103    2206    (-,-) 
  g81113__4733/Z                    -       A->Z   R     NAND2X1        1 10.1   195   144    2350    (-,-) 
  g81011/Z                          -       A->Z   F     INVX4          8 36.9   143   129    2478    (-,-) 
  g80862__6783/Z                    -       A->Z   R     NAND2X1        2 11.9   232   164    2643    (-,-) 
  g80616__6131/Z                    -       B->Z   F     NAND2X1        1  6.9   109    86    2729    (-,-) 
  g80430__1881/Z                    -       A->Z   R     NAND2X1        1  7.3   178   115    2844    (-,-) 
  g80345__6260/Z                    -       A->Z   F     NAND3X1        1  7.2   108    86    2931    (-,-) 
  g80259__5477/Z                    -       A->Z   R     NOR2X1         1  7.3   141   120    3050    (-,-) 
  g80214__1705/Z                    -       A->Z   F     NAND3X1        1  8.5   110    88    3138    (-,-) 
  g80184__8246/Z                    -       A->Z   F     XOR2X1         1  6.9   118   138    3277    (-,-) 
  g80129__5115/Z                    -       A->Z   R     NAND2X1        1  7.3   215   118    3395    (-,-) 
  g80117__1666/Z                    -       A->Z   F     NAND3X1        1  6.4   108    84    3479    (-,-) 
  csm_inst_right_reg_reg[6]/D       -       -      F     DFFQSRX1       1    -     -     0    3479    (-,-) 
#-----------------------------------------------------------------------------------------------------------



Path 26: MET (64 ps) Setup Check with Pin csm_inst_right_reg_reg[29]/CLK->D
          Group: C2C
     Startpoint: (R) csm_inst_round_counter_reg[1]/CLK
          Clock: (R) clk
       Endpoint: (F) csm_inst_right_reg_reg[29]/D
          Clock: (R) clk

                     Capture       Launch     
        Clock Edge:+    6000            0     
       Src Latency:+       0            0     
       Net Latency:+       0 (I)        0 (I) 
           Arrival:=    6000            0     
                                              
             Setup:-     458                  
       Uncertainty:-    2000                  
     Required Time:=    3542                  
      Launch Clock:-       0                  
         Data Path:-    3477                  
             Slack:=      64                  

#-----------------------------------------------------------------------------------------------------------
#           Timing Point            Flags    Arc   Edge   Cell     Fanout Load Trans Delay Arrival Instance 
#                                                                         (fF)  (ps)  (ps)   (ps)  Location 
#-----------------------------------------------------------------------------------------------------------
  csm_inst_round_counter_reg[1]/CLK -       -      R     (arrival)    536    -  2000     0       0    (-,-) 
  csm_inst_round_counter_reg[1]/Q   -       CLK->Q R     DFFQSRX1       1 10.1   165   259     259    (-,-) 
  g85104/Z                          -       A->Z   F     INVX4          6 32.6   126   113     372    (-,-) 
  g85103/Z                          -       A->Z   R     INVX4          3 15.2    84    77     448    (-,-) 
  g84952/Z                          -       A->Z   R     AND2X1         2 11.9   190   156     605    (-,-) 
  g84842/Z                          -       A->Z   F     INVX2          2 15.2   123   109     713    (-,-) 
  g84841/Z                          -       A->Z   R     INVX4          3 15.1    83    76     789    (-,-) 
  g84819/Z                          -       A->Z   F     NAND2X1        1 10.1   109    87     876    (-,-) 
  g84642/Z                          -       A->Z   R     INVX4          3 24.2   109    93     970    (-,-) 
  g84641/Z                          -       A->Z   F     INVX8          3 29.9    68    64    1034    (-,-) 
  g84635/Z                          -       A->Z   R     INVX4          8 36.7   147   108    1142    (-,-) 
  g84246/Z                          -       A->Z   F     NAND2X1        1  6.8   106    80    1222    (-,-) 
  g83609/Z                          -       B->Z   F     AND2X1         1  7.3    84   142    1363    (-,-) 
  g83384/Z                          -       A->Z   R     NAND3X1        1  7.3   192   116    1479    (-,-) 
  g82908/Z                          -       B->Z   F     NOR2X1         1  7.2   113   105    1584    (-,-) 
  g82106/Z                          -       B->Z   R     NAND3X1        1  8.5   210   155    1739    (-,-) 
  g81723/Z                          -       S->Z   R     MUX2X1         4 23.0   353   274    2013    (-,-) 
  g81506/Z                          -       A->Z   F     INVX4         10 46.7   205   177    2190    (-,-) 
  g81185/Z                          -       A->Z   R     NOR2X1         7 33.6   511   350    2539    (-,-) 
  g80858__6417/Z                    -       A->Z   F     NAND3X1        1  7.2   162   105    2645    (-,-) 
  g80471__2398/Z                    -       C->Z   R     NAND3X1        1  7.7   199   182    2826    (-,-) 
  g80418/Z                          -       A->Z   F     INVX2          1  7.3    86    73    2899    (-,-) 
  g80358__1666/Z                    -       A->Z   R     NAND3X1        1  7.3   193   116    3016    (-,-) 
  g80255__2883/Z                    -       B->Z   F     NOR2X1         1  8.5   136   114    3130    (-,-) 
  g80200__4319/Z                    -       A->Z   F     XOR2X1         1  6.9   118   146    3275    (-,-) 
  g80171__5122/Z                    -       A->Z   R     NAND2X1        1  7.3   215   118    3393    (-,-) 
  g80155__5526/Z                    -       A->Z   F     NAND3X1        1  6.4   108    84    3477    (-,-) 
  csm_inst_right_reg_reg[29]/D      -       -      F     DFFQSRX1       1    -     -     0    3477    (-,-) 
#-----------------------------------------------------------------------------------------------------------



Path 27: MET (69 ps) Setup Check with Pin csm_inst_right_reg_reg[13]/CLK->D
          Group: C2C
     Startpoint: (R) csm_inst_round_counter_reg[3]/CLK
          Clock: (R) clk
       Endpoint: (F) csm_inst_right_reg_reg[13]/D
          Clock: (R) clk

                     Capture       Launch     
        Clock Edge:+    6000            0     
       Src Latency:+       0            0     
       Net Latency:+       0 (I)        0 (I) 
           Arrival:=    6000            0     
                                              
             Setup:-     456                  
       Uncertainty:-    2000                  
     Required Time:=    3544                  
      Launch Clock:-       0                  
         Data Path:-    3474                  
             Slack:=      69                  

#-----------------------------------------------------------------------------------------------------------
#           Timing Point            Flags    Arc   Edge   Cell     Fanout Load Trans Delay Arrival Instance 
#                                                                         (fF)  (ps)  (ps)   (ps)  Location 
#-----------------------------------------------------------------------------------------------------------
  csm_inst_round_counter_reg[3]/CLK -       -      R     (arrival)    536    -  2000     0       0    (-,-) 
  csm_inst_round_counter_reg[3]/Q   -       CLK->Q R     DFFQSRX1       1 10.1   165   259     259    (-,-) 
  g85171/Z                          -       A->Z   F     INVX4          2 27.4   113   101     360    (-,-) 
  g85170/Z                          -       A->Z   R     INVX8          2 27.4    74    69     429    (-,-) 
  g85153/Z                          -       A->Z   F     INVX8          2 27.4    58    55     484    (-,-) 
  g85152/Z                          -       A->Z   R     INVX8          2 27.4    64    55     539    (-,-) 
  g85151/Z                          -       A->Z   F     INVX8          3 19.4    46    44     583    (-,-) 
  g85150/Z                          -       A->Z   R     INVX4          4 21.1    90    69     652    (-,-) 
  g85054/Z                          -       A->Z   F     NAND2X1        3 15.3   170   116     768    (-,-) 
  g84520/Z                          -       B->Z   R     NAND2X1        3 15.1   265   212     981    (-,-) 
  g83822/Z                          -       B->Z   R     MUX2X1         2 11.0   180   187    1168    (-,-) 
  g83267/Z                          -       A->Z   F     NAND2X1        1  7.3   108    89    1257    (-,-) 
  g82868/Z                          -       A->Z   R     NAND3X1        1  7.2   191   123    1380    (-,-) 
  g82720/Z                          -       A->Z   R     OR2X1          1  6.8   117   160    1540    (-,-) 
  g82439/Z                          -       A->Z   F     NAND2X1        1  6.9    90    76    1616    (-,-) 
  g82082/Z                          -       A->Z   R     NAND2X1        1  8.5   169   119    1735    (-,-) 
  g81735/Z                          -       S->Z   R     MUX2X1         3 18.5   288   234    1970    (-,-) 
  g81614/Z                          -       A->Z   F     INVX4          4 21.2   122   103    2072    (-,-) 
  g81255/Z                          -       B->Z   R     NOR2X1         2 11.4   199   148    2220    (-,-) 
  g81102__7098/Z                    -       A->Z   F     NOR2X1         5 24.5   274   226    2446    (-,-) 
  g80806__8246/Z                    -       B->Z   F     OR2X1          1  6.9    86   152    2598    (-,-) 
  g80568__2346/Z                    -       A->Z   R     NAND2X1        1  6.8   145   104    2702    (-,-) 
  g80421__1705/Z                    -       A->Z   F     NAND2X1        1  7.3   100    83    2785    (-,-) 
  g80309__7098/Z                    -       A->Z   R     NAND3X1        1  7.3   192   121    2906    (-,-) 
  g80263__5107/Z                    -       B->Z   F     NOR2X1         1  7.3   114   106    3012    (-,-) 
  g80251__9315/Z                    -       A->Z   R     NAND3X1        1  8.5   209   136    3147    (-,-) 
  g80196__8428/Z                    -       A->Z   R     XOR2X1         1  7.3   141   120    3267    (-,-) 
  g80159__3680/Z                    -       B->Z   R     OR2X1          1  7.3   127   134    3401    (-,-) 
  g80149__5107/Z                    -       A->Z   F     NAND3X1        1  6.4   101    74    3474    (-,-) 
  csm_inst_right_reg_reg[13]/D      -       -      F     DFFQSRX1       1    -     -     0    3474    (-,-) 
#-----------------------------------------------------------------------------------------------------------



Path 28: MET (72 ps) Setup Check with Pin csm_inst_right_reg_reg[0]/CLK->D
          Group: C2C
     Startpoint: (R) csm_inst_round_counter_reg[3]/CLK
          Clock: (R) clk
       Endpoint: (F) csm_inst_right_reg_reg[0]/D
          Clock: (R) clk

                     Capture       Launch     
        Clock Edge:+    6000            0     
       Src Latency:+       0            0     
       Net Latency:+       0 (I)        0 (I) 
           Arrival:=    6000            0     
                                              
             Setup:-     459                  
       Uncertainty:-    2000                  
     Required Time:=    3541                  
      Launch Clock:-       0                  
         Data Path:-    3468                  
             Slack:=      72                  

#-----------------------------------------------------------------------------------------------------------
#           Timing Point            Flags    Arc   Edge   Cell     Fanout Load Trans Delay Arrival Instance 
#                                                                         (fF)  (ps)  (ps)   (ps)  Location 
#-----------------------------------------------------------------------------------------------------------
  csm_inst_round_counter_reg[3]/CLK -       -      R     (arrival)    536    -  2000     0       0    (-,-) 
  csm_inst_round_counter_reg[3]/Q   -       CLK->Q R     DFFQSRX1       1 10.1   165   259     259    (-,-) 
  g85171/Z                          -       A->Z   F     INVX4          2 27.4   113   101     360    (-,-) 
  g85131/Z                          -       A->Z   R     INVX8          2 37.3    89    81     441    (-,-) 
  g85121/Z                          -       A->Z   F     INVX16         5 35.5    50    47     488    (-,-) 
  g85113/Z                          -       A->Z   R     INVX8          5 33.5    73    59     547    (-,-) 
  g85112/Z                          -       A->Z   F     INVX8          3 29.9    61    57     604    (-,-) 
  g85108/Z                          -       A->Z   R     INVX8          8 37.6    81    67     671    (-,-) 
  g84922/Z                          -       A->Z   F     NAND2X1        3 15.2   169   114     784    (-,-) 
  g84731/Z                          -       B->Z   R     NAND2X1        3 15.1   265   212     997    (-,-) 
  g83759/Z                          -       B->Z   R     MUX2X1         2 11.0   180   187    1184    (-,-) 
  g83056/Z                          -       A->Z   F     NAND2X1        1  7.3   108    89    1273    (-,-) 
  g82870/Z                          -       A->Z   R     NAND3X1        1  7.3   192   124    1397    (-,-) 
  g82738/Z                          -       B->Z   F     NOR2X1         1  6.9   116   102    1499    (-,-) 
  g82436/Z                          -       A->Z   R     NAND2X1        1  6.8   145   113    1612    (-,-) 
  g82010/Z                          -       A->Z   F     NAND2X1        1  7.3   100    83    1695    (-,-) 
  g81989/Z                          -       A->Z   R     NAND3X1        1  8.5   210   131    1826    (-,-) 
  g81287/Z                          -       S->Z   F     MUX2X1         1  7.7    80   178    2004    (-,-) 
  g81232/Z                          -       A->Z   R     INVX2          3 16.9   140   108    2112    (-,-) 
  g81226/Z                          -       A->Z   F     INVX2          2 12.8   100    88    2200    (-,-) 
  g81221/Z                          -       A->Z   R     INVX2          2 12.0   109    93    2293    (-,-) 
  g80859__5526/Z                    -       A->Z   F     NAND3X1        2 12.0   136   100    2393    (-,-) 
  g80557__2802/Z                    -       B->Z   R     NOR2X1         3 16.4   268   192    2585    (-,-) 
  g80477/Z                          -       A->Z   F     INVX2          1  6.9    94    75    2660    (-,-) 
  g80378__1666/Z                    -       A->Z   R     NAND2X1        1  6.8   144   106    2766    (-,-) 
  g80343__2398/Z                    -       A->Z   F     NAND2X1        1  7.2    99    82    2849    (-,-) 
  g80244__4733/Z                    -       C->Z   R     NAND3X1        1  7.3   192   157    3006    (-,-) 
  g80215__7482/Z                    -       B->Z   F     NOR2X1         1  8.5   136   114    3120    (-,-) 
  g80183__2802/Z                    -       A->Z   F     XOR2X1         1  6.9   118   146    3265    (-,-) 
  g80131__6131/Z                    -       A->Z   R     NAND2X1        1  7.3   228   118    3383    (-,-) 
  g80115__6260/Z                    -       A->Z   F     NAND3X1        1  6.4   111    85    3468    (-,-) 
  csm_inst_right_reg_reg[0]/D       -       -      F     DFFQSRX1       1    -     -     0    3468    (-,-) 
#-----------------------------------------------------------------------------------------------------------



Path 29: MET (89 ps) Setup Check with Pin csm_inst_right_reg_reg[20]/CLK->D
          Group: C2C
     Startpoint: (R) csm_inst_round_counter_reg[0]/CLK
          Clock: (R) clk
       Endpoint: (F) csm_inst_right_reg_reg[20]/D
          Clock: (R) clk

                     Capture       Launch     
        Clock Edge:+    6000            0     
       Src Latency:+       0            0     
       Net Latency:+       0 (I)        0 (I) 
           Arrival:=    6000            0     
                                              
             Setup:-     459                  
       Uncertainty:-    2000                  
     Required Time:=    3541                  
      Launch Clock:-       0                  
         Data Path:-    3452                  
             Slack:=      89                  

#-----------------------------------------------------------------------------------------------------------
#           Timing Point            Flags    Arc   Edge   Cell     Fanout Load Trans Delay Arrival Instance 
#                                                                         (fF)  (ps)  (ps)   (ps)  Location 
#-----------------------------------------------------------------------------------------------------------
  csm_inst_round_counter_reg[0]/CLK -       -      R     (arrival)    536    -  2000     0       0    (-,-) 
  csm_inst_round_counter_reg[0]/Q   -       CLK->Q R     DFFQSRX1       1 10.1   165   259     259    (-,-) 
  g85229/Z                          -       A->Z   F     INVX4          9 50.3   172   146     405    (-,-) 
  g85065/Z                          -       B->Z   R     NAND2X1        1 15.0   264   212     618    (-,-) 
  g84984/Z                          -       A->Z   F     INVX8         12 52.7   131   114     732    (-,-) 
  g84816/Z                          -       B->Z   R     NAND2X1        1 10.1   193   159     890    (-,-) 
  g84618/Z                          -       A->Z   F     INVX4          9 47.3   169   148    1038    (-,-) 
  g84612/Z                          -       A->Z   R     INVX4          2 15.2    94    87    1125    (-,-) 
  g84611/Z                          -       A->Z   F     INVX2          5 23.9   149   117    1242    (-,-) 
  g84146/Z                          -       A->Z   R     NAND2X1        1  7.3   150   128    1370    (-,-) 
  g83403/Z                          -       A->Z   F     NAND3X1        1  7.3   103    82    1453    (-,-) 
  g82956/Z                          -       B->Z   R     NOR2X1         1  7.2   140   108    1561    (-,-) 
  g82096/Z                          -       B->Z   F     NAND3X1        1  8.5   110    93    1654    (-,-) 
  g81726/Z                          -       A->Z   R     XOR2X1         4 27.0   414   334    1988    (-,-) 
  g81181/Z                          -       A->Z   F     NOR2X1         1  7.7   177   160    2148    (-,-) 
  g81129/Z                          -       A->Z   R     INVX2          7 34.0   269   211    2358    (-,-) 
  g81097__3680/Z                    -       B->Z   F     NOR2X1         4 20.4   235   203    2561    (-,-) 
  g80654__2883/Z                    -       A->Z   R     NAND2X1        1  6.8   151   147    2708    (-,-) 
  g80396__6783/Z                    -       A->Z   F     NAND2X1        1  6.9   108    82    2790    (-,-) 
  g80316__6783/Z                    -       A->Z   R     NAND2X1        1  6.8   143   110    2900    (-,-) 
  g80268__4319/Z                    -       B->Z   R     AND2X1         1  7.3   124   126    3026    (-,-) 
  g80226__9945/Z                    -       A->Z   F     NAND3X1        1  8.5   107    85    3111    (-,-) 
  g80187__5107/Z                    -       A->Z   F     XOR2X1         1  6.9   118   137    3249    (-,-) 
  g80128__8246/Z                    -       A->Z   R     NAND2X1        1  7.3   228   118    3366    (-,-) 
  g80122__1705/Z                    -       A->Z   F     NAND3X1        1  6.4   111    85    3452    (-,-) 
  csm_inst_right_reg_reg[20]/D      -       -      F     DFFQSRX1       1    -     -     0    3452    (-,-) 
#-----------------------------------------------------------------------------------------------------------



Path 30: MET (99 ps) Setup Check with Pin csm_inst_right_reg_reg[7]/CLK->D
          Group: C2C
     Startpoint: (R) csm_inst_round_counter_reg[3]/CLK
          Clock: (R) clk
       Endpoint: (F) csm_inst_right_reg_reg[7]/D
          Clock: (R) clk

                     Capture       Launch     
        Clock Edge:+    6000            0     
       Src Latency:+       0            0     
       Net Latency:+       0 (I)        0 (I) 
           Arrival:=    6000            0     
                                              
             Setup:-     459                  
       Uncertainty:-    2000                  
     Required Time:=    3541                  
      Launch Clock:-       0                  
         Data Path:-    3442                  
             Slack:=      99                  

#-----------------------------------------------------------------------------------------------------------
#           Timing Point            Flags    Arc   Edge   Cell     Fanout Load Trans Delay Arrival Instance 
#                                                                         (fF)  (ps)  (ps)   (ps)  Location 
#-----------------------------------------------------------------------------------------------------------
  csm_inst_round_counter_reg[3]/CLK -       -      R     (arrival)    536    -  2000     0       0    (-,-) 
  csm_inst_round_counter_reg[3]/Q   -       CLK->Q R     DFFQSRX1       1 10.1   165   259     259    (-,-) 
  g85171/Z                          -       A->Z   F     INVX4          2 27.4   113   101     360    (-,-) 
  g85131/Z                          -       A->Z   R     INVX8          2 37.3    89    81     441    (-,-) 
  g85130/Z                          -       A->Z   F     INVX8          2 17.6    49    47     488    (-,-) 
  g85129/Z                          -       A->Z   R     INVX4          4 21.1    91    70     558    (-,-) 
  g85128/Z                          -       A->Z   F     INVX2          2 12.0    85    75     633    (-,-) 
  g84933/Z                          -       A->Z   R     NAND2X1        2 10.6   202   135     768    (-,-) 
  g84834/Z                          -       A->Z   R     BUFX1          2 11.0   177   150     917    (-,-) 
  g84506/Z                          -       B->Z   F     NAND2X1        2 11.0   152   107    1025    (-,-) 
  g84100/Z                          -       B->Z   R     NAND2X1        2 11.0   207   173    1198    (-,-) 
  g83641/Z                          -       B->Z   R     AND2X1         1  7.3   124   130    1327    (-,-) 
  g83414/Z                          -       A->Z   F     NAND3X1        1  7.2   100    78    1405    (-,-) 
  g82727/Z                          -       A->Z   R     NOR2X1         1  7.3   141   118    1523    (-,-) 
  g82533/Z                          -       B->Z   F     NOR2X1         1  7.3   115    95    1619    (-,-) 
  g82365/Z                          -       B->Z   R     NOR2X1         1 12.8   218   157    1776    (-,-) 
  g81708/Z                          -       B->Z   R     XOR2X1         3 16.4   257   237    2013    (-,-) 
  g81398/Z                          -       A->Z   F     INVX2          4 21.5   168   144    2157    (-,-) 
  g81154/Z                          -       A->Z   R     NOR2X1         4 20.3   322   236    2393    (-,-) 
  g80985__1617/Z                    -       A->Z   F     NAND2X1        5 26.2   282   226    2619    (-,-) 
  g80669__8246/Z                    -       B->Z   F     OR2X1          1  7.3    90   156    2774    (-,-) 
  g80506__6131/Z                    -       A->Z   R     NAND3X1        1  6.8   186   114    2888    (-,-) 
  g80364__5107/Z                    -       A->Z   F     NAND2X1        1  7.2   108    90    2978    (-,-) 
  g80248__8428/Z                    -       B->Z   R     NAND3X1        1  8.5   209   153    3131    (-,-) 
  g80202__6161/Z                    -       A->Z   F     XOR2X1         1  6.9   118   108    3239    (-,-) 
  g80158__2883/Z                    -       A->Z   R     NAND2X1        1  7.3   228   118    3357    (-,-) 
  g80146__6131/Z                    -       A->Z   F     NAND3X1        1  6.4   111    85    3442    (-,-) 
  csm_inst_right_reg_reg[7]/D       -       -      F     DFFQSRX1       1    -     -     0    3442    (-,-) 
#-----------------------------------------------------------------------------------------------------------



Path 31: MET (102 ps) Setup Check with Pin csm_inst_right_reg_reg[2]/CLK->D
          Group: C2C
     Startpoint: (R) csm_inst_round_counter_reg[1]/CLK
          Clock: (R) clk
       Endpoint: (F) csm_inst_right_reg_reg[2]/D
          Clock: (R) clk

                     Capture       Launch     
        Clock Edge:+    6000            0     
       Src Latency:+       0            0     
       Net Latency:+       0 (I)        0 (I) 
           Arrival:=    6000            0     
                                              
             Setup:-     459                  
       Uncertainty:-    2000                  
     Required Time:=    3541                  
      Launch Clock:-       0                  
         Data Path:-    3439                  
             Slack:=     102                  

#-----------------------------------------------------------------------------------------------------------
#           Timing Point            Flags    Arc   Edge   Cell     Fanout Load Trans Delay Arrival Instance 
#                                                                         (fF)  (ps)  (ps)   (ps)  Location 
#-----------------------------------------------------------------------------------------------------------
  csm_inst_round_counter_reg[1]/CLK -       -      R     (arrival)    536    -  2000     0       0    (-,-) 
  csm_inst_round_counter_reg[1]/Q   -       CLK->Q R     DFFQSRX1       1 10.1   165   259     259    (-,-) 
  g85104/Z                          -       A->Z   F     INVX4          6 32.6   126   113     372    (-,-) 
  g85103/Z                          -       A->Z   R     INVX4          3 15.2    84    77     448    (-,-) 
  g84952/Z                          -       A->Z   R     AND2X1         2 11.9   190   156     605    (-,-) 
  g84842/Z                          -       A->Z   F     INVX2          2 15.2   123   109     713    (-,-) 
  g84841/Z                          -       A->Z   R     INVX4          3 15.1    83    76     789    (-,-) 
  g84819/Z                          -       A->Z   F     NAND2X1        1 10.1   109    87     876    (-,-) 
  g84642/Z                          -       A->Z   R     INVX4          3 24.2   109    93     970    (-,-) 
  g84641/Z                          -       A->Z   F     INVX8          3 29.9    68    64    1034    (-,-) 
  g84635/Z                          -       A->Z   R     INVX4          8 36.7   147   108    1142    (-,-) 
  g84634/Z                          -       A->Z   F     INVX2          2 12.8   102    89    1231    (-,-) 
  g84633/Z                          -       A->Z   R     INVX2          1  6.8    75    70    1300    (-,-) 
  g84213/Z                          -       A->Z   F     NAND2X1        1  6.8    98    68    1368    (-,-) 
  g83594/Z                          -       B->Z   F     AND2X1         1  7.3    84   139    1507    (-,-) 
  g83428/Z                          -       A->Z   R     NAND3X1        1  7.3   192   116    1623    (-,-) 
  g82901/Z                          -       B->Z   F     NOR2X1         1  7.2   113   105    1728    (-,-) 
  g82104/Z                          -       B->Z   R     NAND3X1        1  8.5   210   155    1883    (-,-) 
  g81737/Z                          -       A->Z   R     XOR2X1         2 17.9   297   207    2090    (-,-) 
  g81636/Z                          -       A->Z   F     INVX2          4 22.4   182   154    2245    (-,-) 
  g81633/Z                          -       A->Z   R     INVX2          2 12.8   130   119    2364    (-,-) 
  g81632/Z                          -       A->Z   F     INVX2          2 12.3    95    84    2448    (-,-) 
  g81631/Z                          -       A->Z   R     INVX2          2 11.9   107    91    2539    (-,-) 
  g80949__7410/Z                    -       B->Z   F     NAND2X1        1  6.8   128    75    2614    (-,-) 
  g80635__1666/Z                    -       A->Z   F     MUX2X1         1  7.3    77   198    2811    (-,-) 
  g80469__6783/Z                    -       A->Z   R     NAND3X1        1  7.7   199   117    2928    (-,-) 
  g80417/Z                          -       A->Z   F     INVX2          1  7.3    86    73    3001    (-,-) 
  g80274__3680/Z                    -       A->Z   R     NAND3X1        1  8.5   209   126    3127    (-,-) 
  g80221__7410/Z                    -       A->Z   F     XOR2X1         1  6.9   118   108    3236    (-,-) 
  g80192__6161/Z                    -       A->Z   R     NAND2X1        1  7.3   228   118    3353    (-,-) 
  g80172__9945/Z                    -       A->Z   F     NAND3X1        1  6.4   111    85    3439    (-,-) 
  csm_inst_right_reg_reg[2]/D       -       -      F     DFFQSRX1       1    -     -     0    3439    (-,-) 
#-----------------------------------------------------------------------------------------------------------



Path 32: MET (118 ps) Setup Check with Pin csm_inst_right_reg_reg[11]/CLK->D
          Group: C2C
     Startpoint: (R) csm_inst_round_counter_reg[3]/CLK
          Clock: (R) clk
       Endpoint: (F) csm_inst_right_reg_reg[11]/D
          Clock: (R) clk

                     Capture       Launch     
        Clock Edge:+    6000            0     
       Src Latency:+       0            0     
       Net Latency:+       0 (I)        0 (I) 
           Arrival:=    6000            0     
                                              
             Setup:-     458                  
       Uncertainty:-    2000                  
     Required Time:=    3542                  
      Launch Clock:-       0                  
         Data Path:-    3424                  
             Slack:=     118                  

#-----------------------------------------------------------------------------------------------------------
#           Timing Point            Flags    Arc   Edge   Cell     Fanout Load Trans Delay Arrival Instance 
#                                                                         (fF)  (ps)  (ps)   (ps)  Location 
#-----------------------------------------------------------------------------------------------------------
  csm_inst_round_counter_reg[3]/CLK -       -      R     (arrival)    536    -  2000     0       0    (-,-) 
  csm_inst_round_counter_reg[3]/Q   -       CLK->Q R     DFFQSRX1       1 10.1   165   259     259    (-,-) 
  g85171/Z                          -       A->Z   F     INVX4          2 27.4   113   101     360    (-,-) 
  g85170/Z                          -       A->Z   R     INVX8          2 27.4    74    69     429    (-,-) 
  g85169/Z                          -       A->Z   F     INVX8          5 43.9    80    71     500    (-,-) 
  g85168/Z                          -       A->Z   R     INVX16         9 49.0    63    58     558    (-,-) 
  g85045/Z                          -       A->Z   F     NAND2X1        3 15.1   180   109     666    (-,-) 
  g84779/Z                          -       B->Z   R     NAND2X1        2 10.6   203   179     845    (-,-) 
  g84582/Z                          -       A->Z   R     BUFX1          2 10.6   171   146     992    (-,-) 
  g84581/Z                          -       A->Z   R     BUFX1          2 10.6   171   145    1136    (-,-) 
  g84293/Z                          -       A->Z   F     NAND2X1        1  6.8   102    84    1220    (-,-) 
  g83676/Z                          -       B->Z   R     NAND2X1        1  6.8   144   122    1342    (-,-) 
  g83044/Z                          -       A->Z   F     NAND2X1        1  7.3   117    83    1425    (-,-) 
  g82857/Z                          -       A->Z   R     NAND3X1        1  7.3   192   126    1552    (-,-) 
  g82716/Z                          -       B->Z   F     NOR2X1         1  6.8   122   102    1653    (-,-) 
  g82093/Z                          -       B->Z   R     NAND2X1        1  8.5   170   143    1796    (-,-) 
  g81740/Z                          -       S->Z   F     MUX2X1         4 21.2   151   234    2030    (-,-) 
  g81656/Z                          -       A->Z   R     INVX2          2 14.3   133   118    2148    (-,-) 
  g81655/Z                          -       A->Z   F     INVX4          5 26.0   103    91    2239    (-,-) 
  g81653/Z                          -       A->Z   R     INVX2          4 22.3   182   138    2377    (-,-) 
  g81081__7410/Z                    -       B->Z   F     NAND2X1        2 12.0   179   114    2490    (-,-) 
  g80794__9945/Z                    -       B->Z   F     OR2X1          1  6.9    86   138    2628    (-,-) 
  g80604__8246/Z                    -       A->Z   R     NAND2X1        1  6.8   147   104    2732    (-,-) 
  g80446__4733/Z                    -       A->Z   F     NAND2X1        1  6.8    96    80    2812    (-,-) 
  g80308__6161/Z                    -       B->Z   R     NAND2X1        1  7.3   151   124    2936    (-,-) 
  g80288__6131/Z                    -       B->Z   F     NOR2X1         1  7.3   126    97    3033    (-,-) 
  g80250__1666/Z                    -       A->Z   R     NAND3X1        2 12.0   261   168    3202    (-,-) 
  g80208__2346/Z                    -       B->Z   R     OR2X1          1  7.2   123   144    3345    (-,-) 
  g80165__3680/Z                    -       B->Z   F     NAND3X1        1  6.4   106    79    3424    (-,-) 
  csm_inst_right_reg_reg[11]/D      -       -      F     DFFQSRX1       1    -     -     0    3424    (-,-) 
#-----------------------------------------------------------------------------------------------------------



Path 33: MET (1513 ps) Setup Check with Pin spi_inst_shift_in_reg[33]/CLK->D
          Group: C2C
     Startpoint: (R) cs_sync_reg/CLK
          Clock: (R) clk
       Endpoint: (F) spi_inst_shift_in_reg[33]/D
          Clock: (R) clk

                     Capture       Launch     
        Clock Edge:+    6000            0     
       Src Latency:+       0            0     
       Net Latency:+       0 (I)        0 (I) 
           Arrival:=    6000            0     
                                              
             Setup:-     452                  
       Uncertainty:-    2000                  
     Required Time:=    3548                  
      Launch Clock:-       0                  
         Data Path:-    2036                  
             Slack:=    1513                  

#------------------------------------------------------------------------------------------------------
#        Timing Point         Flags    Arc   Edge   Cell     Fanout  Load Trans Delay Arrival Instance 
#                                                                    (fF)  (ps)  (ps)   (ps)  Location 
#------------------------------------------------------------------------------------------------------
  cs_sync_reg/CLK             -       -      R     (arrival)    536     -  2000     0       0    (-,-) 
  cs_sync_reg/Q               -       CLK->Q F     DFFQSRX1       5  25.2   250   305     305    (-,-) 
  g84406/Z                    -       A->Z   R     INVX2          3  15.5   161   148     453    (-,-) 
  g83835/Z                    -       A->Z   F     NAND2X1        1   7.2   106    85     539    (-,-) 
  g83464/Z                    -       A->Z   R     NOR2X1         1  10.1   181   142     681    (-,-) 
  g83253/Z                    -       A->Z   F     INVX4         71 421.9  1292   821    1502    (-,-) 
  g82815/Z                    -       S->Z   F     MUX2X1         1   6.9    99   417    1918    (-,-) 
  g82491/Z                    -       A->Z   F     AND2X1         1   6.4    86   118    2036    (-,-) 
  spi_inst_shift_in_reg[33]/D -       -      F     DFFQSRX1       1     -     -     0    2036    (-,-) 
#------------------------------------------------------------------------------------------------------



Path 34: MET (1513 ps) Setup Check with Pin spi_inst_shift_in_reg[24]/CLK->D
          Group: C2C
     Startpoint: (R) cs_sync_reg/CLK
          Clock: (R) clk
       Endpoint: (F) spi_inst_shift_in_reg[24]/D
          Clock: (R) clk

                     Capture       Launch     
        Clock Edge:+    6000            0     
       Src Latency:+       0            0     
       Net Latency:+       0 (I)        0 (I) 
           Arrival:=    6000            0     
                                              
             Setup:-     452                  
       Uncertainty:-    2000                  
     Required Time:=    3548                  
      Launch Clock:-       0                  
         Data Path:-    2036                  
             Slack:=    1513                  

#------------------------------------------------------------------------------------------------------
#        Timing Point         Flags    Arc   Edge   Cell     Fanout  Load Trans Delay Arrival Instance 
#                                                                    (fF)  (ps)  (ps)   (ps)  Location 
#------------------------------------------------------------------------------------------------------
  cs_sync_reg/CLK             -       -      R     (arrival)    536     -  2000     0       0    (-,-) 
  cs_sync_reg/Q               -       CLK->Q F     DFFQSRX1       5  25.2   250   305     305    (-,-) 
  g84406/Z                    -       A->Z   R     INVX2          3  15.5   161   148     453    (-,-) 
  g83835/Z                    -       A->Z   F     NAND2X1        1   7.2   106    85     539    (-,-) 
  g83464/Z                    -       A->Z   R     NOR2X1         1  10.1   181   142     681    (-,-) 
  g83253/Z                    -       A->Z   F     INVX4         71 421.9  1292   821    1502    (-,-) 
  g82807/Z                    -       S->Z   F     MUX2X1         1   6.9    99   417    1918    (-,-) 
  g82482/Z                    -       A->Z   F     AND2X1         1   6.4    86   118    2036    (-,-) 
  spi_inst_shift_in_reg[24]/D -       -      F     DFFQSRX1       1     -     -     0    2036    (-,-) 
#------------------------------------------------------------------------------------------------------



Path 35: MET (1513 ps) Setup Check with Pin spi_inst_shift_in_reg[20]/CLK->D
          Group: C2C
     Startpoint: (R) cs_sync_reg/CLK
          Clock: (R) clk
       Endpoint: (F) spi_inst_shift_in_reg[20]/D
          Clock: (R) clk

                     Capture       Launch     
        Clock Edge:+    6000            0     
       Src Latency:+       0            0     
       Net Latency:+       0 (I)        0 (I) 
           Arrival:=    6000            0     
                                              
             Setup:-     452                  
       Uncertainty:-    2000                  
     Required Time:=    3548                  
      Launch Clock:-       0                  
         Data Path:-    2036                  
             Slack:=    1513                  

#------------------------------------------------------------------------------------------------------
#        Timing Point         Flags    Arc   Edge   Cell     Fanout  Load Trans Delay Arrival Instance 
#                                                                    (fF)  (ps)  (ps)   (ps)  Location 
#------------------------------------------------------------------------------------------------------
  cs_sync_reg/CLK             -       -      R     (arrival)    536     -  2000     0       0    (-,-) 
  cs_sync_reg/Q               -       CLK->Q F     DFFQSRX1       5  25.2   250   305     305    (-,-) 
  g84406/Z                    -       A->Z   R     INVX2          3  15.5   161   148     453    (-,-) 
  g83835/Z                    -       A->Z   F     NAND2X1        1   7.2   106    85     539    (-,-) 
  g83464/Z                    -       A->Z   R     NOR2X1         1  10.1   181   142     681    (-,-) 
  g83253/Z                    -       A->Z   F     INVX4         71 421.9  1292   821    1502    (-,-) 
  g82805/Z                    -       S->Z   F     MUX2X1         1   6.9    99   417    1918    (-,-) 
  g82477/Z                    -       A->Z   F     AND2X1         1   6.4    86   118    2036    (-,-) 
  spi_inst_shift_in_reg[20]/D -       -      F     DFFQSRX1       1     -     -     0    2036    (-,-) 
#------------------------------------------------------------------------------------------------------



Path 36: MET (1513 ps) Setup Check with Pin spi_inst_shift_in_reg[6]/CLK->D
          Group: C2C
     Startpoint: (R) cs_sync_reg/CLK
          Clock: (R) clk
       Endpoint: (F) spi_inst_shift_in_reg[6]/D
          Clock: (R) clk

                     Capture       Launch     
        Clock Edge:+    6000            0     
       Src Latency:+       0            0     
       Net Latency:+       0 (I)        0 (I) 
           Arrival:=    6000            0     
                                              
             Setup:-     452                  
       Uncertainty:-    2000                  
     Required Time:=    3548                  
      Launch Clock:-       0                  
         Data Path:-    2036                  
             Slack:=    1513                  

#-----------------------------------------------------------------------------------------------------
#       Timing Point         Flags    Arc   Edge   Cell     Fanout  Load Trans Delay Arrival Instance 
#                                                                   (fF)  (ps)  (ps)   (ps)  Location 
#-----------------------------------------------------------------------------------------------------
  cs_sync_reg/CLK            -       -      R     (arrival)    536     -  2000     0       0    (-,-) 
  cs_sync_reg/Q              -       CLK->Q F     DFFQSRX1       5  25.2   250   305     305    (-,-) 
  g84406/Z                   -       A->Z   R     INVX2          3  15.5   161   148     453    (-,-) 
  g83835/Z                   -       A->Z   F     NAND2X1        1   7.2   106    85     539    (-,-) 
  g83464/Z                   -       A->Z   R     NOR2X1         1  10.1   181   142     681    (-,-) 
  g83253/Z                   -       A->Z   F     INVX4         71 421.9  1292   821    1502    (-,-) 
  g82795/Z                   -       S->Z   F     MUX2X1         1   6.9    99   417    1918    (-,-) 
  g82509/Z                   -       A->Z   F     AND2X1         1   6.4    86   118    2036    (-,-) 
  spi_inst_shift_in_reg[6]/D -       -      F     DFFQSRX1       1     -     -     0    2036    (-,-) 
#-----------------------------------------------------------------------------------------------------



Path 37: MET (1513 ps) Setup Check with Pin spi_inst_shift_in_reg[22]/CLK->D
          Group: C2C
     Startpoint: (R) cs_sync_reg/CLK
          Clock: (R) clk
       Endpoint: (F) spi_inst_shift_in_reg[22]/D
          Clock: (R) clk

                     Capture       Launch     
        Clock Edge:+    6000            0     
       Src Latency:+       0            0     
       Net Latency:+       0 (I)        0 (I) 
           Arrival:=    6000            0     
                                              
             Setup:-     452                  
       Uncertainty:-    2000                  
     Required Time:=    3548                  
      Launch Clock:-       0                  
         Data Path:-    2036                  
             Slack:=    1513                  

#------------------------------------------------------------------------------------------------------
#        Timing Point         Flags    Arc   Edge   Cell     Fanout  Load Trans Delay Arrival Instance 
#                                                                    (fF)  (ps)  (ps)   (ps)  Location 
#------------------------------------------------------------------------------------------------------
  cs_sync_reg/CLK             -       -      R     (arrival)    536     -  2000     0       0    (-,-) 
  cs_sync_reg/Q               -       CLK->Q F     DFFQSRX1       5  25.2   250   305     305    (-,-) 
  g84406/Z                    -       A->Z   R     INVX2          3  15.5   161   148     453    (-,-) 
  g83835/Z                    -       A->Z   F     NAND2X1        1   7.2   106    85     539    (-,-) 
  g83464/Z                    -       A->Z   R     NOR2X1         1  10.1   181   142     681    (-,-) 
  g83253/Z                    -       A->Z   F     INVX4         71 421.9  1292   821    1502    (-,-) 
  g82806/Z                    -       S->Z   F     MUX2X1         1   6.9    99   417    1918    (-,-) 
  g82480/Z                    -       A->Z   F     AND2X1         1   6.4    86   118    2036    (-,-) 
  spi_inst_shift_in_reg[22]/D -       -      F     DFFQSRX1       1     -     -     0    2036    (-,-) 
#------------------------------------------------------------------------------------------------------



Path 38: MET (1513 ps) Setup Check with Pin spi_inst_shift_in_reg[16]/CLK->D
          Group: C2C
     Startpoint: (R) cs_sync_reg/CLK
          Clock: (R) clk
       Endpoint: (F) spi_inst_shift_in_reg[16]/D
          Clock: (R) clk

                     Capture       Launch     
        Clock Edge:+    6000            0     
       Src Latency:+       0            0     
       Net Latency:+       0 (I)        0 (I) 
           Arrival:=    6000            0     
                                              
             Setup:-     452                  
       Uncertainty:-    2000                  
     Required Time:=    3548                  
      Launch Clock:-       0                  
         Data Path:-    2036                  
             Slack:=    1513                  

#------------------------------------------------------------------------------------------------------
#        Timing Point         Flags    Arc   Edge   Cell     Fanout  Load Trans Delay Arrival Instance 
#                                                                    (fF)  (ps)  (ps)   (ps)  Location 
#------------------------------------------------------------------------------------------------------
  cs_sync_reg/CLK             -       -      R     (arrival)    536     -  2000     0       0    (-,-) 
  cs_sync_reg/Q               -       CLK->Q F     DFFQSRX1       5  25.2   250   305     305    (-,-) 
  g84406/Z                    -       A->Z   R     INVX2          3  15.5   161   148     453    (-,-) 
  g83835/Z                    -       A->Z   F     NAND2X1        1   7.2   106    85     539    (-,-) 
  g83464/Z                    -       A->Z   R     NOR2X1         1  10.1   181   142     681    (-,-) 
  g83253/Z                    -       A->Z   F     INVX4         71 421.9  1292   821    1502    (-,-) 
  g82801/Z                    -       S->Z   F     MUX2X1         1   6.9    99   417    1918    (-,-) 
  g82473/Z                    -       A->Z   F     AND2X1         1   6.4    86   118    2036    (-,-) 
  spi_inst_shift_in_reg[16]/D -       -      F     DFFQSRX1       1     -     -     0    2036    (-,-) 
#------------------------------------------------------------------------------------------------------



Path 39: MET (1513 ps) Setup Check with Pin spi_inst_shift_in_reg[11]/CLK->D
          Group: C2C
     Startpoint: (R) cs_sync_reg/CLK
          Clock: (R) clk
       Endpoint: (F) spi_inst_shift_in_reg[11]/D
          Clock: (R) clk

                     Capture       Launch     
        Clock Edge:+    6000            0     
       Src Latency:+       0            0     
       Net Latency:+       0 (I)        0 (I) 
           Arrival:=    6000            0     
                                              
             Setup:-     452                  
       Uncertainty:-    2000                  
     Required Time:=    3548                  
      Launch Clock:-       0                  
         Data Path:-    2036                  
             Slack:=    1513                  

#------------------------------------------------------------------------------------------------------
#        Timing Point         Flags    Arc   Edge   Cell     Fanout  Load Trans Delay Arrival Instance 
#                                                                    (fF)  (ps)  (ps)   (ps)  Location 
#------------------------------------------------------------------------------------------------------
  cs_sync_reg/CLK             -       -      R     (arrival)    536     -  2000     0       0    (-,-) 
  cs_sync_reg/Q               -       CLK->Q F     DFFQSRX1       5  25.2   250   305     305    (-,-) 
  g84406/Z                    -       A->Z   R     INVX2          3  15.5   161   148     453    (-,-) 
  g83835/Z                    -       A->Z   F     NAND2X1        1   7.2   106    85     539    (-,-) 
  g83464/Z                    -       A->Z   R     NOR2X1         1  10.1   181   142     681    (-,-) 
  g83253/Z                    -       A->Z   F     INVX4         71 421.9  1292   821    1502    (-,-) 
  g82797/Z                    -       S->Z   F     MUX2X1         1   6.9    99   417    1918    (-,-) 
  g82468/Z                    -       A->Z   F     AND2X1         1   6.4    86   118    2036    (-,-) 
  spi_inst_shift_in_reg[11]/D -       -      F     DFFQSRX1       1     -     -     0    2036    (-,-) 
#------------------------------------------------------------------------------------------------------



Path 40: MET (1513 ps) Setup Check with Pin spi_inst_shift_in_reg[35]/CLK->D
          Group: C2C
     Startpoint: (R) cs_sync_reg/CLK
          Clock: (R) clk
       Endpoint: (F) spi_inst_shift_in_reg[35]/D
          Clock: (R) clk

                     Capture       Launch     
        Clock Edge:+    6000            0     
       Src Latency:+       0            0     
       Net Latency:+       0 (I)        0 (I) 
           Arrival:=    6000            0     
                                              
             Setup:-     452                  
       Uncertainty:-    2000                  
     Required Time:=    3548                  
      Launch Clock:-       0                  
         Data Path:-    2036                  
             Slack:=    1513                  

#------------------------------------------------------------------------------------------------------
#        Timing Point         Flags    Arc   Edge   Cell     Fanout  Load Trans Delay Arrival Instance 
#                                                                    (fF)  (ps)  (ps)   (ps)  Location 
#------------------------------------------------------------------------------------------------------
  cs_sync_reg/CLK             -       -      R     (arrival)    536     -  2000     0       0    (-,-) 
  cs_sync_reg/Q               -       CLK->Q F     DFFQSRX1       5  25.2   250   305     305    (-,-) 
  g84406/Z                    -       A->Z   R     INVX2          3  15.5   161   148     453    (-,-) 
  g83835/Z                    -       A->Z   F     NAND2X1        1   7.2   106    85     539    (-,-) 
  g83464/Z                    -       A->Z   R     NOR2X1         1  10.1   181   142     681    (-,-) 
  g83253/Z                    -       A->Z   F     INVX4         71 421.9  1292   821    1502    (-,-) 
  g82816/Z                    -       S->Z   F     MUX2X1         1   6.9    99   417    1918    (-,-) 
  g82492/Z                    -       A->Z   F     AND2X1         1   6.4    86   118    2036    (-,-) 
  spi_inst_shift_in_reg[35]/D -       -      F     DFFQSRX1       1     -     -     0    2036    (-,-) 
#------------------------------------------------------------------------------------------------------



Path 41: MET (1513 ps) Setup Check with Pin spi_inst_shift_in_reg[29]/CLK->D
          Group: C2C
     Startpoint: (R) cs_sync_reg/CLK
          Clock: (R) clk
       Endpoint: (F) spi_inst_shift_in_reg[29]/D
          Clock: (R) clk

                     Capture       Launch     
        Clock Edge:+    6000            0     
       Src Latency:+       0            0     
       Net Latency:+       0 (I)        0 (I) 
           Arrival:=    6000            0     
                                              
             Setup:-     452                  
       Uncertainty:-    2000                  
     Required Time:=    3548                  
      Launch Clock:-       0                  
         Data Path:-    2036                  
             Slack:=    1513                  

#------------------------------------------------------------------------------------------------------
#        Timing Point         Flags    Arc   Edge   Cell     Fanout  Load Trans Delay Arrival Instance 
#                                                                    (fF)  (ps)  (ps)   (ps)  Location 
#------------------------------------------------------------------------------------------------------
  cs_sync_reg/CLK             -       -      R     (arrival)    536     -  2000     0       0    (-,-) 
  cs_sync_reg/Q               -       CLK->Q F     DFFQSRX1       5  25.2   250   305     305    (-,-) 
  g84406/Z                    -       A->Z   R     INVX2          3  15.5   161   148     453    (-,-) 
  g83835/Z                    -       A->Z   F     NAND2X1        1   7.2   106    85     539    (-,-) 
  g83464/Z                    -       A->Z   R     NOR2X1         1  10.1   181   142     681    (-,-) 
  g83253/Z                    -       A->Z   F     INVX4         71 421.9  1292   821    1502    (-,-) 
  g82812/Z                    -       S->Z   F     MUX2X1         1   6.9    99   417    1918    (-,-) 
  g82487/Z                    -       A->Z   F     AND2X1         1   6.4    86   118    2036    (-,-) 
  spi_inst_shift_in_reg[29]/D -       -      F     DFFQSRX1       1     -     -     0    2036    (-,-) 
#------------------------------------------------------------------------------------------------------



Path 42: MET (1513 ps) Setup Check with Pin spi_inst_bit_count_reg[2]/CLK->D
          Group: C2C
     Startpoint: (R) cs_sync_reg/CLK
          Clock: (R) clk
       Endpoint: (F) spi_inst_bit_count_reg[2]/D
          Clock: (R) clk

                     Capture       Launch     
        Clock Edge:+    6000            0     
       Src Latency:+       0            0     
       Net Latency:+       0 (I)        0 (I) 
           Arrival:=    6000            0     
                                              
             Setup:-     452                  
       Uncertainty:-    2000                  
     Required Time:=    3548                  
      Launch Clock:-       0                  
         Data Path:-    2036                  
             Slack:=    1513                  

#------------------------------------------------------------------------------------------------------
#        Timing Point         Flags    Arc   Edge   Cell     Fanout  Load Trans Delay Arrival Instance 
#                                                                    (fF)  (ps)  (ps)   (ps)  Location 
#------------------------------------------------------------------------------------------------------
  cs_sync_reg/CLK             -       -      R     (arrival)    536     -  2000     0       0    (-,-) 
  cs_sync_reg/Q               -       CLK->Q F     DFFQSRX1       5  25.2   250   305     305    (-,-) 
  g84406/Z                    -       A->Z   R     INVX2          3  15.5   161   148     453    (-,-) 
  g83835/Z                    -       A->Z   F     NAND2X1        1   7.2   106    85     539    (-,-) 
  g83464/Z                    -       A->Z   R     NOR2X1         1  10.1   181   142     681    (-,-) 
  g83253/Z                    -       A->Z   F     INVX4         71 421.9  1292   821    1502    (-,-) 
  g82784/Z                    -       S->Z   F     MUX2X1         1   6.9    99   417    1918    (-,-) 
  g82448/Z                    -       A->Z   F     AND2X1         1   6.4    86   118    2036    (-,-) 
  spi_inst_bit_count_reg[2]/D -       -      F     DFFQSRX1       1     -     -     0    2036    (-,-) 
#------------------------------------------------------------------------------------------------------



Path 43: MET (1513 ps) Setup Check with Pin spi_inst_bit_count_reg[3]/CLK->D
          Group: C2C
     Startpoint: (R) cs_sync_reg/CLK
          Clock: (R) clk
       Endpoint: (F) spi_inst_bit_count_reg[3]/D
          Clock: (R) clk

                     Capture       Launch     
        Clock Edge:+    6000            0     
       Src Latency:+       0            0     
       Net Latency:+       0 (I)        0 (I) 
           Arrival:=    6000            0     
                                              
             Setup:-     452                  
       Uncertainty:-    2000                  
     Required Time:=    3548                  
      Launch Clock:-       0                  
         Data Path:-    2036                  
             Slack:=    1513                  

#------------------------------------------------------------------------------------------------------
#        Timing Point         Flags    Arc   Edge   Cell     Fanout  Load Trans Delay Arrival Instance 
#                                                                    (fF)  (ps)  (ps)   (ps)  Location 
#------------------------------------------------------------------------------------------------------
  cs_sync_reg/CLK             -       -      R     (arrival)    536     -  2000     0       0    (-,-) 
  cs_sync_reg/Q               -       CLK->Q F     DFFQSRX1       5  25.2   250   305     305    (-,-) 
  g84406/Z                    -       A->Z   R     INVX2          3  15.5   161   148     453    (-,-) 
  g83835/Z                    -       A->Z   F     NAND2X1        1   7.2   106    85     539    (-,-) 
  g83464/Z                    -       A->Z   R     NOR2X1         1  10.1   181   142     681    (-,-) 
  g83253/Z                    -       A->Z   F     INVX4         71 421.9  1292   821    1502    (-,-) 
  g82782/Z                    -       S->Z   F     MUX2X1         1   6.9    99   417    1918    (-,-) 
  g82450/Z                    -       A->Z   F     AND2X1         1   6.4    86   118    2036    (-,-) 
  spi_inst_bit_count_reg[3]/D -       -      F     DFFQSRX1       1     -     -     0    2036    (-,-) 
#------------------------------------------------------------------------------------------------------



Path 44: MET (1513 ps) Setup Check with Pin spi_inst_bit_count_reg[6]/CLK->D
          Group: C2C
     Startpoint: (R) cs_sync_reg/CLK
          Clock: (R) clk
       Endpoint: (F) spi_inst_bit_count_reg[6]/D
          Clock: (R) clk

                     Capture       Launch     
        Clock Edge:+    6000            0     
       Src Latency:+       0            0     
       Net Latency:+       0 (I)        0 (I) 
           Arrival:=    6000            0     
                                              
             Setup:-     452                  
       Uncertainty:-    2000                  
     Required Time:=    3548                  
      Launch Clock:-       0                  
         Data Path:-    2036                  
             Slack:=    1513                  

#------------------------------------------------------------------------------------------------------
#        Timing Point         Flags    Arc   Edge   Cell     Fanout  Load Trans Delay Arrival Instance 
#                                                                    (fF)  (ps)  (ps)   (ps)  Location 
#------------------------------------------------------------------------------------------------------
  cs_sync_reg/CLK             -       -      R     (arrival)    536     -  2000     0       0    (-,-) 
  cs_sync_reg/Q               -       CLK->Q F     DFFQSRX1       5  25.2   250   305     305    (-,-) 
  g84406/Z                    -       A->Z   R     INVX2          3  15.5   161   148     453    (-,-) 
  g83835/Z                    -       A->Z   F     NAND2X1        1   7.2   106    85     539    (-,-) 
  g83464/Z                    -       A->Z   R     NOR2X1         1  10.1   181   142     681    (-,-) 
  g83253/Z                    -       A->Z   F     INVX4         71 421.9  1292   821    1502    (-,-) 
  g82225/Z                    -       S->Z   F     MUX2X1         1   6.9    99   417    1918    (-,-) 
  g81873/Z                    -       A->Z   F     AND2X1         1   6.4    86   118    2036    (-,-) 
  spi_inst_bit_count_reg[6]/D -       -      F     DFFQSRX1       1     -     -     0    2036    (-,-) 
#------------------------------------------------------------------------------------------------------



Path 45: MET (1513 ps) Setup Check with Pin spi_inst_bit_count_reg[5]/CLK->D
          Group: C2C
     Startpoint: (R) cs_sync_reg/CLK
          Clock: (R) clk
       Endpoint: (F) spi_inst_bit_count_reg[5]/D
          Clock: (R) clk

                     Capture       Launch     
        Clock Edge:+    6000            0     
       Src Latency:+       0            0     
       Net Latency:+       0 (I)        0 (I) 
           Arrival:=    6000            0     
                                              
             Setup:-     452                  
       Uncertainty:-    2000                  
     Required Time:=    3548                  
      Launch Clock:-       0                  
         Data Path:-    2036                  
             Slack:=    1513                  

#------------------------------------------------------------------------------------------------------
#        Timing Point         Flags    Arc   Edge   Cell     Fanout  Load Trans Delay Arrival Instance 
#                                                                    (fF)  (ps)  (ps)   (ps)  Location 
#------------------------------------------------------------------------------------------------------
  cs_sync_reg/CLK             -       -      R     (arrival)    536     -  2000     0       0    (-,-) 
  cs_sync_reg/Q               -       CLK->Q F     DFFQSRX1       5  25.2   250   305     305    (-,-) 
  g84406/Z                    -       A->Z   R     INVX2          3  15.5   161   148     453    (-,-) 
  g83835/Z                    -       A->Z   F     NAND2X1        1   7.2   106    85     539    (-,-) 
  g83464/Z                    -       A->Z   R     NOR2X1         1  10.1   181   142     681    (-,-) 
  g83253/Z                    -       A->Z   F     INVX4         71 421.9  1292   821    1502    (-,-) 
  g82553/Z                    -       S->Z   F     MUX2X1         1   6.9    99   417    1918    (-,-) 
  g82014/Z                    -       A->Z   F     AND2X1         1   6.4    86   118    2036    (-,-) 
  spi_inst_bit_count_reg[5]/D -       -      F     DFFQSRX1       1     -     -     0    2036    (-,-) 
#------------------------------------------------------------------------------------------------------



Path 46: MET (1513 ps) Setup Check with Pin spi_inst_bit_count_reg[1]/CLK->D
          Group: C2C
     Startpoint: (R) cs_sync_reg/CLK
          Clock: (R) clk
       Endpoint: (F) spi_inst_bit_count_reg[1]/D
          Clock: (R) clk

                     Capture       Launch     
        Clock Edge:+    6000            0     
       Src Latency:+       0            0     
       Net Latency:+       0 (I)        0 (I) 
           Arrival:=    6000            0     
                                              
             Setup:-     452                  
       Uncertainty:-    2000                  
     Required Time:=    3548                  
      Launch Clock:-       0                  
         Data Path:-    2036                  
             Slack:=    1513                  

#------------------------------------------------------------------------------------------------------
#        Timing Point         Flags    Arc   Edge   Cell     Fanout  Load Trans Delay Arrival Instance 
#                                                                    (fF)  (ps)  (ps)   (ps)  Location 
#------------------------------------------------------------------------------------------------------
  cs_sync_reg/CLK             -       -      R     (arrival)    536     -  2000     0       0    (-,-) 
  cs_sync_reg/Q               -       CLK->Q F     DFFQSRX1       5  25.2   250   305     305    (-,-) 
  g84406/Z                    -       A->Z   R     INVX2          3  15.5   161   148     453    (-,-) 
  g83835/Z                    -       A->Z   F     NAND2X1        1   7.2   106    85     539    (-,-) 
  g83464/Z                    -       A->Z   R     NOR2X1         1  10.1   181   142     681    (-,-) 
  g83253/Z                    -       A->Z   F     INVX4         71 421.9  1292   821    1502    (-,-) 
  g82788/Z                    -       S->Z   F     MUX2X1         1   6.9    99   417    1918    (-,-) 
  g82446/Z                    -       A->Z   F     AND2X1         1   6.4    86   118    2036    (-,-) 
  spi_inst_bit_count_reg[1]/D -       -      F     DFFQSRX1       1     -     -     0    2036    (-,-) 
#------------------------------------------------------------------------------------------------------



Path 47: MET (1513 ps) Setup Check with Pin spi_inst_bit_count_reg[4]/CLK->D
          Group: C2C
     Startpoint: (R) cs_sync_reg/CLK
          Clock: (R) clk
       Endpoint: (F) spi_inst_bit_count_reg[4]/D
          Clock: (R) clk

                     Capture       Launch     
        Clock Edge:+    6000            0     
       Src Latency:+       0            0     
       Net Latency:+       0 (I)        0 (I) 
           Arrival:=    6000            0     
                                              
             Setup:-     452                  
       Uncertainty:-    2000                  
     Required Time:=    3548                  
      Launch Clock:-       0                  
         Data Path:-    2036                  
             Slack:=    1513                  

#------------------------------------------------------------------------------------------------------
#        Timing Point         Flags    Arc   Edge   Cell     Fanout  Load Trans Delay Arrival Instance 
#                                                                    (fF)  (ps)  (ps)   (ps)  Location 
#------------------------------------------------------------------------------------------------------
  cs_sync_reg/CLK             -       -      R     (arrival)    536     -  2000     0       0    (-,-) 
  cs_sync_reg/Q               -       CLK->Q F     DFFQSRX1       5  25.2   250   305     305    (-,-) 
  g84406/Z                    -       A->Z   R     INVX2          3  15.5   161   148     453    (-,-) 
  g83835/Z                    -       A->Z   F     NAND2X1        1   7.2   106    85     539    (-,-) 
  g83464/Z                    -       A->Z   R     NOR2X1         1  10.1   181   142     681    (-,-) 
  g83253/Z                    -       A->Z   F     INVX4         71 421.9  1292   821    1502    (-,-) 
  g82783/Z                    -       S->Z   F     MUX2X1         1   6.9    99   417    1918    (-,-) 
  g82451/Z                    -       A->Z   F     AND2X1         1   6.4    86   118    2036    (-,-) 
  spi_inst_bit_count_reg[4]/D -       -      F     DFFQSRX1       1     -     -     0    2036    (-,-) 
#------------------------------------------------------------------------------------------------------



Path 48: MET (1513 ps) Setup Check with Pin spi_inst_shift_in_reg[53]/CLK->D
          Group: C2C
     Startpoint: (R) cs_sync_reg/CLK
          Clock: (R) clk
       Endpoint: (F) spi_inst_shift_in_reg[53]/D
          Clock: (R) clk

                     Capture       Launch     
        Clock Edge:+    6000            0     
       Src Latency:+       0            0     
       Net Latency:+       0 (I)        0 (I) 
           Arrival:=    6000            0     
                                              
             Setup:-     452                  
       Uncertainty:-    2000                  
     Required Time:=    3548                  
      Launch Clock:-       0                  
         Data Path:-    2036                  
             Slack:=    1513                  

#------------------------------------------------------------------------------------------------------
#        Timing Point         Flags    Arc   Edge   Cell     Fanout  Load Trans Delay Arrival Instance 
#                                                                    (fF)  (ps)  (ps)   (ps)  Location 
#------------------------------------------------------------------------------------------------------
  cs_sync_reg/CLK             -       -      R     (arrival)    536     -  2000     0       0    (-,-) 
  cs_sync_reg/Q               -       CLK->Q F     DFFQSRX1       5  25.2   250   305     305    (-,-) 
  g84406/Z                    -       A->Z   R     INVX2          3  15.5   161   148     453    (-,-) 
  g83835/Z                    -       A->Z   F     NAND2X1        1   7.2   106    85     539    (-,-) 
  g83464/Z                    -       A->Z   R     NOR2X1         1  10.1   181   142     681    (-,-) 
  g83253/Z                    -       A->Z   F     INVX4         71 421.9  1292   821    1502    (-,-) 
  g82832/Z                    -       S->Z   F     MUX2X1         1   6.9    99   417    1918    (-,-) 
  g82463/Z                    -       A->Z   F     AND2X1         1   6.4    86   118    2036    (-,-) 
  spi_inst_shift_in_reg[53]/D -       -      F     DFFQSRX1       1     -     -     0    2036    (-,-) 
#------------------------------------------------------------------------------------------------------



Path 49: MET (1513 ps) Setup Check with Pin spi_inst_shift_in_reg[15]/CLK->D
          Group: C2C
     Startpoint: (R) cs_sync_reg/CLK
          Clock: (R) clk
       Endpoint: (F) spi_inst_shift_in_reg[15]/D
          Clock: (R) clk

                     Capture       Launch     
        Clock Edge:+    6000            0     
       Src Latency:+       0            0     
       Net Latency:+       0 (I)        0 (I) 
           Arrival:=    6000            0     
                                              
             Setup:-     452                  
       Uncertainty:-    2000                  
     Required Time:=    3548                  
      Launch Clock:-       0                  
         Data Path:-    2036                  
             Slack:=    1513                  

#------------------------------------------------------------------------------------------------------
#        Timing Point         Flags    Arc   Edge   Cell     Fanout  Load Trans Delay Arrival Instance 
#                                                                    (fF)  (ps)  (ps)   (ps)  Location 
#------------------------------------------------------------------------------------------------------
  cs_sync_reg/CLK             -       -      R     (arrival)    536     -  2000     0       0    (-,-) 
  cs_sync_reg/Q               -       CLK->Q F     DFFQSRX1       5  25.2   250   305     305    (-,-) 
  g84406/Z                    -       A->Z   R     INVX2          3  15.5   161   148     453    (-,-) 
  g83835/Z                    -       A->Z   F     NAND2X1        1   7.2   106    85     539    (-,-) 
  g83464/Z                    -       A->Z   R     NOR2X1         1  10.1   181   142     681    (-,-) 
  g83253/Z                    -       A->Z   F     INVX4         71 421.9  1292   821    1502    (-,-) 
  g82844/Z                    -       S->Z   F     MUX2X1         1   6.9    99   417    1918    (-,-) 
  g82472/Z                    -       A->Z   F     AND2X1         1   6.4    86   118    2036    (-,-) 
  spi_inst_shift_in_reg[15]/D -       -      F     DFFQSRX1       1     -     -     0    2036    (-,-) 
#------------------------------------------------------------------------------------------------------



Path 50: MET (1513 ps) Setup Check with Pin spi_inst_shift_in_reg[30]/CLK->D
          Group: C2C
     Startpoint: (R) cs_sync_reg/CLK
          Clock: (R) clk
       Endpoint: (F) spi_inst_shift_in_reg[30]/D
          Clock: (R) clk

                     Capture       Launch     
        Clock Edge:+    6000            0     
       Src Latency:+       0            0     
       Net Latency:+       0 (I)        0 (I) 
           Arrival:=    6000            0     
                                              
             Setup:-     452                  
       Uncertainty:-    2000                  
     Required Time:=    3548                  
      Launch Clock:-       0                  
         Data Path:-    2036                  
             Slack:=    1513                  

#------------------------------------------------------------------------------------------------------
#        Timing Point         Flags    Arc   Edge   Cell     Fanout  Load Trans Delay Arrival Instance 
#                                                                    (fF)  (ps)  (ps)   (ps)  Location 
#------------------------------------------------------------------------------------------------------
  cs_sync_reg/CLK             -       -      R     (arrival)    536     -  2000     0       0    (-,-) 
  cs_sync_reg/Q               -       CLK->Q F     DFFQSRX1       5  25.2   250   305     305    (-,-) 
  g84406/Z                    -       A->Z   R     INVX2          3  15.5   161   148     453    (-,-) 
  g83835/Z                    -       A->Z   F     NAND2X1        1   7.2   106    85     539    (-,-) 
  g83464/Z                    -       A->Z   R     NOR2X1         1  10.1   181   142     681    (-,-) 
  g83253/Z                    -       A->Z   F     INVX4         71 421.9  1292   821    1502    (-,-) 
  g82813/Z                    -       S->Z   F     MUX2X1         1   6.9    99   417    1918    (-,-) 
  g82488/Z                    -       A->Z   F     AND2X1         1   6.4    86   118    2036    (-,-) 
  spi_inst_shift_in_reg[30]/D -       -      F     DFFQSRX1       1     -     -     0    2036    (-,-) 
#------------------------------------------------------------------------------------------------------

